resolution,frame_width,frame_height,tile_width,tile_height,gaussian_kernel,array_size,sram_budget_kb,bandwidth_gbps,dataflow,stage_op,stage_cycles,stage_energy_mj,energy_backend,total_cycles,total_energy_mj,latency_share_pct,energy_share_pct
1080p,1920,1080,128,128,3,8,256,50.0,os,gaussian,6161880.0,9.83495293272,accelergy,12365265.0,20.030896420559998,49.832171004826826,49.098915626288516
1080p,1920,1080,128,128,3,8,256,50.0,os,sobel,6203385.0,10.19594348784,accelergy,12365265.0,20.030896420559998,50.16782899517317,50.90108437371149
1080p,1920,1080,128,128,3,8,256,50.0,ws,gaussian,4394925.0,4.487414732896125,accelergy,8731515.0,9.661793570208374,50.334048558583476,46.4449452401139
1080p,1920,1080,128,128,3,8,256,50.0,ws,sobel,4336590.0,5.17437883731225,accelergy,8731515.0,9.661793570208374,49.665951441416524,53.55505475988611
1080p,1920,1080,128,128,3,8,256,200.0,os,gaussian,6011535.0,9.85295293272,accelergy,12033450.0,20.06689642056,49.956870224249904,49.100532171108085
1080p,1920,1080,128,128,3,8,256,200.0,os,sobel,6021915.0,10.213943487839998,accelergy,12033450.0,20.06689642056,50.043129775750096,50.89946782889191
1080p,1920,1080,128,128,3,8,256,200.0,ws,gaussian,4213455.0,4.495814732896124,accelergy,8412390.0,9.678593570208374,50.08630127704493,46.451116066436214
1080p,1920,1080,128,128,3,8,256,200.0,ws,sobel,4198935.0,5.18277883731225,accelergy,8412390.0,9.678593570208374,49.91369872295507,53.548883933563786
1080p,1920,1080,128,128,3,8,256,800.0,os,gaussian,5973975.0,9.897592932719999,accelergy,11950485.0,20.15617642056,49.98939373590277,49.104516284269614
1080p,1920,1080,128,128,3,8,256,800.0,os,sobel,5976510.0,10.258583487840001,accelergy,11950485.0,20.15617642056,50.010606264097234,50.89548371573037
1080p,1920,1080,128,128,3,8,256,800.0,ws,gaussian,4168050.0,4.521254732896125,accelergy,8332530.0,9.729473570208373,50.02142206508707,46.46967485209269
1080p,1920,1080,128,128,3,8,256,800.0,ws,sobel,4164480.0,5.208218837312249,accelergy,8332530.0,9.729473570208373,49.97857793491293,53.53032514790732
1080p,1920,1080,128,128,3,8,1024,50.0,os,gaussian,6376215.0,3.59693998344,accelergy,12793935.0,7.57238055768,49.837794236097025,47.50078203335858
1080p,1920,1080,128,128,3,8,1024,50.0,os,sobel,6417720.0,3.97544057424,accelergy,12793935.0,7.57238055768,50.162205763902975,52.49921796664142
1080p,1920,1080,128,128,3,8,1024,50.0,ws,gaussian,4836825.0,5.7068162876013755,accelergy,9756555.0,12.118188976084124,49.575131796007916,47.092979807990076
1080p,1920,1080,128,128,3,8,1024,50.0,ws,sobel,4919730.0,6.411372688482749,accelergy,9756555.0,12.118188976084124,50.42486820399209,52.90702019200994
1080p,1920,1080,128,128,3,8,1024,200.0,os,gaussian,6065115.0,3.60113998344,accelergy,12140610.0,7.58078055768,49.95725091243356,47.503551330103164
1080p,1920,1080,128,128,3,8,1024,200.0,os,sobel,6075495.0,3.97964057424,accelergy,12140610.0,7.58078055768,50.04274908756644,52.496448669896836
1080p,1920,1080,128,128,3,8,1024,200.0,ws,gaussian,4323960.0,5.712096287601375,accelergy,8668680.0,12.128748976084125,49.88025858608231,47.0955108302157
1080p,1920,1080,128,128,3,8,1024,200.0,ws,sobel,4344720.0,6.41665268848275,accelergy,8668680.0,12.128748976084125,50.11974141391769,52.9044891697843
1080p,1920,1080,128,128,3,8,1024,800.0,os,gaussian,5987400.0,3.6222599834399998,accelergy,11977335.0,7.62302055768,49.989417512326405,47.517384428284984
1080p,1920,1080,128,128,3,8,1024,800.0,os,sobel,5989935.0,4.00076057424,accelergy,11977335.0,7.62302055768,50.010582487673595,52.48261557171501
1080p,1920,1080,128,128,3,8,1024,800.0,ws,gaussian,4195740.0,5.737536287601376,accelergy,8396670.0,12.179628976084125,49.96909489118901,47.107644238322706
1080p,1920,1080,128,128,3,8,1024,800.0,ws,sobel,4200930.0,6.44209268848275,accelergy,8396670.0,12.179628976084125,50.030905108811,52.8923557616773
1080p,1920,1080,128,128,3,8,4096,50.0,os,gaussian,6376215.0,3.8746495785599997,accelergy,12793935.0,8.170156209599998,49.837794236097025,47.42442468856661
1080p,1920,1080,128,128,3,8,4096,50.0,os,sobel,6417720.0,4.295506631039999,accelergy,12793935.0,8.170156209599998,50.162205763902975,52.5755753114334
1080p,1920,1080,128,128,3,8,4096,50.0,ws,gaussian,4899465.0,6.443302497448499,accelergy,9881835.0,13.625673992185499,49.580518193230304,47.28795435105682
1080p,1920,1080,128,128,3,8,4096,50.0,ws,sobel,4982370.0,7.182371494737,accelergy,9881835.0,13.625673992185499,50.419481806769696,52.71204564894318
1080p,1920,1080,128,128,3,8,4096,200.0,os,gaussian,6065115.0,3.87884957856,accelergy,12140610.0,8.1785562096,49.95725091243356,47.42707000053385
1080p,1920,1080,128,128,3,8,4096,200.0,os,sobel,6075495.0,4.29970663104,accelergy,12140610.0,8.1785562096,50.04274908756644,52.572929999466155
1080p,1920,1080,128,128,3,8,4096,200.0,ws,gaussian,4339560.0,6.4466624974485,accelergy,8699880.0,13.6323939921855,49.88068800948979,47.289291236329596
1080p,1920,1080,128,128,3,8,4096,200.0,ws,sobel,4360320.0,7.185731494737,accelergy,8699880.0,13.6323939921855,50.11931199051022,52.7107087636704
1080p,1920,1080,128,128,3,8,4096,800.0,os,gaussian,5987400.0,3.89996957856,accelergy,11977335.0,8.2207962096,49.989417512326405,47.440290199697834
1080p,1920,1080,128,128,3,8,4096,800.0,os,sobel,5989935.0,4.32082663104,accelergy,11977335.0,8.2207962096,50.010582487673595,52.559709800302166
1080p,1920,1080,128,128,3,8,4096,800.0,ws,gaussian,4199580.0,6.4644224974485,accelergy,8404350.0,13.6679139921855,49.96912313266344,47.29633579158072
1080p,1920,1080,128,128,3,8,4096,800.0,ws,sobel,4204770.0,7.203491494737,accelergy,8404350.0,13.6679139921855,50.03087686733656,52.703664208419276
1080p,1920,1080,128,128,3,16,256,50.0,os,gaussian,5254680.0,15.48274976844,accelergy,10550865.0,31.318806927719997,49.80330996558102,49.43595011193212
1080p,1920,1080,128,128,3,16,256,50.0,os,sobel,5296185.0,15.83605715928,accelergy,10550865.0,31.318806927719997,50.19669003441898,50.564049888067885
1080p,1920,1080,128,128,3,16,256,50.0,ws,gaussian,2280090.0,4.147162858336125,accelergy,4601685.0,8.639957946528373,49.549023890161976,47.99980374907379
1080p,1920,1080,128,128,3,16,256,50.0,ws,sobel,2321595.0,4.492795088192249,accelergy,4601685.0,8.639957946528373,50.45097610983803,52.00019625092622
1080p,1920,1080,128,128,3,16,256,200.0,os,gaussian,5104335.0,15.50926976844,accelergy,10219050.0,31.37184692772,49.949212500183485,49.436903744216885
1080p,1920,1080,128,128,3,16,256,200.0,os,sobel,5114715.0,15.86257715928,accelergy,10219050.0,31.37184692772,50.050787499816515,50.563096255783115
1080p,1920,1080,128,128,3,16,256,200.0,ws,gaussian,2129745.0,4.1544828583361255,accelergy,4269870.0,8.654597946528376,49.87845063198645,48.00318725380669
1080p,1920,1080,128,128,3,16,256,200.0,ws,sobel,2140125.0,4.50011508819225,accelergy,4269870.0,8.654597946528376,50.121549368013554,51.9968127461933
1080p,1920,1080,128,128,3,16,256,800.0,os,gaussian,5066775.0,15.57310976844,accelergy,10136085.0,31.499526927719998,49.98749517195248,49.43918619531857
1080p,1920,1080,128,128,3,16,256,800.0,os,sobel,5069310.0,15.92641715928,accelergy,10136085.0,31.499526927719998,50.01250482804751,50.56081380468144
1080p,1920,1080,128,128,3,16,256,800.0,ws,gaussian,2092185.0,4.179922858336125,accelergy,4186905.0,8.705477946528376,49.969727041812504,48.01485781723243
1080p,1920,1080,128,128,3,16,256,800.0,ws,sobel,2094720.0,4.52555508819225,accelergy,4186905.0,8.705477946528376,50.030272958187496,51.98514218276756
1080p,1920,1080,128,128,3,16,1024,50.0,os,gaussian,5469015.0,3.58597874052,accelergy,10979535.0,7.53841682892,49.8109892632065,47.569387868855074
1080p,1920,1080,128,128,3,16,1024,50.0,os,sobel,5510520.0,3.9524380884,accelergy,10979535.0,7.53841682892,50.18901073679349,52.430612131144926
1080p,1920,1080,128,128,3,16,1024,50.0,ws,gaussian,2721990.0,5.357770534641375,accelergy,5485485.0,11.069971717204124,49.62168340629862,48.399134808219316
1080p,1920,1080,128,128,3,16,1024,50.0,ws,sobel,2763495.0,5.712201182562749,accelergy,5485485.0,11.069971717204124,50.37831659370138,51.600865191780684
1080p,1920,1080,128,128,3,16,1024,200.0,os,gaussian,5157915.0,3.58909874052,accelergy,10326210.0,7.544656828919999,49.949739546261405,47.571398168334866
1080p,1920,1080,128,128,3,16,1024,200.0,os,sobel,5168295.0,3.9555580883999997,accelergy,10326210.0,7.544656828919999,50.050260453738595,52.42860183166515
1080p,1920,1080,128,128,3,16,1024,200.0,ws,gaussian,2240250.0,5.361970534641375,accelergy,4490880.0,11.078371717204124,49.88443244976486,48.40034863891161
1080p,1920,1080,128,128,3,16,1024,200.0,ws,sobel,2250630.0,5.71640118256275,accelergy,4490880.0,11.078371717204124,50.11556755023514,51.59965136108839
1080p,1920,1080,128,128,3,16,1024,800.0,os,gaussian,5080200.0,3.61021874052,accelergy,10162935.0,7.5868968289200005,49.987528209124626,47.584919393637215
1080p,1920,1080,128,128,3,16,1024,800.0,os,sobel,5082735.0,3.9766780884,accelergy,10162935.0,7.5868968289200005,50.01247179087537,52.415080606362785
1080p,1920,1080,128,128,3,16,1024,800.0,ws,gaussian,2119875.0,5.387410534641375,accelergy,4242285.0,11.129251717204124,49.97012223365474,48.40766182252182
1080p,1920,1080,128,128,3,16,1024,800.0,ws,sobel,2122410.0,5.74184118256275,accelergy,4242285.0,11.129251717204124,50.02987776634525,51.59233817747819
1080p,1920,1080,128,128,3,16,4096,50.0,os,gaussian,5469015.0,3.8511349848,accelergy,10979535.0,8.09853242832,49.8109892632065,47.55349217758085
1080p,1920,1080,128,128,3,16,4096,50.0,os,sobel,5510520.0,4.247397443520001,accelergy,10979535.0,8.09853242832,50.18901073679349,52.44650782241915
1080p,1920,1080,128,128,3,16,4096,50.0,ws,gaussian,2784630.0,6.0770069844884995,accelergy,5610765.0,12.5257074533055,49.630130650633205,48.51627748087629
1080p,1920,1080,128,128,3,16,4096,50.0,ws,sobel,2826135.0,6.448700468817,accelergy,5610765.0,12.5257074533055,50.3698693493668,51.483722519123695
1080p,1920,1080,128,128,3,16,4096,200.0,os,gaussian,5157915.0,3.8542549848000003,accelergy,10326210.0,8.10477242832,49.949739546261405,47.555375784918006
1080p,1920,1080,128,128,3,16,4096,200.0,os,sobel,5168295.0,4.25051744352,accelergy,10326210.0,8.10477242832,50.050260453738595,52.444624215081994
1080p,1920,1080,128,128,3,16,4096,200.0,ws,gaussian,2255850.0,6.079286984488499,accelergy,4522080.0,12.530267453305498,49.885229805753106,48.51681743540739
1080p,1920,1080,128,128,3,16,4096,200.0,ws,sobel,2266230.0,6.450980468816999,accelergy,4522080.0,12.530267453305498,50.114770194246894,51.48318256459261
1080p,1920,1080,128,128,3,16,4096,800.0,os,gaussian,5080200.0,3.8753749848,accelergy,10162935.0,8.14701242832,49.987528209124626,47.568050483496606
1080p,1920,1080,128,128,3,16,4096,800.0,os,sobel,5082735.0,4.27163744352,accelergy,10162935.0,8.14701242832,50.01247179087537,52.43194951650341
1080p,1920,1080,128,128,3,16,4096,800.0,ws,gaussian,2123715.0,6.0970469844885,accelergy,4249965.0,12.5657874533055,49.970176224980676,48.52100998162784
1080p,1920,1080,128,128,3,16,4096,800.0,ws,sobel,2126250.0,6.468740468817,accelergy,4249965.0,12.5657874533055,50.029823775019324,51.47899001837216
1080p,1920,1080,128,128,3,32,256,50.0,os,gaussian,4801080.0,15.482148186299998,accelergy,9643665.0,31.3137621813,49.78480691728715,49.44199325734693
1080p,1920,1080,128,128,3,32,256,50.0,os,sobel,4842585.0,15.831613995000001,accelergy,9643665.0,31.3137621813,50.21519308271285,50.55800674265307
1080p,1920,1080,128,128,3,32,256,50.0,ws,gaussian,2286570.0,4.1504028583361245,accelergy,4614645.0,8.646437946528374,49.550290434042054,48.001302779285545
1080p,1920,1080,128,128,3,32,256,50.0,ws,sobel,2328075.0,4.49603508819225,accelergy,4614645.0,8.646437946528374,50.449709565957946,51.998697220714455
1080p,1920,1080,128,128,3,32,256,200.0,os,gaussian,4650735.0,15.5097481863,accelergy,9311850.0,31.3689621813,49.94426456611737,49.4429751824746
1080p,1920,1080,128,128,3,32,256,200.0,os,sobel,4661115.0,15.859213995,accelergy,9311850.0,31.3689621813,50.05573543388263,50.55702481752541
1080p,1920,1080,128,128,3,32,256,200.0,ws,gaussian,2136225.0,4.158802858336125,accelergy,4282830.0,8.663237946528374,49.87881844481336,48.005178710376825
1080p,1920,1080,128,128,3,32,256,200.0,ws,sobel,2146605.0,4.504435088192249,accelergy,4282830.0,8.663237946528374,50.121181555186645,51.99482128962318
1080p,1920,1080,128,128,3,32,256,800.0,os,gaussian,4613175.0,15.5692681863,accelergy,9228885.0,31.4880021813,49.986265946536335,49.445081007858384
1080p,1920,1080,128,128,3,32,256,800.0,os,sobel,4615710.0,15.918733995,accelergy,9228885.0,31.4880021813,50.013734053463665,50.554918992141616
1080p,1920,1080,128,128,3,32,256,800.0,ws,gaussian,2098665.0,4.179922858336125,accelergy,4199865.0,8.705477946528376,49.96982045851473,48.01485781723243
1080p,1920,1080,128,128,3,32,256,800.0,ws,sobel,2101200.0,4.52555508819225,accelergy,4199865.0,8.705477946528376,50.03017954148527,51.98514218276756
1080p,1920,1080,128,128,3,32,1024,50.0,os,gaussian,5015415.0,3.5831981190600004,accelergy,10072335.0,7.526834964540001,49.79396535162899,47.6056421582373
1080p,1920,1080,128,128,3,32,1024,50.0,os,sobel,5056920.0,3.94363684548,accelergy,10072335.0,7.526834964540001,50.20603464837101,52.3943578417627
1080p,1920,1080,128,128,3,32,1024,50.0,ws,gaussian,2762880.0,5.636290534641375,accelergy,5567265.0,11.627011717204125,49.627240664850696,48.47583086461961
1080p,1920,1080,128,128,3,32,1024,50.0,ws,sobel,2804385.0,5.9907211825627495,accelergy,5567265.0,11.627011717204125,50.37275933514931,51.52416913538039
1080p,1920,1080,128,128,3,32,1024,200.0,os,gaussian,4704315.0,3.58739811906,accelergy,9419010.0,7.53523496454,49.944898667694375,47.60831129940748
1080p,1920,1080,128,128,3,32,1024,200.0,os,sobel,4714695.0,3.94783684548,accelergy,9419010.0,7.53523496454,50.05510133230563,52.39168870059252
1080p,1920,1080,128,128,3,32,1024,200.0,ws,gaussian,2255325.0,5.641330534641376,accelergy,4521030.0,11.637091717204125,49.885203150609485,48.47715109352714
1080p,1920,1080,128,128,3,32,1024,200.0,ws,sobel,2265705.0,5.99576118256275,accelergy,4521030.0,11.637091717204125,50.11479684939052,51.52284890647286
1080p,1920,1080,128,128,3,32,1024,800.0,os,gaussian,4626600.0,3.60419811906,accelergy,9255735.0,7.568834964540001,49.986305787708915,47.61892861907641
1080p,1920,1080,128,128,3,32,1024,800.0,os,sobel,4629135.0,3.9646368454800003,accelergy,9255735.0,7.568834964540001,50.013694212291085,52.381071380923586
1080p,1920,1080,128,128,3,32,1024,800.0,ws,gaussian,2128500.0,5.661970534641375,accelergy,4259535.0,11.678371717204126,49.97024323077519,48.48253396747407
1080p,1920,1080,128,128,3,32,1024,800.0,ws,sobel,2131035.0,6.01640118256275,accelergy,4259535.0,11.678371717204126,50.02975676922481,51.517466032525924
1080p,1920,1080,128,128,3,32,4096,50.0,os,gaussian,5015415.0,3.8420776879200003,accelergy,10072335.0,8.06812053768,49.79396535162899,47.62047951535433
1080p,1920,1080,128,128,3,32,4096,50.0,os,sobel,5056920.0,4.22604284976,accelergy,10072335.0,8.06812053768,50.20603464837101,52.37952048464567
1080p,1920,1080,128,128,3,32,4096,50.0,ws,gaussian,3454680.0,11.388806984488498,accelergy,6950865.0,23.149307453305497,49.701440036599756,49.197182280553655
1080p,1920,1080,128,128,3,32,4096,50.0,ws,sobel,3496185.0,11.760500468817,accelergy,6950865.0,23.149307453305497,50.29855996340024,50.802817719446345
1080p,1920,1080,128,128,3,32,4096,200.0,os,gaussian,4704315.0,3.84627768792,accelergy,9419010.0,8.07652053768,49.944898667694375,47.62295433999914
1080p,1920,1080,128,128,3,32,4096,200.0,os,sobel,4714695.0,4.230242849760001,accelergy,9419010.0,8.07652053768,50.05510133230563,52.37704566000085
1080p,1920,1080,128,128,3,32,4096,200.0,ws,gaussian,2428245.0,11.3928869844885,accelergy,4866870.0,23.1574674533055,49.89336061986451,49.19746516954417
1080p,1920,1080,128,128,3,32,4096,200.0,ws,sobel,2438625.0,11.764580468817,accelergy,4866870.0,23.1574674533055,50.10663938013549,50.80253483045583
1080p,1920,1080,128,128,3,32,4096,800.0,os,gaussian,4626600.0,3.86307768792,accelergy,9255735.0,8.11012053768,49.986305787708915,47.63280237293589
1080p,1920,1080,128,128,3,32,4096,800.0,os,sobel,4629135.0,4.24704284976,accelergy,9255735.0,8.11012053768,50.013694212291085,52.3671976270641
1080p,1920,1080,128,128,3,32,4096,800.0,ws,gaussian,2171700.0,11.409686984488498,accelergy,4345935.0,23.1910674533055,49.97083481460261,49.198627909049684
1080p,1920,1080,128,128,3,32,4096,800.0,ws,sobel,2174235.0,11.781380468817,accelergy,4345935.0,23.1910674533055,50.02916518539738,50.8013720909503
1080p,1920,1080,128,128,3,64,256,50.0,os,gaussian,4574280.0,15.48670739523,accelergy,9190065.0,31.320959808090002,49.77418549270326,49.44518779156277
1080p,1920,1080,128,128,3,64,256,50.0,os,sobel,4615785.0,15.83425241286,accelergy,9190065.0,31.320959808090002,50.22581450729674,50.55481220843722
1080p,1920,1080,128,128,3,64,256,50.0,ws,gaussian,2299530.0,4.156882858336125,accelergy,4640565.0,8.659397946528376,49.552802298858005,48.004294109184045
1080p,1920,1080,128,128,3,64,256,50.0,ws,sobel,2341035.0,4.50251508819225,accelergy,4640565.0,8.659397946528376,50.447197701142,51.99570589081595
1080p,1920,1080,128,128,3,64,256,200.0,os,gaussian,4423935.0,15.512147395229999,accelergy,8858250.0,31.371839808089998,49.94141054948776,49.44608760634374
1080p,1920,1080,128,128,3,64,256,200.0,os,sobel,4434315.0,15.85969241286,accelergy,8858250.0,31.371839808089998,50.05858945051224,50.55391239365626
1080p,1920,1080,128,128,3,64,256,200.0,ws,gaussian,2149185.0,4.163122858336124,accelergy,4308750.0,8.671877946528374,49.87954743255004,48.00716619867503
1080p,1920,1080,128,128,3,64,256,200.0,ws,sobel,2159565.0,4.50875508819225,accelergy,4308750.0,8.671877946528374,50.12045256744996,51.99283380132497
1080p,1920,1080,128,128,3,64,256,800.0,os,gaussian,4386375.0,15.567347395229998,accelergy,8775285.0,31.482239808089997,49.98555602467612,49.44803003256983
1080p,1920,1080,128,128,3,64,256,800.0,os,sobel,4388910.0,15.914892412859999,accelergy,8775285.0,31.482239808089997,50.01444397532387,50.55196996743017
1080p,1920,1080,128,128,3,64,256,800.0,ws,gaussian,2111625.0,4.179922858336125,accelergy,4225785.0,8.705477946528376,49.970005572929054,48.01485781723243
1080p,1920,1080,128,128,3,64,256,800.0,ws,sobel,2114160.0,4.52555508819225,accelergy,4225785.0,8.705477946528376,50.029994427070946,51.98514218276756
1080p,1920,1080,128,128,3,64,1024,50.0,os,gaussian,4788615.0,3.5866678083299997,accelergy,9618735.0,7.53076403235,49.78424917621704,47.62687813510959
1080p,1920,1080,128,128,3,64,1024,50.0,os,sobel,4830120.0,3.9440962240200004,accelergy,9618735.0,7.53076403235,50.215750823782955,52.373121864890415
1080p,1920,1080,128,128,3,64,1024,50.0,ws,gaussian,2777835.0,5.658730534641375,accelergy,5597175.0,11.671891717204124,49.62923260394753,48.481691500791804
1080p,1920,1080,128,128,3,64,1024,50.0,ws,sobel,2819340.0,6.013161182562749,accelergy,5597175.0,11.671891717204124,50.37076739605247,51.51830849920819
1080p,1920,1080,128,128,3,64,1024,200.0,os,gaussian,4477515.0,3.5887078083299997,accelergy,8965410.0,7.53484403235,49.942110846018196,47.62816314342127
1080p,1920,1080,128,128,3,64,1024,200.0,os,sobel,4487895.0,3.94613622402,accelergy,8965410.0,7.53484403235,50.057889153981804,52.371836856578724
1080p,1920,1080,128,128,3,64,1024,200.0,ws,gaussian,2268795.0,5.661970534641376,accelergy,4547970.0,11.678371717204126,49.88588315226354,48.482533967474076
1080p,1920,1080,128,128,3,64,1024,200.0,ws,sobel,2279175.0,6.01640118256275,accelergy,4547970.0,11.678371717204126,50.11411684773647,51.517466032525924
1080p,1920,1080,128,128,3,64,1024,800.0,os,gaussian,4399800.0,3.6011878083299997,accelergy,8802135.0,7.55980403235,49.98560008452495,47.635994172861565
1080p,1920,1080,128,128,3,64,1024,800.0,os,sobel,4402335.0,3.95861622402,accelergy,8802135.0,7.55980403235,50.01439991547505,52.36400582713843
1080p,1920,1080,128,128,3,64,1024,800.0,ws,gaussian,2141595.0,5.679250534641375,accelergy,4285725.0,11.712931717204125,49.970425073937314,48.48701137990593
1080p,1920,1080,128,128,3,64,1024,800.0,ws,sobel,2144130.0,6.03368118256275,accelergy,4285725.0,11.712931717204125,50.02957492606268,51.51298862009408
1080p,1920,1080,128,128,3,64,4096,50.0,os,gaussian,4788615.0,3.84240903948,accelergy,9618735.0,8.06263459236,49.78424917621704,47.65699096820032
1080p,1920,1080,128,128,3,64,4096,50.0,os,sobel,4830120.0,4.22022555288,accelergy,9618735.0,8.06263459236,50.215750823782955,52.34300903179967
1080p,1920,1080,128,128,3,64,4096,50.0,ws,gaussian,4542900.0,19.9973669844885,accelergy,9127305.0,40.366427453305505,49.77263277604945,49.53960071799955
1080p,1920,1080,128,128,3,64,4096,50.0,ws,sobel,4584405.0,20.369060468817,accelergy,9127305.0,40.366427453305505,50.227367223950544,50.460399282000445
1080p,1920,1080,128,128,3,64,4096,200.0,os,gaussian,4477515.0,3.84444903948,accelergy,8965410.0,8.06671459236,49.942110846018196,47.65817602027329
1080p,1920,1080,128,128,3,64,4096,200.0,os,sobel,4487895.0,4.22226555288,accelergy,8965410.0,8.06671459236,50.057889153981804,52.3418239797267
1080p,1920,1080,128,128,3,64,4096,200.0,ws,gaussian,2710050.0,20.000246984488502,accelergy,5430480.0,40.3721874533055,49.90442833782649,49.53966640430569
1080p,1920,1080,128,128,3,64,4096,200.0,ws,sobel,2720430.0,20.371940468817,accelergy,5430480.0,40.3721874533055,50.09557166217351,50.460333595694316
1080p,1920,1080,128,128,3,64,4096,800.0,os,gaussian,4399800.0,3.85692903948,accelergy,8802135.0,8.09167459236,49.98560008452495,47.66539973223388
1080p,1920,1080,128,128,3,64,4096,800.0,os,sobel,4402335.0,4.23474555288,accelergy,8802135.0,8.09167459236,50.01439991547505,52.33460026776612
1080p,1920,1080,128,128,3,64,4096,800.0,ws,gaussian,2251845.0,20.0093669844885,accelergy,4506225.0,40.390427453305506,49.97187224339664,49.53987428734419
1080p,1920,1080,128,128,3,64,4096,800.0,ws,sobel,2254380.0,20.381060468817,accelergy,4506225.0,40.390427453305506,50.02812775660337,50.4601257126558
1080p,1920,1080,128,128,3,128,256,50.0,os,gaussian,4460880.0,15.498706999694999,accelergy,8963265.0,31.343998621485,49.768471645098074,49.44712762037733
1080p,1920,1080,128,128,3,128,256,50.0,os,sobel,4502385.0,15.845291621789999,accelergy,8963265.0,31.343998621485,50.231528354901926,50.55287237962266
1080p,1920,1080,128,128,3,128,256,50.0,ws,gaussian,2325450.0,4.169842858336125,accelergy,4692405.0,8.685317946528375,49.557742777957145,48.01024998748446
1080p,1920,1080,128,128,3,128,256,50.0,ws,sobel,2366955.0,4.51547508819225,accelergy,4692405.0,8.685317946528375,50.442257222042855,51.989750012515536
1080p,1920,1080,128,128,3,128,256,200.0,os,gaussian,4310535.0,15.524146999694999,accelergy,8631450.0,31.394878621485,49.93987105295171,49.448023631061574
1080p,1920,1080,128,128,3,128,256,200.0,os,sobel,4320915.0,15.870731621789998,accelergy,8631450.0,31.394878621485,50.0601289470483,50.551976368938426
1080p,1920,1080,128,128,3,128,256,200.0,ws,gaussian,2175105.0,4.176082858336125,accelergy,4360590.0,8.697797946528375,49.88097940874973,48.0131049721954
1080p,1920,1080,128,128,3,128,256,200.0,ws,sobel,2185485.0,4.521715088192249,accelergy,4360590.0,8.697797946528375,50.11902059125026,51.98689502780459
1080p,1920,1080,128,128,3,128,256,800.0,os,gaussian,4272975.0,15.583666999695,accelergy,8548485.0,31.513918621484997,49.98517281132271,49.45010865475373
1080p,1920,1080,128,128,3,128,256,800.0,os,sobel,4275510.0,15.93025162179,accelergy,8548485.0,31.513918621484997,50.01482718867729,50.54989134524628
1080p,1920,1080,128,128,3,128,256,800.0,ws,gaussian,2137545.0,4.197202858336125,accelergy,4277625.0,8.740037946528375,49.97036907162269,48.022707498693336
1080p,1920,1080,128,128,3,128,256,800.0,ws,sobel,2140080.0,4.542835088192249,accelergy,4277625.0,8.740037946528375,50.02963092837731,51.97729250130666
1080p,1920,1080,128,128,3,128,1024,50.0,os,gaussian,4675215.0,3.598122652965,accelergy,9391935.0,7.552168566255,49.77903914369083,47.6435691470437
1080p,1920,1080,128,128,3,128,1024,50.0,os,sobel,4716720.0,3.95404591329,accelergy,9391935.0,7.552168566255,50.22096085630916,52.356430852956294
1080p,1920,1080,128,128,3,128,1024,50.0,ws,gaussian,2803755.0,5.6716905346413755,accelergy,5649015.0,11.697811717204125,49.63263507000778,48.48505576731027
1080p,1920,1080,128,128,3,128,1024,50.0,ws,sobel,2845260.0,6.02612118256275,accelergy,5649015.0,11.697811717204125,50.36736492999222,51.51494423268973
1080p,1920,1080,128,128,3,128,1024,200.0,os,gaussian,4364115.0,3.6001626529650004,accelergy,8738610.0,7.556248566255,49.94060840339596,47.64484150300126
1080p,1920,1080,128,128,3,128,1024,200.0,os,sobel,4374495.0,3.95608591329,accelergy,8738610.0,7.556248566255,50.059391596604044,52.35515849699873
1080p,1920,1080,128,128,3,128,1024,200.0,ws,gaussian,2294715.0,5.674930534641375,accelergy,4599810.0,11.704291717204125,49.88716925264304,48.48589450568633
1080p,1920,1080,128,128,3,128,1024,200.0,ws,sobel,2305095.0,6.0293611825627496,accelergy,4599810.0,11.704291717204125,50.11283074735695,51.51410549431367
1080p,1920,1080,128,128,3,128,1024,800.0,os,gaussian,4286400.0,3.616962652965,accelergy,8575335.0,7.589848566255,49.98521923633304,47.65526770911174
1080p,1920,1080,128,128,3,128,1024,800.0,os,sobel,4288935.0,3.97288591329,accelergy,8575335.0,7.589848566255,50.014780763666955,52.34473229088825
1080p,1920,1080,128,128,3,128,1024,800.0,ws,gaussian,2167515.0,5.696530534641376,accelergy,4337565.0,11.747491717204124,49.97077853588362,48.49146244809728
1080p,1920,1080,128,128,3,128,1024,800.0,ws,sobel,2170050.0,6.050961182562749,accelergy,4337565.0,11.747491717204124,50.02922146411639,51.508537551902734
1080p,1920,1080,128,128,3,128,4096,50.0,os,gaussian,4675215.0,3.8522947152600002,accelergy,9391935.0,8.0793316197,49.77903914369083,47.680858969408696
1080p,1920,1080,128,128,3,128,4096,50.0,os,sobel,4716720.0,4.22703690444,accelergy,9391935.0,8.0793316197,50.22096085630916,52.31914103059131
1080p,1920,1080,128,128,3,128,4096,50.0,ws,gaussian,4706445.0,21.111326984488503,accelergy,9454395.0,42.5943474533055,49.78049891082401,49.56368214733661
1080p,1920,1080,128,128,3,128,4096,50.0,ws,sobel,4747950.0,21.483020468817003,accelergy,9454395.0,42.5943474533055,50.21950108917599,50.43631785266341
1080p,1920,1080,128,128,3,128,4096,200.0,os,gaussian,4364115.0,3.85433471526,accelergy,8738610.0,8.0834116197,49.94060840339596,47.68202952657564
1080p,1920,1080,128,128,3,128,4096,200.0,os,sobel,4374495.0,4.22907690444,accelergy,8738610.0,8.0834116197,50.059391596604044,52.31797047342437
1080p,1920,1080,128,128,3,128,4096,200.0,ws,gaussian,2770380.0,21.114326984488503,accelergy,5551140.0,42.6003474533055,49.90650569072299,49.563743600054075
1080p,1920,1080,128,128,3,128,4096,200.0,ws,sobel,2780760.0,21.486020468817,accelergy,5551140.0,42.6003474533055,50.093494309277006,50.43625639994593
1080p,1920,1080,128,128,3,128,4096,800.0,os,gaussian,4286400.0,3.87113471526,accelergy,8575335.0,8.117011619700001,49.98521923633304,47.69162465980398
1080p,1920,1080,128,128,3,128,4096,800.0,os,sobel,4288935.0,4.24587690444,accelergy,8575335.0,8.117011619700001,50.014780763666955,52.30837534019601
1080p,1920,1080,128,128,3,128,4096,800.0,ws,gaussian,2286360.0,21.1268069844885,accelergy,4575255.0,42.625307453305496,49.972296626089694,49.56399905767756
1080p,1920,1080,128,128,3,128,4096,800.0,ws,sobel,2288895.0,21.498500468817,accelergy,4575255.0,42.625307453305496,50.027703373910306,50.436000942322444
1080p,1920,1080,128,128,5,8,256,50.0,os,gaussian,10309080.0,17.58268503768,accelergy,16512465.0,27.77862852552,62.43210810742067,63.29572758254402
1080p,1920,1080,128,128,5,8,256,50.0,os,sobel,6203385.0,10.19594348784,accelergy,16512465.0,27.77862852552,37.56789189257933,36.70427241745599
1080p,1920,1080,128,128,5,8,256,50.0,ws,gaussian,8489730.0,10.204666897618125,accelergy,12826320.0,15.379045734930376,66.18991261718092,66.35435691851997
1080p,1920,1080,128,128,5,8,256,50.0,ws,sobel,4336590.0,5.17437883731225,accelergy,12826320.0,15.379045734930376,33.81008738281908,33.64564308148002
1080p,1920,1080,128,128,5,8,256,200.0,os,gaussian,10158735.0,17.61124503768,accelergy,16180650.0,27.825188525519998,62.78323182319623,63.2924554007164
1080p,1920,1080,128,128,5,8,256,200.0,os,sobel,6021915.0,10.213943487839998,accelergy,16180650.0,27.825188525519998,37.216768176803775,36.70754459928361
1080p,1920,1080,128,128,5,8,256,200.0,ws,gaussian,8352075.0,10.219066897618125,accelergy,12551010.0,15.401845734930376,66.54504298857223,66.34962506111818
1080p,1920,1080,128,128,5,8,256,200.0,ws,sobel,4198935.0,5.18277883731225,accelergy,12551010.0,15.401845734930376,33.454957011427766,33.650374938881825
1080p,1920,1080,128,128,5,8,256,800.0,os,gaussian,10121175.0,17.68132503768,accelergy,16097685.0,27.939908525520003,62.87348149749482,63.28340345685124
1080p,1920,1080,128,128,5,8,256,800.0,os,sobel,5976510.0,10.258583487840001,accelergy,16097685.0,27.939908525520003,37.12651850250517,36.716596543148746
1080p,1920,1080,128,128,5,8,256,800.0,ws,gaussian,8317620.0,10.260826897618127,accelergy,12482100.0,15.469045734930376,66.63638330088688,66.33135019084169
1080p,1920,1080,128,128,5,8,256,800.0,ws,sobel,4164480.0,5.208218837312249,accelergy,12482100.0,15.469045734930376,33.36361669911313,33.66864980915832
1080p,1920,1080,128,128,5,8,1024,50.0,os,gaussian,10770330.0,10.499530604879999,accelergy,17188050.0,14.474971179119999,62.66173300636198,72.53576172935989
1080p,1920,1080,128,128,5,8,1024,50.0,os,sobel,6417720.0,3.97544057424,accelergy,17188050.0,14.474971179119999,37.33826699363802,27.464238270640106
1080p,1920,1080,128,128,5,8,1024,50.0,ws,gaussian,9107280.0,11.566827405399376,accelergy,14027010.0,17.978200093882126,64.92673777234064,64.33807247108957
1080p,1920,1080,128,128,5,8,1024,50.0,ws,sobel,4919730.0,6.411372688482749,accelergy,14027010.0,17.978200093882126,35.07326222765935,35.66192752891042
1080p,1920,1080,128,128,5,8,1024,200.0,os,gaussian,10274070.0,10.505290604879999,accelergy,16349565.0,14.484931179119998,62.84002051430726,72.52565079510599
1080p,1920,1080,128,128,5,8,1024,200.0,os,sobel,6075495.0,3.97964057424,accelergy,16349565.0,14.484931179119998,37.15997948569274,27.47434920489401
1080p,1920,1080,128,128,5,8,1024,200.0,ws,gaussian,8506455.0,11.572587405399375,accelergy,12851175.0,17.989240093882124,66.19204080560726,64.33060732418065
1080p,1920,1080,128,128,5,8,1024,200.0,ws,sobel,4344720.0,6.41665268848275,accelergy,12851175.0,17.989240093882124,33.80795919439273,35.66939267581936
1080p,1920,1080,128,128,5,8,1024,800.0,os,gaussian,10150065.0,10.54129060488,accelergy,16140000.0,14.542051179120001,62.88763940520447,72.48833383295722
1080p,1920,1080,128,128,5,8,1024,800.0,os,sobel,5989935.0,4.00076057424,accelergy,16140000.0,14.542051179120001,37.11236059479554,27.51166616704276
1080p,1920,1080,128,128,5,8,1024,800.0,ws,gaussian,8356215.0,11.609067405399374,accelergy,12557145.0,18.051160093882125,66.54550058950501,64.31202950404226
1080p,1920,1080,128,128,5,8,1024,800.0,ws,sobel,4200930.0,6.44209268848275,accelergy,12557145.0,18.051160093882125,33.45449941049498,35.687970495957735
1080p,1920,1080,128,128,5,8,4096,50.0,os,gaussian,11186850.0,9.97894742688,accelergy,17604570.0,14.27445405792,63.545147652001724,69.9077343791184
1080p,1920,1080,128,128,5,8,4096,50.0,os,sobel,6417720.0,4.295506631039999,accelergy,17604570.0,14.27445405792,36.454852347998276,30.0922656208816
1080p,1920,1080,128,128,5,8,4096,50.0,ws,gaussian,9799080.0,13.196029472752501,accelergy,14781450.0,20.3784009674895,66.29309032605055,64.7549800094947
1080p,1920,1080,128,128,5,8,4096,50.0,ws,sobel,4982370.0,7.182371494737,accelergy,14781450.0,20.3784009674895,33.70690967394944,35.2450199905053
1080p,1920,1080,128,128,5,8,4096,200.0,os,gaussian,10378110.0,9.97894742688,accelergy,16453605.0,14.27865405792,63.0749917723198,69.88717134263041
1080p,1920,1080,128,128,5,8,4096,200.0,os,sobel,6075495.0,4.29970663104,accelergy,16453605.0,14.27865405792,36.925008227680195,30.112828657369594
1080p,1920,1080,128,128,5,8,4096,200.0,ws,gaussian,8679375.0,13.1979494727525,accelergy,13039695.0,20.3836809674895,66.56118107056952,64.74762577869167
1080p,1920,1080,128,128,5,8,4096,200.0,ws,sobel,4360320.0,7.185731494737,accelergy,13039695.0,20.3836809674895,33.43881892943048,35.25237422130832
1080p,1920,1080,128,128,5,8,4096,800.0,os,gaussian,10175985.0,9.99190742688,accelergy,16165920.0,14.31273405792,62.947144362956145,69.81131198585321
1080p,1920,1080,128,128,5,8,4096,800.0,os,sobel,5989935.0,4.32082663104,accelergy,16165920.0,14.31273405792,37.052855637043855,30.188688014146788
1080p,1920,1080,128,128,5,8,4096,800.0,ws,gaussian,8399415.0,13.219069472752501,accelergy,12604185.0,20.422560967489503,66.63988984611063,64.72777578578818
1080p,1920,1080,128,128,5,8,4096,800.0,ws,sobel,4204770.0,7.203491494737,accelergy,12604185.0,20.422560967489503,33.36011015388936,35.2722242142118
1080p,1920,1080,128,128,5,16,256,50.0,os,gaussian,18588600.0,144.64830291468002,accelergy,23884785.0,160.48436007396,77.82611398846588,90.13233616535476
1080p,1920,1080,128,128,5,16,256,50.0,os,sobel,5296185.0,15.83605715928,accelergy,23884785.0,160.48436007396,22.173886011534123,9.867663834645242
1080p,1920,1080,128,128,5,16,256,50.0,ws,gaussian,4401405.0,9.526323148498124,accelergy,6723000.0,14.019118236690373,65.46787148594377,67.95237038208398
1080p,1920,1080,128,128,5,16,256,50.0,ws,sobel,2321595.0,4.492795088192249,accelergy,6723000.0,14.019118236690373,34.532128514056225,32.047629617916016
1080p,1920,1080,128,128,5,16,256,200.0,os,gaussian,7327815.0,144.89262291468,accelergy,12442530.0,160.75520007396,58.89328777989685,90.13246404969671
1080p,1920,1080,128,128,5,16,256,200.0,os,sobel,5114715.0,15.86257715928,accelergy,12442530.0,160.75520007396,41.10671222010315,9.867535950303301
1080p,1920,1080,128,128,5,16,256,200.0,ws,gaussian,4219935.0,9.540723148498124,accelergy,6360060.0,14.040838236690373,66.35055329666702,67.94981173963734
1080p,1920,1080,128,128,5,16,256,200.0,ws,sobel,2140125.0,4.50011508819225,accelergy,6360060.0,14.040838236690373,33.649446703332984,32.05018826036267
1080p,1920,1080,128,128,5,16,256,800.0,os,gaussian,7140375.0,145.38990291468,accelergy,12209685.0,161.31632007396,58.481238459468855,90.12721270112158
1080p,1920,1080,128,128,5,16,256,800.0,os,sobel,5069310.0,15.92641715928,accelergy,12209685.0,161.31632007396,41.518761540531145,9.872787298878432
1080p,1920,1080,128,128,5,16,256,800.0,ws,gaussian,4174530.0,9.578163148498124,accelergy,6269250.0,14.103718236690373,66.58739083622443,67.91232629407497
1080p,1920,1080,128,128,5,16,256,800.0,ws,sobel,2094720.0,4.52555508819225,accelergy,6269250.0,14.103718236690373,33.41260916377557,32.08767370592503
1080p,1920,1080,128,128,5,16,1024,50.0,os,gaussian,7789530.0,10.47040270788,accelergy,13300050.0,14.42284079628,58.567674557614446,72.59598061000972
1080p,1920,1080,128,128,5,16,1024,50.0,os,sobel,5510520.0,3.9524380884,accelergy,13300050.0,14.42284079628,41.432325442385554,27.404019389990285
1080p,1920,1080,128,128,5,16,1024,50.0,ws,gaussian,4877715.0,10.870895899479375,accelergy,7641210.0,16.583097082042123,63.83432728586179,65.5540750059981
1080p,1920,1080,128,128,5,16,1024,50.0,ws,sobel,2763495.0,5.712201182562749,accelergy,7641210.0,16.583097082042123,36.16567271413821,34.445924994001906
1080p,1920,1080,128,128,5,16,1024,200.0,os,gaussian,7293270.0,10.47616270788,accelergy,12461565.0,14.43172079628,58.52611610178978,72.59122356760389
1080p,1920,1080,128,128,5,16,1024,200.0,os,sobel,5168295.0,3.9555580883999997,accelergy,12461565.0,14.43172079628,41.47388389821022,27.4087764323961
1080p,1920,1080,128,128,5,16,1024,200.0,ws,gaussian,4339035.0,10.876655899479374,accelergy,6589665.0,16.593057082042122,65.84606349488176,65.5494394173492
1080p,1920,1080,128,128,5,16,1024,200.0,ws,sobel,2250630.0,5.71640118256275,accelergy,6589665.0,16.593057082042122,34.153936505118246,34.450560582650795
1080p,1920,1080,128,128,5,16,1024,800.0,os,gaussian,7169265.0,10.507842707879998,accelergy,12252000.0,14.484520796279998,58.515058765915775,72.54532514861441
1080p,1920,1080,128,128,5,16,1024,800.0,os,sobel,5082735.0,3.9766780884,accelergy,12252000.0,14.484520796279998,41.48494123408423,27.454674851385587
1080p,1920,1080,128,128,5,16,1024,800.0,ws,gaussian,4204365.0,10.908815899479375,accelergy,6326775.0,16.650657082042123,66.45352490012684,65.51582826869114
1080p,1920,1080,128,128,5,16,1024,800.0,ws,sobel,2122410.0,5.74184118256275,accelergy,6326775.0,16.650657082042123,33.546475099873156,34.48417173130888
1080p,1920,1080,128,128,5,16,4096,50.0,os,gaussian,8206050.0,9.91494911088,accelergy,13716570.0,14.162346554400001,59.82581651243714,70.00922532713757
1080p,1920,1080,128,128,5,16,4096,50.0,os,sobel,5510520.0,4.247397443520001,accelergy,13716570.0,14.162346554400001,40.17418348756286,29.99077467286243
1080p,1920,1080,128,128,5,16,4096,50.0,ws,gaussian,5569515.0,12.465598446832502,accelergy,8395650.0,18.914298915649503,66.33810366082436,65.90568597030361
1080p,1920,1080,128,128,5,16,4096,50.0,ws,sobel,2826135.0,6.448700468817,accelergy,8395650.0,18.914298915649503,33.66189633917565,34.094314029696385
1080p,1920,1080,128,128,5,16,4096,200.0,os,gaussian,7397310.0,9.91494911088,accelergy,12565605.0,14.1654665544,58.86950926756014,69.993805518536
1080p,1920,1080,128,128,5,16,4096,200.0,os,sobel,5168295.0,4.25051744352,accelergy,12565605.0,14.1654665544,41.13049073243986,30.00619448146399
1080p,1920,1080,128,128,5,16,4096,200.0,ws,gaussian,4511955.0,12.467518446832502,accelergy,6778185.0,18.9184989156495,66.56582846292923,65.9012033799325
1080p,1920,1080,128,128,5,16,4096,200.0,ws,sobel,2266230.0,6.450980468816999,accelergy,6778185.0,18.9184989156495,33.43417153707077,34.0987966200675
1080p,1920,1080,128,128,5,16,4096,800.0,os,gaussian,7195185.0,9.92358911088,accelergy,12277920.0,14.195226554400001,58.60263790609485,69.90793047824975
1080p,1920,1080,128,128,5,16,4096,800.0,os,sobel,5082735.0,4.27163744352,accelergy,12277920.0,14.195226554400001,41.39736209390515,30.092069521750247
1080p,1920,1080,128,128,5,16,4096,800.0,ws,gaussian,4247565.0,12.4843184468325,accelergy,6373815.0,18.9530589156495,66.64085794771263,65.86967572038847
1080p,1920,1080,128,128,5,16,4096,800.0,ws,sobel,2126250.0,6.468740468817,accelergy,6373815.0,18.9530589156495,33.35914205228737,34.130324279611536
1080p,1920,1080,128,128,5,32,256,50.0,os,gaussian,148187160.0,1183.2181918531799,accelergy,153029745.0,1199.0498058481799,96.83552697549094,98.67965334569226
1080p,1920,1080,128,128,5,32,256,50.0,os,sobel,4842585.0,15.831613995000001,accelergy,153029745.0,1199.0498058481799,3.164473024509059,1.320346654307749
1080p,1920,1080,128,128,5,32,256,50.0,ws,gaussian,2286570.0,9.193631273938124,accelergy,4614645.0,13.689666362130374,49.550290434042054,67.1574531529154
1080p,1920,1080,128,128,5,32,256,50.0,ws,sobel,2328075.0,4.49603508819225,accelergy,4614645.0,13.689666362130374,50.449709565957946,32.8425468470846
1080p,1920,1080,128,128,5,32,256,200.0,os,gaussian,37425135.0,1185.22579185318,accelergy,42086250.0,1201.08500584818,88.92485075291812,98.67959270844445
1080p,1920,1080,128,128,5,32,256,200.0,os,sobel,4661115.0,15.859213995,accelergy,42086250.0,1201.08500584818,11.075149247081885,1.320407291555569
1080p,1920,1080,128,128,5,32,256,200.0,ws,gaussian,2136225.0,9.208031273938126,accelergy,4282830.0,13.712466362130375,49.87881844481336,67.15080300483277
1080p,1920,1080,128,128,5,32,256,200.0,ws,sobel,2146605.0,4.504435088192249,accelergy,4282830.0,13.712466362130375,50.121181555186645,32.84919699516723
1080p,1920,1080,128,128,5,32,256,800.0,os,gaussian,9731775.0,1189.24099185318,accelergy,14347485.0,1205.15972584818,67.82913521080523,98.67911832319184
1080p,1920,1080,128,128,5,32,256,800.0,os,sobel,4615710.0,15.918733995,accelergy,14347485.0,1205.15972584818,32.17086478919476,1.3208816768081548
1080p,1920,1080,128,128,5,32,256,800.0,ws,gaussian,2098665.0,9.236831273938126,accelergy,4199865.0,13.762386362130375,49.96982045851473,67.11649441375145
1080p,1920,1080,128,128,5,32,256,800.0,ws,sobel,2101200.0,4.52555508819225,accelergy,4199865.0,13.762386362130375,50.03017954148527,32.883505586248546
1080p,1920,1080,128,128,5,32,1024,50.0,os,gaussian,6299130.0,10.46231875938,accelergy,11356050.0,14.40595560486,55.469375354986994,72.62495488914618
1080p,1920,1080,128,128,5,32,1024,50.0,os,sobel,5056920.0,3.94363684548,accelergy,11356050.0,14.40595560486,44.53062464501301,27.375045110853826
1080p,1920,1080,128,128,5,32,1024,50.0,ws,gaussian,2762880.0,10.529410146519375,accelergy,5567265.0,16.520131329082126,49.627240664850696,63.736842866275204
1080p,1920,1080,128,128,5,32,1024,50.0,ws,sobel,2804385.0,5.9907211825627495,accelergy,5567265.0,16.520131329082126,50.37275933514931,36.263157133724796
1080p,1920,1080,128,128,5,32,1024,200.0,os,gaussian,5802870.0,10.46807875938,accelergy,10517565.0,14.41591560486,55.17313180379679,72.6147339254048
1080p,1920,1080,128,128,5,32,1024,200.0,os,sobel,4714695.0,3.94783684548,accelergy,10517565.0,14.41591560486,44.82686819620321,27.385266074595194
1080p,1920,1080,128,128,5,32,1024,200.0,ws,gaussian,2255325.0,10.535170146519375,accelergy,4521030.0,16.530931329082126,49.885203150609485,63.73004603791029
1080p,1920,1080,128,128,5,32,1024,200.0,ws,sobel,2265705.0,5.99576118256275,accelergy,4521030.0,16.530931329082126,50.11479684939052,36.269953962089694
1080p,1920,1080,128,128,5,32,1024,800.0,os,gaussian,5678865.0,10.49111875938,accelergy,10308000.0,14.455755604860002,55.09182188591385,72.57399091509892
1080p,1920,1080,128,128,5,32,1024,800.0,os,sobel,4629135.0,3.9646368454800003,accelergy,10308000.0,14.455755604860002,44.90817811408615,27.426009084901075
1080p,1920,1080,128,128,5,32,1024,800.0,ws,gaussian,2128500.0,10.558690146519375,accelergy,4259535.0,16.575091329082124,49.97024323077519,63.70215365265249
1080p,1920,1080,128,128,5,32,1024,800.0,ws,sobel,2131035.0,6.01640118256275,accelergy,4259535.0,16.575091329082124,50.02975676922481,36.29784634734751
1080p,1920,1080,128,128,5,32,4096,50.0,os,gaussian,6715650.0,9.889429952879999,accelergy,11772570.0,14.11547280264,57.044893341046176,70.06091890191868
1080p,1920,1080,128,128,5,32,4096,50.0,os,sobel,5056920.0,4.22604284976,accelergy,11772570.0,14.11547280264,42.955106658953824,29.939081098081306
1080p,1920,1080,128,128,5,32,4096,50.0,ws,gaussian,3454680.0,12.1068629338725,accelergy,6950865.0,23.8673634026895,49.701440036599756,50.72559850707362
1080p,1920,1080,128,128,5,32,4096,50.0,ws,sobel,3496185.0,11.760500468817,accelergy,6950865.0,23.8673634026895,50.29855996340024,49.27440149292639
1080p,1920,1080,128,128,5,32,4096,200.0,os,gaussian,5906910.0,9.889429952879999,accelergy,10621605.0,14.11967280264,55.61221679774384,70.04007876889995
1080p,1920,1080,128,128,5,32,4096,200.0,os,sobel,4714695.0,4.230242849760001,accelergy,10621605.0,14.11967280264,44.38778320225615,29.95992123110005
1080p,1920,1080,128,128,5,32,4096,200.0,ws,gaussian,2428245.0,12.1087829338725,accelergy,4866870.0,23.8733634026895,49.89336061986451,50.72089227489563
1080p,1920,1080,128,128,5,32,4096,200.0,ws,sobel,2438625.0,11.764580468817,accelergy,4866870.0,23.8733634026895,50.10663938013549,49.27910772510437
1080p,1920,1080,128,128,5,32,4096,800.0,os,gaussian,5704785.0,9.889429952879999,accelergy,10333920.0,14.136472802639998,55.20446258534999,69.95684207048551
1080p,1920,1080,128,128,5,32,4096,800.0,os,sobel,4629135.0,4.24704284976,accelergy,10333920.0,14.136472802639998,44.795537414650006,30.043157929514503
1080p,1920,1080,128,128,5,32,4096,800.0,ws,gaussian,2171700.0,12.116942933872501,accelergy,4345935.0,23.8983234026895,49.97083481460261,50.70206277528603
1080p,1920,1080,128,128,5,32,4096,800.0,ws,sobel,2174235.0,11.781380468817,accelergy,4345935.0,23.8983234026895,50.02916518539738,49.29793722471398
1080p,1920,1080,128,128,5,64,256,50.0,os,gaussian,148173960.0,1183.2301363224299,accelergy,152789745.0,1199.0643887352899,96.97899554711607,98.67944936388604
1080p,1920,1080,128,128,5,64,256,50.0,os,sobel,4615785.0,15.83425241286,accelergy,152789745.0,1199.0643887352899,3.0210044528839286,1.3205506361139736
1080p,1920,1080,128,128,5,64,256,50.0,ws,gaussian,2299530.0,9.210911273938125,accelergy,4640565.0,13.713426362130374,49.552802298858005,67.16710347002743
1080p,1920,1080,128,128,5,64,256,50.0,ws,sobel,2341035.0,4.50251508819225,accelergy,4640565.0,13.713426362130374,50.447197701142,32.83289652997259
1080p,1920,1080,128,128,5,64,256,200.0,os,gaussian,37405335.0,1185.23773632243,accelergy,41839650.0,1201.0974287352901,89.4016441342124,98.6795665336192
1080p,1920,1080,128,128,5,64,256,200.0,os,sobel,4434315.0,15.85969241286,accelergy,41839650.0,1201.0974287352901,10.598355865787596,1.3204334663807957
1080p,1920,1080,128,128,5,64,256,200.0,ws,gaussian,2149185.0,9.225311273938125,accelergy,4308750.0,13.734066362130374,49.87954743255004,67.17101134282805
1080p,1920,1080,128,128,5,64,256,200.0,ws,sobel,2159565.0,4.50875508819225,accelergy,4308750.0,13.734066362130374,50.12045256744996,32.82898865717196
1080p,1920,1080,128,128,5,64,256,800.0,os,gaussian,9698055.0,1189.2529363224298,accelergy,14086965.0,1205.1678287352897,68.84417615859768,98.67944596317668
1080p,1920,1080,128,128,5,64,256,800.0,os,sobel,4388910.0,15.914892412859999,accelergy,14086965.0,1205.1678287352897,31.15582384140232,1.3205540368233344
1080p,1920,1080,128,128,5,64,256,800.0,ws,gaussian,2111625.0,9.254111273938124,accelergy,4225785.0,13.779666362130374,49.970005572929054,67.15773104180886
1080p,1920,1080,128,128,5,64,256,800.0,ws,sobel,2114160.0,4.52555508819225,accelergy,4225785.0,13.779666362130374,50.029994427070946,32.842268958191134
1080p,1920,1080,128,128,5,64,1024,50.0,os,gaussian,5553930.0,10.471236785130001,accelergy,10384050.0,14.415333009150002,53.48520086093577,72.63957605754567
1080p,1920,1080,128,128,5,64,1024,50.0,os,sobel,4830120.0,3.9440962240200004,accelergy,10384050.0,14.415333009150002,46.51479913906424,27.360423942454336
1080p,1920,1080,128,128,5,64,1024,50.0,ws,gaussian,2777835.0,10.562650146519376,accelergy,5597175.0,16.575811329082125,49.62923260394753,63.723276869032
1080p,1920,1080,128,128,5,64,1024,50.0,ws,sobel,2819340.0,6.013161182562749,accelergy,5597175.0,16.575811329082125,50.37076739605247,36.276723130967994
1080p,1920,1080,128,128,5,64,1024,200.0,os,gaussian,5057670.0,10.47699678513,accelergy,9545565.0,14.42313300915,52.9845011793435,72.64022857227636
1080p,1920,1080,128,128,5,64,1024,200.0,os,sobel,4487895.0,3.94613622402,accelergy,9545565.0,14.42313300915,47.015498820656504,27.35977142772365
1080p,1920,1080,128,128,5,64,1024,200.0,ws,gaussian,2268795.0,10.568770146519375,accelergy,4547970.0,16.585171329082126,49.88588315226354,63.72421446130628
1080p,1920,1080,128,128,5,64,1024,200.0,ws,sobel,2279175.0,6.01640118256275,accelergy,4547970.0,16.585171329082126,50.11411684773647,36.27578553869372
1080p,1920,1080,128,128,5,64,1024,800.0,os,gaussian,4933665.0,10.500036785130002,accelergy,9336000.0,14.458653009150002,52.84559768637532,72.62112714431397
1080p,1920,1080,128,128,5,64,1024,800.0,os,sobel,4402335.0,3.95861622402,accelergy,9336000.0,14.458653009150002,47.15440231362468,27.37887285568602
1080p,1920,1080,128,128,5,64,1024,800.0,ws,gaussian,2141595.0,10.593250146519374,accelergy,4285725.0,16.626931329082126,49.970425073937314,63.711396510014715
1080p,1920,1080,128,128,5,64,1024,800.0,ws,sobel,2144130.0,6.03368118256275,accelergy,4285725.0,16.626931329082126,50.02957492606268,36.28860348998526
1080p,1920,1080,128,128,5,64,4096,50.0,os,gaussian,5970450.0,9.88963037388,accelergy,10800570.0,14.109855926759998,55.279026940244826,70.0902293064797
1080p,1920,1080,128,128,5,64,4096,50.0,os,sobel,4830120.0,4.22022555288,accelergy,10800570.0,14.109855926759998,44.72097305975518,29.909770693520304
1080p,1920,1080,128,128,5,64,4096,50.0,ws,gaussian,4542900.0,20.726222933872503,accelergy,9127305.0,41.0952834026895,49.77263277604945,50.434554084413655
1080p,1920,1080,128,128,5,64,4096,50.0,ws,sobel,4584405.0,20.369060468817,accelergy,9127305.0,41.0952834026895,50.227367223950544,49.56544591558635
1080p,1920,1080,128,128,5,64,4096,200.0,os,gaussian,5161710.0,9.88963037388,accelergy,9649605.0,14.111895926759999,53.49141234278502,70.08009714078578
1080p,1920,1080,128,128,5,64,4096,200.0,os,sobel,4487895.0,4.22226555288,accelergy,9649605.0,14.111895926759999,46.50858765721498,29.91990285921422
1080p,1920,1080,128,128,5,64,4096,200.0,ws,gaussian,2710050.0,20.7291029338725,accelergy,5430480.0,41.1010434026895,49.90442833782649,50.434493184949325
1080p,1920,1080,128,128,5,64,4096,200.0,ws,sobel,2720430.0,20.371940468817,accelergy,5430480.0,41.1010434026895,50.09557166217351,49.56550681505068
1080p,1920,1080,128,128,5,64,4096,800.0,os,gaussian,4959585.0,9.88963037388,accelergy,9361920.0,14.124375926759999,52.97615232772765,70.01817584834411
1080p,1920,1080,128,128,5,64,4096,800.0,os,sobel,4402335.0,4.23474555288,accelergy,9361920.0,14.124375926759999,47.02384767227235,29.98182415165589
1080p,1920,1080,128,128,5,64,4096,800.0,ws,gaussian,2251845.0,20.7339029338725,accelergy,4506225.0,41.1149634026895,49.97187224339664,50.42909251991748
1080p,1920,1080,128,128,5,64,4096,800.0,ws,sobel,2254380.0,20.381060468817,accelergy,4506225.0,41.1149634026895,50.02812775660337,49.570907480082525
1080p,1920,1080,128,128,5,128,256,50.0,os,gaussian,69782235.0,556.6131485570551,accelergy,74284620.0,572.4584401788451,93.93900783230768,97.23206253770323
1080p,1920,1080,128,128,5,128,256,50.0,os,sobel,4502385.0,15.845291621789999,accelergy,74284620.0,572.4584401788451,6.060992167692316,2.76793746229677
1080p,1920,1080,128,128,5,128,256,50.0,ws,gaussian,2325450.0,9.245471273938124,accelergy,4692405.0,13.760946362130374,49.557742777957145,67.18630412935353
1080p,1920,1080,128,128,5,128,256,50.0,ws,sobel,2366955.0,4.51547508819225,accelergy,4692405.0,13.760946362130374,50.442257222042855,32.81369587064647
1080p,1920,1080,128,128,5,128,256,200.0,os,gaussian,17646975.0,557.556828557055,accelergy,21967890.0,573.427560178845,80.33076913622564,97.2323040042163
1080p,1920,1080,128,128,5,128,256,200.0,os,sobel,4320915.0,15.870731621789998,accelergy,21967890.0,573.427560178845,19.669230863774352,2.767695995783689
1080p,1920,1080,128,128,5,128,256,200.0,ws,gaussian,2175105.0,9.259871273938124,accelergy,4360590.0,13.781586362130373,49.88097940874973,67.19016977162217
1080p,1920,1080,128,128,5,128,256,200.0,ws,sobel,2185485.0,4.521715088192249,accelergy,4360590.0,13.781586362130373,50.11902059125026,32.80983022837785
1080p,1920,1080,128,128,5,128,256,800.0,os,gaussian,4696455.0,559.444188557055,accelergy,8971965.0,575.374440178845,52.34589078312276,97.23132441947918
1080p,1920,1080,128,128,5,128,256,800.0,os,sobel,4275510.0,15.93025162179,accelergy,8971965.0,575.374440178845,47.65410921687724,2.76867558052081
1080p,1920,1080,128,128,5,128,256,800.0,ws,gaussian,2137545.0,9.288671273938125,accelergy,4277625.0,13.831506362130373,49.97036907162269,67.15589054977997
1080p,1920,1080,128,128,5,128,256,800.0,ws,sobel,2140080.0,4.542835088192249,accelergy,4277625.0,13.831506362130373,50.02963092837731,32.844109450220046
1080p,1920,1080,128,128,5,128,1024,50.0,os,gaussian,5181330.0,10.501615798005,accelergy,9898050.0,14.455661711295,52.3469774349493,72.64707771764964
1080p,1920,1080,128,128,5,128,1024,50.0,os,sobel,4716720.0,3.95404591329,accelergy,9898050.0,14.455661711295,47.65302256505069,27.352922282350363
1080p,1920,1080,128,128,5,128,1024,50.0,ws,gaussian,2803755.0,10.597210146519375,accelergy,5649015.0,16.623331329082124,49.63263507000778,63.749015986824546
1080p,1920,1080,128,128,5,128,1024,50.0,ws,sobel,2845260.0,6.02612118256275,accelergy,5649015.0,16.623331329082124,50.36736492999222,36.25098401317547
1080p,1920,1080,128,128,5,128,1024,200.0,os,gaussian,4685070.0,10.507375798005,accelergy,9059565.0,14.463461711295,51.714072364401595,72.64772436739291
1080p,1920,1080,128,128,5,128,1024,200.0,os,sobel,4374495.0,3.95608591329,accelergy,9059565.0,14.463461711295,48.2859276355984,27.3522756326071
1080p,1920,1080,128,128,5,128,1024,200.0,ws,gaussian,2294715.0,10.603330146519374,accelergy,4599810.0,16.632691329082125,49.88716925264304,63.74993641575936
1080p,1920,1080,128,128,5,128,1024,200.0,ws,sobel,2305095.0,6.0293611825627496,accelergy,4599810.0,16.632691329082125,50.11283074735695,36.250063584240635
1080p,1920,1080,128,128,5,128,1024,800.0,os,gaussian,4561065.0,10.530415798005,accelergy,8850000.0,14.503301711295,51.53745762711864,72.60702430125988
1080p,1920,1080,128,128,5,128,1024,800.0,os,sobel,4288935.0,3.97288591329,accelergy,8850000.0,14.503301711295,48.46254237288136,27.392975698740123
1080p,1920,1080,128,128,5,128,1024,800.0,ws,gaussian,2167515.0,10.627810146519375,accelergy,4337565.0,16.678771329082124,49.97077853588362,63.7205819111392
1080p,1920,1080,128,128,5,128,1024,800.0,ws,sobel,2170050.0,6.050961182562749,accelergy,4337565.0,16.678771329082124,50.02922146411639,36.2794180888608
1080p,1920,1080,128,128,5,128,4096,50.0,os,gaussian,5597850.0,9.915650584380002,accelergy,10314570.0,14.142687488820002,54.271288090536004,70.1115017369822
1080p,1920,1080,128,128,5,128,4096,50.0,os,sobel,4716720.0,4.22703690444,accelergy,10314570.0,14.142687488820002,45.728711909463996,29.888498263017787
1080p,1920,1080,128,128,5,128,4096,50.0,ws,gaussian,4706445.0,21.8617829338725,accelergy,9454395.0,43.34480340268951,49.78049891082401,50.436917964002106
1080p,1920,1080,128,128,5,128,4096,50.0,ws,sobel,4747950.0,21.483020468817003,accelergy,9454395.0,43.34480340268951,50.21950108917599,49.56308203599789
1080p,1920,1080,128,128,5,128,4096,200.0,os,gaussian,4789110.0,9.915650584380002,accelergy,9163605.0,14.144727488820003,52.26229196915406,70.10139002124527
1080p,1920,1080,128,128,5,128,4096,200.0,os,sobel,4374495.0,4.22907690444,accelergy,9163605.0,14.144727488820003,47.73770803084594,29.898609978754724
1080p,1920,1080,128,128,5,128,4096,200.0,ws,gaussian,2770380.0,21.864782933872505,accelergy,5551140.0,43.35080340268951,49.90650569072299,50.43685749204824
1080p,1920,1080,128,128,5,128,4096,200.0,ws,sobel,2780760.0,21.486020468817,accelergy,5551140.0,43.35080340268951,50.093494309277006,49.56314250795176
1080p,1920,1080,128,128,5,128,4096,800.0,os,gaussian,4586985.0,9.915650584380002,accelergy,8875920.0,14.161527488820003,51.67898088310846,70.01822785153676
1080p,1920,1080,128,128,5,128,4096,800.0,os,sobel,4288935.0,4.24587690444,accelergy,8875920.0,14.161527488820003,48.32101911689154,29.981772148463232
1080p,1920,1080,128,128,5,128,4096,800.0,ws,gaussian,2286360.0,21.8686229338725,accelergy,4575255.0,43.3671234026895,49.972296626089694,50.426731629878574
1080p,1920,1080,128,128,5,128,4096,800.0,ws,sobel,2288895.0,21.498500468817,accelergy,4575255.0,43.3671234026895,50.027703373910306,49.57326837012142
1080p,1920,1080,128,128,7,8,256,50.0,os,gaussian,17067090.0,42.139803195119995,accelergy,23270475.0,52.33574668295999,73.34225021191016,80.51820383951893
1080p,1920,1080,128,128,7,8,256,50.0,os,sobel,6203385.0,10.19594348784,accelergy,23270475.0,52.33574668295999,26.657749788089845,19.48179616048107
1080p,1920,1080,128,128,7,8,256,50.0,ws,gaussian,14843850.0,19.771145144701126,accelergy,19180440.0,24.945523982013377,77.39056038339058,79.25728543107307
1080p,1920,1080,128,128,7,8,256,50.0,ws,sobel,4336590.0,5.17437883731225,accelergy,19180440.0,24.945523982013377,22.60943961660942,20.742714568926928
1080p,1920,1080,128,128,7,8,256,200.0,os,gaussian,16379535.0,42.209403195120004,accelergy,22401450.0,52.42334668296,73.11819100995694,80.51642229251266
1080p,1920,1080,128,128,7,8,256,200.0,os,sobel,6021915.0,10.213943487839998,accelergy,22401450.0,52.42334668296,26.881808990043055,19.48357770748734
1080p,1920,1080,128,128,7,8,256,200.0,ws,gaussian,14612910.0,19.799465144701124,accelergy,18811845.0,24.982243982013372,77.67930258834261,79.25415010339452
1080p,1920,1080,128,128,7,8,256,200.0,ws,sobel,4198935.0,5.18277883731225,accelergy,18811845.0,24.982243982013372,22.320697411657388,20.745849896605478
1080p,1920,1080,128,128,7,8,256,800.0,os,gaussian,16341975.0,42.357243195120006,accelergy,22318485.0,52.615826682960005,73.22170389253571,80.50285601392572
1080p,1920,1080,128,128,7,8,256,800.0,os,sobel,5976510.0,10.258583487840001,accelergy,22318485.0,52.615826682960005,26.778296107464282,19.497143986074274
1080p,1920,1080,128,128,7,8,256,800.0,ws,gaussian,14555055.0,19.864745144701125,accelergy,18719535.0,25.072963982013373,77.75329355136226,79.22774969465726
1080p,1920,1080,128,128,7,8,256,800.0,ws,sobel,4164480.0,5.208218837312249,accelergy,18719535.0,25.072963982013373,22.246706448637745,20.772250305342745
1080p,1920,1080,128,128,7,8,1024,50.0,os,gaussian,17008185.0,20.86055653704,accelergy,23425905.0,24.83599711128,72.60417473732605,83.99323145180092
1080p,1920,1080,128,128,7,8,1024,50.0,os,sobel,6417720.0,3.97544057424,accelergy,23425905.0,24.83599711128,27.395825262673952,16.006768548199084
1080p,1920,1080,128,128,7,8,1024,50.0,ws,gaussian,15463395.0,22.793564082096374,accelergy,20383125.0,29.204936770579124,75.8637107901757,78.04695576351486
1080p,1920,1080,128,128,7,8,1024,50.0,ws,sobel,4919730.0,6.411372688482749,accelergy,20383125.0,29.204936770579124,24.1362892098243,21.953044236485137
1080p,1920,1080,128,128,7,8,1024,200.0,os,gaussian,16499145.0,20.872796537040003,accelergy,22574640.0,24.852437111280004,73.08707912950106,83.98692025083638
1080p,1920,1080,128,128,7,8,1024,200.0,os,sobel,6075495.0,3.97964057424,accelergy,22574640.0,24.852437111280004,26.91292087049893,16.01307974916361
1080p,1920,1080,128,128,7,8,1024,200.0,ws,gaussian,14767800.0,22.805804082096376,accelergy,19112520.0,29.222456770579125,77.26767584808283,78.04204917177611
1080p,1920,1080,128,128,7,8,1024,200.0,ws,sobel,4344720.0,6.41665268848275,accelergy,19112520.0,29.222456770579125,22.732324151917172,21.9579508282239
1080p,1920,1080,128,128,7,8,1024,800.0,os,gaussian,16371945.0,20.930396537040004,accelergy,22361880.0,24.931157111280005,73.21363409516553,83.95276819129317
1080p,1920,1080,128,128,7,8,1024,800.0,os,sobel,5989935.0,4.00076057424,accelergy,22361880.0,24.931157111280005,26.786365904834476,16.047231808706833
1080p,1920,1080,128,128,7,8,1024,800.0,ws,gaussian,14593905.0,22.863404082096377,accelergy,18794835.0,29.305496770579126,77.64848693803378,78.017459526739
1080p,1920,1080,128,128,7,8,1024,800.0,ws,sobel,4200930.0,6.44209268848275,accelergy,18794835.0,29.305496770579126,22.351513061966227,21.982540473260993
1080p,1920,1080,128,128,7,8,4096,50.0,os,gaussian,18403065.0,19.13857419936,accelergy,24820785.0,23.4340808304,74.1437670081748,81.66983095207375
1080p,1920,1080,128,128,7,8,4096,50.0,os,sobel,6417720.0,4.295506631039999,accelergy,24820785.0,23.4340808304,25.856232991825195,18.33016904792625
1080p,1920,1080,128,128,7,8,4096,50.0,ws,gaussian,17148615.0,23.3266799357085,accelergy,22130985.0,30.509051430445503,77.48690354270269,76.45822745059327
1080p,1920,1080,128,128,7,8,4096,50.0,ws,sobel,4982370.0,7.182371494737,accelergy,22130985.0,30.509051430445503,22.513096457297312,23.541772549406726
1080p,1920,1080,128,128,7,8,4096,200.0,os,gaussian,16847865.0,19.14181419936,accelergy,22923360.0,23.4415208304,73.49649004334444,81.65773175661901
1080p,1920,1080,128,128,7,8,4096,200.0,os,sobel,6075495.0,4.29970663104,accelergy,22923360.0,23.4415208304,26.50350995665557,18.342268243380996
1080p,1920,1080,128,128,7,8,4096,200.0,ws,gaussian,15189045.0,23.327999935708498,accelergy,19549365.0,30.513731430445496,77.69584843292864,76.45082670037748
1080p,1920,1080,128,128,7,8,4096,200.0,ws,sobel,4360320.0,7.185731494737,accelergy,19549365.0,30.513731430445496,22.304151567071358,23.549173299622534
1080p,1920,1080,128,128,7,8,4096,800.0,os,gaussian,16459065.0,19.15573419936,accelergy,22449000.0,23.4765608304,73.3175865294668,81.59514648566018
1080p,1920,1080,128,128,7,8,4096,800.0,os,sobel,5989935.0,4.32082663104,accelergy,22449000.0,23.4765608304,26.682413470533206,18.40485351433982
1080p,1920,1080,128,128,7,8,4096,800.0,ws,gaussian,14699115.0,23.3366399357085,accelergy,18903885.0,30.540131430445502,77.75711183177427,76.41303047060292
1080p,1920,1080,128,128,7,8,4096,800.0,ws,sobel,4204770.0,7.203491494737,accelergy,18903885.0,30.540131430445502,22.24288816822574,23.586969529397077
1080p,1920,1080,128,128,7,16,256,50.0,os,gaussian,16981425.0,112.22117263404,accelergy,22277610.0,128.05722979332,76.22642195459926,87.6336094534929
1080p,1920,1080,128,128,7,16,256,50.0,os,sobel,5296185.0,15.83605715928,accelergy,22277610.0,128.05722979332,23.773578045400743,12.3663905465071
1080p,1920,1080,128,128,7,16,256,50.0,ws,gaussian,8502690.0,18.755789521021125,accelergy,10824285.0,23.248584609213374,78.55197825999592,80.67497370824131
1080p,1920,1080,128,128,7,16,256,50.0,ws,sobel,2321595.0,4.492795088192249,accelergy,10824285.0,23.248584609213374,21.448021740004076,19.32502629175869
1080p,1920,1080,128,128,7,16,256,200.0,os,gaussian,10288335.0,112.40981263404001,accelergy,15403050.0,128.27238979332,66.79414142004343,87.63367768789627
1080p,1920,1080,128,128,7,16,256,200.0,os,sobel,5114715.0,15.86257715928,accelergy,15403050.0,128.27238979332,33.20585857995656,12.366322312103732
1080p,1920,1080,128,128,7,16,256,200.0,ws,gaussian,8365035.0,18.784109521021122,accelergy,10505160.0,23.28422460921337,79.62786859029278,80.67311596705869
1080p,1920,1080,128,128,7,16,256,200.0,ws,sobel,2140125.0,4.50011508819225,accelergy,10505160.0,23.28422460921337,20.37213140970723,19.32688403294131
1080p,1920,1080,128,128,7,16,256,800.0,os,gaussian,10250775.0,112.78709263404001,accelergy,15320085.0,128.71350979332001,66.91069272787978,87.62646035769389
1080p,1920,1080,128,128,7,16,256,800.0,os,sobel,5069310.0,15.92641715928,accelergy,15320085.0,128.71350979332001,33.08930727212023,12.373539642306103
1080p,1920,1080,128,128,7,16,256,800.0,ws,gaussian,8330580.0,18.840749521021124,accelergy,10425300.0,23.366304609213373,79.90734079594833,80.63213176461025
1080p,1920,1080,128,128,7,16,256,800.0,ws,sobel,2094720.0,4.52555508819225,accelergy,10425300.0,23.366304609213373,20.09265920405168,19.367868235389757
1080p,1920,1080,128,128,7,16,1024,50.0,os,gaussian,10916985.0,34.40011865892,accelergy,16427505.0,38.35255674732,66.4555268739836,89.69445996927912
1080p,1920,1080,128,128,7,16,1024,50.0,os,sobel,5510520.0,3.9524380884,accelergy,16427505.0,38.35255674732,33.5444731260164,10.305540030720868
1080p,1920,1080,128,128,7,16,1024,50.0,ws,gaussian,9122235.0,21.751826823216373,accelergy,11885730.0,27.46402800577912,76.7494718456502,79.20115293590307
1080p,1920,1080,128,128,7,16,1024,50.0,ws,sobel,2763495.0,5.712201182562749,accelergy,11885730.0,27.46402800577912,23.250528154349794,20.798847064096933
1080p,1920,1080,128,128,7,16,1024,200.0,os,gaussian,10407945.0,34.42099865892,accelergy,15576240.0,38.376556747319995,66.81936719002789,89.6927749030631
1080p,1920,1080,128,128,7,16,1024,200.0,os,sobel,5168295.0,3.9555580883999997,accelergy,15576240.0,38.376556747319995,33.18063280997211,10.307225096936905
1080p,1920,1080,128,128,7,16,1024,200.0,ws,gaussian,8519925.0,21.764066823216375,accelergy,10770555.0,27.480468005779123,79.10386233578492,79.19831211986421
1080p,1920,1080,128,128,7,16,1024,200.0,ws,sobel,2250630.0,5.71640118256275,accelergy,10770555.0,27.480468005779123,20.896137664215075,20.801687880135795
1080p,1920,1080,128,128,7,16,1024,800.0,os,gaussian,10280745.0,34.50451865892,accelergy,15363480.0,38.48119674732,66.91677276242102,89.66591887847939
1080p,1920,1080,128,128,7,16,1024,800.0,os,sobel,5082735.0,3.9766780884,accelergy,15363480.0,38.48119674732,33.08322723757899,10.334081121520612
1080p,1920,1080,128,128,7,16,1024,800.0,ws,gaussian,8369310.0,21.813026823216372,accelergy,10491720.0,27.55486800577912,79.77061911678925,79.16215319427948
1080p,1920,1080,128,128,7,16,1024,800.0,ws,sobel,2122410.0,5.74184118256275,accelergy,10491720.0,27.55486800577912,20.22938088321076,20.83784680572052
1080p,1920,1080,128,128,7,16,4096,50.0,os,gaussian,12311865.0,19.0133103,accelergy,17822385.0,23.26070774352,69.08090583836002,81.74003349187325
1080p,1920,1080,128,128,7,16,4096,50.0,os,sobel,5510520.0,4.247397443520001,accelergy,17822385.0,23.26070774352,30.919094161639983,18.259966508126762
1080p,1920,1080,128,128,7,16,4096,50.0,ws,gaussian,10887300.0,22.871953396828502,accelergy,13713435.0,29.320653865645504,79.39148725319367,78.00628697311272
1080p,1920,1080,128,128,7,16,4096,50.0,ws,sobel,2826135.0,6.448700468817,accelergy,13713435.0,29.320653865645504,20.608512746806326,21.993713026887267
1080p,1920,1080,128,128,7,16,4096,200.0,os,gaussian,10756665.0,19.016550300000002,accelergy,15924960.0,23.267067743520002,67.54594674021159,81.73161530118556
1080p,1920,1080,128,128,7,16,4096,200.0,os,sobel,5168295.0,4.25051744352,accelergy,15924960.0,23.267067743520002,32.45405325978841,18.268384698814447
1080p,1920,1080,128,128,7,16,4096,200.0,ws,gaussian,8961180.0,22.8748333968285,accelergy,11227410.0,29.3258138656455,79.81520225947035,78.00238213891765
1080p,1920,1080,128,128,7,16,4096,200.0,ws,sobel,2266230.0,6.450980468816999,accelergy,11227410.0,29.3258138656455,20.18479774052965,21.99761786108235
1080p,1920,1080,128,128,7,16,4096,800.0,os,gaussian,10367865.0,19.021830299999998,accelergy,15450600.0,23.293467743519997,67.10331637606306,81.6616508518431
1080p,1920,1080,128,128,7,16,4096,800.0,os,sobel,5082735.0,4.27163744352,accelergy,15450600.0,23.293467743519997,32.89668362393694,18.338349148156894
1080p,1920,1080,128,128,7,16,4096,800.0,ws,gaussian,8479560.0,22.8796333968285,accelergy,10605810.0,29.3483738656455,79.95202629502131,77.95877721051812
1080p,1920,1080,128,128,7,16,4096,800.0,ws,sobel,2126250.0,6.468740468817,accelergy,10605810.0,29.3483738656455,20.047973704978688,22.04122278948188
1080p,1920,1080,128,128,7,32,256,50.0,os,gaussian,38121195.0,303.6189773535,accelergy,42963780.0,319.4505913485,88.7286802976833,95.04411185211151
1080p,1920,1080,128,128,7,32,256,50.0,os,sobel,4842585.0,15.831613995000001,accelergy,42963780.0,319.4505913485,11.271319702316696,4.955888147888489
1080p,1920,1080,128,128,7,32,256,50.0,ws,gaussian,4414365.0,18.090405771901125,accelergy,6742440.0,22.586440860093376,65.4713278872337,80.09409664833017
1080p,1920,1080,128,128,7,32,256,50.0,ws,sobel,2328075.0,4.49603508819225,accelergy,6742440.0,22.586440860093376,34.5286721127663,19.905903351669824
1080p,1920,1080,128,128,7,32,256,200.0,os,gaussian,9839895.0,304.1325773535,accelergy,14501010.0,319.9917913485,67.85661826314167,95.04386849169893
1080p,1920,1080,128,128,7,32,256,200.0,os,sobel,4661115.0,15.859213995,accelergy,14501010.0,319.9917913485,32.14338173685833,4.956131508301062
1080p,1920,1080,128,128,7,32,256,200.0,ws,gaussian,4232895.0,18.118725771901126,accelergy,6379500.0,22.623160860093375,66.35151657653421,80.08927613586505
1080p,1920,1080,128,128,7,32,256,200.0,ws,sobel,2146605.0,4.504435088192249,accelergy,6379500.0,22.623160860093375,33.64848342346579,19.91072386413495
1080p,1920,1080,128,128,7,32,256,800.0,os,gaussian,7205175.0,305.15977735350003,accelergy,11820885.0,321.07851134850006,60.952923575519094,95.04210545634373
1080p,1920,1080,128,128,7,32,256,800.0,os,sobel,4615710.0,15.918733995,accelergy,11820885.0,321.07851134850006,39.047076424480906,4.957894543656251
1080p,1920,1080,128,128,7,32,256,800.0,ws,gaussian,4187490.0,18.175365771901127,accelergy,6288690.0,22.700920860093376,66.58763589873249,80.06444268898423
1080p,1920,1080,128,128,7,32,256,800.0,ws,sobel,2101200.0,4.52555508819225,accelergy,6288690.0,22.700920860093376,33.412364101267514,19.93555731101577
1080p,1920,1080,128,128,7,32,1024,50.0,os,gaussian,7871385.0,34.384619719860005,accelergy,12928305.0,38.328256565340006,60.88489558375982,89.71088904407354
1080p,1920,1080,128,128,7,32,1024,50.0,os,sobel,5056920.0,3.94363684548,accelergy,12928305.0,38.328256565340006,39.11510441624018,10.289110955926455
1080p,1920,1080,128,128,7,32,1024,50.0,ws,gaussian,4892670.0,21.06885531729638,accelergy,7697055.0,27.059576499859126,63.56548056367013,77.86099430420155
1080p,1920,1080,128,128,7,32,1024,50.0,ws,sobel,2804385.0,5.9907211825627495,accelergy,7697055.0,27.059576499859126,36.43451943632987,22.139005695798446
1080p,1920,1080,128,128,7,32,1024,200.0,os,gaussian,7362345.0,34.40549971986,accelergy,12077040.0,38.35333656534,60.961502156157465,89.70666648844401
1080p,1920,1080,128,128,7,32,1024,200.0,os,sobel,4714695.0,3.94783684548,accelergy,12077040.0,38.35333656534,39.03849784384253,10.293333511555991
1080p,1920,1080,128,128,7,32,1024,200.0,ws,gaussian,4352505.0,21.081095317296374,accelergy,6618210.0,27.076856499859122,65.76559220695626,77.85650936771799
1080p,1920,1080,128,128,7,32,1024,200.0,ws,sobel,2265705.0,5.99576118256275,accelergy,6618210.0,27.076856499859122,34.23440779304374,22.14349063228202
1080p,1920,1080,128,128,7,32,1024,800.0,os,gaussian,7235145.0,34.48901971986,accelergy,11864280.0,38.453656565340005,60.98258807108395,89.68983134609492
1080p,1920,1080,128,128,7,32,1024,800.0,os,sobel,4629135.0,3.9646368454800003,accelergy,11864280.0,38.453656565340005,39.01741192891604,10.310168653905086
1080p,1920,1080,128,128,7,32,1024,800.0,ws,gaussian,4217460.0,21.130055317296378,accelergy,6348495.0,27.146456499859127,66.43243792426394,77.83725038811615
1080p,1920,1080,128,128,7,32,1024,800.0,ws,sobel,2131035.0,6.01640118256275,accelergy,6348495.0,27.146456499859127,33.56756207573606,22.16274961188386
1080p,1920,1080,128,128,7,32,4096,50.0,os,gaussian,9266265.0,18.96363835032,accelergy,14323185.0,23.18968120008,64.6941654387624,81.7761925517742
1080p,1920,1080,128,128,7,32,4096,50.0,os,sobel,5056920.0,4.22604284976,accelergy,14323185.0,23.18968120008,35.3058345612376,18.223807448225813
1080p,1920,1080,128,128,7,32,4096,50.0,ws,gaussian,6657735.0,22.1544823709085,accelergy,10153920.0,33.914982839725496,65.56812541363335,65.32358419759653
1080p,1920,1080,128,128,7,32,4096,50.0,ws,sobel,3496185.0,11.760500468817,accelergy,10153920.0,33.914982839725496,34.431874586366646,34.676415802403476
1080p,1920,1080,128,128,7,32,4096,200.0,os,gaussian,7711065.0,18.966878350320002,accelergy,12425760.0,23.19712120008,62.05708946575501,81.7639317686308
1080p,1920,1080,128,128,7,32,4096,200.0,os,sobel,4714695.0,4.230242849760001,accelergy,12425760.0,23.19712120008,37.94291053424499,18.236068231369206
1080p,1920,1080,128,128,7,32,4096,200.0,ws,gaussian,4793760.0,22.1573623709085,accelergy,7232385.0,33.9219428397255,66.28186967369685,65.31867138506091
1080p,1920,1080,128,128,7,32,4096,200.0,ws,sobel,2438625.0,11.764580468817,accelergy,7232385.0,33.9219428397255,33.71813032630315,34.68132861493908
1080p,1920,1080,128,128,7,32,4096,800.0,os,gaussian,7322265.0,18.97215835032,accelergy,11951400.0,23.21920120008,61.26700637582208,81.70891921232257
1080p,1920,1080,128,128,7,32,4096,800.0,os,sobel,4629135.0,4.24704284976,accelergy,11951400.0,23.21920120008,38.73299362417792,18.291080787677426
1080p,1920,1080,128,128,7,32,4096,800.0,ws,gaussian,4327710.0,22.162162370908497,accelergy,6501945.0,33.943542839725495,66.56023697524355,65.29124692597269
1080p,1920,1080,128,128,7,32,4096,800.0,ws,sobel,2174235.0,11.781380468817,accelergy,6501945.0,33.943542839725495,33.43976302475644,34.70875307402731
1080p,1920,1080,128,128,7,64,256,50.0,os,gaussian,72657945.0,580.7075997132299,accelergy,77273730.0,596.5418521260899,94.0267086887096,97.34565942751102
1080p,1920,1080,128,128,7,64,256,50.0,os,sobel,4615785.0,15.83425241286,accelergy,77273730.0,596.5418521260899,5.973291311290396,2.654340572488977
1080p,1920,1080,128,128,7,64,256,50.0,ws,gaussian,2299530.0,17.782553897341124,accelergy,4640565.0,22.285068985533375,49.552802298858005,79.79582162785715
1080p,1920,1080,128,128,7,64,256,50.0,ws,sobel,2341035.0,4.50251508819225,accelergy,4640565.0,22.285068985533375,50.447197701142,20.20417837214286
1080p,1920,1080,128,128,7,64,256,200.0,os,gaussian,18277140.0,581.69267971323,accelergy,22711455.0,597.55237212609,80.47542528649089,97.34589081180764
1080p,1920,1080,128,128,7,64,256,200.0,os,sobel,4434315.0,15.85969241286,accelergy,22711455.0,597.55237212609,19.524574713509107,2.654109188192367
1080p,1920,1080,128,128,7,64,256,200.0,ws,gaussian,2149185.0,17.811953897341127,accelergy,4308750.0,22.320708985533376,49.87954743255004,79.80012601250934
1080p,1920,1080,128,128,7,64,256,200.0,ws,sobel,2159565.0,4.50875508819225,accelergy,4308750.0,22.320708985533376,50.12045256744996,20.199873987490673
1080p,1920,1080,128,128,7,64,256,800.0,os,gaussian,5682375.0,583.6606797132299,accelergy,10071285.0,599.5755721260899,56.42154898803876,97.3456402907767
1080p,1920,1080,128,128,7,64,256,800.0,os,sobel,4388910.0,15.914892412859999,accelergy,10071285.0,599.5755721260899,43.578451011961235,2.6543597092232964
1080p,1920,1080,128,128,7,64,256,800.0,ws,gaussian,2111625.0,17.868593897341125,accelergy,4225785.0,22.394148985533374,49.970005572929054,79.79135044999585
1080p,1920,1080,128,128,7,64,256,800.0,ws,sobel,2114160.0,4.52555508819225,accelergy,4225785.0,22.394148985533374,50.029994427070946,20.208649550004154
1080p,1920,1080,128,128,7,64,1024,50.0,os,gaussian,12452145.0,97.85195025032999,accelergy,17282265.0,101.79604647434999,72.05158004462957,96.12549174489422
1080p,1920,1080,128,128,7,64,1024,50.0,os,sobel,4830120.0,3.9440962240200004,accelergy,17282265.0,101.79604647434999,27.948419955370436,3.8745082551057735
1080p,1920,1080,128,128,7,64,1024,50.0,ws,gaussian,2777835.0,20.752209564336376,accelergy,5597175.0,26.765370746899123,49.62923260394753,77.53380201819398
1080p,1920,1080,128,128,7,64,1024,50.0,ws,sobel,2819340.0,6.013161182562749,accelergy,5597175.0,26.765370746899123,50.37076739605247,22.46619798180602
1080p,1920,1080,128,128,7,64,1024,200.0,os,gaussian,5839545.0,97.91423025033,accelergy,10327440.0,101.86036647434999,56.54397411168692,96.12593557179702
1080p,1920,1080,128,128,7,64,1024,200.0,os,sobel,4487895.0,3.94613622402,accelergy,10327440.0,101.86036647434999,43.45602588831308,3.8740644282029932
1080p,1920,1080,128,128,7,64,1024,200.0,ws,gaussian,2268795.0,20.765529564336376,accelergy,4547970.0,26.781930746899125,49.88588315226354,77.53559577380604
1080p,1920,1080,128,128,7,64,1024,200.0,ws,sobel,2279175.0,6.01640118256275,accelergy,4547970.0,26.781930746899125,50.11411684773647,22.464404226193974
1080p,1920,1080,128,128,7,64,1024,800.0,os,gaussian,5712345.0,98.15903025032999,accelergy,10114680.0,102.11764647435,56.4757856897104,96.12347487364553
1080p,1920,1080,128,128,7,64,1024,800.0,os,sobel,4402335.0,3.95861622402,accelergy,10114680.0,102.11764647435,43.5242143102896,3.876525126354463
1080p,1920,1080,128,128,7,64,1024,800.0,ws,gaussian,2141595.0,20.814489564336373,accelergy,4285725.0,26.84817074689912,49.970425073937314,77.52665818672351
1080p,1920,1080,128,128,7,64,1024,800.0,ws,sobel,2144130.0,6.03368118256275,accelergy,4285725.0,26.84817074689912,50.02957492606268,22.4733418132765
1080p,1920,1080,128,128,7,64,4096,50.0,os,gaussian,7743465.0,18.963642375480003,accelergy,12573585.0,23.18386792836,61.58518036025525,81.79671500061667
1080p,1920,1080,128,128,7,64,4096,50.0,os,sobel,4830120.0,4.22022555288,accelergy,12573585.0,23.18386792836,38.41481963974475,18.20328499938333
1080p,1920,1080,128,128,7,64,4096,50.0,ws,gaussian,4542900.0,21.8205868579485,accelergy,9127305.0,42.189647326765495,49.77263277604945,51.72024001277992
1080p,1920,1080,128,128,7,64,4096,50.0,ws,sobel,4584405.0,20.369060468817,accelergy,9127305.0,42.189647326765495,50.227367223950544,48.279759987220096
1080p,1920,1080,128,128,7,64,4096,200.0,os,gaussian,6188265.0,18.967962375480003,accelergy,10676160.0,23.190227928360002,57.96339695171297,81.79291050556485
1080p,1920,1080,128,128,7,64,4096,200.0,os,sobel,4487895.0,4.22226555288,accelergy,10676160.0,23.190227928360002,42.03660304828703,18.20708949443515
1080p,1920,1080,128,128,7,64,4096,200.0,ws,gaussian,2710050.0,21.824546857948498,accelergy,5430480.0,42.1964873267655,49.90442833782649,51.72124089131241
1080p,1920,1080,128,128,7,64,4096,200.0,ws,sobel,2720430.0,20.371940468817,accelergy,5430480.0,42.1964873267655,50.09557166217351,48.27875910868759
1080p,1920,1080,128,128,7,64,4096,800.0,os,gaussian,5799465.0,18.97324237548,accelergy,10201800.0,23.20798792836,56.84746809386579,81.75306896077291
1080p,1920,1080,128,128,7,64,4096,800.0,os,sobel,4402335.0,4.23474555288,accelergy,10201800.0,23.20798792836,43.152531906134215,18.246931039227103
1080p,1920,1080,128,128,7,64,4096,800.0,ws,gaussian,2251845.0,21.829346857948497,accelergy,4506225.0,42.2104073267655,49.97187224339664,51.715556045123904
1080p,1920,1080,128,128,7,64,4096,800.0,ws,sobel,2254380.0,20.381060468817,accelergy,4506225.0,42.2104073267655,50.02812775660337,48.284443954876096
1080p,1920,1080,128,128,7,128,256,50.0,os,gaussian,73272720.0,585.011210893095,accelergy,77775105.0,600.856502514885,94.21102035156366,97.3628825592351
1080p,1920,1080,128,128,7,128,256,50.0,os,sobel,4502385.0,15.845291621789999,accelergy,77775105.0,600.856502514885,5.788979648436348,2.6371174407648956
1080p,1920,1080,128,128,7,128,256,50.0,ws,gaussian,2325450.0,17.850593897341128,accelergy,4692405.0,22.366068985533378,49.557742777957145,79.8110473006548
1080p,1920,1080,128,128,7,128,256,50.0,ws,sobel,2366955.0,4.51547508819225,accelergy,4692405.0,22.366068985533378,50.442257222042855,20.1889526993452
1080p,1920,1080,128,128,7,128,256,200.0,os,gaussian,18413685.0,586.0045708930951,accelergy,22734600.0,601.8753025148851,80.99410150167586,97.36311964364121
1080p,1920,1080,128,128,7,128,256,200.0,os,sobel,4320915.0,15.870731621789998,accelergy,22734600.0,601.8753025148851,19.00589849832414,2.6368803563587817
1080p,1920,1080,128,128,7,128,256,200.0,ws,gaussian,2175105.0,17.88107389734113,accelergy,4360590.0,22.402788985533377,49.88097940874973,79.8162849674112
1080p,1920,1080,128,128,7,128,256,200.0,ws,sobel,2185485.0,4.521715088192249,accelergy,4360590.0,22.402788985533377,50.11902059125026,20.183715032588808
1080p,1920,1080,128,128,7,128,256,800.0,os,gaussian,4920975.0,587.986970893095,accelergy,9196485.0,603.917222514885,53.509302739035626,97.36217961205811
1080p,1920,1080,128,128,7,128,256,800.0,os,sobel,4275510.0,15.93025162179,accelergy,9196485.0,603.917222514885,46.49069726096438,2.6378203879418853
1080p,1920,1080,128,128,7,128,256,800.0,ws,gaussian,2137545.0,17.937713897341123,accelergy,4277625.0,22.48054898553337,49.97036907162269,79.79215235750851
1080p,1920,1080,128,128,7,128,256,800.0,ws,sobel,2140080.0,4.542835088192249,accelergy,4277625.0,22.48054898553337,50.02963092837731,20.207847642491487
1080p,1920,1080,128,128,7,128,1024,50.0,os,gaussian,12447465.0,97.911795515565,accelergy,17164185.0,101.865841428855,72.51998856922131,96.11837897981574
1080p,1920,1080,128,128,7,128,1024,50.0,os,sobel,4716720.0,3.95404591329,accelergy,17164185.0,101.865841428855,27.480011430778685,3.8816210201842574
1080p,1920,1080,128,128,7,128,1024,50.0,ws,gaussian,2803755.0,20.820249564336375,accelergy,5649015.0,26.846370746899126,49.63263507000778,77.55331162124104
1080p,1920,1080,128,128,7,128,1024,50.0,ws,sobel,2845260.0,6.02612118256275,accelergy,5649015.0,26.846370746899126,50.36736492999222,22.446688378758957
1080p,1920,1080,128,128,7,128,1024,200.0,os,gaussian,5078145.0,97.97515551556499,accelergy,9452640.0,101.93124142885499,53.72197608287209,96.1188681136085
1080p,1920,1080,128,128,7,128,1024,200.0,os,sobel,4374495.0,3.95608591329,accelergy,9452640.0,101.93124142885499,46.27802391712791,3.8811318863915063
1080p,1920,1080,128,128,7,128,1024,200.0,ws,gaussian,2294715.0,20.834649564336374,accelergy,4599810.0,26.864010746899122,49.88716925264304,77.55599028243127
1080p,1920,1080,128,128,7,128,1024,200.0,ws,sobel,2305095.0,6.0293611825627496,accelergy,4599810.0,26.864010746899122,50.11283074735695,22.44400971756874
1080p,1920,1080,128,128,7,128,1024,800.0,os,gaussian,4950945.0,98.219955515565,accelergy,9239880.0,102.192841428855,53.582351718853495,96.11236378425208
1080p,1920,1080,128,128,7,128,1024,800.0,os,sobel,4288935.0,3.97288591329,accelergy,9239880.0,102.192841428855,46.417648281146505,3.887636215747909
1080p,1920,1080,128,128,7,128,1024,800.0,ws,gaussian,2167515.0,20.883609564336375,accelergy,4337565.0,26.934570746899123,49.97077853588362,77.5345921068396
1080p,1920,1080,128,128,7,128,1024,800.0,ws,sobel,2170050.0,6.050961182562749,accelergy,4337565.0,26.934570746899123,50.02922146411639,22.465407893160403
1080p,1920,1080,128,128,7,128,4096,50.0,os,gaussian,6982065.0,19.014944388059998,accelergy,11698785.0,23.2419812925,59.6819669734934,81.81292355740759
1080p,1920,1080,128,128,7,128,4096,50.0,os,sobel,4716720.0,4.22703690444,accelergy,11698785.0,23.2419812925,40.3180330265066,18.1870764425924
1080p,1920,1080,128,128,7,128,4096,50.0,ws,gaussian,4706445.0,22.9896268579485,accelergy,9454395.0,44.472647326765504,49.78049891082401,51.69385732544952
1080p,1920,1080,128,128,7,128,4096,50.0,ws,sobel,4747950.0,21.483020468817003,accelergy,9454395.0,44.472647326765504,50.21950108917599,48.30614267455048
1080p,1920,1080,128,128,7,128,4096,200.0,os,gaussian,5426865.0,19.020344388060003,accelergy,9801360.0,23.249421292500003,55.36848967898332,81.80996915478386
1080p,1920,1080,128,128,7,128,4096,200.0,os,sobel,4374495.0,4.22907690444,accelergy,9801360.0,23.249421292500003,44.63151032101668,18.190030845216143
1080p,1920,1080,128,128,7,128,4096,200.0,ws,gaussian,2770380.0,22.994786857948498,accelergy,5551140.0,44.4808073267655,49.90650569072299,51.695974600964156
1080p,1920,1080,128,128,7,128,4096,200.0,ws,sobel,2780760.0,21.486020468817,accelergy,5551140.0,44.4808073267655,50.093494309277006,48.30402539903583
1080p,1920,1080,128,128,7,128,4096,800.0,os,gaussian,5038065.0,19.02562438806,accelergy,9327000.0,23.271501292499998,54.01592151817305,81.75503655276262
1080p,1920,1080,128,128,7,128,4096,800.0,os,sobel,4288935.0,4.24587690444,accelergy,9327000.0,23.271501292499998,45.984078481826955,18.24496344723738
1080p,1920,1080,128,128,7,128,4096,800.0,ws,gaussian,2286360.0,22.9986268579485,accelergy,4575255.0,44.4971273267655,49.972296626089694,51.68564408452178
1080p,1920,1080,128,128,7,128,4096,800.0,ws,sobel,2288895.0,21.498500468817,accelergy,4575255.0,44.4971273267655,50.027703373910306,48.31435591547822
1080p,1920,1080,128,128,11,8,256,50.0,os,gaussian,35192280.0,120.75875766744001,accelergy,41395665.0,130.95470115528002,85.01440911747643,92.21414474021049
1080p,1920,1080,128,128,11,8,256,50.0,os,sobel,6203385.0,10.19594348784,accelergy,41395665.0,130.95470115528002,14.985590882523569,7.785855259789506
1080p,1920,1080,128,128,11,8,256,50.0,ws,gaussian,33464595.0,47.76377988595012,accelergy,37801185.0,52.93815872326237,88.52789932379103,90.22561614890755
1080p,1920,1080,128,128,11,8,256,50.0,ws,sobel,4336590.0,5.17437883731225,accelergy,37801185.0,52.93815872326237,11.47210067620896,9.774383851092457
1080p,1920,1080,128,128,11,8,256,200.0,os,gaussian,35041935.0,120.95987766744,accelergy,41063850.0,131.17382115528,85.33524011995952,92.21342841286219
1080p,1920,1080,128,128,11,8,256,200.0,os,sobel,6021915.0,10.213943487839998,accelergy,41063850.0,131.17382115528,14.664759880040473,7.78657158713781
1080p,1920,1080,128,128,11,8,256,200.0,ws,gaussian,33284955.0,47.83265988595012,accelergy,37483890.0,53.01543872326237,88.798027632671,90.2240197155284
1080p,1920,1080,128,128,11,8,256,200.0,ws,sobel,4198935.0,5.18277883731225,accelergy,37483890.0,53.01543872326237,11.201972367329006,9.775980284471597
1080p,1920,1080,128,128,11,8,256,800.0,os,gaussian,35004375.0,121.37507766744,accelergy,40980885.0,131.63366115528,85.41634715794937,92.2067171893528
1080p,1920,1080,128,128,11,8,256,800.0,os,sobel,5976510.0,10.258583487840001,accelergy,40980885.0,131.63366115528,14.583652842050629,7.793282810647188
1080p,1920,1080,128,128,11,8,256,800.0,ws,gaussian,33239970.0,47.98337988595012,accelergy,37404450.0,53.19159872326237,88.86635146352907,90.20856871700957
1080p,1920,1080,128,128,11,8,256,800.0,ws,sobel,4164480.0,5.208218837312249,accelergy,37404450.0,53.19159872326237,11.133648536470927,9.791431282990429
1080p,1920,1080,128,128,11,8,1024,50.0,os,gaussian,35670585.0,82.69291433352001,accelergy,42088305.0,86.66835490776,84.75177368154883,95.41304253614713
1080p,1920,1080,128,128,11,8,1024,50.0,os,sobel,6417720.0,3.97544057424,accelergy,42088305.0,86.66835490776,15.248226318451172,4.586957463852878
1080p,1920,1080,128,128,11,8,1024,50.0,ws,gaussian,33959355.0,51.32721411218738,accelergy,38879085.0,57.73858680067013,87.34607565995958,88.89586142692302
1080p,1920,1080,128,128,11,8,1024,50.0,ws,sobel,4919730.0,6.411372688482749,accelergy,38879085.0,57.73858680067013,12.65392434004041,11.104138573076987
1080p,1920,1080,128,128,11,8,1024,200.0,os,gaussian,35161545.0,82.74331433352,accelergy,41237040.0,86.72295490776,85.26689840007916,95.41108743530152
1080p,1920,1080,128,128,11,8,1024,200.0,os,sobel,6075495.0,3.97964057424,accelergy,41237040.0,86.72295490776,14.733101599920847,4.588912564698485
1080p,1920,1080,128,128,11,8,1024,200.0,ws,gaussian,33408615.0,51.35457411218738,accelergy,37753335.0,57.77122680067013,88.49182462953273,88.89299562458258
1080p,1920,1080,128,128,11,8,1024,200.0,ws,sobel,4344720.0,6.41665268848275,accelergy,37753335.0,57.77122680067013,11.508175370467272,11.107004375417416
1080p,1920,1080,128,128,11,8,1024,800.0,os,gaussian,35034345.0,82.95787433352001,accelergy,41024280.0,86.95863490776001,85.39904905095227,95.39923714478297
1080p,1920,1080,128,128,11,8,1024,800.0,os,sobel,5989935.0,4.00076057424,accelergy,41024280.0,86.95863490776001,14.600950949047734,4.600762855217016
1080p,1920,1080,128,128,11,8,1024,800.0,ws,gaussian,33270930.0,51.47697411218738,accelergy,37471860.0,57.91906680067013,88.78910734615255,88.87742319700459
1080p,1920,1080,128,128,11,8,1024,800.0,ws,sobel,4200930.0,6.44209268848275,accelergy,37471860.0,57.91906680067013,11.210892653847447,11.122576802995408
1080p,1920,1080,128,128,11,8,4096,50.0,os,gaussian,37558215.0,62.9056545168,accelergy,43975935.0,67.20116114784,85.40629096345536,93.6079874846358
1080p,1920,1080,128,128,11,8,4096,50.0,os,sobel,6417720.0,4.295506631039999,accelergy,43975935.0,67.20116114784,14.593709036544647,6.392012515364204
1080p,1920,1080,128,128,11,8,4096,50.0,ws,gaussian,36428445.0,67.8045913245765,accelergy,41410815.0,74.9869628193135,87.96843288401834,90.4218397109329
1080p,1920,1080,128,128,11,8,4096,50.0,ws,sobel,4982370.0,7.182371494737,accelergy,41410815.0,74.9869628193135,12.031567115981659,9.578160289067103
1080p,1920,1080,128,128,11,8,4096,200.0,os,gaussian,35633445.0,62.9144145168,accelergy,41708940.0,67.21412114784,85.43359049642595,93.6029712839916
1080p,1920,1080,128,128,11,8,4096,200.0,os,sobel,6075495.0,4.29970663104,accelergy,41708940.0,67.21412114784,14.566409503574054,6.3970287160084
1080p,1920,1080,128,128,11,8,4096,200.0,ws,gaussian,34025880.0,67.8133513245765,accelergy,38386200.0,74.9990828193135,88.6409178298451,90.41890750577745
1080p,1920,1080,128,128,11,8,4096,200.0,ws,sobel,4360320.0,7.185731494737,accelergy,38386200.0,74.9990828193135,11.359082170154899,9.58109249422255
1080p,1920,1080,128,128,11,8,4096,800.0,os,gaussian,35152260.0,62.9403345168,accelergy,41142195.0,67.26116114784,85.44089589775169,93.57604513912149
1080p,1920,1080,128,128,11,8,4096,800.0,os,sobel,5989935.0,4.32082663104,accelergy,41142195.0,67.26116114784,14.559104102248313,6.423954860878517
1080p,1920,1080,128,128,11,8,4096,800.0,ws,gaussian,33425175.0,67.8378313245765,accelergy,37629945.0,75.04132281931349,88.82600014429998,90.40063364543592
1080p,1920,1080,128,128,11,8,4096,800.0,ws,sobel,4204770.0,7.203491494737,accelergy,37629945.0,75.04132281931349,11.173999855700028,9.599366354564085
1080p,1920,1080,128,128,11,16,256,50.0,os,gaussian,27653280.0,199.69622179211999,accelergy,32949465.0,215.53227895139997,83.92633992691535,92.65258213928558
1080p,1920,1080,128,128,11,16,256,50.0,os,sobel,5296185.0,15.83605715928,accelergy,32949465.0,215.53227895139997,16.073660073084646,7.347417860714425
1080p,1920,1080,128,128,11,16,256,50.0,ws,gaussian,16846485.0,45.05364488947012,accelergy,19168080.0,49.546439977662374,87.8882235466463,90.93215357103801
1080p,1920,1080,128,128,11,16,256,50.0,ws,sobel,2321595.0,4.492795088192249,accelergy,19168080.0,49.546439977662374,12.1117764533537,9.067846428961982
1080p,1920,1080,128,128,11,16,256,200.0,os,gaussian,19619535.0,200.03258179212,accelergy,24734250.0,215.8951589514,79.32132569210711,92.6526480555079
1080p,1920,1080,128,128,11,16,256,200.0,os,sobel,5114715.0,15.86257715928,accelergy,24734250.0,215.8951589514,20.6786743078929,7.347351944492102
1080p,1920,1080,128,128,11,16,256,200.0,ws,gaussian,16690380.0,45.12360488947012,accelergy,18830505.0,49.623719977662375,88.63479763288346,90.93152409731086
1080p,1920,1080,128,128,11,16,256,200.0,ws,sobel,2140125.0,4.50011508819225,accelergy,18830505.0,49.623719977662375,11.365202367116549,9.068475902689142
1080p,1920,1080,128,128,11,16,256,800.0,os,gaussian,19581975.0,200.71178179212,accelergy,24651285.0,216.6381989514,79.43591987192555,92.64838000114057
1080p,1920,1080,128,128,11,16,256,800.0,os,sobel,5069310.0,15.92641715928,accelergy,24651285.0,216.6381989514,20.564080128074462,7.351619998859429
1080p,1920,1080,128,128,11,16,256,800.0,ws,gaussian,16651320.0,45.27000488947013,accelergy,18746040.0,49.79555997766238,88.82580000896189,90.91172969995246
1080p,1920,1080,128,128,11,16,256,800.0,ws,sobel,2094720.0,4.52555508819225,accelergy,18746040.0,49.79555997766238,11.174199991038106,9.08827030004754
1080p,1920,1080,128,128,11,16,1024,50.0,os,gaussian,20248185.0,46.29426651204,accelergy,25758705.0,50.24670460044,78.60715435810923,92.13393570816307
1080p,1920,1080,128,128,11,16,1024,50.0,os,sobel,5510520.0,3.9524380884,accelergy,25758705.0,50.24670460044,21.39284564189077,7.866064291836941
1080p,1920,1080,128,128,11,16,1024,50.0,ws,gaussian,17607390.0,48.54672808850737,accelergy,20370885.0,54.25892927107012,86.43409454228424,89.4723296989047
1080p,1920,1080,128,128,11,16,1024,50.0,ws,sobel,2763495.0,5.712201182562749,accelergy,20370885.0,54.25892927107012,13.565905457715754,10.527670301095291
1080p,1920,1080,128,128,11,16,1024,200.0,os,gaussian,19739145.0,46.32270651204,accelergy,24907440.0,50.27826460044,79.24999518216244,92.13266782408918
1080p,1920,1080,128,128,11,16,1024,200.0,os,sobel,5168295.0,3.9555580883999997,accelergy,24907440.0,50.27826460044,20.75000481783756,7.867332175910828
1080p,1920,1080,128,128,11,16,1024,200.0,ws,gaussian,16880670.0,48.575168088507375,accelergy,19131300.0,54.291569271070124,88.23587524109705,89.47092290881929
1080p,1920,1080,128,128,11,16,1024,200.0,ws,sobel,2250630.0,5.71640118256275,accelergy,19131300.0,54.291569271070124,11.76412475890295,10.52907709118071
1080p,1920,1080,128,128,11,16,1024,800.0,os,gaussian,19611945.0,46.44078651204,accelergy,24694680.0,50.41746460044,79.41769239366535,92.11249887332635
1080p,1920,1080,128,128,11,16,1024,800.0,os,sobel,5082735.0,3.9766780884,accelergy,24694680.0,50.41746460044,20.582307606334645,7.887501126673663
1080p,1920,1080,128,128,11,16,1024,800.0,ws,gaussian,16698930.0,48.693248088507374,accelergy,18821340.0,54.435089271070126,88.72338526374848,89.45194862459005
1080p,1920,1080,128,128,11,16,1024,800.0,ws,sobel,2122410.0,5.74184118256275,accelergy,18821340.0,54.435089271070126,11.27661473625151,10.548051375409957
1080p,1920,1080,128,128,11,16,4096,50.0,os,gaussian,22135815.0,62.595513867360005,accelergy,27646335.0,66.84291131088,80.06781007319776,93.64570249825633
1080p,1920,1080,128,128,11,16,4096,50.0,os,sobel,5510520.0,4.247397443520001,accelergy,27646335.0,66.84291131088,19.93218992680223,6.3542975017436945
1080p,1920,1080,128,128,11,16,4096,50.0,ws,gaussian,19510080.0,64.8861072208965,accelergy,22336215.0,71.3348076897135,87.34729675551564,90.95995254256934
1080p,1920,1080,128,128,11,16,4096,50.0,ws,sobel,2826135.0,6.448700468817,accelergy,22336215.0,71.3348076897135,12.65270324448435,9.040047457430665
1080p,1920,1080,128,128,11,16,4096,200.0,os,gaussian,20211045.0,62.60535386736,accelergy,25379340.0,66.85587131088,79.63581795271271,93.64226752239145
1080p,1920,1080,128,128,11,16,4096,200.0,os,sobel,5168295.0,4.25051744352,accelergy,25379340.0,66.85587131088,20.364182047287283,6.3577324776085575
1080p,1920,1080,128,128,11,16,4096,200.0,ws,gaussian,17356335.0,64.8959472208965,accelergy,19622565.0,71.3469276897135,88.4508982388388,90.95829256044186
1080p,1920,1080,128,128,11,16,4096,200.0,ws,sobel,2266230.0,6.450980468816999,accelergy,19622565.0,71.3469276897135,11.549101761161195,9.04170743955815
1080p,1920,1080,128,128,11,16,4096,800.0,os,gaussian,19729860.0,62.62695386736,accelergy,24812595.0,66.89859131088001,79.51550412199934,93.61475726197348
1080p,1920,1080,128,128,11,16,4096,800.0,os,sobel,5082735.0,4.27163744352,accelergy,24812595.0,66.89859131088001,20.48449587800067,6.385242738026512
1080p,1920,1080,128,128,11,16,4096,800.0,ws,gaussian,16817775.0,64.9161072208965,accelergy,18944025.0,71.38484768971351,88.77614445715733,90.93821633277906
1080p,1920,1080,128,128,11,16,4096,800.0,ws,sobel,2126250.0,6.468740468817,accelergy,18944025.0,71.38484768971351,11.223855542842664,9.061783667220935
1080p,1920,1080,128,128,11,32,256,50.0,os,gaussian,63303615.0,507.14469385446,accelergy,68146200.0,522.97630784946,92.89382973665442,96.97278562004053
1080p,1920,1080,128,128,11,32,256,50.0,os,sobel,4842585.0,15.831613995000001,accelergy,68146200.0,522.97630784946,7.106170263345573,3.027214379959478
1080p,1920,1080,128,128,11,32,256,50.0,ws,gaussian,8528610.0,43.730437391230126,accelergy,10856685.0,48.22647247942238,78.55629964395209,90.67724663023891
1080p,1920,1080,128,128,11,32,256,50.0,ws,sobel,2328075.0,4.49603508819225,accelergy,10856685.0,48.22647247942238,21.44370035604791,9.322753369761081
1080p,1920,1080,128,128,11,32,256,200.0,os,gaussian,16067805.0,508.00413385446,accelergy,20728920.0,523.86334784946,77.51395152280003,96.97264294971113
1080p,1920,1080,128,128,11,32,256,200.0,os,sobel,4661115.0,15.859213995,accelergy,20728920.0,523.86334784946,22.48604847719997,3.0273570502888827
1080p,1920,1080,128,128,11,32,256,200.0,ws,gaussian,8390955.0,43.80147739123012,accelergy,10537560.0,48.305912479422375,79.62901278853927,90.67518890133567
1080p,1920,1080,128,128,11,32,256,200.0,ws,sobel,2146605.0,4.504435088192249,accelergy,10537560.0,48.305912479422375,20.37098721146072,9.324811098664316
1080p,1920,1080,128,128,11,32,256,800.0,os,gaussian,11870775.0,509.71869385445996,accelergy,16486485.0,525.63742784946,72.00306796748973,96.97153719434928
1080p,1920,1080,128,128,11,32,256,800.0,os,sobel,4615710.0,15.918733995,accelergy,16486485.0,525.63742784946,27.996932032510262,3.0284628056507135
1080p,1920,1080,128,128,11,32,256,800.0,ws,gaussian,8356500.0,43.93923739123013,accelergy,10457700.0,48.46479247942238,79.90762787228549,90.66217999362372
1080p,1920,1080,128,128,11,32,256,800.0,ws,sobel,2101200.0,4.52555508819225,accelergy,10457700.0,48.46479247942238,20.092372127714505,9.337820006376282
1080p,1920,1080,128,128,11,32,1024,50.0,os,gaussian,17014620.0,84.7788026013,accelergy,22071540.0,88.72243944678,77.08850401920301,95.55508519595476
1080p,1920,1080,128,128,11,32,1024,50.0,os,sobel,5056920.0,3.94363684548,accelergy,22071540.0,88.72243944678,22.91149598079699,4.444914804045242
1080p,1920,1080,128,128,11,32,1024,50.0,ws,gaussian,9148155.0,47.188345076667375,accelergy,11952540.0,53.179066259230126,76.5373301407065,88.73481314365318
1080p,1920,1080,128,128,11,32,1024,50.0,ws,sobel,2804385.0,5.9907211825627495,accelergy,11952540.0,53.179066259230126,23.462669859293506,11.265186856346803
1080p,1920,1080,128,128,11,32,1024,200.0,os,gaussian,12106545.0,84.8328026013,accelergy,16821240.0,88.78063944678,71.97177497021623,95.5532682912849
1080p,1920,1080,128,128,11,32,1024,200.0,os,sobel,4714695.0,3.94783684548,accelergy,16821240.0,88.78063944678,28.02822502978377,4.446731708715109
1080p,1920,1080,128,128,11,32,1024,200.0,ws,gaussian,8545845.0,47.21786507666738,accelergy,10811550.0,53.21362625923013,79.04366163963539,88.73265814783153
1080p,1920,1080,128,128,11,32,1024,200.0,ws,sobel,2265705.0,5.99576118256275,accelergy,10811550.0,53.21362625923013,20.956338360364608,11.267341852168473
1080p,1920,1080,128,128,11,32,1024,800.0,os,gaussian,11900745.0,85.0401626013,accelergy,16529880.0,89.00479944678,71.99535023847723,95.54559206905394
1080p,1920,1080,128,128,11,32,1024,800.0,os,sobel,4629135.0,3.9646368454800003,accelergy,16529880.0,89.00479944678,28.00464976152277,4.454407930946057
1080p,1920,1080,128,128,11,32,1024,800.0,ws,gaussian,8395230.0,47.32730507666737,accelergy,10526265.0,53.343706259230125,79.75506981821188,88.72144137618535
1080p,1920,1080,128,128,11,32,1024,800.0,ws,sobel,2131035.0,6.01640118256275,accelergy,10526265.0,53.343706259230125,20.244930181788128,11.278558623814641
1080p,1920,1080,128,128,11,32,4096,50.0,os,gaussian,14424615.0,62.47230354264,accelergy,19481535.0,66.6983463924,74.04249716462282,93.66394659187301
1080p,1920,1080,128,128,11,32,4096,50.0,os,sobel,5056920.0,4.22604284976,accelergy,19481535.0,66.6983463924,25.957502835377195,6.336053408126982
1080p,1920,1080,128,128,11,32,4096,50.0,ws,gaussian,11050845.0,63.4587251690565,accelergy,14547030.0,75.2192256378735,75.96633127174412,84.36503384728346
1080p,1920,1080,128,128,11,32,4096,50.0,ws,sobel,3496185.0,11.760500468817,accelergy,14547030.0,75.2192256378735,24.033668728255872,15.634966152716533
1080p,1920,1080,128,128,11,32,4096,200.0,os,gaussian,12499845.0,62.48322354264,accelergy,17214540.0,66.7134663924,72.6121348580909,93.65908702018531
1080p,1920,1080,128,128,11,32,4096,200.0,os,sobel,4714695.0,4.230242849760001,accelergy,17214540.0,66.7134663924,27.387865141909106,6.3409129798146875
1080p,1920,1080,128,128,11,32,4096,200.0,ws,gaussian,9021510.0,63.469645169056506,accelergy,11460135.0,75.23422563787351,78.72080040941925,84.36272804156488
1080p,1920,1080,128,128,11,32,4096,200.0,ws,sobel,2438625.0,11.764580468817,accelergy,11460135.0,75.23422563787351,21.27919959058074,15.63727195843512
1080p,1920,1080,128,128,11,32,4096,800.0,os,gaussian,12018660.0,62.49618354264,accelergy,16647795.0,66.7432263924,72.19370493209462,93.63674326321807
1080p,1920,1080,128,128,11,32,4096,800.0,os,sobel,4629135.0,4.24704284976,accelergy,16647795.0,66.7432263924,27.80629506790539,6.363256736781916
1080p,1920,1080,128,128,11,32,4096,800.0,ws,gaussian,8514075.0,63.4811651690565,accelergy,10688310.0,75.2625456378735,79.65782242468642,84.34629021784191
1080p,1920,1080,128,128,11,32,4096,800.0,ws,sobel,2174235.0,11.781380468817,accelergy,10688310.0,75.2625456378735,20.342177575313592,15.653709782158087
1080p,1920,1080,128,128,11,64,256,50.0,os,gaussian,109471035.0,874.73802988563,accelergy,114086820.0,890.57228229849,95.9541470259229,98.22201378511431
1080p,1920,1080,128,128,11,64,256,50.0,os,sobel,4615785.0,15.83425241286,accelergy,114086820.0,890.57228229849,4.0458529740771105,1.777986214885687
1080p,1920,1080,128,128,11,64,256,50.0,ws,gaussian,5269695.0,43.13093364211012,accelergy,7610730.0,47.63344873030237,69.24033568396199,90.54757694811222
1080p,1920,1080,128,128,11,64,256,50.0,ws,sobel,2341035.0,4.50251508819225,accelergy,7610730.0,47.63344873030237,30.759664316038016,9.452423051887783
1080p,1920,1080,128,128,11,64,256,200.0,os,gaussian,27652770.0,876.22038988563,accelergy,32087085.0,892.08008229849,86.18037444037063,98.22216718795059
1080p,1920,1080,128,128,11,64,256,200.0,os,sobel,4434315.0,15.85969241286,accelergy,32087085.0,892.08008229849,13.819625559629364,1.7778328120494173
1080p,1920,1080,128,128,11,64,256,200.0,ws,gaussian,4258815.0,43.20089364211012,accelergy,6418380.0,47.70964873030237,66.35342563076664,90.54959487612292
1080p,1920,1080,128,128,11,64,256,200.0,ws,sobel,2159565.0,4.50875508819225,accelergy,6418380.0,47.70964873030237,33.646574369233356,9.450405123877077
1080p,1920,1080,128,128,11,64,256,800.0,os,gaussian,8588040.0,879.18726988563,accelergy,12976950.0,895.10216229849,66.17918694300279,98.22200268492337
1080p,1920,1080,128,128,11,64,256,800.0,os,sobel,4388910.0,15.914892412859999,accelergy,12976950.0,895.10216229849,33.82081305699721,1.7779973150766286
1080p,1920,1080,128,128,11,64,256,800.0,ws,gaussian,4213410.0,43.34297364211012,accelergy,6327570.0,47.868528730302366,66.58812150636027,90.54586550238503
1080p,1920,1080,128,128,11,64,256,800.0,ws,sobel,2114160.0,4.52555508819225,accelergy,6327570.0,47.868528730302366,33.41187849363974,9.454134497614971
1080p,1920,1080,128,128,11,64,1024,50.0,os,gaussian,35495100.0,279.13785064593003,accelergy,40325220.0,283.08194686995,88.02208642631088,98.60672986475117
1080p,1920,1080,128,128,11,64,1024,50.0,os,sobel,4830120.0,3.9440962240200004,accelergy,40325220.0,283.08194686995,11.97791357368912,1.3932701352488395
1080p,1920,1080,128,128,11,64,1024,50.0,ws,gaussian,5735610.0,46.57125357074738,accelergy,8554950.0,52.58441475331013,67.04434274893482,88.56474639725029
1080p,1920,1080,128,128,11,64,1024,50.0,ws,sobel,2819340.0,6.013161182562749,accelergy,8554950.0,52.58441475331013,32.955657251065176,11.435253602749714
1080p,1920,1080,128,128,11,64,1024,200.0,os,gaussian,9342465.0,279.31425064593,accelergy,13830360.0,283.26038686994997,67.5504108352928,98.60688737044204
1080p,1920,1080,128,128,11,64,1024,200.0,os,sobel,4487895.0,3.94613622402,accelergy,13830360.0,283.26038686994997,32.44958916470721,1.3931126295579563
1080p,1920,1080,128,128,11,64,1024,200.0,ws,gaussian,4378425.0,46.59969357074738,accelergy,6657600.0,52.61609475331013,65.76581651045423,88.5654737190767
1080p,1920,1080,128,128,11,64,1024,200.0,ws,sobel,2279175.0,6.01640118256275,accelergy,6657600.0,52.61609475331013,34.234183489545785,11.434526280923295
1080p,1920,1080,128,128,11,64,1024,800.0,os,gaussian,8045145.0,280.01985064593003,accelergy,12447480.0,283.97846686995,64.63272083988085,98.60601535473714
1080p,1920,1080,128,128,11,64,1024,800.0,os,sobel,4402335.0,3.95861622402,accelergy,12447480.0,283.97846686995,35.36727916011916,1.3939846452628666
1080p,1920,1080,128,128,11,64,1024,800.0,ws,gaussian,4243380.0,46.71345357074738,accelergy,6387510.0,52.747134753310135,66.43245959693213,88.5611205029784
1080p,1920,1080,128,128,11,64,1024,800.0,ws,sobel,2144130.0,6.03368118256275,accelergy,6387510.0,52.747134753310135,33.567540403067866,11.438879497021604
1080p,1920,1080,128,128,11,64,4096,50.0,os,gaussian,19628535.0,134.94511838027998,accelergy,24458655.0,139.16534393316,80.25189856106152,96.9674737735661
1080p,1920,1080,128,128,11,64,4096,50.0,os,sobel,4830120.0,4.22022555288,accelergy,24458655.0,139.16534393316,19.748101438938487,3.032526226433889
1080p,1920,1080,128,128,11,64,4096,50.0,ws,gaussian,7788960.0,62.8071341431365,accelergy,12373365.0,83.1761946119535,62.949407861159834,75.51094930004203
1080p,1920,1080,128,128,11,64,4096,50.0,ws,sobel,4584405.0,20.369060468817,accelergy,12373365.0,83.1761946119535,37.05059213884016,24.489050699957968
1080p,1920,1080,128,128,11,64,4096,200.0,os,gaussian,8644245.0,134.96647838028,accelergy,13132140.0,139.18874393316,65.82510542836125,96.96651795715063
1080p,1920,1080,128,128,11,64,4096,200.0,os,sobel,4487895.0,4.22226555288,accelergy,13132140.0,139.18874393316,34.174894571638745,3.033482042849369
1080p,1920,1080,128,128,11,64,4096,200.0,ws,gaussian,4854090.0,62.8169741431365,accelergy,7574520.0,83.18891461195349,64.08445683686888,75.51123179831735
1080p,1920,1080,128,128,11,64,4096,200.0,ws,sobel,2720430.0,20.371940468817,accelergy,7574520.0,83.18891461195349,35.91554316313113,24.488768201682653
1080p,1920,1080,128,128,11,64,4096,800.0,os,gaussian,8163060.0,134.99911838027998,accelergy,12565395.0,139.23386393315997,64.9646111403581,96.95853764791524
1080p,1920,1080,128,128,11,64,4096,800.0,os,sobel,4402335.0,4.23474555288,accelergy,12565395.0,139.23386393315997,35.0353888596419,3.041462352084773
1080p,1920,1080,128,128,11,64,4096,800.0,ws,gaussian,4362225.0,62.8328141431365,accelergy,6616605.0,83.2138746119535,65.92844819964317,75.50761749304569
1080p,1920,1080,128,128,11,64,4096,800.0,ws,sobel,2254380.0,20.381060468817,accelergy,6616605.0,83.2138746119535,34.07155180035683,24.492382506954318
1080p,1920,1080,128,128,11,128,256,50.0,ws,gaussian,5249760.0,42.91056176755013,accelergy,7616715.0,47.42603685574238,68.92420157508847,90.47891118980245
1080p,1920,1080,128,128,11,128,256,50.0,ws,sobel,2366955.0,4.51547508819225,accelergy,7616715.0,47.42603685574238,31.075798424911525,9.521088810197542
1080p,1920,1080,128,128,11,128,256,200.0,ws,gaussian,2175105.0,42.98052176755012,accelergy,4360590.0,47.502236855742375,49.88097940874973,90.4810480779588
1080p,1920,1080,128,128,11,128,256,200.0,ws,sobel,2185485.0,4.521715088192249,accelergy,4360590.0,47.502236855742375,50.11902059125026,9.518951922041193
1080p,1920,1080,128,128,11,128,256,800.0,ws,gaussian,2137545.0,43.12260176755013,accelergy,4277625.0,47.66543685574238,49.97036907162269,90.46933084460976
1080p,1920,1080,128,128,11,128,256,800.0,ws,sobel,2140080.0,4.542835088192249,accelergy,4277625.0,47.66543685574238,50.02963092837731,9.530669155390239
1080p,1920,1080,128,128,11,128,1024,50.0,os,gaussian,69847125.0,559.1458946682451,accelergy,74563845.0,563.0999405815351,93.6742532523638,99.29780743553151
1080p,1920,1080,128,128,11,128,1024,50.0,os,sobel,4716720.0,3.95404591329,accelergy,74563845.0,563.0999405815351,6.325746747636203,0.7021925644684855
1080p,1920,1080,128,128,11,128,1024,50.0,ws,gaussian,5624745.0,46.38852781778738,accelergy,8470005.0,52.414649000350124,66.40781203789136,88.5029828540443
1080p,1920,1080,128,128,11,128,1024,50.0,ws,sobel,2845260.0,6.02612118256275,accelergy,8470005.0,52.414649000350124,33.59218796210864,11.497017145955695
1080p,1920,1080,128,128,11,128,1024,200.0,os,gaussian,17698260.0,559.501214668245,accelergy,22072755.0,563.457300581535,80.18147258917159,99.29789073471812
1080p,1920,1080,128,128,11,128,1024,200.0,os,sobel,4374495.0,3.95608591329,accelergy,22072755.0,563.457300581535,19.81852741082842,0.702109265281857
1080p,1920,1080,128,128,11,128,1024,200.0,ws,gaussian,2294715.0,46.418047817787375,accelergy,4599810.0,52.44740900035013,49.88716925264304,88.5039865696273
1080p,1920,1080,128,128,11,128,1024,200.0,ws,sobel,2305095.0,6.0293611825627496,accelergy,4599810.0,52.44740900035013,50.11283074735695,11.496013430372699
1080p,1920,1080,128,128,11,128,1024,800.0,os,gaussian,6117345.0,560.922494668245,accelergy,10406280.0,564.895380581535,58.785127826658524,99.29670412436367
1080p,1920,1080,128,128,11,128,1024,800.0,os,sobel,4288935.0,3.97288591329,accelergy,10406280.0,564.895380581535,41.21487217334148,0.7032958756363148
1080p,1920,1080,128,128,11,128,1024,800.0,ws,gaussian,2167515.0,46.536127817787374,accelergy,4337565.0,52.587089000350126,49.97077853588362,88.49344716053315
1080p,1920,1080,128,128,11,128,1024,800.0,ws,sobel,2170050.0,6.050961182562749,accelergy,4337565.0,52.587089000350126,50.02922146411639,11.506552839466853
1080p,1920,1080,128,128,11,128,4096,50.0,os,gaussian,17700735.0,135.0711857991,accelergy,22417455.0,139.29822270354,78.95960982189995,96.9654767861352
1080p,1920,1080,128,128,11,128,4096,50.0,os,sobel,4716720.0,4.22703690444,accelergy,22417455.0,139.29822270354,21.040390178100058,3.034523213864794
1080p,1920,1080,128,128,11,128,4096,50.0,ws,gaussian,7364445.0,62.6071586301765,accelergy,12112395.0,84.0901790989935,60.80089858364097,74.45240252904381
1080p,1920,1080,128,128,11,128,4096,50.0,ws,sobel,4747950.0,21.483020468817003,accelergy,12112395.0,84.0901790989935,39.19910141635903,25.5475974709562
1080p,1920,1080,128,128,11,128,4096,200.0,os,gaussian,6716445.0,135.09362579909998,accelergy,11090940.0,139.32270270354,60.55794188770294,96.9645457471214
1080p,1920,1080,128,128,11,128,4096,200.0,os,sobel,4374495.0,4.22907690444,accelergy,11090940.0,139.32270270354,39.44205811229706,3.035454252878591
1080p,1920,1080,128,128,11,128,4096,200.0,ws,gaussian,2770380.0,62.6180786301765,accelergy,5551140.0,84.1040990989935,49.90650569072299,74.45306388273988
1080p,1920,1080,128,128,11,128,4096,200.0,ws,sobel,2780760.0,21.486020468817,accelergy,5551140.0,84.1040990989935,50.093494309277006,25.546936117260106
1080p,1920,1080,128,128,11,128,4096,800.0,os,gaussian,6235260.0,135.1305857991,accelergy,10524195.0,139.37646270354,59.2469067705416,96.95366289107855
1080p,1920,1080,128,128,11,128,4096,800.0,os,sobel,4288935.0,4.24587690444,accelergy,10524195.0,139.37646270354,40.7530932294584,3.0463371089214477
1080p,1920,1080,128,128,11,128,4096,800.0,ws,gaussian,2286360.0,62.638238630176495,accelergy,4575255.0,84.1367390989935,49.972296626089694,74.44814156212742
1080p,1920,1080,128,128,11,128,4096,800.0,ws,sobel,2288895.0,21.498500468817,accelergy,4575255.0,84.1367390989935,50.027703373910306,25.55185843787257
720p,1280,720,128,128,3,8,256,50.0,os,gaussian,2738610.0,4.18261019232,accelergy,5495670.0,8.525660631360001,49.83214057612629,49.0590744010508
720p,1280,720,128,128,3,8,256,50.0,os,sobel,2757060.0,4.34305043904,accelergy,5495670.0,8.525660631360001,50.16785942387371,50.94092559894919
720p,1280,720,128,128,3,8,256,50.0,ws,gaussian,1953300.0,1.9629932146205,accelergy,3884600.0,4.2313038089815,50.283169438294806,46.39215956211388
720p,1280,720,128,128,3,8,256,50.0,ws,sobel,1931300.0,2.268310594361,accelergy,3884600.0,4.2313038089815,49.716830561705194,53.60784043788611
720p,1280,720,128,128,3,8,256,200.0,os,gaussian,2671800.0,4.19029019232,accelergy,5348210.0,8.541020631359999,49.95690146796778,49.0607665427542
720p,1280,720,128,128,3,8,256,200.0,os,sobel,2676410.0,4.3507304390399995,accelergy,5348210.0,8.541020631359999,50.04309853203222,50.939233457245805
720p,1280,720,128,128,3,8,256,200.0,ws,gaussian,1872650.0,1.9666732146205,accelergy,3739820.0,4.2386638089815,50.07326555823543,46.398424202769405
720p,1280,720,128,128,3,8,256,200.0,ws,sobel,1867170.0,2.271990594361,accelergy,3739820.0,4.2386638089815,49.92673444176457,53.601575797230595
720p,1280,720,128,128,3,8,256,800.0,os,gaussian,2655100.0,4.2094901923200005,accelergy,5311330.0,8.579420631360001,49.98936236309926,49.064970388947074
720p,1280,720,128,128,3,8,256,800.0,os,sobel,2656230.0,4.369930439040001,accelergy,5311330.0,8.579420631360001,50.01063763690073,50.935029611052926
720p,1280,720,128,128,3,8,256,800.0,ws,gaussian,1852470.0,1.9778732146205,accelergy,3703600.0,4.2610638089815,50.018090506534186,46.417357338125875
720p,1280,720,128,128,3,8,256,800.0,ws,sobel,1851130.0,2.283190594361,accelergy,3703600.0,4.2610638089815,49.981909493465814,53.582642661874125
720p,1280,720,128,128,3,8,1024,50.0,os,gaussian,2833870.0,1.59863999264,accelergy,5686190.0,3.36550247008,49.837764830229034,47.50078203335858
720p,1280,720,128,128,3,8,1024,50.0,os,sobel,2852320.0,1.76686247744,accelergy,5686190.0,3.36550247008,50.16223516977097,52.49921796664141
720p,1280,720,128,128,3,8,1024,50.0,ws,gaussian,2151440.0,2.5502827944895,accelergy,4339730.0,5.413701767148501,49.57543441642683,47.10792918008822
720p,1280,720,128,128,3,8,1024,50.0,ws,sobel,2188290.0,2.8634189726590003,accelergy,4339730.0,5.413701767148501,50.42456558357317,52.89207081991177
720p,1280,720,128,128,3,8,1024,200.0,os,gaussian,2695610.0,1.60039999264,accelergy,5395830.0,3.36902247008,49.95728182689225,47.503393249911966
720p,1280,720,128,128,3,8,1024,200.0,os,sobel,2700220.0,1.76862247744,accelergy,5395830.0,3.36902247008,50.042718173107744,52.496606750088034
720p,1280,720,128,128,3,8,1024,200.0,ws,gaussian,1922200.0,2.5526827944895003,accelergy,3853620.0,5.4185017671485,49.880372221443736,47.1104911318107
720p,1280,720,128,128,3,8,1024,200.0,ws,sobel,1931420.0,2.865818972659,accelergy,3853620.0,5.4185017671485,50.119627778556264,52.889508868189296
720p,1280,720,128,128,3,8,1024,800.0,os,gaussian,2661070.0,1.61031999264,accelergy,5323270.0,3.3888624700800003,49.98938622312977,47.51800956389905
720p,1280,720,128,128,3,8,1024,800.0,os,sobel,2662200.0,1.77854247744,accelergy,5323270.0,3.3888624700800003,50.01061377687023,52.48199043610094
720p,1280,720,128,128,3,8,1024,800.0,ws,gaussian,1864880.0,2.5632427944894998,accelergy,3732070.0,5.4396217671485,49.96905202742714,47.12171000509058
720p,1280,720,128,128,3,8,1024,800.0,ws,sobel,1867190.0,2.8763789726590003,accelergy,3732070.0,5.4396217671485,50.03094797257286,52.87828999490942
720p,1280,720,128,128,3,8,4096,50.0,os,gaussian,2833870.0,1.7220664793599998,accelergy,5686190.0,3.6311805375999997,49.837764830229034,47.4244246885666
720p,1280,720,128,128,3,8,4096,50.0,os,sobel,2852320.0,1.9091140582400001,accelergy,5686190.0,3.6311805375999997,50.16223516977097,52.5755753114334
720p,1280,720,128,128,3,8,4096,50.0,ws,gaussian,2177540.0,2.863689998866,accelergy,4391930.0,6.055855107638,49.580480563214806,47.28795435105682
720p,1280,720,128,128,3,8,4096,50.0,ws,sobel,2214390.0,3.192165108772,accelergy,4391930.0,6.055855107638,50.4195194367852,52.71204564894318
720p,1280,720,128,128,3,8,4096,200.0,os,gaussian,2695610.0,1.72382647936,accelergy,5395830.0,3.6347005376,49.95728182689225,47.4269189862405
720p,1280,720,128,128,3,8,4096,200.0,os,sobel,2700220.0,1.9108740582400001,accelergy,5395830.0,3.6347005376,50.042718173107744,52.573081013759506
720p,1280,720,128,128,3,8,4096,200.0,ws,gaussian,1928700.0,2.865289998866,accelergy,3866620.0,6.059055107638,49.88077442313959,47.28938667770222
720p,1280,720,128,128,3,8,4096,200.0,ws,sobel,1937920.0,3.193765108772,accelergy,3866620.0,6.059055107638,50.119225576860416,52.71061332229778
720p,1280,720,128,128,3,8,4096,800.0,os,gaussian,2661070.0,1.73374647936,accelergy,5323270.0,3.6545405376,49.98938622312977,47.44088789061788
720p,1280,720,128,128,3,8,4096,800.0,os,sobel,2662200.0,1.92079405824,accelergy,5323270.0,3.6545405376,50.01061377687023,52.55911210938212
720p,1280,720,128,128,3,8,4096,800.0,ws,gaussian,1866480.0,2.872649998866,accelergy,3735270.0,6.073775107638,49.96907854050711,47.29595594103468
720p,1280,720,128,128,3,8,4096,800.0,ws,sobel,1868790.0,3.201125108772,accelergy,3735270.0,6.073775107638,50.03092145949288,52.70404405896533
720p,1280,720,128,128,3,16,256,50.0,os,gaussian,2335410.0,6.5356754526400005,accelergy,4689270.0,13.22837641232,49.8032742836305,49.40648231443673
720p,1280,720,128,128,3,16,256,50.0,os,sobel,2353860.0,6.69270095968,accelergy,4689270.0,13.22837641232,50.19672571636949,50.59351768556327
720p,1280,720,128,128,3,16,256,50.0,ws,gaussian,1013370.0,1.8117701592605,accelergy,2045190.0,3.7771546429015,49.54894166312177,47.966533821044486
720p,1280,720,128,128,3,16,256,50.0,ws,sobel,1031820.0,1.965384483641,accelergy,2045190.0,3.7771546429015,50.45105833687824,52.033466178955514
720p,1280,720,128,128,3,16,256,200.0,os,gaussian,2268600.0,6.54687545264,accelergy,4541810.0,13.25077641232,49.949249308095226,49.40748563648691
720p,1280,720,128,128,3,16,256,200.0,os,sobel,2273210.0,6.703900959679999,accelergy,4541810.0,13.25077641232,50.05075069190477,50.592514363513075
720p,1280,720,128,128,3,16,256,200.0,ws,gaussian,946560.0,1.8149701592605,accelergy,1897730.0,3.7835546429015006,49.87853909671028,47.969973492140475
720p,1280,720,128,128,3,16,256,200.0,ws,sobel,951170.0,1.9685844836410002,accelergy,1897730.0,3.7835546429015006,50.121460903289716,52.03002650785952
720p,1280,720,128,128,3,16,256,800.0,os,gaussian,2251900.0,6.574075452640001,accelergy,4504930.0,13.305176412320002,49.987458184699875,49.409908211008
720p,1280,720,128,128,3,16,256,800.0,os,sobel,2253030.0,6.73110095968,accelergy,4504930.0,13.305176412320002,50.012541815300125,50.590091788991984
720p,1280,720,128,128,3,16,256,800.0,ws,gaussian,929860.0,1.8261701592605,accelergy,1860850.0,3.8059546429015,49.969637531235726,47.981921241928006
720p,1280,720,128,128,3,16,256,800.0,ws,sobel,930990.0,1.9797844836410001,accelergy,1860850.0,3.8059546429015,50.03036246876428,52.018078758071994
720p,1280,720,128,128,3,16,1024,50.0,os,gaussian,2430670.0,1.5937683291200002,accelergy,4879790.0,3.3504074795200003,49.81095497962003,47.56938786885508
720p,1280,720,128,128,3,16,1024,50.0,os,sobel,2449120.0,1.7566391504,accelergy,4879790.0,3.3504074795200003,50.18904502037997,52.430612131144926
720p,1280,720,128,128,3,16,1024,50.0,ws,gaussian,1211510.0,2.3951513487294998,accelergy,2441470.0,4.9478274298685,49.62215386631824,48.40814241561283
720p,1280,720,128,128,3,16,1024,50.0,ws,sobel,1229960.0,2.552676081139,accelergy,2441470.0,4.9478274298685,50.37784613368176,51.59185758438716
720p,1280,720,128,128,3,16,1024,200.0,os,gaussian,2292410.0,1.59504832912,accelergy,4589430.0,3.3529674795199997,49.94977589809628,47.571243647980204
720p,1280,720,128,128,3,16,1024,200.0,os,sobel,2297020.0,1.7579191503999998,accelergy,4589430.0,3.3529674795199997,50.050224101903716,52.42875635201979
720p,1280,720,128,128,3,16,1024,200.0,ws,gaussian,996110.0,2.3970713487295003,accelergy,1996830.0,4.9516674298685,49.88456703875643,48.409376895353375
720p,1280,720,128,128,3,16,1024,200.0,ws,sobel,1000720.0,2.554596081139,accelergy,1996830.0,4.9516674298685,50.11543296124357,51.59062310464662
720p,1280,720,128,128,3,16,1024,800.0,os,gaussian,2257870.0,1.60496832912,accelergy,4516870.0,3.37280747952,49.98749133802832,47.58553041836858
720p,1280,720,128,128,3,16,1024,800.0,os,sobel,2259000.0,1.7678391504,accelergy,4516870.0,3.37280747952,50.01250866197168,52.41446958163143
720p,1280,720,128,128,3,16,1024,800.0,ws,gaussian,942270.0,2.4076313487295,accelergy,1885670.0,4.9727874298685,49.97003717511548,48.41613245457321
720p,1280,720,128,128,3,16,1024,800.0,ws,sobel,943400.0,2.565156081139,accelergy,1885670.0,4.9727874298685,50.02996282488452,51.583867545426784
720p,1280,720,128,128,3,16,4096,50.0,os,gaussian,2430670.0,1.7116155487999998,accelergy,4879790.0,3.59934774592,49.81095497962003,47.55349217758085
720p,1280,720,128,128,3,16,4096,50.0,os,sobel,2449120.0,1.88773219712,accelergy,4879790.0,3.59934774592,50.18904502037997,52.44650782241915
720p,1280,720,128,128,3,16,4096,50.0,ws,gaussian,1237610.0,2.700891993106,accelergy,2493670.0,5.566981090358,49.63006332032707,48.51627748087629
720p,1280,720,128,128,3,16,4096,50.0,ws,sobel,1256060.0,2.866089097252,accelergy,2493670.0,5.566981090358,50.36993667967293,51.483722519123695
720p,1280,720,128,128,3,16,4096,200.0,os,gaussian,2292410.0,1.7128955488,accelergy,4589430.0,3.60190774592,49.94977589809628,47.55523099502627
720p,1280,720,128,128,3,16,4096,200.0,os,sobel,2297020.0,1.88901219712,accelergy,4589430.0,3.60190774592,50.050224101903716,52.44476900497372
720p,1280,720,128,128,3,16,4096,200.0,ws,gaussian,1002610.0,2.7020119931060003,accelergy,2009830.0,5.569221090358001,49.88531368324684,48.51687424986587
720p,1280,720,128,128,3,16,4096,200.0,ws,sobel,1007220.0,2.867209097252,accelergy,2009830.0,5.569221090358001,50.11468631675315,51.48312575013412
720p,1280,720,128,128,3,16,4096,800.0,os,gaussian,2257870.0,1.7228155487999999,accelergy,4516870.0,3.62174774592,49.98749133802832,47.56862348408444
720p,1280,720,128,128,3,16,4096,800.0,os,sobel,2259000.0,1.8989321971200002,accelergy,4516870.0,3.62174774592,50.01250866197168,52.43137651591556
720p,1280,720,128,128,3,16,4096,800.0,ws,gaussian,943870.0,2.709371993106,accelergy,1888870.0,5.5839410903580005,49.97008793617348,48.5207839635768
720p,1280,720,128,128,3,16,4096,800.0,ws,sobel,945000.0,2.8745690972520004,accelergy,1888870.0,5.5839410903580005,50.02991206382652,51.4792160364232
720p,1280,720,128,128,3,32,256,50.0,os,gaussian,2133810.0,6.535408082800001,accelergy,4286070.0,13.226134302800002,49.784767864267266,49.41283623149389
720p,1280,720,128,128,3,32,256,50.0,os,sobel,2152260.0,6.69072622,accelergy,4286070.0,13.226134302800002,50.215232135732734,50.5871637685061
720p,1280,720,128,128,3,32,256,50.0,ws,gaussian,1016250.0,1.8132101592604999,accelergy,2050950.0,3.7800346429014997,49.55020843999122,47.96808311441046
720p,1280,720,128,128,3,32,256,50.0,ws,sobel,1034700.0,1.966824483641,accelergy,2050950.0,3.7800346429014997,50.44979156000877,52.031916885589546
720p,1280,720,128,128,3,32,256,200.0,os,gaussian,2067000.0,6.5470880828,accelergy,4138610.0,13.2494943028,49.944304971959184,49.413871451806365
720p,1280,720,128,128,3,32,256,200.0,os,sobel,2071610.0,6.70240622,accelergy,4138610.0,13.2494943028,50.055695028040816,50.586128548193635
720p,1280,720,128,128,3,32,256,200.0,ws,gaussian,949440.0,1.8168901592605,accelergy,1903490.0,3.7873946429015,49.8789066399088,47.972031714883336
720p,1280,720,128,128,3,32,256,200.0,ws,sobel,954050.0,1.9705044836410002,accelergy,1903490.0,3.7873946429015,50.121093360091194,52.027968285116664
720p,1280,720,128,128,3,32,256,800.0,os,gaussian,2050300.0,6.572368082800001,accelergy,4101730.0,13.300054302800001,49.986225324436276,49.41609961258842
720p,1280,720,128,128,3,32,256,800.0,os,sobel,2051430.0,6.727686220000001,accelergy,4101730.0,13.300054302800001,50.013774675563724,50.58390038741158
720p,1280,720,128,128,3,32,256,800.0,ws,gaussian,932740.0,1.8261701592605,accelergy,1866610.0,3.8059546429015,49.96973122398359,47.981921241928006
720p,1280,720,128,128,3,32,256,800.0,ws,sobel,933870.0,1.9797844836410001,accelergy,1866610.0,3.8059546429015,50.03026877601642,52.018078758071994
720p,1280,720,128,128,3,32,1024,50.0,os,gaussian,2229070.0,1.59253249736,accelergy,4476590.0,3.34525998424,49.79392796749311,47.6056421582373
720p,1280,720,128,128,3,32,1024,50.0,os,sobel,2247520.0,1.75272748688,accelergy,4476590.0,3.34525998424,50.20607203250689,52.3943578417627
720p,1280,720,128,128,3,32,1024,50.0,ws,gaussian,1228830.0,2.5121113487295004,accelergy,2476110.0,5.1817474298685005,49.627439814870904,48.48000375798423
720p,1280,720,128,128,3,32,1024,50.0,ws,sobel,1247280.0,2.669636081139,accelergy,2476110.0,5.1817474298685005,50.37256018512909,51.519996242015765
720p,1280,720,128,128,3,32,1024,200.0,os,gaussian,2090810.0,1.59429249736,accelergy,4186230.0,3.3487799842399997,49.94493852463911,47.60815893737558
720p,1280,720,128,128,3,32,1024,200.0,os,sobel,2095420.0,1.7544874868799998,accelergy,4186230.0,3.3487799842399997,50.05506147536089,52.39184106262442
720p,1280,720,128,128,3,32,1024,200.0,ws,gaussian,1002600.0,2.5145113487295,accelergy,2009810.0,5.1865474298685,49.88531254198158,48.4814104706501
720p,1280,720,128,128,3,32,1024,200.0,ws,sobel,1007210.0,2.672036081139,accelergy,2009810.0,5.1865474298685,50.114687458018416,51.51858952934991
720p,1280,720,128,128,3,32,1024,800.0,os,gaussian,2056270.0,1.60229249736,accelergy,4113670.0,3.36477998424,49.98626530567595,47.61953247656127
720p,1280,720,128,128,3,32,1024,800.0,os,sobel,2057400.0,1.76248748688,accelergy,4113670.0,3.36477998424,50.01373469432404,52.380467523438725
720p,1280,720,128,128,3,32,1024,800.0,ws,gaussian,946060.0,2.5241113487295,accelergy,1893250.0,5.2057474298685,49.97015713719794,48.48701137990593
720p,1280,720,128,128,3,32,1024,800.0,ws,sobel,947190.0,2.6816360811389996,accelergy,1893250.0,5.2057474298685,50.02984286280206,51.51298862009407
720p,1280,720,128,128,3,32,4096,50.0,os,gaussian,2229070.0,1.70759008352,accelergy,4476590.0,3.5858313500800003,49.79392796749311,47.620479515354326
720p,1280,720,128,128,3,32,4096,50.0,os,sobel,2247520.0,1.8782412665600001,accelergy,4476590.0,3.5858313500800003,50.20607203250689,52.37952048464567
720p,1280,720,128,128,3,32,4096,50.0,ws,gaussian,1535410.0,5.061691993106,accelergy,3089270.0,10.288581090358,49.701385764274406,49.19718228055365
720p,1280,720,128,128,3,32,4096,50.0,ws,sobel,1553860.0,5.226889097252,accelergy,3089270.0,10.288581090358,50.298614235725594,50.802817719446345
720p,1280,720,128,128,3,32,4096,200.0,os,gaussian,2090810.0,1.7093500835200002,accelergy,4186230.0,3.5893513500800003,49.94493852463911,47.62281306013416
720p,1280,720,128,128,3,32,4096,200.0,os,sobel,2095420.0,1.8800012665599999,accelergy,4186230.0,3.5893513500800003,50.05506147536089,52.37718693986584
720p,1280,720,128,128,3,32,4096,200.0,ws,gaussian,1079230.0,5.063611993106,accelergy,2163070.0,10.292421090358,49.893438492512956,49.197481803864605
720p,1280,720,128,128,3,32,4096,200.0,ws,sobel,1083840.0,5.228809097251999,accelergy,2163070.0,10.292421090358,50.106561507487044,50.802518196135395
720p,1280,720,128,128,3,32,4096,800.0,os,gaussian,2056270.0,1.71735008352,accelergy,4113670.0,3.6053513500800003,49.98626530567595,47.63336265359805
720p,1280,720,128,128,3,32,4096,800.0,os,sobel,2057400.0,1.8880012665600001,accelergy,4113670.0,3.6053513500800003,50.01373469432404,52.366637346401944
720p,1280,720,128,128,3,32,4096,800.0,ws,gaussian,965200.0,5.070971993106,accelergy,1931530.0,10.307141090358,49.97074857755251,49.1986279090497
720p,1280,720,128,128,3,32,4096,800.0,ws,sobel,966330.0,5.236169097252,accelergy,1931530.0,10.307141090358,50.02925142244749,50.8013720909503
720p,1280,720,128,128,3,64,256,50.0,os,gaussian,2033010.0,6.53743439788,accelergy,4084470.0,13.22933324804,49.774144503448426,49.416204696850905
720p,1280,720,128,128,3,64,256,50.0,os,sobel,2051460.0,6.69189885016,accelergy,4084470.0,13.22933324804,50.225855496551574,50.5837953031491
720p,1280,720,128,128,3,64,256,50.0,ws,gaussian,1022010.0,1.8160901592605,accelergy,2062470.0,3.7857946429015,49.55272076684752,47.97117462949909
720p,1280,720,128,128,3,64,256,50.0,ws,sobel,1040460.0,1.969704483641,accelergy,2062470.0,3.7857946429015,50.447279233152486,52.02882537050091
720p,1280,720,128,128,3,64,256,200.0,os,gaussian,1966200.0,6.54815439788,accelergy,3937010.0,13.25077324804,49.94145303161536,49.41714928861662
720p,1280,720,128,128,3,64,256,200.0,os,sobel,1970810.0,6.7026188501599995,accelergy,3937010.0,13.25077324804,50.05854696838463,50.58285071138337
720p,1280,720,128,128,3,64,256,200.0,ws,gaussian,955200.0,1.8188101592605002,accelergy,1915010.0,3.7912346429015003,49.87963509328933,47.97408576823227
720p,1280,720,128,128,3,64,256,200.0,ws,sobel,959810.0,1.972424483641,accelergy,1915010.0,3.7912346429015003,50.12036490671067,52.025914231767736
720p,1280,720,128,128,3,64,256,800.0,os,gaussian,1949500.0,6.571514397880001,accelergy,3900130.0,13.29749324804,49.985513303402705,49.419197102044905
720p,1280,720,128,128,3,64,256,800.0,os,sobel,1950630.0,6.72597885016,accelergy,3900130.0,13.29749324804,50.014486696597295,50.5808028979551
720p,1280,720,128,128,3,64,256,800.0,ws,gaussian,938500.0,1.8261701592605,accelergy,1878130.0,3.8059546429015,49.969916885412616,47.981921241928006
720p,1280,720,128,128,3,64,256,800.0,ws,sobel,939630.0,1.9797844836410001,accelergy,1878130.0,3.8059546429015,50.030083114587384,52.018078758071994
720p,1280,720,128,128,3,64,1024,50.0,os,gaussian,2128270.0,1.5940745814800001,accelergy,4274990.0,3.3470062366000004,49.78421002154391,47.62687813510959
720p,1280,720,128,128,3,64,1024,50.0,os,sobel,2146720.0,1.75293165512,accelergy,4274990.0,3.3470062366000004,50.215789978456094,52.37312186489039
720p,1280,720,128,128,3,64,1024,50.0,ws,gaussian,1234590.0,2.5149913487294997,accelergy,2487630.0,5.1875074298685,49.62916510895913,48.481691500791804
720p,1280,720,128,128,3,64,1024,50.0,ws,sobel,1253040.0,2.672516081139,accelergy,2487630.0,5.1875074298685,50.37083489104087,51.51830849920819
720p,1280,720,128,128,3,64,1024,200.0,os,gaussian,1990010.0,1.59487458148,accelergy,3984630.0,3.3486062366000002,49.942152721833644,47.628012038207046
720p,1280,720,128,128,3,64,1024,200.0,os,sobel,1994620.0,1.75373165512,accelergy,3984630.0,3.3486062366000002,50.057847278166356,52.37198796179294
720p,1280,720,128,128,3,64,1024,200.0,ws,gaussian,1008360.0,2.5164313487295003,accelergy,2021330.0,5.190387429868499,49.88596617078854,48.48253396747408
720p,1280,720,128,128,3,64,1024,200.0,ws,sobel,1012970.0,2.6739560811389995,accelergy,2021330.0,5.190387429868499,50.11403382921146,51.517466032525924
720p,1280,720,128,128,3,64,1024,800.0,os,gaussian,1955470.0,1.60095458148,accelergy,3912070.0,3.3607662366,49.98555751814257,47.63659441840989
720p,1280,720,128,128,3,64,1024,800.0,os,sobel,1956600.0,1.75981165512,accelergy,3912070.0,3.3607662366,50.01444248185744,52.36340558159011
720p,1280,720,128,128,3,64,1024,800.0,ws,gaussian,951820.0,2.5241113487295,accelergy,1904770.0,5.2057474298685,49.97033762606509,48.48701137990593
720p,1280,720,128,128,3,64,1024,800.0,ws,sobel,952950.0,2.6816360811389996,accelergy,1904770.0,5.2057474298685,50.02966237393491,51.51298862009407
720p,1280,720,128,128,3,64,4096,50.0,os,gaussian,2128270.0,1.7077373508799998,accelergy,4274990.0,3.58339315216,49.78421002154391,47.65699096820031
720p,1280,720,128,128,3,64,4096,50.0,os,sobel,2146720.0,1.8756558012800002,accelergy,4274990.0,3.58339315216,50.215789978456094,52.34300903179968
720p,1280,720,128,128,3,64,4096,50.0,ws,gaussian,2026060.0,8.943691993106,accelergy,4070570.0,18.052581090358,49.77337326222126,49.542455720544496
720p,1280,720,128,128,3,64,4096,50.0,ws,sobel,2044510.0,9.108889097252,accelergy,4070570.0,18.052581090358,50.22662673777874,50.45754427945551
720p,1280,720,128,128,3,64,4096,200.0,os,gaussian,1990010.0,1.70853735088,accelergy,3984630.0,3.58499315216,49.942152721833644,47.65803666460524
720p,1280,720,128,128,3,64,4096,200.0,os,sobel,1994620.0,1.8764558012800001,accelergy,3984630.0,3.58499315216,50.057847278166356,52.34196333539476
720p,1280,720,128,128,3,64,4096,200.0,ws,gaussian,1206220.0,8.944891993106001,accelergy,2417050.0,18.054981090358,49.904635816387746,49.542516540673034
720p,1280,720,128,128,3,64,4096,200.0,ws,sobel,1210830.0,9.110089097252,accelergy,2417050.0,18.054981090358,50.095364183612254,50.457483459326966
720p,1280,720,128,128,3,64,4096,800.0,os,gaussian,1955470.0,1.71461735088,accelergy,3912070.0,3.5971531521599998,49.98555751814257,47.66595355692363
720p,1280,720,128,128,3,64,4096,800.0,os,sobel,1956600.0,1.88253580128,accelergy,3912070.0,3.5971531521599998,50.01444248185744,52.334046443076375
720p,1280,720,128,128,3,64,4096,800.0,ws,gaussian,1001260.0,8.949371993106,accelergy,2003650.0,18.063941090358,49.97180146233124,49.542743459692254
720p,1280,720,128,128,3,64,4096,800.0,ws,sobel,1002390.0,9.114569097252,accelergy,2003650.0,18.063941090358,50.02819853766876,50.45725654030774
720p,1280,720,128,128,3,128,256,50.0,os,gaussian,1982610.0,6.542767555419999,accelergy,3983670.0,13.23957272066,49.76842961389874,49.41826819841538
720p,1280,720,128,128,3,128,256,50.0,os,sobel,2001060.0,6.69680516524,accelergy,3983670.0,13.23957272066,50.231570386101254,50.58173180158461
720p,1280,720,128,128,3,128,256,50.0,ws,gaussian,1033530.0,1.8218501592605,accelergy,2085510.0,3.7973146429015,49.557662154580896,47.97732952327695
720p,1280,720,128,128,3,128,256,50.0,ws,sobel,1051980.0,1.9754644836410002,accelergy,2085510.0,3.7973146429015,50.442337845419104,52.02267047672306
720p,1280,720,128,128,3,128,256,200.0,os,gaussian,1915800.0,6.55348755542,accelergy,3836210.0,13.261012720660002,49.939914655349945,49.419208724609625
720p,1280,720,128,128,3,128,256,200.0,os,sobel,1920410.0,6.707525165240001,accelergy,3836210.0,13.261012720660002,50.06008534465006,50.58079127539037
720p,1280,720,128,128,3,128,256,200.0,ws,gaussian,966720.0,1.8245701592605,accelergy,1938050.0,3.8027546429015002,49.88106601996852,47.98022303822246
720p,1280,720,128,128,3,128,256,200.0,ws,sobel,971330.0,1.9781844836410003,accelergy,1938050.0,3.8027546429015002,50.11893398003148,52.019776961777545
720p,1280,720,128,128,3,128,256,800.0,os,gaussian,1899100.0,6.578767555420001,accelergy,3799330.0,13.311572720660001,49.98512895694767,49.42141468535522
720p,1280,720,128,128,3,128,256,800.0,os,sobel,1900230.0,6.73280516524,accelergy,3799330.0,13.311572720660001,50.014871043052324,50.57858531464478
720p,1280,720,128,128,3,128,256,800.0,ws,gaussian,950020.0,1.8338501592604999,accelergy,1901170.0,3.8213146429015,49.97028145825991,47.990033028739795
720p,1280,720,128,128,3,128,256,800.0,ws,sobel,951150.0,1.9874644836410003,accelergy,1901170.0,3.8213146429015,50.02971854174009,52.00996697126021
720p,1280,720,128,128,3,128,1024,50.0,os,gaussian,2077870.0,1.59916562354,accelergy,4174190.0,3.3565193627800003,49.77899903933458,47.6435691470437
720p,1280,720,128,128,3,128,1024,50.0,os,sobel,2096320.0,1.7573537392400003,accelergy,4174190.0,3.3565193627800003,50.22100096066542,52.3564308529563
720p,1280,720,128,128,3,128,1024,50.0,ws,gaussian,1246110.0,2.5207513487294997,accelergy,2510670.0,5.199027429868499,49.63256819892698,48.48505576731027
720p,1280,720,128,128,3,128,1024,50.0,ws,sobel,1264560.0,2.678276081139,accelergy,2510670.0,5.199027429868499,50.36743180107302,51.51494423268974
720p,1280,720,128,128,3,128,1024,200.0,os,gaussian,1939610.0,1.59996562354,accelergy,3883830.0,3.35811936278,49.94065136733585,47.644691885385434
720p,1280,720,128,128,3,128,1024,200.0,os,sobel,1944220.0,1.7581537392400002,accelergy,3883830.0,3.35811936278,50.05934863266415,52.355308114614566
720p,1280,720,128,128,3,128,1024,200.0,ws,gaussian,1019880.0,2.5221913487295002,accelergy,2044370.0,5.2019074298685,49.88725132926036,48.48589450568633
720p,1280,720,128,128,3,128,1024,200.0,ws,sobel,1024490.0,2.679716081139,accelergy,2044370.0,5.2019074298685,50.112748670739634,51.51410549431367
720p,1280,720,128,128,3,128,1024,800.0,os,gaussian,1905070.0,1.60796562354,accelergy,3811270.0,3.37411936278,49.985175545159485,47.655860704796375
720p,1280,720,128,128,3,128,1024,800.0,os,sobel,1906200.0,1.7661537392400002,accelergy,3811270.0,3.37411936278,50.014824454840515,52.34413929520363
720p,1280,720,128,128,3,128,1024,800.0,ws,gaussian,963340.0,2.5317913487295,accelergy,1927810.0,5.2211074298685,49.97069213252343,48.491462448097266
720p,1280,720,128,128,3,128,1024,800.0,ws,sobel,964470.0,2.6893160811390002,accelergy,1927810.0,5.2211074298685,50.02930786747657,51.50853755190275
720p,1280,720,128,128,3,128,4096,50.0,os,gaussian,2077870.0,1.71213098456,accelergy,4174190.0,3.5908140532,49.77899903933458,47.68085896940869
720p,1280,720,128,128,3,128,4096,50.0,os,sobel,2096320.0,1.87868306864,accelergy,4174190.0,3.5908140532,50.22100096066542,52.31914103059131
720p,1280,720,128,128,3,128,4096,50.0,ws,gaussian,2095230.0,9.410651993106,accelergy,4208910.0,18.986501090357997,49.78082211308866,49.56496169736643
720p,1280,720,128,128,3,128,4096,50.0,ws,sobel,2113680.0,9.575849097251998,accelergy,4208910.0,18.986501090357997,50.21917788691134,50.435038302633586
720p,1280,720,128,128,3,128,4096,200.0,os,gaussian,1939610.0,1.71293098456,accelergy,3883830.0,3.5924140532,49.94065136733585,47.681891875302604
720p,1280,720,128,128,3,128,4096,200.0,os,sobel,1944220.0,1.8794830686400001,accelergy,3883830.0,3.5924140532,50.05934863266415,52.318108124697396
720p,1280,720,128,128,3,128,4096,200.0,ws,gaussian,1232160.0,9.412091993106,accelergy,2468930.0,18.989381090358,49.90663971842053,49.56502767688969
720p,1280,720,128,128,3,128,4096,200.0,ws,sobel,1236770.0,9.577289097251999,accelergy,2468930.0,18.989381090358,50.09336028157947,50.43497232311031
720p,1280,720,128,128,3,128,4096,800.0,os,gaussian,1905070.0,1.72093098456,accelergy,3811270.0,3.6084140532,49.985175545159485,47.692170554370016
720p,1280,720,128,128,3,128,4096,800.0,os,sobel,1906200.0,1.8874830686400002,accelergy,3811270.0,3.6084140532,50.014824454840515,52.307829445629984
720p,1280,720,128,128,3,128,4096,800.0,ws,gaussian,1016380.0,9.417851993106,accelergy,2033890.0,19.000901090358,49.97222071990127,49.56529139497013
720p,1280,720,128,128,3,128,4096,800.0,ws,sobel,1017510.0,9.583049097252,accelergy,2033890.0,19.000901090358,50.02777928009873,50.43470860502987
720p,1280,720,128,128,5,8,256,50.0,os,gaussian,4581810.0,8.25431335008,accelergy,7338870.0,12.59736378912,62.43209104398906,65.52413257453934
720p,1280,720,128,128,5,8,256,50.0,os,sobel,2757060.0,4.34305043904,accelergy,7338870.0,12.59736378912,37.56790895601094,34.47586742546067
720p,1280,720,128,128,5,8,256,50.0,ws,gaussian,3777140.0,4.5354075100525,accelergy,5708440.0,6.8037181044135,66.16763949520359,66.66072051266246
720p,1280,720,128,128,5,8,256,50.0,ws,sobel,1931300.0,2.268310594361,accelergy,5708440.0,6.8037181044135,33.832360504796405,33.33927948733753
720p,1280,720,128,128,5,8,256,200.0,os,gaussian,4515000.0,8.26775335008,accelergy,7191410.0,12.618483789119999,62.78323722329835,65.52097294929112
720p,1280,720,128,128,5,8,256,200.0,os,sobel,2676410.0,4.3507304390399995,accelergy,7191410.0,12.618483789119999,37.21676277670165,34.47902705070888
720p,1280,720,128,128,5,8,256,200.0,ws,gaussian,3713010.0,4.5418075100525,accelergy,5580180.0,6.8137981044135,66.53925142199714,66.65603295628375
720p,1280,720,128,128,5,8,256,200.0,ws,sobel,1867170.0,2.271990594361,accelergy,5580180.0,6.8137981044135,33.46074857800286,33.34396704371625
720p,1280,720,128,128,5,8,256,800.0,os,gaussian,4498300.0,8.30039335008,accelergy,7154530.0,12.670323789120001,62.873452204407556,65.5105069785789
720p,1280,720,128,128,5,8,256,800.0,os,sobel,2656230.0,4.369930439040001,accelergy,7154530.0,12.670323789120001,37.126547795592444,34.489493021421104
720p,1280,720,128,128,5,8,256,800.0,ws,gaussian,3696970.0,4.5603675100525,accelergy,5548100.0,6.8435581044135,66.63488401434725,66.63737547740641
720p,1280,720,128,128,5,8,256,800.0,ws,sobel,1851130.0,2.283190594361,accelergy,5548100.0,6.8435581044135,33.36511598565274,33.3626245225936
720p,1280,720,128,128,5,8,1024,50.0,os,gaussian,4794390.0,4.97888471328,accelergy,7646710.0,6.74574719072,62.6987292574192,73.80775728045901
720p,1280,720,128,128,5,8,1024,50.0,os,sobel,2852320.0,1.76686247744,accelergy,7646710.0,6.74574719072,37.3012707425808,26.192242719540985
720p,1280,720,128,128,5,8,1024,50.0,ws,gaussian,4048570.0,5.3996921801774995,accelergy,6236860.0,8.2631111528365,64.91359434074198,65.34696290904829
720p,1280,720,128,128,5,8,1024,50.0,ws,sobel,2188290.0,2.8634189726590003,accelergy,6236860.0,8.2631111528365,35.08640565925803,34.65303709095171
720p,1280,720,128,128,5,8,1024,200.0,os,gaussian,4568160.0,4.98176471328,accelergy,7268380.0,6.75038719072,62.84976844909045,73.79968841089013
720p,1280,720,128,128,5,8,1024,200.0,os,sobel,2700220.0,1.76862247744,accelergy,7268380.0,6.75038719072,37.15023155090956,26.200311589109866
720p,1280,720,128,128,5,8,1024,200.0,ws,gaussian,3780870.0,5.4025721801775,accelergy,5712290.0,8.2683911528365,66.18834127819142,65.34006532001246
720p,1280,720,128,128,5,8,1024,200.0,ws,sobel,1931420.0,2.865818972659,accelergy,5712290.0,8.2683911528365,33.81165872180859,34.65993467998754
720p,1280,720,128,128,5,8,1024,800.0,os,gaussian,4511620.0,4.99904471328,accelergy,7173820.0,6.77758719072,62.89006414992292,73.75847145315646
720p,1280,720,128,128,5,8,1024,800.0,os,sobel,2662200.0,1.77854247744,accelergy,7173820.0,6.77758719072,37.109935850077086,26.24152854684354
720p,1280,720,128,128,5,8,1024,800.0,ws,gaussian,3713940.0,5.4198521801775,accelergy,5581130.0,8.296231152836501,66.54458864065163,65.32908835748194
720p,1280,720,128,128,5,8,1024,800.0,ws,sobel,1867190.0,2.8763789726590003,accelergy,5581130.0,8.296231152836501,33.455411359348375,34.67091164251806
720p,1280,720,128,128,5,8,4096,50.0,os,gaussian,4971930.0,4.43508774528,accelergy,7824250.0,6.34420180352,63.54513212128958,69.9077343791184
720p,1280,720,128,128,5,8,4096,50.0,os,sobel,2852320.0,1.9091140582400001,accelergy,7824250.0,6.34420180352,36.45486787871042,30.092265620881616
720p,1280,720,128,128,5,8,4096,50.0,ws,gaussian,4355150.0,5.864901987890001,accelergy,6569540.0,9.057067096662001,66.29307379207677,64.7549800094947
720p,1280,720,128,128,5,8,4096,50.0,ws,sobel,2214390.0,3.192165108772,accelergy,6569540.0,9.057067096662001,33.70692620792323,35.2450199905053
720p,1280,720,128,128,5,8,4096,200.0,os,gaussian,4612500.0,4.43508774528,accelergy,7312720.0,6.34596180352,63.075025435132204,69.88834604740182
720p,1280,720,128,128,5,8,4096,200.0,os,sobel,2700220.0,1.9108740582400001,accelergy,7312720.0,6.34596180352,36.92497456486779,30.11165395259817
720p,1280,720,128,128,5,8,4096,200.0,ws,gaussian,3857500.0,5.86586198789,accelergy,5795420.0,9.059627096662,66.56118107056952,64.7472785061017
720p,1280,720,128,128,5,8,4096,200.0,ws,sobel,1937920.0,3.193765108772,accelergy,5795420.0,9.059627096662,33.43881892943048,35.25272149389831
720p,1280,720,128,128,5,8,4096,800.0,os,gaussian,4522660.0,4.44084774528,accelergy,7184860.0,6.36164180352,62.94708595574583,69.80662983607166
720p,1280,720,128,128,5,8,4096,800.0,os,sobel,2662200.0,1.92079405824,accelergy,7184860.0,6.36164180352,37.05291404425417,30.193370163928336
720p,1280,720,128,128,5,8,4096,800.0,ws,gaussian,3733080.0,5.87514198789,accelergy,5601870.0,9.076267096662,66.63988989391044,64.73081857684328
720p,1280,720,128,128,5,8,4096,800.0,ws,sobel,1868790.0,3.201125108772,accelergy,5601870.0,9.076267096662,33.36011010608957,35.269181423156724
720p,1280,720,128,128,5,16,256,50.0,os,gaussian,7948810.0,61.775067962079994,accelergy,10302670.0,68.46776892176,77.15291278862664,90.22503425322952
720p,1280,720,128,128,5,16,256,50.0,os,sobel,2353860.0,6.69270095968,accelergy,10302670.0,68.46776892176,22.847087211373363,9.774965746770475
720p,1280,720,128,128,5,16,256,50.0,ws,gaussian,1956180.0,4.2339213993325,accelergy,2988000.0,6.1993058829734995,65.46787148594377,68.29670094132697
720p,1280,720,128,128,5,16,256,50.0,ws,sobel,1031820.0,1.965384483641,accelergy,2988000.0,6.1993058829734995,34.532128514056225,31.70329905867304
720p,1280,720,128,128,5,16,256,200.0,os,gaussian,3252650.0,61.87938796208,accelergy,5525860.0,68.58328892176,58.86233093129395,90.22516845564547
720p,1280,720,128,128,5,16,256,200.0,os,sobel,2273210.0,6.703900959679999,accelergy,5525860.0,68.58328892176,41.137669068706046,9.774831544354527
720p,1280,720,128,128,5,16,256,200.0,ws,gaussian,1875530.0,4.240321399332499,accelergy,2826700.0,6.208905882973499,66.35051473449606,68.29418063753565
720p,1280,720,128,128,5,16,256,200.0,ws,sobel,951170.0,1.9685844836410002,accelergy,2826700.0,6.208905882973499,33.64948526550394,31.705819362464354
720p,1280,720,128,128,5,16,256,800.0,os,gaussian,3173500.0,62.09186796208,accelergy,5426530.0,68.82296892176001,58.48120253642751,90.2196881867562
720p,1280,720,128,128,5,16,256,800.0,os,sobel,2253030.0,6.73110095968,accelergy,5426530.0,68.82296892176001,41.51879746357249,9.780311813243795
720p,1280,720,128,128,5,16,256,800.0,ws,gaussian,1855350.0,4.2569613993325,accelergy,2786340.0,6.2367458829735,66.58735114881888,68.25613034762455
720p,1280,720,128,128,5,16,256,800.0,ws,sobel,930990.0,1.9797844836410001,accelergy,2786340.0,6.2367458829735,33.41264885118112,31.74386965237545
720p,1280,720,128,128,5,16,1024,50.0,os,gaussian,3469590.0,4.96593898128,accelergy,5918710.0,6.72257813168,58.62071295941176,73.86956140945574
720p,1280,720,128,128,5,16,1024,50.0,os,sobel,2449120.0,1.7566391504,accelergy,5918710.0,6.72257813168,41.37928704058824,26.130438590544262
720p,1280,720,128,128,5,16,1024,50.0,ws,gaussian,2168760.0,5.0903892886575,accelergy,3398720.0,7.643065369796499,63.81108181903775,66.60140980572346
720p,1280,720,128,128,5,16,1024,50.0,ws,sobel,1229960.0,2.552676081139,accelergy,3398720.0,7.643065369796499,36.18891818096224,33.398590194276544
720p,1280,720,128,128,5,16,1024,200.0,os,gaussian,3243360.0,4.96881898128,accelergy,5540380.0,6.7267381316799995,58.54038892639133,73.86669265269941
720p,1280,720,128,128,5,16,1024,200.0,os,sobel,2297020.0,1.7579191503999998,accelergy,5540380.0,6.7267381316799995,41.45961107360867,26.133307347300587
720p,1280,720,128,128,5,16,1024,200.0,ws,gaussian,1928690.0,5.093269288657499,accelergy,2929410.0,7.647865369796499,65.83885492300497,66.59726658855953
720p,1280,720,128,128,5,16,1024,200.0,ws,sobel,1000720.0,2.554596081139,accelergy,2929410.0,7.647865369796499,34.16114507699503,33.402733411440465
720p,1280,720,128,128,5,16,1024,800.0,os,gaussian,3186820.0,4.9841789812799995,accelergy,5445820.0,6.75201813168,58.518643656969935,73.81761843758355
720p,1280,720,128,128,5,16,1024,800.0,os,sobel,2259000.0,1.7678391504,accelergy,5445820.0,6.75201813168,41.481356343030065,26.182381562416452
720p,1280,720,128,128,5,16,1024,800.0,ws,gaussian,1868670.0,5.1086292886575,accelergy,2812070.0,7.6737853697965,66.45175973571071,66.57248075721168
720p,1280,720,128,128,5,16,1024,800.0,ws,sobel,943400.0,2.565156081139,accelergy,2812070.0,7.6737853697965,33.5482402642893,33.42751924278832
720p,1280,720,128,128,5,16,4096,50.0,os,gaussian,3647130.0,4.4066440492800005,accelergy,6096250.0,6.294376246400001,59.82579454582735,70.00922532713757
720p,1280,720,128,128,5,16,4096,50.0,os,sobel,2449120.0,1.88773219712,accelergy,6096250.0,6.294376246400001,40.17420545417264,29.990774672862425
720p,1280,720,128,128,5,16,4096,50.0,ws,gaussian,2475340.0,5.54026597637,accelergy,3731400.0,8.406355073621999,66.33810366082436,65.90568597030362
720p,1280,720,128,128,5,16,4096,50.0,ws,sobel,1256060.0,2.866089097252,accelergy,3731400.0,8.406355073621999,33.66189633917565,34.09431402969639
720p,1280,720,128,128,5,16,4096,200.0,os,gaussian,3287700.0,4.4066440492800005,accelergy,5584720.0,6.2956562464,58.869558366399744,69.9949914164996
720p,1280,720,128,128,5,16,4096,200.0,os,sobel,2297020.0,1.88901219712,accelergy,5584720.0,6.2956562464,41.13044163360025,30.005008583500413
720p,1280,720,128,128,5,16,4096,200.0,ws,gaussian,2005320.0,5.541225976369999,accelergy,3012540.0,8.408435073621998,66.56575514350017,65.90079994496614
720p,1280,720,128,128,5,16,4096,200.0,ws,sobel,1007220.0,2.867209097252,accelergy,3012540.0,8.408435073621998,33.43424485649983,34.099200055033876
720p,1280,720,128,128,5,16,4096,800.0,os,gaussian,3197860.0,4.41048404928,accelergy,5456860.0,6.3094162464,58.602566311028696,69.9032030387362
720p,1280,720,128,128,5,16,4096,800.0,os,sobel,2259000.0,1.8989321971200002,accelergy,5456860.0,6.3094162464,41.39743368897131,30.09679696126381
720p,1280,720,128,128,5,16,4096,800.0,ws,gaussian,1887810.0,5.548585976369999,accelergy,2832810.0,8.423155073621999,66.64089720101242,65.87301228426844
720p,1280,720,128,128,5,16,4096,800.0,ws,sobel,945000.0,2.8745690972520004,accelergy,2832810.0,8.423155073621999,33.35910279898758,34.12698771573158
720p,1280,720,128,128,5,32,256,50.0,os,gaussian,62003450.0,495.18392526808003,accelergy,64155710.0,501.87465148808,96.6452557379538,98.6668531275366
720p,1280,720,128,128,5,32,256,50.0,os,sobel,2152260.0,6.69072622,accelergy,64155710.0,501.87465148808,3.3547442620462,1.3331468724634146
720p,1280,720,128,128,5,32,256,50.0,ws,gaussian,1016250.0,4.0860583439725,accelergy,2050950.0,6.0528828276135,49.55020843999122,67.50598781347186
720p,1280,720,128,128,5,32,256,50.0,ws,sobel,1034700.0,1.966824483641,accelergy,2050950.0,6.0528828276135,50.44979156000877,32.494012186528145
720p,1280,720,128,128,5,32,256,200.0,os,gaussian,15751800.0,496.02408526808006,accelergy,17823410.0,502.72649148808006,88.37702774048289,98.6667887343353
720p,1280,720,128,128,5,32,256,200.0,os,sobel,2071610.0,6.70240622,accelergy,17823410.0,502.72649148808006,11.622972259517118,1.3332112656647055
720p,1280,720,128,128,5,32,256,200.0,ws,gaussian,949440.0,4.0924583439725,accelergy,1903490.0,6.0629628276135,49.8789066399088,67.49931444958852
720p,1280,720,128,128,5,32,256,200.0,ws,sobel,954050.0,1.9705044836410002,accelergy,1903490.0,6.0629628276135,50.121093360091194,32.500685550411475
720p,1280,720,128,128,5,32,256,800.0,os,gaussian,4211850.0,497.70440526808,accelergy,6263280.0,504.43209148808,67.24671418170671,98.6662850493605
720p,1280,720,128,128,5,32,256,800.0,os,sobel,2051430.0,6.727686220000001,accelergy,6263280.0,504.43209148808,32.75328581829329,1.3337149506394914
720p,1280,720,128,128,5,32,256,800.0,ws,gaussian,932740.0,4.1052583439725,accelergy,1866610.0,6.085042827613501,49.96973122398359,67.46474035224738
720p,1280,720,128,128,5,32,256,800.0,ws,sobel,933870.0,1.9797844836410001,accelergy,1866610.0,6.085042827613501,50.03026877601642,32.53525964775262
720p,1280,720,128,128,5,32,1024,50.0,os,gaussian,2807190.0,4.96234611528,accelergy,5054710.0,6.71507360216,55.53612373410146,73.89861093531111
720p,1280,720,128,128,5,32,1024,50.0,os,sobel,2247520.0,1.75272748688,accelergy,5054710.0,6.71507360216,44.46387626589854,26.101389064688878
720p,1280,720,128,128,5,32,1024,50.0,ws,gaussian,1228830.0,4.9386178428975,accelergy,2476110.0,7.6082539240365,49.627439814870904,64.9113172642029
720p,1280,720,128,128,5,32,1024,50.0,ws,sobel,1247280.0,2.669636081139,accelergy,2476110.0,7.6082539240365,50.37256018512909,35.088682735797086
720p,1280,720,128,128,5,32,1024,200.0,os,gaussian,2580960.0,4.96522611528,accelergy,4676380.0,6.71971360216,55.19140873923847,73.8904424986798
720p,1280,720,128,128,5,32,1024,200.0,os,sobel,2095420.0,1.7544874868799998,accelergy,4676380.0,6.71971360216,44.808591260761524,26.109557501320197
720p,1280,720,128,128,5,32,1024,200.0,ws,gaussian,1002600.0,4.9414978428975,accelergy,2009810.0,7.6135339240365,49.88531254198158,64.90412851904185
720p,1280,720,128,128,5,32,1024,200.0,ws,sobel,1007210.0,2.672036081139,accelergy,2009810.0,7.6135339240365,50.114687458018416,35.095871480958145
720p,1280,720,128,128,5,32,1024,800.0,os,gaussian,2524420.0,4.97674611528,accelergy,4581820.0,6.739233602160001,55.09644639029905,73.84736023521869
720p,1280,720,128,128,5,32,1024,800.0,os,sobel,2057400.0,1.76248748688,accelergy,4581820.0,6.739233602160001,44.90355360970095,26.15263976478131
720p,1280,720,128,128,5,32,1024,800.0,ws,gaussian,946060.0,4.9530178428975,accelergy,1893250.0,7.6346539240365,49.97015713719794,64.87547297073554
720p,1280,720,128,128,5,32,1024,800.0,ws,sobel,947190.0,2.6816360811389996,accelergy,1893250.0,7.6346539240365,50.02984286280206,35.12452702926445
720p,1280,720,128,128,5,32,4096,50.0,os,gaussian,2984730.0,4.39530220128,accelergy,5232250.0,6.27354346784,57.04486597544077,70.06091890191868
720p,1280,720,128,128,5,32,4096,50.0,os,sobel,2247520.0,1.8782412665600001,accelergy,5232250.0,6.27354346784,42.95513402455922,29.93908109808131
720p,1280,720,128,128,5,32,4096,50.0,ws,gaussian,1535410.0,5.3808279706099995,accelergy,3089270.0,10.607717067862,49.701385764274406,50.72559850707361
720p,1280,720,128,128,5,32,4096,50.0,ws,sobel,1553860.0,5.226889097252,accelergy,3089270.0,10.607717067862,50.298614235725594,49.27440149292639
720p,1280,720,128,128,5,32,4096,200.0,os,gaussian,2625300.0,4.39530220128,accelergy,4720720.0,6.27530346784,55.61227948279076,70.04126929964856
720p,1280,720,128,128,5,32,4096,200.0,os,sobel,2095420.0,1.8800012665599999,accelergy,4720720.0,6.27530346784,44.38772051720924,29.958730700351428
720p,1280,720,128,128,5,32,4096,200.0,ws,gaussian,1079230.0,5.38178797061,accelergy,2163070.0,10.610597067861999,49.893438492512956,50.72087778086188
720p,1280,720,128,128,5,32,4096,200.0,ws,sobel,1083840.0,5.228809097251999,accelergy,2163070.0,10.610597067861999,50.106561507487044,49.27912221913811
720p,1280,720,128,128,5,32,4096,800.0,os,gaussian,2535460.0,4.39530220128,accelergy,4592860.0,6.28330346784,55.20438245450548,69.95209166287437
720p,1280,720,128,128,5,32,4096,800.0,os,sobel,2057400.0,1.8880012665600001,accelergy,4592860.0,6.28330346784,44.79561754549452,30.047908337125644
720p,1280,720,128,128,5,32,4096,800.0,ws,gaussian,965200.0,5.38530797061,accelergy,1931530.0,10.621477067862,49.97074857755251,50.70206277528603
720p,1280,720,128,128,5,32,4096,800.0,ws,sobel,966330.0,5.236169097252,accelergy,1931530.0,10.621477067862,50.02925142244749,49.29793722471398
720p,1280,720,128,128,5,64,256,50.0,os,gaussian,62013540.0,495.1892339210801,accelergy,64065000.0,501.88113277124006,96.7978459377195,98.66663669677932
720p,1280,720,128,128,5,64,256,50.0,os,sobel,2051460.0,6.69189885016,accelergy,64065000.0,501.88113277124006,3.202154062280496,1.3333633032206855
720p,1280,720,128,128,5,64,256,50.0,ws,gaussian,1022010.0,4.0937383439725,accelergy,2062470.0,6.063442827613501,49.55272076684752,67.51508112403111
720p,1280,720,128,128,5,64,256,50.0,ws,sobel,1040460.0,1.969704483641,accelergy,2062470.0,6.063442827613501,50.447279233152486,32.484918875968894
720p,1280,720,128,128,5,64,256,200.0,os,gaussian,15722850.0,496.02939392108004,accelergy,17693660.0,502.73201277124,88.861490499987,98.66676108147307
720p,1280,720,128,128,5,64,256,200.0,os,sobel,1970810.0,6.7026188501599995,accelergy,17693660.0,502.73201277124,11.138509500012999,1.3332389185269402
720p,1280,720,128,128,5,64,256,200.0,ws,gaussian,955200.0,4.1001383439725005,accelergy,1915010.0,6.072562827613501,49.87963509328933,67.51907654751828
720p,1280,720,128,128,5,64,256,200.0,ws,sobel,959810.0,1.972424483641,accelergy,1915010.0,6.072562827613501,50.12036490671067,32.48092345248171
720p,1280,720,128,128,5,64,256,800.0,os,gaussian,4177100.0,497.70971392108,accelergy,6127730.0,504.43569277124,68.1671679398407,98.66663304231919
720p,1280,720,128,128,5,64,256,800.0,os,sobel,1950630.0,6.72597885016,accelergy,6127730.0,504.43569277124,31.832832060159312,1.3333669576808098
720p,1280,720,128,128,5,64,256,800.0,ws,gaussian,938500.0,4.1129383439725,accelergy,1878130.0,6.0927228276135,49.969916885412616,67.50575170319253
720p,1280,720,128,128,5,64,256,800.0,ws,sobel,939630.0,1.9797844836410001,accelergy,1878130.0,6.0927228276135,50.030083114587384,32.494248296807484
720p,1280,720,128,128,5,64,1024,50.0,os,gaussian,2475990.0,4.96630968228,accelergy,4622710.0,6.719241337400001,53.56143906929053,73.91176224966055
720p,1280,720,128,128,5,64,1024,50.0,os,sobel,2146720.0,1.75293165512,accelergy,4622710.0,6.719241337400001,46.43856093070948,26.088237750339445
720p,1280,720,128,128,5,64,1024,50.0,ws,gaussian,1234590.0,4.9462978428975,accelergy,2487630.0,7.6188139240365,49.62916510895913,64.92215051075715
720p,1280,720,128,128,5,64,1024,50.0,ws,sobel,1253040.0,2.672516081139,accelergy,2487630.0,7.6188139240365,50.37083489104087,35.07784948924284
720p,1280,720,128,128,5,64,1024,200.0,os,gaussian,2249760.0,4.96918968228,accelergy,4244380.0,6.7229213374,53.00562155132198,73.91414286875722
720p,1280,720,128,128,5,64,1024,200.0,os,sobel,1994620.0,1.75373165512,accelergy,4244380.0,6.7229213374,46.99437844867801,26.085857131242772
720p,1280,720,128,128,5,64,1024,200.0,ws,gaussian,1008360.0,4.9491778428975,accelergy,2021330.0,7.6231339240365,49.88596617078854,64.92313912119856
720p,1280,720,128,128,5,64,1024,200.0,ws,sobel,1012970.0,2.6739560811389995,accelergy,2021330.0,7.6231339240365,50.11403382921146,35.07686087880143
720p,1280,720,128,128,5,64,1024,800.0,os,gaussian,2193220.0,4.98070968228,accelergy,4149820.0,6.7405213374,52.850967029895266,73.89205423391172
720p,1280,720,128,128,5,64,1024,800.0,os,sobel,1956600.0,1.75981165512,accelergy,4149820.0,6.7405213374,47.14903297010473,26.107945766088275
720p,1280,720,128,128,5,64,1024,800.0,ws,gaussian,951820.0,4.9606978428975,accelergy,1904770.0,7.6423339240365,49.97033762606509,64.91077061282579
720p,1280,720,128,128,5,64,1024,800.0,ws,sobel,952950.0,2.6816360811389996,accelergy,1904770.0,7.6423339240365,50.02966237393491,35.089229387174214
720p,1280,720,128,128,5,64,4096,50.0,os,gaussian,2653530.0,4.39539127728,accelergy,4800250.0,6.2710470785600005,55.278995885630955,70.09022930647969
720p,1280,720,128,128,5,64,4096,50.0,os,sobel,2146720.0,1.8756558012800002,accelergy,4800250.0,6.2710470785600005,44.721004114369045,29.909770693520304
720p,1280,720,128,128,5,64,4096,50.0,ws,gaussian,2026060.0,9.26762797061,accelergy,4070570.0,18.376517067862,49.77337326222126,50.43190685365404
720p,1280,720,128,128,5,64,4096,50.0,ws,sobel,2044510.0,9.108889097252,accelergy,4070570.0,18.376517067862,50.22662673777874,49.56809314634596
720p,1280,720,128,128,5,64,4096,200.0,os,gaussian,2294100.0,4.39539127728,accelergy,4288720.0,6.2718470785600005,53.49148463877334,70.08128900823218
720p,1280,720,128,128,5,64,4096,200.0,os,sobel,1994620.0,1.8764558012800001,accelergy,4288720.0,6.2718470785600005,46.50851536122666,29.918710991767828
720p,1280,720,128,128,5,64,4096,200.0,ws,gaussian,1206220.0,9.268827970610001,accelergy,2417050.0,18.378917067862,49.904635816387746,50.43185045335336
720p,1280,720,128,128,5,64,4096,200.0,ws,sobel,1210830.0,9.110089097252,accelergy,2417050.0,18.378917067862,50.095364183612254,49.56814954664664
720p,1280,720,128,128,5,64,4096,800.0,os,gaussian,2204260.0,4.39539127728,accelergy,4160860.0,6.277927078559999,52.976067447594964,70.01341720407804
720p,1280,720,128,128,5,64,4096,800.0,os,sobel,1956600.0,1.88253580128,accelergy,4160860.0,6.277927078559999,47.02393255240503,29.98658279592198
720p,1280,720,128,128,5,64,4096,800.0,ws,gaussian,1001260.0,9.27138797061,accelergy,2003650.0,18.385957067862,49.97180146233124,50.42646372114105
720p,1280,720,128,128,5,64,4096,800.0,ws,sobel,1002390.0,9.114569097252,accelergy,2003650.0,18.385957067862,50.02819853766876,49.573536278858946
720p,1280,720,128,128,5,128,256,50.0,os,gaussian,29242680.0,233.21620824758,accelergy,31243740.0,239.91301341282,93.5953250155071,97.20865280712523
720p,1280,720,128,128,5,128,256,50.0,os,sobel,2001060.0,6.69680516524,accelergy,31243740.0,239.91301341282,6.404674984492893,2.791347192874761
720p,1280,720,128,128,5,128,256,50.0,ws,gaussian,1033530.0,4.109098343972501,accelergy,2085510.0,6.084562827613501,49.557662154580896,67.5331730543438
720p,1280,720,128,128,5,128,256,50.0,ws,sobel,1051980.0,1.9754644836410002,accelergy,2085510.0,6.084562827613501,50.442337845419104,32.46682694565619
720p,1280,720,128,128,5,128,256,200.0,os,gaussian,7479850.0,233.61156824758,accelergy,9400260.0,240.31909341282002,79.5706714495131,97.20890875960578
720p,1280,720,128,128,5,128,256,200.0,os,sobel,1920410.0,6.707525165240001,accelergy,9400260.0,240.31909341282002,20.429328550486904,2.791091240394211
720p,1280,720,128,128,5,128,256,200.0,ws,gaussian,966720.0,4.1154983439725,accelergy,1938050.0,6.093682827613501,49.88106601996852,67.5371275531955
720p,1280,720,128,128,5,128,256,200.0,ws,sobel,971330.0,1.9781844836410003,accelergy,1938050.0,6.093682827613501,50.11893398003148,32.4628724468045
720p,1280,720,128,128,5,128,256,800.0,os,gaussian,2082750.0,234.40228824758,accelergy,3982980.0,241.13509341282,52.29124926562524,97.20787004912906
720p,1280,720,128,128,5,128,256,800.0,os,sobel,1900230.0,6.73280516524,accelergy,3982980.0,241.13509341282,47.70875073437477,2.792129950870954
720p,1280,720,128,128,5,128,256,800.0,ws,gaussian,950020.0,4.1282983439725,accelergy,1901170.0,6.1157628276135005,49.97028145825991,67.50259060623921
720p,1280,720,128,128,5,128,256,800.0,ws,sobel,951150.0,1.9874644836410003,accelergy,1901170.0,6.1157628276135005,50.02971854174009,32.49740939376079
720p,1280,720,128,128,5,128,1024,50.0,os,gaussian,2310390.0,4.97981146578,accelergy,4406710.0,6.73716520502,52.428909549300954,73.91553144740224
720p,1280,720,128,128,5,128,1024,50.0,os,sobel,2096320.0,1.7573537392400003,accelergy,4406710.0,6.73716520502,47.571090450699046,26.084468552597762
720p,1280,720,128,128,5,128,1024,50.0,ws,gaussian,1246110.0,4.9616578428975,accelergy,2510670.0,7.6399339240365,49.63256819892698,64.94372716087636
720p,1280,720,128,128,5,128,1024,50.0,ws,sobel,1264560.0,2.678276081139,accelergy,2510670.0,7.6399339240365,50.36743180107302,35.05627283912363
720p,1280,720,128,128,5,128,1024,200.0,os,gaussian,2084160.0,4.98269146578,accelergy,4028380.0,6.74084520502,51.73692650643683,73.91790367874523
720p,1280,720,128,128,5,128,1024,200.0,os,sobel,1944220.0,1.7581537392400002,accelergy,4028380.0,6.74084520502,48.26307349356317,26.08209632125477
720p,1280,720,128,128,5,128,1024,200.0,ws,gaussian,1019880.0,4.964537842897499,accelergy,2044370.0,7.6442539240365,49.88725132926036,64.94470084630584
720p,1280,720,128,128,5,128,1024,200.0,ws,sobel,1024490.0,2.679716081139,accelergy,2044370.0,7.6442539240365,50.112748670739634,35.055299153694165
720p,1280,720,128,128,5,128,1024,800.0,os,gaussian,2027620.0,4.99421146578,accelergy,3933820.0,6.76036520502,51.543283627618955,73.87487679025804
720p,1280,720,128,128,5,128,1024,800.0,os,sobel,1906200.0,1.7661537392400002,accelergy,3933820.0,6.76036520502,48.456716372381045,26.125123209741968
720p,1280,720,128,128,5,128,1024,800.0,ws,gaussian,963340.0,4.976057842897499,accelergy,1927810.0,7.6653739240364995,49.97069213252343,64.91604835210913
720p,1280,720,128,128,5,128,1024,800.0,ws,sobel,964470.0,2.6893160811390002,accelergy,1927810.0,7.6653739240364995,50.02930786747657,35.08395164789086
720p,1280,720,128,128,5,128,4096,50.0,os,gaussian,2487930.0,4.40695581528,accelergy,4584250.0,6.28563888392,54.27125483994111,70.1115017369822
720p,1280,720,128,128,5,128,4096,50.0,os,sobel,2096320.0,1.87868306864,accelergy,4584250.0,6.28563888392,45.7287451600589,29.888498263017794
720p,1280,720,128,128,5,128,4096,50.0,ws,gaussian,2095230.0,9.74418797061,accelergy,4208910.0,19.320037067861996,49.78082211308866,50.43565877427334
720p,1280,720,128,128,5,128,4096,50.0,ws,sobel,2113680.0,9.575849097251998,accelergy,4208910.0,19.320037067861996,50.21917788691134,49.56434122572667
720p,1280,720,128,128,5,128,4096,200.0,os,gaussian,2128500.0,4.40695581528,accelergy,4072720.0,6.28643888392,52.2623701113752,70.10257948347346
720p,1280,720,128,128,5,128,4096,200.0,os,sobel,1944220.0,1.8794830686400001,accelergy,4072720.0,6.28643888392,47.7376298886248,29.89742051652654
720p,1280,720,128,128,5,128,4096,200.0,ws,gaussian,1232160.0,9.745627970609998,accelergy,2468930.0,19.322917067861997,49.90663971842053,50.4355938411545
720p,1280,720,128,128,5,128,4096,200.0,ws,sobel,1236770.0,9.577289097251999,accelergy,2468930.0,19.322917067861997,50.09336028157947,49.56440615884549
720p,1280,720,128,128,5,128,4096,800.0,os,gaussian,2038660.0,4.40695581528,accelergy,3944860.0,6.29443888392,51.67889354755302,70.01348168679765
720p,1280,720,128,128,5,128,4096,800.0,os,sobel,1906200.0,1.8874830686400002,accelergy,3944860.0,6.29443888392,48.32110645244698,29.98651831320235
720p,1280,720,128,128,5,128,4096,800.0,ws,gaussian,1016380.0,9.747547970609999,accelergy,2033890.0,19.330597067861998,49.97222071990127,50.425488340532134
720p,1280,720,128,128,5,128,4096,800.0,ws,sobel,1017510.0,9.583049097252,accelergy,2033890.0,19.330597067861998,50.02777928009873,49.57451165946786
720p,1280,720,128,128,7,8,256,50.0,os,gaussian,7346610.0,15.39898808672,accelergy,10103670.0,19.742038525759998,72.71229167223396,78.00100312147067
720p,1280,720,128,128,7,8,256,50.0,os,sobel,2757060.0,4.34305043904,accelergy,10103670.0,19.742038525759998,27.287708327766047,21.998996878529333
720p,1280,720,128,128,7,8,256,50.0,ws,gaussian,6589410.0,8.8185889532005,accelergy,8520710.0,11.0868995475615,77.33404845370868,79.54062283481316
720p,1280,720,128,128,7,8,256,50.0,ws,sobel,1931300.0,2.268310594361,accelergy,8520710.0,11.0868995475615,22.66595154629133,20.459377165186833
720p,1280,720,128,128,7,8,256,200.0,os,gaussian,7279800.0,15.42426808672,accelergy,9956210.0,19.774998525759997,73.11818453005712,77.99883305491781
720p,1280,720,128,128,7,8,256,200.0,os,sobel,2676410.0,4.3507304390399995,accelergy,9956210.0,19.774998525759997,26.881815469942882,22.001166945082193
720p,1280,720,128,128,7,8,256,200.0,ws,gaussian,6492660.0,8.831228953200501,accelergy,8359830.0,11.103219547561501,77.66497644090849,79.53755138652575
720p,1280,720,128,128,7,8,256,200.0,ws,sobel,1867170.0,2.271990594361,accelergy,8359830.0,11.103219547561501,22.335023559091514,20.462448613474248
720p,1280,720,128,128,7,8,256,800.0,os,gaussian,7263100.0,15.478668086719999,accelergy,9919330.0,19.84859852576,73.22167928680668,77.98368265966688
720p,1280,720,128,128,7,8,256,800.0,os,sobel,2656230.0,4.369930439040001,accelergy,9919330.0,19.84859852576,26.77832071319333,22.01631734033311
720p,1280,720,128,128,7,8,256,800.0,ws,gaussian,6468420.0,8.8603489532005,accelergy,8319550.0,11.143539547561499,77.74963790108839,79.51108277027991
720p,1280,720,128,128,7,8,256,800.0,ws,sobel,1851130.0,2.283190594361,accelergy,8319550.0,11.143539547561499,22.250362098911598,20.488917229720087
720p,1280,720,128,128,7,8,1024,50.0,os,gaussian,7559190.0,9.397251794239999,accelergy,10411510.0,11.164114271679999,72.60416596631997,84.17373349606427
720p,1280,720,128,128,7,8,1024,50.0,os,sobel,2852320.0,1.76686247744,accelergy,10411510.0,11.164114271679999,27.395834033680032,15.826266503935729
720p,1280,720,128,128,7,8,1024,50.0,ws,gaussian,6872620.0,10.2563662587095,accelergy,9060910.0,13.1197852313685,75.84911449291518,78.17480300048844
720p,1280,720,128,128,7,8,1024,50.0,ws,sobel,2188290.0,2.8634189726590003,accelergy,9060910.0,13.1197852313685,24.15088550708483,21.825196999511572
720p,1280,720,128,128,7,8,1024,200.0,os,gaussian,7332960.0,9.402771794240001,accelergy,10033180.0,11.17139427168,73.08709701211382,84.16829238653281
720p,1280,720,128,128,7,8,1024,200.0,os,sobel,2700220.0,1.76862247744,accelergy,10033180.0,11.17139427168,26.912902987886195,15.831707613467188
720p,1280,720,128,128,7,8,1024,200.0,ws,gaussian,6563470.0,10.2618862587095,accelergy,8494890.0,13.1277052313685,77.26374326212581,78.16968828785737
720p,1280,720,128,128,7,8,1024,200.0,ws,sobel,1931420.0,2.865818972659,accelergy,8494890.0,13.1277052313685,22.73625673787418,21.83031171214264
720p,1280,720,128,128,7,8,1024,800.0,os,gaussian,7276420.0,9.42869179424,accelergy,9938620.0,11.20723427168,73.21358498463569,84.13040689321299
720p,1280,720,128,128,7,8,1024,800.0,os,sobel,2662200.0,1.77854247744,accelergy,9938620.0,11.20723427168,26.786415015364305,15.869593106787002
720p,1280,720,128,128,7,8,1024,800.0,ws,gaussian,6486180.0,10.287806258709502,accelergy,8353370.0,13.164185231368503,77.64746443650886,78.14996581934314
720p,1280,720,128,128,7,8,1024,800.0,ws,sobel,1867190.0,2.8763789726590003,accelergy,8353370.0,13.164185231368503,22.35253556349114,21.85003418065686
720p,1280,720,128,128,7,8,4096,50.0,os,gaussian,8179140.0,8.50605964416,accelergy,11031460.0,10.4151737024,74.1437670081748,81.66987788403301
720p,1280,720,128,128,7,8,4096,50.0,os,sobel,2852320.0,1.9091140582400001,accelergy,11031460.0,10.4151737024,25.856232991825195,18.330122115966986
720p,1280,720,128,128,7,8,4096,50.0,ws,gaussian,7621600.0,10.367359971426,accelergy,9835990.0,13.559525080198,77.48686202405655,76.45813485434118
720p,1280,720,128,128,7,8,4096,50.0,ws,sobel,2214390.0,3.192165108772,accelergy,9835990.0,13.559525080198,22.513137975943447,23.54186514565883
720p,1280,720,128,128,7,8,4096,200.0,os,gaussian,7487940.0,8.50725964416,accelergy,10188160.0,10.418133702399999,73.49649004334444,81.6581922172894
720p,1280,720,128,128,7,8,4096,200.0,os,sobel,2700220.0,1.9108740582400001,accelergy,10188160.0,10.418133702399999,26.50350995665557,18.34180778271061
720p,1280,720,128,128,7,8,4096,200.0,ws,gaussian,6750690.0,10.367999971425998,accelergy,8688610.0,13.561765080197999,77.69585698978318,76.45022539554732
720p,1280,720,128,128,7,8,4096,200.0,ws,sobel,1937920.0,3.193765108772,accelergy,8688610.0,13.561765080197999,22.304143010216823,23.54977460445268
720p,1280,720,128,128,7,8,4096,800.0,os,gaussian,7315140.0,8.51365964416,accelergy,9977340.0,10.4344537024,73.31753754006579,81.59181004561644
720p,1280,720,128,128,7,8,4096,800.0,os,sobel,2662200.0,1.92079405824,accelergy,9977340.0,10.4344537024,26.682462459934207,18.408189954383555
720p,1280,720,128,128,7,8,4096,800.0,ws,gaussian,6532940.0,10.371839971425999,accelergy,8401730.0,13.572965080198,77.75708098213107,76.41543251708342
720p,1280,720,128,128,7,8,4096,800.0,ws,sobel,1868790.0,3.201125108772,accelergy,8401730.0,13.572965080198,22.24291901786894,23.584567482916583
720p,1280,720,128,128,7,16,256,50.0,os,gaussian,7403740.0,49.78183672624,accelergy,9757600.0,56.47453768592,75.87664999590064,88.14917087608387
720p,1280,720,128,128,7,16,256,50.0,os,sobel,2353860.0,6.69270095968,accelergy,9757600.0,56.47453768592,24.12335000409937,11.850829123916135
720p,1280,720,128,128,7,16,256,50.0,ws,gaussian,3782900.0,8.3673197871205,accelergy,4814720.0,10.3327042707615,78.56947029110727,80.97899221598303
720p,1280,720,128,128,7,16,256,50.0,ws,sobel,1031820.0,1.965384483641,accelergy,4814720.0,10.3327042707615,21.430529708892728,19.02100778401698
720p,1280,720,128,128,7,16,256,200.0,os,gaussian,4572600.0,49.865516726239996,accelergy,6845810.0,56.569417685919994,66.794141233835,88.14924877448654
720p,1280,720,128,128,7,16,256,200.0,os,sobel,2273210.0,6.703900959679999,accelergy,6845810.0,56.569417685919994,33.205858766164994,11.850751225513473
720p,1280,720,128,128,7,16,256,200.0,ws,gaussian,3718770.0,8.3799597871205,accelergy,4669940.0,10.3485442707615,79.63207236067272,80.97718449924415
720p,1280,720,128,128,7,16,256,200.0,ws,sobel,951170.0,1.9685844836410002,accelergy,4669940.0,10.3485442707615,20.36792763932727,19.02281550075585
720p,1280,720,128,128,7,16,256,800.0,os,gaussian,4555900.0,50.03287672623999,accelergy,6808930.0,56.76397768591999,66.91065997153738,88.14194981732294
720p,1280,720,128,128,7,16,256,800.0,os,sobel,2253030.0,6.73110095968,accelergy,6808930.0,56.76397768591999,33.08934002846262,11.858050182677058
720p,1280,720,128,128,7,16,256,800.0,ws,gaussian,3702730.0,8.4052397871205,accelergy,4633720.0,10.3850242707615,79.90836735927074,80.93615929993557
720p,1280,720,128,128,7,16,256,800.0,ws,sobel,930990.0,1.9797844836410001,accelergy,4633720.0,10.3850242707615,20.091632640729262,19.06384070006443
720p,1280,720,128,128,7,16,1024,50.0,os,gaussian,4851990.0,16.54787495952,accelergy,7301110.0,18.304514109920003,66.45551155920127,90.4032462164729
720p,1280,720,128,128,7,16,1024,50.0,os,sobel,2449120.0,1.7566391504,accelergy,7301110.0,18.304514109920003,33.54448844079872,9.5967537835271
720p,1280,720,128,128,7,16,1024,50.0,ws,gaussian,4054330.0,9.7933719214295,accelergy,5284290.0,12.3460480025685,76.7242146059357,79.32394171310581
720p,1280,720,128,128,7,16,1024,50.0,ws,sobel,1229960.0,2.552676081139,accelergy,5284290.0,12.3460480025685,23.27578539406429,20.676058286894197
720p,1280,720,128,128,7,16,1024,200.0,os,gaussian,4625760.0,16.55795495952,accelergy,6922780.0,18.31587410992,66.8193991431188,90.40220990901058
720p,1280,720,128,128,7,16,1024,200.0,os,sobel,2297020.0,1.7579191503999998,accelergy,6922780.0,18.31587410992,33.18060085688119,9.597790090989427
720p,1280,720,128,128,7,16,1024,200.0,ws,gaussian,3786630.0,9.7988919214295,accelergy,4787350.0,12.353488002568499,79.0965774384576,79.32085188727382
720p,1280,720,128,128,7,16,1024,200.0,ws,sobel,1000720.0,2.554596081139,accelergy,4787350.0,12.353488002568499,20.9034225615424,20.67914811272619
720p,1280,720,128,128,7,16,1024,800.0,os,gaussian,4569220.0,16.59827495952,accelergy,6828220.0,18.36611410992,66.91670742887604,90.37445188557798
720p,1280,720,128,128,7,16,1024,800.0,os,sobel,2259000.0,1.7678391504,accelergy,6828220.0,18.36611410992,33.08329257112395,9.625548114422013
720p,1280,720,128,128,7,16,1024,800.0,ws,gaussian,3719700.0,9.8209719214295,accelergy,4663100.0,12.3861280025685,79.76882331496215,79.29008903664595
720p,1280,720,128,128,7,16,1024,800.0,ws,sobel,943400.0,2.565156081139,accelergy,4663100.0,12.3861280025685,20.23117668503785,20.70991096335405
720p,1280,720,128,128,7,16,4096,50.0,os,gaussian,5471940.0,8.4503868,accelergy,7921060.0,10.33811899712,69.08090583836002,81.74008059255378
720p,1280,720,128,128,7,16,4096,50.0,os,sobel,2449120.0,1.88773219712,accelergy,7921060.0,10.33811899712,30.919094161639983,18.259919407446226
720p,1280,720,128,128,7,16,4096,50.0,ws,gaussian,4845800.0,10.221285954146001,accelergy,6101860.0,13.087375051398002,79.41512915733891,78.10035178180483
720p,1280,720,128,128,7,16,4096,50.0,ws,sobel,1256060.0,2.866089097252,accelergy,6101860.0,13.087375051398002,20.58487084266109,21.899648218195157
720p,1280,720,128,128,7,16,4096,200.0,os,gaussian,4780740.0,8.4515868,accelergy,7077760.0,10.340598997119999,67.54594674021159,81.73208150082877
720p,1280,720,128,128,7,16,4096,200.0,os,sobel,2297020.0,1.88901219712,accelergy,7077760.0,10.340598997119999,32.45405325978841,18.26791849917124
720p,1280,720,128,128,7,16,4096,200.0,ws,gaussian,3984490.0,10.222485954146,accelergy,4991710.0,13.089695051398,79.82214511660332,78.09567689702766
720p,1280,720,128,128,7,16,4096,200.0,ws,sobel,1007220.0,2.867209097252,accelergy,4991710.0,13.089695051398,20.17785488339667,21.90432310297235
720p,1280,720,128,128,7,16,4096,800.0,os,gaussian,4607940.0,8.4541468,accelergy,6866940.0,10.35307899712,67.10325122980542,81.65828544679084
720p,1280,720,128,128,7,16,4096,800.0,os,sobel,2259000.0,1.8989321971200002,accelergy,6866940.0,10.35307899712,32.896748770194584,18.341714553209158
720p,1280,720,128,128,7,16,4096,800.0,ws,gaussian,3769140.0,10.225045954146,accelergy,4714140.0,13.099615051398,79.95392584861713,78.05607961781116
720p,1280,720,128,128,7,16,4096,800.0,ws,sobel,945000.0,2.8745690972520004,accelergy,4714140.0,13.099615051398,20.04607415138286,21.94392038218882
720p,1280,720,128,128,7,32,256,50.0,os,gaussian,16745670.0,133.465341046,accelergy,18897930.0,140.15606726599998,88.6111336003467,95.22623147858326
720p,1280,720,128,128,7,32,256,50.0,os,sobel,2152260.0,6.69072622,accelergy,18897930.0,140.15606726599998,11.388866399653296,4.773768521416756
720p,1280,720,128,128,7,32,256,50.0,ws,gaussian,1961940.0,8.0715936764005,accelergy,2996640.0,10.0384181600415,65.4713278872337,80.4070277579185
720p,1280,720,128,128,7,32,256,50.0,ws,sobel,1034700.0,1.966824483641,accelergy,2996640.0,10.0384181600415,34.5286721127663,19.592972242081505
720p,1280,720,128,128,7,32,256,200.0,os,gaussian,4301150.0,133.691101046,accelergy,6372760.0,140.393507266,67.49273470207571,95.22598562389277
720p,1280,720,128,128,7,32,256,200.0,os,sobel,2071610.0,6.70240622,accelergy,6372760.0,140.393507266,32.50726529792429,4.774014376107239
720p,1280,720,128,128,7,32,256,200.0,ws,gaussian,1881290.0,8.0842336764005,accelergy,2835340.0,10.054738160041499,66.35147812960703,80.40222975201907
720p,1280,720,128,128,7,32,256,200.0,ws,sobel,954050.0,1.9705044836410002,accelergy,2835340.0,10.054738160041499,33.64852187039297,19.59777024798095
720p,1280,720,128,128,7,32,256,800.0,os,gaussian,3202300.0,134.142621046,accelergy,5253730.0,140.870307266,60.952884902726254,95.2241985194961
720p,1280,720,128,128,7,32,256,800.0,os,sobel,2051430.0,6.727686220000001,accelergy,5253730.0,140.870307266,39.047115097273746,4.775801480503886
720p,1280,720,128,128,7,32,256,800.0,ws,gaussian,1861110.0,8.1095136764005,accelergy,2794980.0,10.0892981600415,66.58759633342636,80.37738153599322
720p,1280,720,128,128,7,32,256,800.0,ws,sobel,933870.0,1.9797844836410001,accelergy,2794980.0,10.0892981600415,33.412403666573645,19.622618464006784
720p,1280,720,128,128,7,32,1024,50.0,os,gaussian,3498390.0,15.78562654216,accelergy,5745910.0,17.53835402904,60.88487289219636,90.00631710377247
720p,1280,720,128,128,7,32,1024,50.0,os,sobel,2247520.0,1.75272748688,accelergy,5745910.0,17.53835402904,39.11512710780364,9.993682896227517
720p,1280,720,128,128,7,32,1024,50.0,ws,gaussian,2174520.0,9.4898290299095,accelergy,3421800.0,12.1594651110485,63.54900929335437,78.04479015517485
720p,1280,720,128,128,7,32,1024,50.0,ws,sobel,1247280.0,2.669636081139,accelergy,3421800.0,12.1594651110485,36.45099070664563,21.955209844825156
720p,1280,720,128,128,7,32,1024,200.0,os,gaussian,3272160.0,15.79522654216,accelergy,5367580.0,17.54971402904,60.96155064293406,90.00275740119297
720p,1280,720,128,128,7,32,1024,200.0,os,sobel,2095420.0,1.7544874868799998,accelergy,5367580.0,17.54971402904,39.03844935706594,9.997242598807025
720p,1280,720,128,128,7,32,1024,200.0,ws,gaussian,1934450.0,9.495349029909502,accelergy,2941660.0,12.167385111048501,65.7604889756124,78.03935638798283
720p,1280,720,128,128,7,32,1024,200.0,ws,sobel,1007210.0,2.672036081139,accelergy,2941660.0,12.167385111048501,34.23951102438759,21.96064361201716
720p,1280,720,128,128,7,32,1024,800.0,os,gaussian,3215620.0,15.83362654216,accelergy,5273020.0,17.59611402904,60.98251097094265,89.98365500489908
720p,1280,720,128,128,7,32,1024,800.0,os,sobel,2057400.0,1.76248748688,accelergy,5273020.0,17.59611402904,39.01748902905735,10.016344995100928
720p,1280,720,128,128,7,32,1024,800.0,ws,gaussian,1874430.0,9.5174290299095,accelergy,2821620.0,12.199065111048501,66.43098645458991,78.0176918745168
720p,1280,720,128,128,7,32,1024,800.0,ws,sobel,947190.0,2.6816360811389996,accelergy,2821620.0,12.199065111048501,33.56901354541008,21.98230812548319
720p,1280,720,128,128,7,32,4096,50.0,os,gaussian,4118340.0,8.428310377919999,accelergy,6365860.0,10.306551644479999,64.6941654387624,81.77623970316054
720p,1280,720,128,128,7,32,4096,50.0,os,sobel,2247520.0,1.8782412665600001,accelergy,6365860.0,10.306551644479999,35.3058345612376,18.223760296839455
720p,1280,720,128,128,7,32,4096,50.0,ws,gaussian,2965990.0,9.902409942626,accelergy,4519850.0,15.129299039878001,65.62142548978396,65.45187530846671
720p,1280,720,128,128,7,32,4096,50.0,ws,sobel,1553860.0,5.226889097252,accelergy,4519850.0,15.129299039878001,34.37857451021605,34.54812469153329
720p,1280,720,128,128,7,32,4096,200.0,os,gaussian,3427140.0,8.42951037792,accelergy,5522560.0,10.30951164448,62.05708946575501,81.76440037713517
720p,1280,720,128,128,7,32,4096,200.0,os,sobel,2095420.0,1.8800012665599999,accelergy,5522560.0,10.30951164448,37.94291053424499,18.23559962286482
720p,1280,720,128,128,7,32,4096,200.0,ws,gaussian,2132310.0,9.903609942626002,accelergy,3216150.0,15.132419039878002,66.30007928734668,65.44631044466401
720p,1280,720,128,128,7,32,4096,200.0,ws,sobel,1083840.0,5.228809097251999,accelergy,3216150.0,15.132419039878002,33.699920712653324,34.553689555335986
720p,1280,720,128,128,7,32,4096,800.0,os,gaussian,3254340.0,8.43207037792,accelergy,5311740.0,10.32007164448,61.26692948073512,81.70554108924377
720p,1280,720,128,128,7,32,4096,800.0,os,sobel,2057400.0,1.8880012665600001,accelergy,5311740.0,10.32007164448,38.73307051926487,18.294458910756244
720p,1280,720,128,128,7,32,4096,800.0,ws,gaussian,1923870.0,9.906169942626,accelergy,2890200.0,15.142339039878,66.56528959933569,65.42034170901654
720p,1280,720,128,128,7,32,4096,800.0,ws,sobel,966330.0,5.236169097252,accelergy,2890200.0,15.142339039878,33.434710400664315,34.579658290983474
720p,1280,720,128,128,7,64,256,50.0,os,gaussian,31541790.0,252.12373320588,accelergy,33593250.0,258.81563205604,93.89323748074389,97.4144147333763
720p,1280,720,128,128,7,64,256,50.0,os,sobel,2051460.0,6.69189885016,accelergy,33593250.0,258.81563205604,6.1067625192561,2.5855852666237094
720p,1280,720,128,128,7,64,256,50.0,ws,gaussian,1022010.0,7.9347706210405,accelergy,2062470.0,9.9044751046815,49.55272076684752,80.11298465771306
720p,1280,720,128,128,7,64,256,50.0,ws,sobel,1040460.0,1.969704483641,accelergy,2062470.0,9.9044751046815,50.447279233152486,19.887015342286933
720p,1280,720,128,128,7,64,256,200.0,os,gaussian,7929730.0,252.55141320588,accelergy,9900540.0,259.25403205604,80.0939140693336,97.41465203182986
720p,1280,720,128,128,7,64,256,200.0,os,sobel,1970810.0,6.7026188501599995,accelergy,9900540.0,259.25403205604,19.90608593066641,2.5853479681701423
720p,1280,720,128,128,7,64,256,200.0,ws,gaussian,955200.0,7.947890621040501,accelergy,1915010.0,9.920315104681501,49.87963509328933,80.11732023804171
720p,1280,720,128,128,7,64,256,200.0,ws,sobel,959810.0,1.972424483641,accelergy,1915010.0,9.920315104681501,50.12036490671067,19.88267976195829
720p,1280,720,128,128,7,64,256,800.0,os,gaussian,2525500.0,253.40581320587998,accelergy,4476130.0,260.13179205603996,56.42150697142397,97.41439568112806
720p,1280,720,128,128,7,64,256,800.0,os,sobel,1950630.0,6.72597885016,accelergy,4476130.0,260.13179205603996,43.57849302857603,2.5856043188719617
720p,1280,720,128,128,7,64,256,800.0,ws,gaussian,938500.0,7.9731706210405,accelergy,1878130.0,9.9529551046815,49.969916885412616,80.10857616840065
720p,1280,720,128,128,7,64,256,800.0,ws,sobel,939630.0,1.9797844836410001,accelergy,1878130.0,9.9529551046815,50.030083114587384,19.891423831599354
720p,1280,720,128,128,7,64,1024,50.0,os,gaussian,5450260.0,42.98618233348,accelergy,7596980.0,44.7391139886,71.74245555470726,96.08188115757798
720p,1280,720,128,128,7,64,1024,50.0,os,sobel,2146720.0,1.75293165512,accelergy,7596980.0,44.7391139886,28.257544445292737,3.9181188424220146
720p,1280,720,128,128,7,64,1024,50.0,ws,gaussian,1234590.0,9.3490975841495,accelergy,2487630.0,12.0216136652885,49.62916510895913,77.76907364062374
720p,1280,720,128,128,7,64,1024,50.0,ws,sobel,1253040.0,2.672516081139,accelergy,2487630.0,12.0216136652885,50.37083489104087,22.23092635937626
720p,1280,720,128,128,7,64,1024,200.0,os,gaussian,2595360.0,43.013542333480004,accelergy,4589980.0,44.7672739886,56.54403722892039,96.08255875583002
720p,1280,720,128,128,7,64,1024,200.0,os,sobel,1994620.0,1.75373165512,accelergy,4589980.0,44.7672739886,43.45596277107961,3.9174412441699893
720p,1280,720,128,128,7,64,1024,200.0,ws,gaussian,1008360.0,9.355097584149501,accelergy,2021330.0,12.029053665288501,49.88596617078854,77.77085250808157
720p,1280,720,128,128,7,64,1024,200.0,ws,sobel,1012970.0,2.6739560811389995,accelergy,2021330.0,12.029053665288501,50.11403382921146,22.229147491918418
720p,1280,720,128,128,7,64,1024,800.0,os,gaussian,2538820.0,43.121062333480005,accelergy,4495420.0,44.8808739886,56.47570193663773,96.0789273944019
720p,1280,720,128,128,7,64,1024,800.0,os,sobel,1956600.0,1.75981165512,accelergy,4495420.0,44.8808739886,43.52429806336227,3.9210726055981047
720p,1280,720,128,128,7,64,1024,800.0,ws,gaussian,951820.0,9.3771775841495,accelergy,1904770.0,12.0588136652885,49.97033762606509,77.76202406329459
720p,1280,720,128,128,7,64,1024,800.0,ws,sobel,952950.0,2.6816360811389996,accelergy,1904770.0,12.0588136652885,50.02966237393491,22.237975936705404
720p,1280,720,128,128,7,64,4096,50.0,os,gaussian,3441540.0,8.428312166880001,accelergy,5588260.0,10.303967968160002,61.58518036025525,81.79676211071394
720p,1280,720,128,128,7,64,4096,50.0,os,sobel,2146720.0,1.8756558012800002,accelergy,5588260.0,10.303967968160002,38.41481963974475,18.203237889286058
720p,1280,720,128,128,7,64,4096,50.0,ws,gaussian,2026060.0,9.754011936866,accelergy,4070570.0,18.862901034118,49.77337326222126,51.710030812458655
720p,1280,720,128,128,7,64,4096,50.0,ws,sobel,2044510.0,9.108889097252,accelergy,4070570.0,18.862901034118,50.22662673777874,48.289969187541345
720p,1280,720,128,128,7,64,4096,200.0,os,gaussian,2750340.0,8.42999216688,accelergy,4744960.0,10.30644796816,57.96339695171297,81.79338015311397
720p,1280,720,128,128,7,64,4096,200.0,os,sobel,1994620.0,1.8764558012800001,accelergy,4744960.0,10.30644796816,42.03660304828703,18.206619846886024
720p,1280,720,128,128,7,64,4096,200.0,ws,gaussian,1206220.0,9.755691936866,accelergy,2417050.0,18.865781034118,49.904635816387746,51.71104190822117
720p,1280,720,128,128,7,64,4096,200.0,ws,sobel,1210830.0,9.110089097252,accelergy,2417050.0,18.865781034118,50.095364183612254,48.28895809177883
720p,1280,720,128,128,7,64,4096,800.0,os,gaussian,2577540.0,8.43255216688,accelergy,4534140.0,10.31508796816,56.847384509521106,81.74968737939125
720p,1280,720,128,128,7,64,4096,800.0,os,sobel,1956600.0,1.88253580128,accelergy,4534140.0,10.31508796816,43.1526154904789,18.250312620608756
720p,1280,720,128,128,7,64,4096,800.0,ws,gaussian,1001260.0,9.758251936866,accelergy,2003650.0,18.872821034117997,49.97180146233124,51.705316969970625
720p,1280,720,128,128,7,64,4096,800.0,ws,sobel,1002390.0,9.114569097252,accelergy,2003650.0,18.872821034117997,50.02819853766876,48.294683030029375
720p,1280,720,128,128,7,128,256,50.0,os,gaussian,31583510.0,252.15164928581999,accelergy,33584570.0,258.84845445106,94.0417280912038,97.41284715049123
720p,1280,720,128,128,7,128,256,50.0,os,sobel,2001060.0,6.69680516524,accelergy,33584570.0,258.84845445106,5.958271908796212,2.5871528495087666
720p,1280,720,128,128,7,128,256,50.0,ws,gaussian,1033530.0,7.9650106210405,accelergy,2085510.0,9.9404751046815,49.557662154580896,80.12706170643042
720p,1280,720,128,128,7,128,256,50.0,ws,sobel,1051980.0,1.9754644836410002,accelergy,2085510.0,9.9404751046815,50.442337845419104,19.872938293569575
720p,1280,720,128,128,7,128,256,200.0,os,gaussian,7937750.0,252.57980928581998,accelergy,9858160.0,259.28733445105996,80.51958986261127,97.41309185832753
720p,1280,720,128,128,7,128,256,200.0,os,sobel,1920410.0,6.707525165240001,accelergy,9858160.0,259.28733445105996,19.48041013738872,2.5869081416724713
720p,1280,720,128,128,7,128,256,200.0,ws,gaussian,966720.0,7.978610621040501,accelergy,1938050.0,9.9567951046815,49.88106601996852,80.13231704737105
720p,1280,720,128,128,7,128,256,200.0,ws,sobel,971330.0,1.9781844836410003,accelergy,1938050.0,9.9567951046815,50.11893398003148,19.86768295262895
720p,1280,720,128,128,7,128,256,800.0,os,gaussian,2187100.0,253.43420928581997,accelergy,4087330.0,260.16701445105997,53.50925910068432,97.4121219096718
720p,1280,720,128,128,7,128,256,800.0,os,sobel,1900230.0,6.73280516524,accelergy,4087330.0,260.16701445105997,46.49074089931569,2.5878780903282066
720p,1280,720,128,128,7,128,256,800.0,ws,gaussian,950020.0,8.003890621040501,accelergy,1901170.0,9.991355104681501,49.97028145825991,80.10815887516836
720p,1280,720,128,128,7,128,256,800.0,ws,sobel,951150.0,1.9874644836410003,accelergy,1901170.0,9.991355104681501,50.02971854174009,19.89184112483164
720p,1280,720,128,128,7,128,1024,50.0,os,gaussian,5463090.0,43.01278022914,accelergy,7559410.0,44.77013396838,72.26873525843948,96.07471860486015
720p,1280,720,128,128,7,128,1024,50.0,os,sobel,2096320.0,1.7573537392400003,accelergy,7559410.0,44.77013396838,27.73126474156052,3.925281395139836
720p,1280,720,128,128,7,128,1024,50.0,ws,gaussian,1246110.0,9.3793375841495,accelergy,2510670.0,12.0576136652885,49.63256819892698,77.78767710190259
720p,1280,720,128,128,7,128,1024,50.0,ws,sobel,1264560.0,2.678276081139,accelergy,2510670.0,12.0576136652885,50.36743180107302,22.212322898097412
720p,1280,720,128,128,7,128,1024,200.0,os,gaussian,2256960.0,43.04062022914,accelergy,4201180.0,44.798773968380004,53.722049519420736,96.07544228669975
720p,1280,720,128,128,7,128,1024,200.0,os,sobel,1944220.0,1.7581537392400002,accelergy,4201180.0,44.798773968380004,46.277950480579264,3.924557713300246
720p,1280,720,128,128,7,128,1024,200.0,ws,gaussian,1019880.0,9.3858175841495,accelergy,2044370.0,12.0655336652885,49.88725132926036,77.79032278656423
720p,1280,720,128,128,7,128,1024,200.0,ws,sobel,1024490.0,2.679716081139,accelergy,2044370.0,12.0655336652885,50.112748670739634,22.209677213435754
720p,1280,720,128,128,7,128,1024,800.0,os,gaussian,2200420.0,43.148140229140004,accelergy,4106620.0,44.91429396838001,53.582264733527815,96.06772458566667
720p,1280,720,128,128,7,128,1024,800.0,os,sobel,1906200.0,1.7661537392400002,accelergy,4106620.0,44.91429396838001,46.417735266472185,3.9322754143333194
720p,1280,720,128,128,7,128,1024,800.0,ws,gaussian,963340.0,9.4078975841495,accelergy,1927810.0,12.0972136652885,49.97069213252343,77.76912803602313
720p,1280,720,128,128,7,128,1024,800.0,ws,sobel,964470.0,2.6893160811390002,accelergy,1927810.0,12.0972136652885,50.02930786747657,22.230871963976874
720p,1280,720,128,128,7,128,4096,50.0,os,gaussian,3103140.0,8.45111306136,accelergy,5199460.0,10.329796129999998,59.6819669734934,81.81297050787005
720p,1280,720,128,128,7,128,4096,50.0,os,sobel,2096320.0,1.87868306864,accelergy,5199460.0,10.329796129999998,40.3180330265066,18.18702949212997
720p,1280,720,128,128,7,128,4096,50.0,ws,gaussian,2095230.0,10.245451936866,accelergy,4208910.0,19.821301034118,49.78082211308866,51.68909911226671
720p,1280,720,128,128,7,128,4096,50.0,ws,sobel,2113680.0,9.575849097251998,accelergy,4208910.0,19.821301034118,50.21917788691134,48.310900887733276
720p,1280,720,128,128,7,128,4096,200.0,os,gaussian,2411940.0,8.45327306136,accelergy,4356160.0,10.33275613,55.36848967898332,81.81043813486382
720p,1280,720,128,128,7,128,4096,200.0,os,sobel,1944220.0,1.8794830686400001,accelergy,4356160.0,10.33275613,44.63151032101668,18.189561865136174
720p,1280,720,128,128,7,128,4096,200.0,ws,gaussian,1232160.0,10.247851936866,accelergy,2468930.0,19.825141034117998,49.90663971842053,51.69119311297711
720p,1280,720,128,128,7,128,4096,200.0,ws,sobel,1236770.0,9.577289097251999,accelergy,2468930.0,19.825141034117998,50.09336028157947,48.308806887022904
720p,1280,720,128,128,7,128,4096,800.0,os,gaussian,2239140.0,8.45583306136,accelergy,4145340.0,10.34331613,54.01583464806264,81.75166411896183
720p,1280,720,128,128,7,128,4096,800.0,os,sobel,1906200.0,1.8874830686400002,accelergy,4145340.0,10.34331613,45.98416535193736,18.248335881038187
720p,1280,720,128,128,7,128,4096,800.0,ws,gaussian,1016380.0,10.249771936866,accelergy,2033890.0,19.832821034118,49.97222071990127,51.680857298281104
720p,1280,720,128,128,7,128,4096,800.0,ws,sobel,1017510.0,9.583049097252,accelergy,2033890.0,19.832821034118,50.02777928009873,48.31914270171891
720p,1280,720,128,128,11,8,256,50.0,os,gaussian,15641010.0,52.66533229664,accelergy,18398070.0,57.00838273568,85.01440640241069,92.38173364928348
720p,1280,720,128,128,11,8,256,50.0,os,sobel,2757060.0,4.34305043904,accelergy,18398070.0,57.00838273568,14.985593597589311,7.618266350716528
720p,1280,720,128,128,11,8,256,50.0,ws,gaussian,14873150.0,21.2911732826445,accelergy,16804450.0,23.5594838770055,88.50721088759227,90.37198520051233
720p,1280,720,128,128,11,8,256,50.0,ws,sobel,1931300.0,2.268310594361,accelergy,16804450.0,23.5594838770055,11.492789112407726,9.628014799487666
720p,1280,720,128,128,11,8,256,200.0,os,gaussian,15574200.0,52.75301229664,accelergy,18250610.0,57.10374273568,85.33522989094611,92.38100651444421
720p,1280,720,128,128,11,8,256,200.0,os,sobel,2676410.0,4.3507304390399995,accelergy,18250610.0,57.10374273568,14.66477010905389,7.618993485555794
720p,1280,720,128,128,11,8,256,200.0,ws,gaussian,14793310.0,21.321893282644503,accelergy,16660480.0,23.593883877005503,88.79281989474494,90.37042563146939
720p,1280,720,128,128,11,8,256,200.0,ws,sobel,1867170.0,2.271990594361,accelergy,16660480.0,23.593883877005503,11.207180105255071,9.62957436853062
720p,1280,720,128,128,11,8,256,800.0,os,gaussian,15557500.0,52.93413229664,accelergy,18213730.0,57.304062735680006,85.41633152572263,92.37413504310037
720p,1280,720,128,128,11,8,256,800.0,os,sobel,2656230.0,4.369930439040001,accelergy,18213730.0,57.304062735680006,14.583668474277372,7.625864956899629
720p,1280,720,128,128,11,8,256,800.0,ws,gaussian,14773320.0,21.389093282644502,accelergy,16624450.0,23.6722838770055,88.86501508320576,90.35500500828813
720p,1280,720,128,128,11,8,256,800.0,ws,sobel,1851130.0,2.283190594361,accelergy,16624450.0,23.6722838770055,11.13498491679424,9.644994991711881
720p,1280,720,128,128,11,8,1024,50.0,os,gaussian,15853590.0,35.871153037119996,accelergy,18705910.0,37.638015514559996,84.75177096436367,95.30564389943326
720p,1280,720,128,128,11,8,1024,50.0,os,sobel,2852320.0,1.76686247744,accelergy,18705910.0,37.638015514559996,15.248229035636331,4.694356100566731
720p,1280,720,128,128,11,8,1024,50.0,ws,gaussian,15108780.0,22.9379884943055,accelergy,17297070.0,25.801407466964502,87.348782192591,88.90208227467726
720p,1280,720,128,128,11,8,1024,50.0,ws,sobel,2188290.0,2.8634189726590003,accelergy,17297070.0,25.801407466964502,12.651217807409001,11.097917725322747
720p,1280,720,128,128,11,8,1024,200.0,os,gaussian,15627360.0,35.89299303712,accelergy,18327580.0,37.66161551456,85.26690375925244,95.3039123434409
720p,1280,720,128,128,11,8,1024,200.0,os,sobel,2700220.0,1.76862247744,accelergy,18327580.0,37.66161551456,14.733096240747551,4.6960876565591025
720p,1280,720,128,128,11,8,1024,200.0,ws,gaussian,14852210.0,22.9502284943055,accelergy,16783630.0,25.8160474669645,88.49223916399491,88.89907924004926
720p,1280,720,128,128,11,8,1024,200.0,ws,sobel,1931420.0,2.865818972659,accelergy,16783630.0,25.8160474669645,11.507760836005083,11.100920759950743
720p,1280,720,128,128,11,8,1024,800.0,os,gaussian,15570820.0,35.98611303712,accelergy,18233020.0,37.76465551456,85.39901782590049,95.290457563543
720p,1280,720,128,128,11,8,1024,800.0,os,sobel,2662200.0,1.77854247744,accelergy,18233020.0,37.76465551456,14.600982174099519,4.709542436456996
720p,1280,720,128,128,11,8,1024,800.0,ws,gaussian,14788060.0,23.004948494305502,accelergy,16655250.0,25.881327466964503,88.78918058870326,88.88627727333355
720p,1280,720,128,128,11,8,1024,800.0,ws,sobel,1867190.0,2.8763789726590003,accelergy,16655250.0,25.881327466964503,11.210819411296738,11.11372272666645
720p,1280,720,128,128,11,8,4096,50.0,os,gaussian,16702710.0,28.5427353408,accelergy,19555030.0,30.45184939904,85.41388072531721,93.73071226898887
720p,1280,720,128,128,11,8,4096,50.0,os,sobel,2852320.0,1.9091140582400001,accelergy,19555030.0,30.45184939904,14.58611927468278,6.269287731011127
720p,1280,720,128,128,11,8,4096,50.0,ws,gaussian,16193900.0,30.666493922033997,accelergy,18408290.0,33.858659030805995,87.97069146563858,90.57208643181161
720p,1280,720,128,128,11,8,4096,50.0,ws,sobel,2214390.0,3.192165108772,accelergy,18408290.0,33.858659030805995,12.029308534361421,9.427913568188384
720p,1280,720,128,128,11,8,4096,200.0,os,gaussian,15839640.0,28.5468153408,accelergy,18539860.0,30.45768939904,85.43559660105309,93.72613584305502
720p,1280,720,128,128,11,8,4096,200.0,os,sobel,2700220.0,1.9108740582400001,accelergy,18539860.0,30.45768939904,14.564403398946919,6.273864156944977
720p,1280,720,128,128,11,8,4096,200.0,ws,gaussian,15123490.0,30.670573922034002,accelergy,17061410.0,33.864339030806,88.64150149372179,90.56894302331823
720p,1280,720,128,128,11,8,4096,200.0,ws,sobel,1937920.0,3.193765108772,accelergy,17061410.0,33.864339030806,11.358498506278202,9.431056976681779
720p,1280,720,128,128,11,8,4096,800.0,os,gaussian,15623860.0,28.558015340799997,accelergy,18286060.0,30.478809399039996,85.44136899911736,93.6979360542197
720p,1280,720,128,128,11,8,4096,800.0,os,sobel,2662200.0,1.92079405824,accelergy,18286060.0,30.478809399039996,14.558631000882642,6.3020639457803105
720p,1280,720,128,128,11,8,4096,800.0,ws,gaussian,14855850.0,30.681773922033997,accelergy,16724640.0,33.882899030805994,88.82612719915048,90.55238719136291
720p,1280,720,128,128,11,8,4096,800.0,ws,sobel,1868790.0,3.201125108772,accelergy,16724640.0,33.882899030805994,11.173872800849525,9.447612808637091
720p,1280,720,128,128,11,16,256,50.0,os,gaussian,12226890.0,88.62822301871999,accelergy,14580750.0,95.32092397839999,83.85638598837508,92.97877036819683
720p,1280,720,128,128,11,16,256,50.0,os,sobel,2353860.0,6.69270095968,accelergy,14580750.0,95.32092397839999,16.143614011624916,7.021229631803178
720p,1280,720,128,128,11,16,256,50.0,ws,gaussian,7483400.0,20.0866688397645,accelergy,8515220.0,22.0520533234055,87.88263838162726,91.0875216252312
720p,1280,720,128,128,11,16,256,50.0,ws,sobel,1031820.0,1.965384483641,accelergy,8515220.0,22.0520533234055,12.11736161837275,8.912478374768803
720p,1280,720,128,128,11,16,256,200.0,os,gaussian,8719800.0,88.77750301872,accelergy,10993010.0,95.4814039784,79.32131418055656,92.97884123991665
720p,1280,720,128,128,11,16,256,200.0,os,sobel,2273210.0,6.703900959679999,accelergy,10993010.0,95.4814039784,20.678685819443444,7.021158760083345
720p,1280,720,128,128,11,16,256,200.0,ws,gaussian,7416970.0,20.1178688397645,accelergy,8368140.0,22.0864533234055,88.63343586507874,91.08691443204759
720p,1280,720,128,128,11,16,256,200.0,ws,sobel,951170.0,1.9685844836410002,accelergy,8368140.0,22.0864533234055,11.366564134921262,8.913085567952406
720p,1280,720,128,128,11,16,256,800.0,os,gaussian,8703100.0,89.07894301872,accelergy,10956130.0,95.8100439784,79.43589570404879,92.97453515291413
720p,1280,720,128,128,11,16,256,800.0,os,sobel,2253030.0,6.73110095968,accelergy,10956130.0,95.8100439784,20.564104295951218,7.025464847085865
720p,1280,720,128,128,11,16,256,800.0,ws,gaussian,7400340.0,20.1831488397645,accelergy,8331330.0,22.1629333234055,88.82543363424567,91.06713694098326
720p,1280,720,128,128,11,16,256,800.0,ws,sobel,930990.0,1.9797844836410001,accelergy,8331330.0,22.1629333234055,11.174566365754329,8.932863059016736
720p,1280,720,128,128,11,16,1024,50.0,os,gaussian,8999190.0,20.70112289424,accelergy,11448310.0,22.457762044640003,78.60714812928721,92.17803115507112
720p,1280,720,128,128,11,16,1024,50.0,os,sobel,2449120.0,1.7566391504,accelergy,11448310.0,22.457762044640003,21.392851870712796,7.821968844928863
720p,1280,720,128,128,11,16,1024,50.0,ws,gaussian,7825510.0,21.7022169282255,accelergy,9055470.0,24.2548930093645,86.41749130635958,89.4756242373304
720p,1280,720,128,128,11,16,1024,50.0,ws,sobel,1229960.0,2.552676081139,accelergy,9055470.0,24.2548930093645,13.582508693640419,10.524375762669596
720p,1280,720,128,128,11,16,1024,200.0,os,gaussian,8772960.0,20.71384289424,accelergy,11069980.0,22.47176204464,79.250007678424,92.17720823623931
720p,1280,720,128,128,11,16,1024,200.0,os,sobel,2297020.0,1.7579191503999998,accelergy,11069980.0,22.47176204464,20.74999232157601,7.822791763760694
720p,1280,720,128,128,11,16,1024,200.0,ws,gaussian,7502520.0,21.7149369282255,accelergy,8503240.0,24.2695330093645,88.23130947732865,89.47406165519007
720p,1280,720,128,128,11,16,1024,200.0,ws,sobel,1000720.0,2.554596081139,accelergy,8503240.0,24.2695330093645,11.768690522671358,10.525938344809925
720p,1280,720,128,128,11,16,1024,800.0,os,gaussian,8716420.0,20.76664289424,accelergy,10975420.0,22.53448204464,79.4176441539367,92.15495991033663
720p,1280,720,128,128,11,16,1024,800.0,os,sobel,2259000.0,1.7678391504,accelergy,10975420.0,22.53448204464,20.582355846063294,7.845040089663362
720p,1280,720,128,128,11,16,1024,800.0,ws,gaussian,7421750.0,21.7677369282255,accelergy,8365150.0,24.3328930093645,88.72225841736251,89.45807191873239
720p,1280,720,128,128,11,16,1024,800.0,ws,sobel,943400.0,2.565156081139,accelergy,8365150.0,24.3328930093645,11.277741582637491,10.541928081267612
720p,1280,720,128,128,11,16,4096,50.0,os,gaussian,9848310.0,28.404895052159997,accelergy,12297430.0,30.292627249279995,80.08429403542041,93.76834441732068
720p,1280,720,128,128,11,16,4096,50.0,os,sobel,2449120.0,1.88773219712,accelergy,12297430.0,30.292627249279995,19.91570596457959,6.231655582679341
720p,1280,720,128,128,11,16,4096,50.0,ws,gaussian,8674630.0,29.369389875954,accelergy,9930690.0,32.235478973206,87.35173487441456,91.10889867765178
720p,1280,720,128,128,11,16,4096,50.0,ws,sobel,1256060.0,2.866089097252,accelergy,9930690.0,32.235478973206,12.648265125585434,8.891101322348216
720p,1280,720,128,128,11,16,4096,200.0,os,gaussian,8985240.0,28.40945505216,accelergy,11282260.0,30.298467249279998,79.64042665210694,93.765320926705
720p,1280,720,128,128,11,16,4096,200.0,os,sobel,2297020.0,1.88901219712,accelergy,11282260.0,30.298467249279998,20.359573347893065,6.234679073295003
720p,1280,720,128,128,11,16,4096,200.0,ws,gaussian,7714800.0,29.373949875954,accelergy,8722020.0,32.241158973206,88.45198703969952,91.10699122312944
720p,1280,720,128,128,11,16,4096,200.0,ws,sobel,1007220.0,2.867209097252,accelergy,8722020.0,32.241158973206,11.54801296030048,8.893008776870563
720p,1280,720,128,128,11,16,4096,800.0,os,gaussian,8769460.0,28.418735052159995,accelergy,11028460.0,30.317667249279996,79.51663242193379,93.73654911670324
720p,1280,720,128,128,11,16,4096,800.0,os,sobel,2259000.0,1.8989321971200002,accelergy,11028460.0,30.317667249279996,20.483367578066204,6.263450883296759
720p,1280,720,128,128,11,16,4096,800.0,ws,gaussian,7474790.0,29.383229875954,accelergy,8419790.0,32.257798973206,88.77644216779753,91.08876244272068
720p,1280,720,128,128,11,16,4096,800.0,ws,sobel,945000.0,2.8745690972520004,accelergy,8419790.0,32.257798973206,11.223557832202466,8.911237557279334
720p,1280,720,128,128,11,32,256,50.0,os,gaussian,25654110.0,205.29310837975999,accelergy,27806370.0,211.98383459975997,92.2598311106412,96.84375639650422
720p,1280,720,128,128,11,32,256,50.0,os,sobel,2152260.0,6.69072622,accelergy,27806370.0,211.98383459975997,7.740168889358805,3.156243603495781
720p,1280,720,128,128,11,32,256,50.0,ws,gaussian,3794420.0,19.4985766183245,accelergy,4829120.0,21.465401101965497,78.57373600159036,90.83723395478081
720p,1280,720,128,128,11,32,256,50.0,ws,sobel,1034700.0,1.966824483641,accelergy,4829120.0,21.465401101965497,21.42626399840965,9.162766045219188
720p,1280,720,128,128,11,32,256,200.0,os,gaussian,6650200.0,205.64094837976,accelergy,8721810.0,212.34335459976,76.24793477500657,96.84359972901757
720p,1280,720,128,128,11,32,256,200.0,os,sobel,2071610.0,6.70240622,accelergy,8721810.0,212.34335459976,23.752065224993434,3.156400270982427
720p,1280,720,128,128,11,32,256,200.0,ws,gaussian,3730290.0,19.5302566183245,accelergy,4684340.0,21.5007611019655,79.63320339684992,90.83518730199339
720p,1280,720,128,128,11,32,256,200.0,ws,sobel,954050.0,1.9705044836410002,accelergy,4684340.0,21.5007611019655,20.36679660315007,9.16481269800661
720p,1280,720,128,128,11,32,256,800.0,os,gaussian,5275900.0,206.33470837976,accelergy,7327330.0,213.06239459976,72.00303521200765,96.84238683572573
720p,1280,720,128,128,11,32,256,800.0,os,sobel,2051430.0,6.727686220000001,accelergy,7327330.0,213.06239459976,27.99696478799235,3.1576131642742635
720p,1280,720,128,128,11,32,256,800.0,ws,gaussian,3714250.0,19.5916966183245,accelergy,4648120.0,21.571481101965503,79.90865123964097,90.82221348509717
720p,1280,720,128,128,11,32,256,800.0,ws,sobel,933870.0,1.9797844836410001,accelergy,4648120.0,21.571481101965503,20.091348760359026,9.17778651490282
720p,1280,720,128,128,11,32,1024,50.0,os,gaussian,7819530.0,41.8339478228,accelergy,10067050.0,43.58667530968,77.67449252760242,95.97875388653297
720p,1280,720,128,128,11,32,1024,50.0,os,sobel,2247520.0,1.75272748688,accelergy,10067050.0,43.58667530968,22.325507472397575,4.021246113467029
720p,1280,720,128,128,11,32,1024,50.0,ws,gaussian,4065850.0,21.098491145185502,accelergy,5313130.0,23.768127226324502,76.52457214485622,88.76799986924408
720p,1280,720,128,128,11,32,1024,50.0,ws,sobel,1247280.0,2.669636081139,accelergy,5313130.0,23.768127226324502,23.475427855143767,11.232000130755914
720p,1280,720,128,128,11,32,1024,200.0,os,gaussian,5378510.0,41.8605878228,accelergy,7473930.0,43.61507530968,71.96361218261343,95.97733702298432
720p,1280,720,128,128,11,32,1024,200.0,os,sobel,2095420.0,1.7544874868799998,accelergy,7473930.0,43.61507530968,28.036387817386572,4.02266297701567
720p,1280,720,128,128,11,32,1024,200.0,ws,gaussian,3798150.0,21.1116911451855,accelergy,4805360.0,23.7837272263245,79.03986381873574,88.765276124671
720p,1280,720,128,128,11,32,1024,200.0,ws,sobel,1007210.0,2.672036081139,accelergy,4805360.0,23.7837272263245,20.960136181264254,11.234723875328989
720p,1280,720,128,128,11,32,1024,800.0,os,gaussian,5289220.0,41.963307822800004,accelergy,7346620.0,43.72579530968,71.99528490652844,95.96922714750526
720p,1280,720,128,128,11,32,1024,800.0,os,sobel,2057400.0,1.76248748688,accelergy,7346620.0,43.72579530968,28.004715093471553,4.03077285249474
720p,1280,720,128,128,11,32,1024,800.0,ws,gaussian,3731220.0,21.160651145185504,accelergy,4678410.0,23.842287226324505,79.75401899363244,88.7526055881997
720p,1280,720,128,128,11,32,1024,800.0,ws,sobel,947190.0,2.6816360811389996,accelergy,4678410.0,23.842287226324505,20.245981006367547,11.247394411800302
720p,1280,720,128,128,11,32,4096,50.0,os,gaussian,6421110.0,28.35013490784,accelergy,8668630.0,30.2283761744,74.07295039700622,93.78649631814937
720p,1280,720,128,128,11,32,4096,50.0,os,sobel,2247520.0,1.8782412665600001,accelergy,8668630.0,30.2283761744,25.927049602993783,6.2135036818506215
720p,1280,720,128,128,11,32,4096,50.0,ws,gaussian,4914970.0,28.734997852914,accelergy,6468830.0,33.961886950166,75.97927291333981,84.60954450227787
720p,1280,720,128,128,11,32,4096,50.0,ws,sobel,1553860.0,5.226889097252,accelergy,6468830.0,33.961886950166,24.020727086660184,15.390455497722138
720p,1280,720,128,128,11,32,4096,200.0,os,gaussian,5558040.0,28.355174907840002,accelergy,7653460.0,30.235176174400003,72.62127194758972,93.78207272312244
720p,1280,720,128,128,11,32,4096,200.0,os,sobel,2095420.0,1.8800012665599999,accelergy,7653460.0,30.235176174400003,27.378728052410285,6.217927276877551
720p,1280,720,128,128,11,32,4096,200.0,ws,gaussian,4010430.0,28.740037852914,accelergy,5094270.0,33.968846950166,78.7243314547521,84.6070456706319
720p,1280,720,128,128,11,32,4096,200.0,ws,sobel,1083840.0,5.228809097251999,accelergy,5094270.0,33.968846950166,21.275668545247896,15.392954329368097
720p,1280,720,128,128,11,32,4096,800.0,os,gaussian,5342260.0,28.360614907840002,accelergy,7399660.0,30.248616174400002,72.19601981712674,93.75838796831356
720p,1280,720,128,128,11,32,4096,800.0,os,sobel,2057400.0,1.8880012665600001,accelergy,7399660.0,30.248616174400002,27.803980182873268,6.2416120316864365
720p,1280,720,128,128,11,32,4096,800.0,ws,gaussian,3784260.0,28.745477852914,accelergy,4750590.0,33.981646950166,79.65873712528338,84.5911850448837
720p,1280,720,128,128,11,32,4096,800.0,ws,sobel,966330.0,5.236169097252,accelergy,4750590.0,33.981646950166,20.341262874716616,15.408814955116295
720p,1280,720,128,128,11,64,256,50.0,os,gaussian,44805950.0,357.98739106028,accelergy,46857410.0,364.67928991044,95.62190910679868,98.16499070956198
720p,1280,720,128,128,11,64,256,50.0,os,sobel,2051460.0,6.69189885016,accelergy,46857410.0,364.67928991044,4.37809089320131,1.835009290438027
720p,1280,720,128,128,11,64,256,50.0,ws,gaussian,2342640.0,19.232130507604502,accelergy,3383100.0,21.2018349912455,69.24536667553427,90.70974524396442
720p,1280,720,128,128,11,64,256,50.0,ws,sobel,1040460.0,1.969704483641,accelergy,3383100.0,21.2018349912455,30.754633324465726,9.290254756035575
720p,1280,720,128,128,11,64,256,200.0,os,gaussian,11337360.0,358.59395106028,accelergy,13308170.0,365.29656991044,85.19097667072182,98.16515691570736
720p,1280,720,128,128,11,64,256,200.0,os,sobel,1970810.0,6.7026188501599995,accelergy,13308170.0,365.29656991044,14.809023329278181,1.834843084292657
720p,1280,720,128,128,11,64,256,200.0,ws,gaussian,1892810.0,19.2633305076045,accelergy,2852620.0,21.2357549912455,66.35338741227363,90.71177603784685
720p,1280,720,128,128,11,64,256,200.0,ws,sobel,959810.0,1.972424483641,accelergy,2852620.0,21.2357549912455,33.64661258772637,9.28822396215316
720p,1280,720,128,128,11,64,256,800.0,os,gaussian,3720100.0,359.80803106028,accelergy,5670730.0,366.53400991044,65.60178319193473,98.16497823713455
720p,1280,720,128,128,11,64,256,800.0,os,sobel,1950630.0,6.72597885016,accelergy,5670730.0,366.53400991044,34.39821680806527,1.8350217628654557
720p,1280,720,128,128,11,64,256,800.0,ws,gaussian,1872630.0,19.3266905076045,accelergy,2812260.0,21.3064749912455,66.58808218301296,90.70806182414283
720p,1280,720,128,128,11,64,256,800.0,ws,sobel,939630.0,1.9797844836410001,accelergy,2812260.0,21.3064749912455,33.41191781698705,9.291938175857165
720p,1280,720,128,128,11,64,1024,50.0,os,gaussian,15165020.0,118.89964028708,accelergy,17311740.0,120.6525719422,87.59962892233824,98.54712450227771
720p,1280,720,128,128,11,64,1024,50.0,os,sobel,2146720.0,1.75293165512,accelergy,17311740.0,120.6525719422,12.400371077661749,1.4528754977223046
720p,1280,720,128,128,11,64,1024,50.0,ws,gaussian,2552840.0,20.8242282536655,accelergy,3805880.0,23.4967443348045,67.07620839332822,88.62601540426883
720p,1280,720,128,128,11,64,1024,50.0,ws,sobel,1253040.0,2.672516081139,accelergy,3805880.0,23.4967443348045,32.923791606671784,11.373984595731168
720p,1280,720,128,128,11,64,1024,200.0,os,gaussian,4119710.0,118.97476028708,accelergy,6114330.0,120.72849194220001,67.37794656160202,98.54737549777428
720p,1280,720,128,128,11,64,1024,200.0,os,sobel,1994620.0,1.75373165512,accelergy,6114330.0,120.72849194220001,32.62205343839799,1.4526245022257187
720p,1280,720,128,128,11,64,1024,200.0,ws,gaussian,1945970.0,20.8369482536655,accelergy,2958940.0,23.5109043348045,65.765780989138,88.62674083880052
720p,1280,720,128,128,11,64,1024,200.0,ws,sobel,1012970.0,2.6739560811389995,accelergy,2958940.0,23.5109043348045,34.234219010862,11.373259161199483
720p,1280,720,128,128,11,64,1024,800.0,os,gaussian,3575620.0,119.27524028708001,accelergy,5532220.0,121.03505194220001,64.63264295346171,98.54603139596256
720p,1280,720,128,128,11,64,1024,800.0,os,sobel,1956600.0,1.75981165512,accelergy,5532220.0,121.03505194220001,35.36735704653828,1.4539686040374433
720p,1280,720,128,128,11,64,1024,800.0,ws,gaussian,1885950.0,20.8878282536655,accelergy,2838900.0,23.5694643348045,66.43242100813696,88.62241397154246
720p,1280,720,128,128,11,64,1024,800.0,ws,sobel,952950.0,2.6816360811389996,accelergy,2838900.0,23.5694643348045,33.567578991863044,11.37758602845754
720p,1280,720,128,128,11,64,4096,50.0,os,gaussian,8482310.0,58.547154835680004,accelergy,10629030.0,60.42281063696,79.80323698399572,96.89578193813335
720p,1280,720,128,128,11,64,4096,50.0,os,sobel,2146720.0,1.8756558012800002,accelergy,10629030.0,60.42281063696,20.196763016004283,3.104218061866657
720p,1280,720,128,128,11,64,4096,50.0,ws,gaussian,3504220.0,28.445401841394,accelergy,5548730.0,37.554290938646,63.153550452085426,75.7447448225462
720p,1280,720,128,128,11,64,4096,50.0,ws,sobel,2044510.0,9.108889097252,accelergy,5548730.0,37.554290938646,36.84644954791457,24.255255177453808
720p,1280,720,128,128,11,64,4096,200.0,os,gaussian,3844440.0,58.556514835680005,accelergy,5839060.0,60.43297063696001,65.84004959702418,96.89498003903785
720p,1280,720,128,128,11,64,4096,200.0,os,sobel,1994620.0,1.8764558012800001,accelergy,5839060.0,60.43297063696001,34.15995040297582,3.105019960962145
720p,1280,720,128,128,11,64,4096,200.0,ws,gaussian,2158250.0,28.449961841394,accelergy,3369080.0,37.560050938646,64.06051503674594,75.74526958940166
720p,1280,720,128,128,11,64,4096,200.0,ws,sobel,1210830.0,9.110089097252,accelergy,3369080.0,37.560050938646,35.93948496325407,24.254730410598345
720p,1280,720,128,128,11,64,4096,800.0,os,gaussian,3628660.0,58.57027483568,accelergy,5585260.0,60.45281063696,64.96850639003377,96.88594164366438
720p,1280,720,128,128,11,64,4096,800.0,os,sobel,1956600.0,1.88253580128,accelergy,5585260.0,60.45281063696,35.03149360996623,3.1140583563356175
720p,1280,720,128,128,11,64,4096,800.0,ws,gaussian,1938990.0,28.457321841394,accelergy,2941380.0,37.571890938646,65.9210982600004,75.74098915560073
720p,1280,720,128,128,11,64,4096,800.0,ws,sobel,1002390.0,9.114569097252,accelergy,2941380.0,37.571890938646,34.07890173999959,24.25901084439927
720p,1280,720,128,128,11,128,256,50.0,ws,gaussian,2339670.0,19.1341874522445,accelergy,3391650.0,21.109651935885502,68.983238246871,90.64188983484472
720p,1280,720,128,128,11,128,256,50.0,ws,sobel,1051980.0,1.9754644836410002,accelergy,3391650.0,21.109651935885502,31.016761753129007,9.358110165155283
720p,1280,720,128,128,11,128,256,200.0,ws,gaussian,966720.0,19.1653874522445,accelergy,1938050.0,21.1435719358855,49.88106601996852,90.64403834111128
720p,1280,720,128,128,11,128,256,200.0,ws,sobel,971330.0,1.9781844836410003,accelergy,1938050.0,21.1435719358855,50.11893398003148,9.355961658888708
720p,1280,720,128,128,11,128,256,800.0,ws,gaussian,950020.0,19.2287474522445,accelergy,1901170.0,21.216211935885504,49.97028145825991,90.63233111713328
720p,1280,720,128,128,11,128,256,800.0,ws,sobel,951150.0,1.9874644836410003,accelergy,1901170.0,21.216211935885504,50.02971854174009,9.367668882866715
720p,1280,720,128,128,11,128,1024,50.0,os,gaussian,29773410.0,238.31192651922,accelergy,31869730.0,240.06928025846,93.42222227800487,99.26798058570925
720p,1280,720,128,128,11,128,1024,50.0,os,sobel,2096320.0,1.7573537392400003,accelergy,31869730.0,240.06928025846,6.577777721995134,0.7320194142907509
720p,1280,720,128,128,11,128,1024,50.0,ws,gaussian,2517090.0,20.743016807905498,accelergy,3781650.0,23.421292889044498,66.56062829717186,88.5647812278041
720p,1280,720,128,128,11,128,1024,50.0,ws,sobel,1264560.0,2.678276081139,accelergy,3781650.0,23.421292889044498,33.43937170282813,11.4352187721959
720p,1280,720,128,128,11,128,1024,200.0,os,gaussian,7560810.0,238.46336651922002,accelergy,9505030.0,240.22152025846,79.54535651123669,99.26811147587928
720p,1280,720,128,128,11,128,1024,200.0,os,sobel,1944220.0,1.7581537392400002,accelergy,9505030.0,240.22152025846,20.45464348876332,0.7318885241207204
720p,1280,720,128,128,11,128,1024,200.0,ws,gaussian,1019880.0,20.756216807905503,accelergy,2044370.0,23.4359328890445,49.88725132926036,88.56578018965196
720p,1280,720,128,128,11,128,1024,200.0,ws,sobel,1024490.0,2.679716081139,accelergy,2044370.0,23.4359328890445,50.112748670739634,11.434219810348049
720p,1280,720,128,128,11,128,1024,800.0,os,gaussian,2718820.0,239.06912651922002,accelergy,4625020.0,240.83528025846002,58.785043091705546,99.26665489485403
720p,1280,720,128,128,11,128,1024,800.0,os,sobel,1906200.0,1.7661537392400002,accelergy,4625020.0,240.83528025846002,41.214956908294454,0.7333451051459721
720p,1280,720,128,128,11,128,1024,800.0,ws,gaussian,963340.0,20.8090168079055,accelergy,1927810.0,23.4983328890445,49.97069213252343,88.55528988444613
720p,1280,720,128,128,11,128,1024,800.0,ws,sobel,964470.0,2.6893160811390002,accelergy,1927810.0,23.4983328890445,50.02930786747657,11.44471011555388
720p,1280,720,128,128,11,128,4096,50.0,os,gaussian,7625510.0,58.6031847996,accelergy,9721830.0,60.48186786824,78.43698151479711,96.89380778924897
720p,1280,720,128,128,11,128,4096,50.0,os,sobel,2096320.0,1.87868306864,accelergy,9721830.0,60.48186786824,21.56301848520289,3.1061922107510282
720p,1280,720,128,128,11,128,4096,50.0,ws,gaussian,3420450.0,28.356523835634,accelergy,5534130.0,37.932372932886,61.80646280445165,74.75547044158137
720p,1280,720,128,128,11,128,4096,50.0,ws,sobel,2113680.0,9.575849097251998,accelergy,5534130.0,37.932372932886,38.19353719554835,25.244529558418645
720p,1280,720,128,128,11,128,4096,200.0,os,gaussian,2987640.0,58.6130247996,accelergy,4931860.0,60.49250786824,60.57836191619389,96.89303165817866
720p,1280,720,128,128,11,128,4096,200.0,os,sobel,1944220.0,1.8794830686400001,accelergy,4931860.0,60.49250786824,39.42163808380611,3.1069683418213407
720p,1280,720,128,128,11,128,4096,200.0,ws,gaussian,1232160.0,28.361563835634,accelergy,2468930.0,37.938852932886,49.90663971842053,74.75598665517309
720p,1280,720,128,128,11,128,4096,200.0,ws,sobel,1236770.0,9.577289097251999,accelergy,2468930.0,37.938852932886,50.09336028157947,25.244013344826914
720p,1280,720,128,128,11,128,4096,800.0,os,gaussian,2771860.0,58.628704799599994,accelergy,4678060.0,60.516187868239996,59.25233964506654,96.8810278123441
720p,1280,720,128,128,11,128,4096,800.0,os,sobel,1906200.0,1.8874830686400002,accelergy,4678060.0,60.516187868239996,40.74766035493346,3.1189721876559013
720p,1280,720,128,128,11,128,4096,800.0,ws,gaussian,1016380.0,28.370843835634,accelergy,2033890.0,37.953892932886,49.97222071990127,74.75081379873801
720p,1280,720,128,128,11,128,4096,800.0,ws,sobel,1017510.0,9.583049097252,accelergy,2033890.0,37.953892932886,50.02777928009873,25.249186201261985
hires,2048,2048,128,128,3,8,256,50.0,os,gaussian,12443648.0,20.321940786380797,accelergy,24971264.0,41.374062962278394,49.83187074550972,49.11758558715575
hires,2048,2048,128,128,3,8,256,50.0,os,sobel,12527616.0,21.052122175897598,accelergy,24971264.0,41.374062962278394,50.16812925449028,50.882414412844255
hires,2048,2048,128,128,3,8,256,50.0,ws,gaussian,8868864.0,8.8799140627648,accelergy,17604096.0,19.149360433107198,50.3795480324579,46.37185713739232
hires,2048,2048,128,128,3,8,256,50.0,ws,sobel,8735232.0,10.269446370342399,accelergy,17604096.0,19.149360433107198,49.6204519675421,53.62814286260769
hires,2048,2048,128,128,3,8,256,200.0,os,gaussian,12154624.0,20.358804786380798,accelergy,24330240.0,41.4477909622784,49.95686026936027,49.11915524016547
hires,2048,2048,128,128,3,8,256,200.0,os,sobel,12175616.0,21.0889861758976,accelergy,24330240.0,41.4477909622784,50.04313973063973,50.88084475983453
hires,2048,2048,128,128,3,8,256,200.0,ws,gaussian,8516864.0,8.896298062764801,accelergy,17000448.0,19.182128433107202,50.09787977352126,46.37805493685636
hires,2048,2048,128,128,3,8,256,200.0,ws,sobel,8483584.0,10.2858303703424,accelergy,17000448.0,19.182128433107202,49.902120226478736,53.62194506314364
hires,2048,2048,128,128,3,8,256,800.0,os,gaussian,12082432.0,20.4489167863808,accelergy,24169984.0,41.6280149622784,49.9894083504565,49.12296876252872
hires,2048,2048,128,128,3,8,256,800.0,os,sobel,12087552.0,21.179098175897597,accelergy,24169984.0,41.6280149622784,50.0105916495435,50.87703123747127
hires,2048,2048,128,128,3,8,256,800.0,ws,gaussian,8428800.0,8.9454500627648,accelergy,16849408.0,19.2804324331072,50.02430945941839,46.3965219338349
hires,2048,2048,128,128,3,8,256,800.0,ws,sobel,8420608.0,10.3349823703424,accelergy,16849408.0,19.2804324331072,49.9756905405816,53.6034780661651
hires,2048,2048,128,128,3,8,1024,50.0,os,gaussian,12897280.0,7.2752241442816,accelergy,25878528.0,15.316047508275199,49.837765115542894,47.500663211907806
hires,2048,2048,128,128,3,8,1024,50.0,os,sobel,12981248.0,8.0408233639936,accelergy,25878528.0,15.316047508275199,50.1622348844571,52.4993367880922
hires,2048,2048,128,128,3,8,1024,50.0,ws,gaussian,9775872.0,11.4875161990208,accelergy,19719424.0,24.400148352121597,49.57483545158317,47.07969817741685
hires,2048,2048,128,128,3,8,1024,50.0,ws,sobel,9943552.0,12.9126321531008,accelergy,19719424.0,24.400148352121597,50.42516454841683,52.92030182258316
hires,2048,2048,128,128,3,8,1024,200.0,os,gaussian,12268032.0,7.2834161442816,accelergy,24557056.0,15.3324315082752,49.95725872026354,47.50333396467876
hires,2048,2048,128,128,3,8,1024,200.0,os,sobel,12289024.0,8.0490153639936,accelergy,24557056.0,15.3324315082752,50.04274127973647,52.49666603532125
hires,2048,2048,128,128,3,8,1024,200.0,ws,gaussian,8743680.0,11.497756199020799,accelergy,17529344.0,24.420628352121597,49.88024651692613,47.08214724549422
hires,2048,2048,128,128,3,8,1024,200.0,ws,sobel,8785664.0,12.9228721531008,accelergy,17529344.0,24.420628352121597,50.11975348307387,52.91785275450579
hires,2048,2048,128,128,3,8,1024,800.0,os,gaussian,12110848.0,7.3243761442816,accelergy,24226816.0,15.4143515082752,49.98943319666934,47.516602565794
hires,2048,2048,128,128,3,8,1024,800.0,os,sobel,12115968.0,8.0899753639936,accelergy,24226816.0,15.4143515082752,50.01056680333066,52.483397434206005
hires,2048,2048,128,128,3,8,1024,800.0,ws,gaussian,8485632.0,11.5469081990208,accelergy,16981760.0,24.5189323521216,49.969096253862965,47.093845821641814
hires,2048,2048,128,128,3,8,1024,800.0,ws,sobel,8496128.0,12.972024153100799,accelergy,16981760.0,24.5189323521216,50.030903746137035,52.906154178358186
hires,2048,2048,128,128,3,8,4096,50.0,os,gaussian,12897280.0,7.8369517993984,accelergy,25878528.0,16.525177913344,49.837765115542894,47.42431119649308
hires,2048,2048,128,128,3,8,4096,50.0,os,sobel,12981248.0,8.6882261139456,accelergy,25878528.0,16.525177913344,50.1622348844571,52.57568880350693
hires,2048,2048,128,128,3,8,4096,50.0,ws,gaussian,9909504.0,13.0326495560448,accelergy,19986688.0,27.560222595712,49.58052079464091,47.287896571896724
hires,2048,2048,128,128,3,8,4096,50.0,ws,sobel,10077184.0,14.5275730396672,accelergy,19986688.0,27.560222595712,50.41947920535909,52.71210342810328
hires,2048,2048,128,128,3,8,4096,200.0,os,gaussian,12268032.0,7.8451437993984,accelergy,24557056.0,16.541561913344,49.95725872026354,47.42686235131012
hires,2048,2048,128,128,3,8,4096,200.0,os,sobel,12289024.0,8.696418113945601,accelergy,24557056.0,16.541561913344,50.04274127973647,52.57313764868988
hires,2048,2048,128,128,3,8,4096,200.0,ws,gaussian,8776960.0,13.0387935560448,accelergy,17595904.0,27.572510595712,49.880699508249194,47.289105251346086
hires,2048,2048,128,128,3,8,4096,200.0,ws,sobel,8818944.0,14.5337170396672,accelergy,17595904.0,27.572510595712,50.119300491750806,52.710894748653914
hires,2048,2048,128,128,3,8,4096,800.0,os,gaussian,12110848.0,7.8861037993984,accelergy,24226816.0,16.623481913344,49.98943319666934,47.43954269332748
hires,2048,2048,128,128,3,8,4096,800.0,os,sobel,12115968.0,8.737378113945601,accelergy,24226816.0,16.623481913344,50.01056680333066,52.56045730667252
hires,2048,2048,128,128,3,8,4096,800.0,ws,gaussian,8493824.0,13.0715615560448,accelergy,16998144.0,27.638046595711998,49.969126041054835,47.29553339009434
hires,2048,2048,128,128,3,8,4096,800.0,ws,sobel,8504320.0,14.5664850396672,accelergy,16998144.0,27.638046595711998,50.030873958945165,52.704466609905666
hires,2048,2048,128,128,3,16,256,50.0,os,gaussian,10608640.0,32.3711679266816,accelergy,21301248.0,65.4569763831808,49.802903566964716,49.454114313473525
hires,2048,2048,128,128,3,16,256,50.0,os,sobel,10692608.0,33.0858084564992,accelergy,21301248.0,65.4569763831808,50.197096433035284,50.54588568652648
hires,2048,2048,128,128,3,16,256,50.0,ws,gaussian,4591104.0,8.1915446019264,accelergy,9266176.0,17.082204050592,49.54691126091281,47.953674933665916
hires,2048,2048,128,128,3,16,256,50.0,ws,sobel,4675072.0,8.8906594486656,accelergy,9266176.0,17.082204050592,50.45308873908719,52.04632506633408
hires,2048,2048,128,128,3,16,256,200.0,os,gaussian,10319616.0,32.4264639266816,accelergy,20660224.0,65.5675683831808,49.949197065820776,49.45503505205409
hires,2048,2048,128,128,3,16,256,200.0,os,sobel,10340608.0,33.1411044564992,accelergy,20660224.0,65.5675683831808,50.05080293417923,50.544964947945914
hires,2048,2048,128,128,3,16,256,200.0,ws,gaussian,4302080.0,8.2058806019264,accelergy,8625152.0,17.110876050592,49.87830939095334,47.95710387746333
hires,2048,2048,128,128,3,16,256,200.0,ws,sobel,4323072.0,8.9049954486656,accelergy,8625152.0,17.110876050592,50.12169060904665,52.042896122536675
hires,2048,2048,128,128,3,16,256,800.0,os,gaussian,10247424.0,32.557535926681595,accelergy,20499968.0,65.82971238318079,49.987512175628765,49.45720518596692
hires,2048,2048,128,128,3,16,256,800.0,os,sobel,10252544.0,33.272176456499196,accelergy,20499968.0,65.82971238318079,50.01248782437124,50.54279481403309
hires,2048,2048,128,128,3,16,256,800.0,ws,gaussian,4229888.0,8.2550326019264,accelergy,8464896.0,17.209180050592,49.96975745478739,47.9687735130787
hires,2048,2048,128,128,3,16,256,800.0,ws,sobel,4235008.0,8.9541474486656,accelergy,8464896.0,17.209180050592,50.0302425452126,52.03122648692129
hires,2048,2048,128,128,3,16,1024,50.0,os,gaussian,11062272.0,7.2529161289728,accelergy,22208512.0,15.2470754623488,49.81095536702324,47.56922825549847
hires,2048,2048,128,128,3,16,1024,50.0,os,sobel,11146240.0,7.994159333376,accelergy,22208512.0,15.2470754623488,50.18904463297677,52.43077174450153
hires,2048,2048,128,128,3,16,1024,50.0,ws,gaussian,5498112.0,10.7813592192064,accelergy,11080192.0,22.279629412678403,49.62108959844739,48.39110660014471
hires,2048,2048,128,128,3,16,1024,50.0,ws,sobel,5582080.0,11.498270193472,accelergy,11080192.0,22.279629412678403,50.37891040155261,51.60889339985528
hires,2048,2048,128,128,3,16,1024,200.0,os,gaussian,10433024.0,7.2590601289728,accelergy,20887040.0,15.259363462348801,49.949748743718594,47.57118569777777
hires,2048,2048,128,128,3,16,1024,200.0,os,sobel,10454016.0,8.000303333376001,accelergy,20887040.0,15.259363462348801,50.050251256281406,52.42881430222223
hires,2048,2048,128,128,3,16,1024,200.0,ws,gaussian,4528896.0,10.7895512192064,accelergy,9078784.0,22.2960134126784,49.88438980374465,48.392288879190545
hires,2048,2048,128,128,3,16,1024,200.0,ws,sobel,4549888.0,11.506462193472,accelergy,9078784.0,22.2960134126784,50.11561019625535,51.60771112080946
hires,2048,2048,128,128,3,16,1024,800.0,os,gaussian,10275840.0,7.3000201289728,accelergy,20556800.0,15.3412834623488,49.987546699875466,47.58415517768644
hires,2048,2048,128,128,3,16,1024,800.0,os,sobel,10280960.0,8.041263333376,accelergy,20556800.0,15.3412834623488,50.012453300124534,52.41584482231356
hires,2048,2048,128,128,3,16,1024,800.0,ws,gaussian,4286720.0,10.8387032192064,accelergy,8578560.0,22.394317412678397,49.97015816174276,48.39934622463705
hires,2048,2048,128,128,3,16,1024,800.0,ws,sobel,4291840.0,11.555614193472,accelergy,8578560.0,22.394317412678397,50.02984183825724,51.60065377536296
hires,2048,2048,128,128,3,16,4096,50.0,os,gaussian,11062272.0,7.789251919872,accelergy,22208512.0,16.3800302747648,49.81095536702324,47.5533426325358
hires,2048,2048,128,128,3,16,4096,50.0,os,sobel,11146240.0,8.5907783548928,accelergy,22208512.0,16.3800302747648,50.18904463297677,52.44665736746421
hires,2048,2048,128,128,3,16,4096,50.0,ws,gaussian,5631744.0,12.2916012098304,accelergy,11347456.0,25.3350295570688,49.63001398727609,48.516229997453806
hires,2048,2048,128,128,3,16,4096,50.0,ws,sobel,5715712.0,13.0434283472384,accelergy,11347456.0,25.3350295570688,50.36998601272391,51.4837700025462
hires,2048,2048,128,128,3,16,4096,200.0,os,gaussian,10433024.0,7.795395919872,accelergy,20887040.0,16.392318274764797,49.949748743718594,47.55517669439499
hires,2048,2048,128,128,3,16,4096,200.0,os,sobel,10454016.0,8.596922354892799,accelergy,20887040.0,16.392318274764797,50.050251256281406,52.44482330560501
hires,2048,2048,128,128,3,16,4096,200.0,ws,gaussian,4562176.0,12.2956972098304,accelergy,9145344.0,25.3432215570688,49.885231217108945,48.51670961461034
hires,2048,2048,128,128,3,16,4096,200.0,ws,sobel,4583168.0,13.047524347238399,accelergy,9145344.0,25.3432215570688,50.11476878289105,51.483290385389644
hires,2048,2048,128,128,3,16,4096,800.0,os,gaussian,10275840.0,7.836355919872,accelergy,20556800.0,16.4742382747648,49.987546699875466,47.567333852853835
hires,2048,2048,128,128,3,16,4096,800.0,os,sobel,10280960.0,8.637882354892799,accelergy,20556800.0,16.4742382747648,50.012453300124534,52.43266614714616
hires,2048,2048,128,128,3,16,4096,800.0,ws,gaussian,4294912.0,12.3284652098304,accelergy,8594944.0,25.4087575570688,49.970215047358074,48.52053541831123
hires,2048,2048,128,128,3,16,4096,800.0,ws,sobel,4300032.0,13.0802923472384,accelergy,8594944.0,25.4087575570688,50.02978495264192,51.47946458168876
hires,2048,2048,128,128,3,32,256,50.0,os,gaussian,9691136.0,32.369541496832,accelergy,19466240.0,65.445953093632,49.78432403997896,49.45995889237284
hires,2048,2048,128,128,3,32,256,50.0,os,sobel,9775104.0,33.0764115968,accelergy,19466240.0,65.445953093632,50.215675960021045,50.540041107627154
hires,2048,2048,128,128,3,32,256,50.0,ws,gaussian,4603392.0,8.1976886019264,accelergy,9290752.0,17.094492050592,49.54810977625923,47.95514588947676
hires,2048,2048,128,128,3,32,256,50.0,ws,sobel,4687360.0,8.8968034486656,accelergy,9290752.0,17.094492050592,50.45189022374077,52.04485411052324
hires,2048,2048,128,128,3,32,256,200.0,os,gaussian,9402112.0,32.426885496832,accelergy,18825216.0,65.560641093632,49.94424499564839,49.46090360910407
hires,2048,2048,128,128,3,32,256,200.0,os,sobel,9423104.0,33.1337555968,accelergy,18825216.0,65.560641093632,50.05575500435161,50.53909639089592
hires,2048,2048,128,128,3,32,256,200.0,ws,gaussian,4314368.0,8.2140726019264,accelergy,8649728.0,17.127260050592,49.878655143838046,47.95905811941287
hires,2048,2048,128,128,3,32,256,200.0,ws,sobel,4335360.0,8.9131874486656,accelergy,8649728.0,17.127260050592,50.121344856161954,52.04094188058712
hires,2048,2048,128,128,3,32,256,800.0,os,gaussian,9329920.0,32.549765496832,accelergy,18664960.0,65.806401093632,49.98628446029351,49.46291691368881
hires,2048,2048,128,128,3,32,256,800.0,os,sobel,9335040.0,33.2566355968,accelergy,18664960.0,65.806401093632,50.01371553970648,50.5370830863112
hires,2048,2048,128,128,3,32,256,800.0,ws,gaussian,4242176.0,8.2550326019264,accelergy,8489472.0,17.209180050592,49.96984500331705,47.9687735130787
hires,2048,2048,128,128,3,32,256,800.0,ws,sobel,4247296.0,8.9541474486656,accelergy,8489472.0,17.209180050592,50.03015499668295,52.03122648692129
hires,2048,2048,128,128,3,32,1024,50.0,os,gaussian,10144768.0,7.2468821213184,accelergy,20373504.0,15.222829439385599,49.79392842782469,47.605355825433776
hires,2048,2048,128,128,3,32,1024,50.0,os,sobel,10228736.0,7.9759473180672,accelergy,20373504.0,15.222829439385599,50.20607157217532,52.39464417456623
hires,2048,2048,128,128,3,32,1024,50.0,ws,gaussian,5510400.0,10.7875032192064,accelergy,11104768.0,22.2919174126784,49.62192816635161,48.39199347235635
hires,2048,2048,128,128,3,32,1024,50.0,ws,sobel,5594368.0,11.504414193472,accelergy,11104768.0,22.2919174126784,50.3780718336484,51.608006527643646
hires,2048,2048,128,128,3,32,1024,200.0,os,gaussian,9515520.0,7.2550741213184,accelergy,19052032.0,15.239213439385601,49.94490876353767,47.60793035792602
hires,2048,2048,128,128,3,32,1024,200.0,os,sobel,9536512.0,7.9841393180672,accelergy,19052032.0,15.239213439385601,50.05509123646233,52.39206964207397
hires,2048,2048,128,128,3,32,1024,200.0,ws,gaussian,4541184.0,10.7977432192064,accelergy,9103360.0,22.3123974126784,49.884701912260965,48.39346942194066
hires,2048,2048,128,128,3,32,1024,200.0,ws,sobel,4562176.0,11.514654193472,accelergy,9103360.0,22.3123974126784,50.115298087739035,51.60653057805934
hires,2048,2048,128,128,3,32,1024,800.0,os,gaussian,9358336.0,7.2878421213184,accelergy,18721792.0,15.3047494393856,49.98632609527977,47.61817336626039
hires,2048,2048,128,128,3,32,1024,800.0,os,sobel,9363456.0,8.016907318067199,accelergy,18721792.0,15.3047494393856,50.013673904720235,52.38182663373961
hires,2048,2048,128,128,3,32,1024,800.0,ws,gaussian,4299008.0,10.8387032192064,accelergy,8603136.0,22.394317412678397,49.970243408915074,48.39934622463705
hires,2048,2048,128,128,3,32,1024,800.0,ws,sobel,4304128.0,11.555614193472,accelergy,8603136.0,22.394317412678397,50.029756591084926,51.60065377536296
hires,2048,2048,128,128,3,32,4096,50.0,os,gaussian,10144768.0,7.7705219801088,accelergy,20373504.0,16.3176964554752,49.79392842782469,47.6202140498912
hires,2048,2048,128,128,3,32,4096,50.0,os,sobel,10228736.0,8.5471744753664,accelergy,20373504.0,16.3176964554752,50.20607157217532,52.379785950108804
hires,2048,2048,128,128,3,32,4096,50.0,ws,gaussian,6986240.0,23.035409209830398,accelergy,14056448.0,46.822645557068796,49.7013185692431,49.197154359324216
hires,2048,2048,128,128,3,32,4096,50.0,ws,sobel,7070208.0,23.787236347238398,accelergy,14056448.0,46.822645557068796,50.2986814307569,50.802845640675784
hires,2048,2048,128,128,3,32,4096,200.0,os,gaussian,9515520.0,7.7787139801088,accelergy,19052032.0,16.3340804554752,49.94490876353767,47.6226011088452
hires,2048,2048,128,128,3,32,4096,200.0,os,sobel,9536512.0,8.5553664753664,accelergy,19052032.0,16.3340804554752,50.05509123646233,52.377398891154805
hires,2048,2048,128,128,3,32,4096,200.0,ws,gaussian,4910080.0,23.0436012098304,accelergy,9841152.0,46.8390295570688,49.89334581967639,49.19743518971505
hires,2048,2048,128,128,3,32,4096,200.0,ws,sobel,4931072.0,23.7954283472384,accelergy,9841152.0,46.8390295570688,50.10665418032361,50.80256481028494
hires,2048,2048,128,128,3,32,4096,800.0,os,gaussian,9358336.0,7.8114819801088,accelergy,18721792.0,16.3996164554752,49.98632609527977,47.632101648943426
hires,2048,2048,128,128,3,32,4096,800.0,os,sobel,9363456.0,8.5881344753664,accelergy,18721792.0,16.3996164554752,50.013673904720235,52.367898351056574
hires,2048,2048,128,128,3,32,4096,800.0,ws,gaussian,4391168.0,23.0763692098304,accelergy,8787456.0,46.9045655570688,49.970867563945696,49.19855654936911
hires,2048,2048,128,128,3,32,4096,800.0,ws,sobel,4396288.0,23.8281963472384,accelergy,8787456.0,46.9045655570688,50.029132436054304,50.80144345063089
hires,2048,2048,128,128,3,64,256,50.0,os,gaussian,9232384.0,32.3779442819072,accelergy,18548736.0,65.45887344885759,49.77365573589489,49.46303316265255
hires,2048,2048,128,128,3,64,256,50.0,os,sobel,9316352.0,33.0809291669504,accelergy,18548736.0,65.45887344885759,50.226344264105116,50.53696683734745
hires,2048,2048,128,128,3,64,256,50.0,ws,gaussian,4627968.0,8.2099766019264,accelergy,9339904.0,17.119068050592,49.55048788510032,47.95808146602051
hires,2048,2048,128,128,3,64,256,50.0,ws,sobel,4711936.0,8.909091448665599,accelergy,9339904.0,17.119068050592,50.44951211489968,52.04191853397949
hires,2048,2048,128,128,3,64,256,200.0,os,gaussian,8943360.0,32.4311922819072,accelergy,17907712.0,65.56536944885761,49.94138838060384,49.463905342902436
hires,2048,2048,128,128,3,64,256,200.0,os,sobel,8964352.0,33.1341771669504,accelergy,17907712.0,65.56536944885761,50.05861161939615,50.53609465709755
hires,2048,2048,128,128,3,64,256,200.0,ws,gaussian,4338944.0,8.2222646019264,accelergy,8698880.0,17.143644050592002,49.87934078869923,47.96100862606553
hires,2048,2048,128,128,3,64,256,200.0,ws,sobel,4359936.0,8.9213794486656,accelergy,8698880.0,17.143644050592002,50.12065921130077,52.038991373934465
hires,2048,2048,128,128,3,64,256,800.0,os,gaussian,8871168.0,32.5458802819072,accelergy,17747456.0,65.79474544885761,49.9855753973978,49.46577429531235
hires,2048,2048,128,128,3,64,256,800.0,os,sobel,8876288.0,33.2488651669504,accelergy,17747456.0,65.79474544885761,50.014424602602205,50.53422570468764
hires,2048,2048,128,128,3,64,256,800.0,ws,gaussian,4266752.0,8.2550326019264,accelergy,8538624.0,17.209180050592,49.97001858847515,47.9687735130787
hires,2048,2048,128,128,3,64,256,800.0,ws,sobel,4271872.0,8.9541474486656,accelergy,8538624.0,17.209180050592,50.02998141152486,52.03122648692129
hires,2048,2048,128,128,3,64,1024,50.0,os,gaussian,9686016.0,7.253081117491201,accelergy,19456000.0,15.229138427904001,49.78421052631579,47.62633915127822
hires,2048,2048,128,128,3,64,1024,50.0,os,sobel,9769984.0,7.976057310412799,accelergy,19456000.0,15.229138427904001,50.21578947368421,52.37366084872177
hires,2048,2048,128,128,3,64,1024,50.0,ws,gaussian,5534976.0,10.7997912192064,accelergy,11153920.0,22.316493412678398,49.623594216203806,48.39376428678013
hires,2048,2048,128,128,3,64,1024,50.0,ws,sobel,5618944.0,11.516702193472,accelergy,11153920.0,22.316493412678398,50.37640578379619,51.606235713219874
hires,2048,2048,128,128,3,64,1024,200.0,os,gaussian,9056768.0,7.2571771174912,accelergy,18134528.0,15.237330427904,49.94212146023321,47.62761529540103
hires,2048,2048,128,128,3,64,1024,200.0,os,sobel,9077760.0,7.9801533104128,accelergy,18134528.0,15.237330427904,50.05787853976679,52.37238470459897
hires,2048,2048,128,128,3,64,1024,200.0,ws,gaussian,4565760.0,10.8059352192064,accelergy,9152512.0,22.328781412678403,49.88532110091743,48.39464823221715
hires,2048,2048,128,128,3,64,1024,200.0,ws,sobel,4586752.0,11.522846193472,accelergy,9152512.0,22.328781412678403,50.11467889908256,51.605351767782835
hires,2048,2048,128,128,3,64,1024,800.0,os,gaussian,8899584.0,7.2817531174912,accelergy,17804288.0,15.286482427904001,49.98562144130672,47.63524343703206
hires,2048,2048,128,128,3,64,1024,800.0,os,sobel,8904704.0,8.0047293104128,accelergy,17804288.0,15.286482427904001,50.014378558693274,52.364756562967926
hires,2048,2048,128,128,3,64,1024,800.0,ws,gaussian,4323584.0,10.8387032192064,accelergy,8652288.0,22.394317412678397,49.970412450440854,48.39934622463705
hires,2048,2048,128,128,3,64,1024,800.0,ws,sobel,4328704.0,11.555614193472,accelergy,8652288.0,22.394317412678397,50.02958754955914,51.60065377536296
hires,2048,2048,128,128,3,64,4096,50.0,os,gaussian,9686016.0,7.7703730102272,accelergy,19456000.0,16.304961545830402,49.78421052631579,47.656493935211294
hires,2048,2048,128,128,3,64,4096,50.0,os,sobel,9769984.0,8.5345885356032,accelergy,19456000.0,16.304961545830402,50.21578947368421,52.34350606478869
hires,2048,2048,128,128,3,64,4096,50.0,ws,gaussian,9157888.0,40.2242732098304,accelergy,18399744.0,81.2003735570688,49.77182291231878,49.53705438505181
hires,2048,2048,128,128,3,64,4096,50.0,ws,sobel,9241856.0,40.9761003472384,accelergy,18399744.0,81.2003735570688,50.228177087681225,50.4629456149482
hires,2048,2048,128,128,3,64,4096,200.0,os,gaussian,9056768.0,7.774469010227199,accelergy,18134528.0,16.3131535458304,49.94212146023321,47.65767077705422
hires,2048,2048,128,128,3,64,4096,200.0,os,sobel,9077760.0,8.5386845356032,accelergy,18134528.0,16.3131535458304,50.05787853976679,52.342329222945786
hires,2048,2048,128,128,3,64,4096,200.0,ws,gaussian,5471488.0,40.2304172098304,accelergy,10963968.0,81.2126615570688,49.90426823573363,49.537124431712115
hires,2048,2048,128,128,3,64,4096,200.0,ws,sobel,5492480.0,40.98224434723841,accelergy,10963968.0,81.2126615570688,50.09573176426637,50.46287556828789
hires,2048,2048,128,128,3,64,4096,800.0,os,gaussian,8899584.0,7.7990450102272,accelergy,17804288.0,16.362305545830402,49.98562144130672,47.66470708166568
hires,2048,2048,128,128,3,64,4096,800.0,os,sobel,8904704.0,8.5632605356032,accelergy,17804288.0,16.362305545830402,50.014378558693274,52.33529291833431
hires,2048,2048,128,128,3,64,4096,800.0,ws,gaussian,4549888.0,40.2468012098304,accelergy,9104896.0,81.2454295570688,49.97188325929258,49.53731111921816
hires,2048,2048,128,128,3,64,4096,800.0,ws,sobel,4555008.0,40.9986283472384,accelergy,9104896.0,81.2454295570688,50.02811674070742,50.46268888078183
hires,2048,2048,128,128,3,128,256,50.0,os,gaussian,9003008.0,32.400577674444804,accelergy,18089984.0,65.5021976264704,49.76791577040643,49.46487117762176
hires,2048,2048,128,128,3,128,256,50.0,os,sobel,9086976.0,33.1016199520256,accelergy,18089984.0,65.5021976264704,50.23208422959357,50.53512882237824
hires,2048,2048,128,128,3,128,256,50.0,ws,gaussian,4677120.0,8.234552601926401,accelergy,9438208.0,17.168220050592,49.55516979494413,47.96392740575604
hires,2048,2048,128,128,3,128,256,50.0,ws,sobel,4761088.0,8.9336674486656,accelergy,9438208.0,17.168220050592,50.44483020505588,52.036072594243954
hires,2048,2048,128,128,3,128,256,200.0,os,gaussian,8713984.0,32.4538256744448,accelergy,17448960.0,65.6086936264704,49.939847417840376,49.465739798469365
hires,2048,2048,128,128,3,128,256,200.0,os,sobel,8734976.0,33.1548679520256,accelergy,17448960.0,65.6086936264704,50.060152582159624,50.534260201530635
hires,2048,2048,128,128,3,128,256,200.0,ws,gaussian,4388096.0,8.246840601926401,accelergy,8797184.0,17.192796050592,49.88068909323711,47.966837841029566
hires,2048,2048,128,128,3,128,256,200.0,ws,sobel,4409088.0,8.9459554486656,accelergy,8797184.0,17.192796050592,50.11931090676289,52.033162158970434
hires,2048,2048,128,128,3,128,256,800.0,os,gaussian,8641792.0,32.5767056744448,accelergy,17288704.0,65.8544536264704,49.985192643705396,49.46773358597951
hires,2048,2048,128,128,3,128,256,800.0,os,sobel,8646912.0,33.2777479520256,accelergy,17288704.0,65.8544536264704,50.01480735629461,50.53226641402049
hires,2048,2048,128,128,3,128,256,800.0,ws,gaussian,4315904.0,8.287800601926401,accelergy,8636928.0,17.274716050592,49.97035983164385,47.97647948397033
hires,2048,2048,128,128,3,128,256,800.0,ws,sobel,4321024.0,8.9869154486656,accelergy,8636928.0,17.274716050592,50.02964016835616,52.02352051602968
hires,2048,2048,128,128,3,128,1024,50.0,os,gaussian,9456640.0,7.274612615577601,accelergy,18997248.0,15.269156922163202,49.778999568779646,47.64252966068147
hires,2048,2048,128,128,3,128,1024,50.0,os,sobel,9540608.0,7.9945443065856,accelergy,18997248.0,15.269156922163202,50.221000431220354,52.357470339318525
hires,2048,2048,128,128,3,128,1024,50.0,ws,gaussian,5584128.0,10.8243672192064,accelergy,11252224.0,22.365645412678397,49.62688265004323,48.39729424070364
hires,2048,2048,128,128,3,128,1024,50.0,ws,sobel,5668096.0,11.541278193472,accelergy,11252224.0,22.365645412678397,50.37311734995677,51.60270575929638
hires,2048,2048,128,128,3,128,1024,200.0,os,gaussian,8827392.0,7.2787086155776,accelergy,17675776.0,15.277348922163199,49.94061929728007,47.64379378033457
hires,2048,2048,128,128,3,128,1024,200.0,os,sobel,8848384.0,7.9986403065855995,accelergy,17675776.0,15.277348922163199,50.05938070271993,52.35620621966544
hires,2048,2048,128,128,3,128,1024,200.0,ws,gaussian,4614912.0,10.8305112192064,accelergy,9250816.0,22.377933412678402,49.88653973876467,48.398174306257815
hires,2048,2048,128,128,3,128,1024,200.0,ws,sobel,4635904.0,11.547422193472,accelergy,9250816.0,22.377933412678402,50.11346026123533,51.60182569374218
hires,2048,2048,128,128,3,128,1024,800.0,os,gaussian,8670208.0,7.3114766155776,accelergy,17345536.0,15.3428849221632,49.98524115945451,47.653858141215544
hires,2048,2048,128,128,3,128,1024,800.0,os,sobel,8675328.0,8.0314083065856,accelergy,17345536.0,15.3428849221632,50.01475884054548,52.346141858784456
hires,2048,2048,128,128,3,128,1024,800.0,ws,gaussian,4372736.0,10.8714712192064,accelergy,8750592.0,22.4598534126784,49.97074483646364,48.40401680034807
hires,2048,2048,128,128,3,128,1024,800.0,ws,sobel,4377856.0,11.588382193472,accelergy,8750592.0,22.4598534126784,50.02925516353637,51.59598319965194
hires,2048,2048,128,128,3,128,4096,50.0,os,gaussian,9456640.0,7.788730525286399,accelergy,18997248.0,16.335458091008,49.778999568779646,47.679902711597514
hires,2048,2048,128,128,3,128,4096,50.0,os,sobel,9540608.0,8.5467275657216,accelergy,18997248.0,16.335458091008,50.221000431220354,52.32009728840248
hires,2048,2048,128,128,3,128,4096,50.0,ws,gaussian,9207040.0,40.2488492098304,accelergy,18498048.0,81.24952555706881,49.77303551163885,49.53733444456858
hires,2048,2048,128,128,3,128,4096,50.0,ws,sobel,9291008.0,41.000676347238404,accelergy,18498048.0,81.24952555706881,50.22696448836115,50.46266555543141
hires,2048,2048,128,128,3,128,4096,200.0,os,gaussian,8827392.0,7.7928265252864,accelergy,17675776.0,16.343650091007998,49.94061929728007,47.68106562421991
hires,2048,2048,128,128,3,128,4096,200.0,os,sobel,8848384.0,8.550823565721599,accelergy,17675776.0,16.343650091007998,50.05938070271993,52.3189343757801
hires,2048,2048,128,128,3,128,4096,200.0,ws,gaussian,5520640.0,40.254993209830396,accelergy,11062272.0,81.26181355706879,49.90511894844025,49.53740440651131
hires,2048,2048,128,128,3,128,4096,200.0,ws,sobel,5541632.0,41.0068203472384,accelergy,11062272.0,81.26181355706879,50.094881051559746,50.4625955934887
hires,2048,2048,128,128,3,128,4096,800.0,os,gaussian,8670208.0,7.8255945252864,accelergy,17345536.0,16.409186091008,49.98524115945451,47.690327124601964
hires,2048,2048,128,128,3,128,4096,800.0,os,sobel,8675328.0,8.5835915657216,accelergy,17345536.0,16.409186091008,50.01475884054548,52.309672875398036
hires,2048,2048,128,128,3,128,4096,800.0,ws,gaussian,4599040.0,40.2795692098304,accelergy,9203200.0,81.31096555706881,49.97218358831711,49.537684042824246
hires,2048,2048,128,128,3,128,4096,800.0,ws,sobel,4604160.0,41.031396347238406,accelergy,9203200.0,81.31096555706881,50.02781641168289,50.46231595717574
hires,2048,2048,128,128,5,8,256,50.0,os,gaussian,20832256.0,35.3140433354752,accelergy,33359872.0,56.3661655113728,62.44705015654737,62.651136572967715
hires,2048,2048,128,128,5,8,256,50.0,os,sobel,12527616.0,21.052122175897598,accelergy,33359872.0,56.3661655113728,37.55294984345264,37.34886342703228
hires,2048,2048,128,128,5,8,256,50.0,ws,gaussian,17135104.0,20.3725341241536,accelergy,25870336.0,30.641980494495996,66.23456301456618,66.48569640533833
hires,2048,2048,128,128,5,8,256,50.0,ws,sobel,8735232.0,10.269446370342399,accelergy,25870336.0,30.641980494495996,33.765436985433816,33.51430359466166
hires,2048,2048,128,128,5,8,256,200.0,os,gaussian,20543232.0,35.3713873354752,accelergy,32718848.0,56.460373511372794,62.78714947421131,62.64816389914664
hires,2048,2048,128,128,5,8,256,200.0,os,sobel,12175616.0,21.0889861758976,accelergy,32718848.0,56.460373511372794,37.21285052578868,37.351836100853376
hires,2048,2048,128,128,5,8,256,200.0,ws,gaussian,16883456.0,20.4012061241536,accelergy,25367040.0,30.687036494496,66.5566656574831,66.48151289490839
hires,2048,2048,128,128,5,8,256,200.0,ws,sobel,8483584.0,10.2858303703424,accelergy,25367040.0,30.687036494496,33.443334342516906,33.518487105091616
hires,2048,2048,128,128,5,8,256,800.0,os,gaussian,20471040.0,35.510651335475195,accelergy,32558592.0,56.689749511372796,62.87446336745766,62.640339111661156
hires,2048,2048,128,128,5,8,256,800.0,os,sobel,12087552.0,21.179098175897597,accelergy,32558592.0,56.689749511372796,37.125536632542335,37.35966088833883
hires,2048,2048,128,128,5,8,256,800.0,ws,gaussian,16820480.0,20.4831261241536,accelergy,25241088.0,30.818108494496002,66.63928274407189,66.46457918665517
hires,2048,2048,128,128,5,8,256,800.0,ws,sobel,8420608.0,10.3349823703424,accelergy,25241088.0,30.818108494496002,33.360717255928115,33.53542081334482
hires,2048,2048,128,128,5,8,1024,50.0,os,gaussian,21739264.0,21.369763672883202,accelergy,34720512.0,29.4105870368768,62.612164244582566,72.66010585265938
hires,2048,2048,128,128,5,8,1024,50.0,os,sobel,12981248.0,8.0408233639936,accelergy,34720512.0,29.4105870368768,37.387835755417434,27.339894147340623
hires,2048,2048,128,128,5,8,1024,50.0,ws,gaussian,18343424.0,23.2849008064576,accelergy,28286976.0,36.1975329595584,64.84759629307848,64.32731432960527
hires,2048,2048,128,128,5,8,1024,50.0,ws,sobel,9943552.0,12.9126321531008,accelergy,28286976.0,36.1975329595584,35.15240370692152,35.672685670394735
hires,2048,2048,128,128,5,8,1024,200.0,os,gaussian,20770048.0,21.3820516728832,accelergy,33059072.0,29.4310670368768,62.8270751217699,72.65129614937756
hires,2048,2048,128,128,5,8,1024,200.0,os,sobel,12289024.0,8.0490153639936,accelergy,33059072.0,29.4310670368768,37.1729248782301,27.348703850622453
hires,2048,2048,128,128,5,8,1024,200.0,ws,gaussian,17185536.0,23.2971888064576,accelergy,25971200.0,36.2200609595584,66.171513060621,64.3212302499163
hires,2048,2048,128,128,5,8,1024,200.0,ws,sobel,8785664.0,12.9228721531008,accelergy,25971200.0,36.2200609595584,33.828486939379005,35.6787697500837
hires,2048,2048,128,128,5,8,1024,800.0,os,gaussian,20527872.0,21.455779672883203,accelergy,32643840.0,29.545755036876805,62.884366545112336,72.61882340154686
hires,2048,2048,128,128,5,8,1024,800.0,os,sobel,12115968.0,8.0899753639936,accelergy,32643840.0,29.545755036876805,37.11563345488766,27.381176598453138
hires,2048,2048,128,128,5,8,1024,800.0,ws,gaussian,16896000.0,23.3709168064576,accelergy,25392128.0,36.3429409595584,66.54030729523733,64.30661963340894
hires,2048,2048,128,128,5,8,1024,800.0,ws,sobel,8496128.0,12.972024153100799,accelergy,25392128.0,36.3429409595584,33.45969270476267,35.693380366591065
hires,2048,2048,128,128,5,8,4096,50.0,os,gaussian,22627840.0,20.1840309829632,accelergy,35609088.0,28.8722570969088,63.54512645760543,69.90804672878934
hires,2048,2048,128,128,5,8,4096,50.0,os,sobel,12981248.0,8.6882261139456,accelergy,35609088.0,28.8722570969088,36.45487354239457,30.09195327121066
hires,2048,2048,128,128,5,8,4096,50.0,ws,gaussian,19819264.0,26.6911744504576,accelergy,29896448.0,41.2187474901248,66.29303922659976,64.75493816703741
hires,2048,2048,128,128,5,8,4096,50.0,ws,sobel,10077184.0,14.5275730396672,accelergy,29896448.0,41.2187474901248,33.70696077340024,35.24506183296259
hires,2048,2048,128,128,5,8,4096,200.0,os,gaussian,20992000.0,20.1840309829632,accelergy,33281024.0,28.8804490969088,63.07498230823667,69.88821716461322
hires,2048,2048,128,128,5,8,4096,200.0,os,sobel,12289024.0,8.696418113945601,accelergy,33281024.0,28.8804490969088,36.92501769176333,30.11178283538678
hires,2048,2048,128,128,5,8,4096,200.0,ws,gaussian,17554432.0,26.6952704504576,accelergy,26373376.0,41.2289874901248,66.56118655419769,64.74878980923718
hires,2048,2048,128,128,5,8,4096,200.0,ws,sobel,8818944.0,14.5337170396672,accelergy,26373376.0,41.2289874901248,33.43881344580231,35.25121019076282
hires,2048,2048,128,128,5,8,4096,800.0,os,gaussian,20583168.0,20.2086069829632,accelergy,32699136.0,28.9459850969088,62.947131080160645,69.81488767891793
hires,2048,2048,128,128,5,8,4096,800.0,os,sobel,12115968.0,8.737378113945601,accelergy,32699136.0,28.9459850969088,37.05286891983935,30.18511232108208
hires,2048,2048,128,128,5,8,4096,800.0,ws,gaussian,16988160.0,26.7362304504576,accelergy,25492480.0,41.3027154901248,66.63988752761598,64.73237929561812
hires,2048,2048,128,128,5,8,4096,800.0,ws,sobel,8504320.0,14.5664850396672,accelergy,25492480.0,41.3027154901248,33.36011247238401,35.26762070438189
hires,2048,2048,128,128,5,16,256,50.0,os,gaussian,38824960.0,305.4839942807552,accelergy,49517568.0,338.5698027372544,78.40643546952872,90.2277733604685
hires,2048,2048,128,128,5,16,256,50.0,os,sobel,10692608.0,33.0858084564992,accelergy,49517568.0,338.5698027372544,21.593564530471287,9.772226639531494
hires,2048,2048,128,128,5,16,256,50.0,ws,gaussian,8881152.0,18.9998912024768,accelergy,13556224.0,27.890550651142398,65.5134645163727,68.12304081095138
hires,2048,2048,128,128,5,16,256,50.0,ws,sobel,4675072.0,8.8906594486656,accelergy,13556224.0,27.890550651142398,34.4865354836273,31.87695918904863
hires,2048,2048,128,128,5,16,256,200.0,os,gaussian,14833664.0,306.00009028075516,accelergy,25174272.0,339.14119473725435,58.92390453237337,90.22793309371488
hires,2048,2048,128,128,5,16,256,200.0,os,sobel,10340608.0,33.1411044564992,accelergy,25174272.0,339.14119473725435,41.07609546762664,9.772066906285119
hires,2048,2048,128,128,5,16,256,200.0,ws,gaussian,8529152.0,19.0285632024768,accelergy,12852224.0,27.9335586511424,66.36323798900486,68.12079849947293
hires,2048,2048,128,128,5,16,256,200.0,ws,sobel,4323072.0,8.9049954486656,accelergy,12852224.0,27.9335586511424,33.63676201099514,31.87920150052708
hires,2048,2048,128,128,5,16,256,800.0,os,gaussian,14441728.0,307.0486662807552,accelergy,24694272.0,340.3208427372544,58.482096576890385,90.22329158893537
hires,2048,2048,128,128,5,16,256,800.0,os,sobel,10252544.0,33.272176456499196,accelergy,24694272.0,340.3208427372544,41.51790342310962,9.776708411064634
hires,2048,2048,128,128,5,16,256,800.0,ws,gaussian,8441088.0,19.1022912024768,accelergy,12676096.0,28.0564386511424,66.59059697875435,68.08523148642387
hires,2048,2048,128,128,5,16,256,800.0,ws,sobel,4235008.0,8.9541474486656,accelergy,12676096.0,28.0564386511424,33.40940302124566,31.914768513576135
hires,2048,2048,128,128,5,16,1024,50.0,os,gaussian,15709952.0,21.310300074803198,accelergy,26856192.0,29.3044594081792,58.49657315527086,72.72033166684268
hires,2048,2048,128,128,5,16,1024,50.0,os,sobel,11146240.0,7.994159333376,accelergy,26856192.0,29.3044594081792,41.50342684472914,27.279668333157314
hires,2048,2048,128,128,5,16,1024,50.0,ws,gaussian,9788160.0,21.8766828468288,accelergy,15370240.0,33.3749530403008,63.68254497001998,65.548205627173
hires,2048,2048,128,128,5,16,1024,50.0,ws,sobel,5582080.0,11.498270193472,accelergy,15370240.0,33.3749530403008,36.31745502998001,34.45179437282699
hires,2048,2048,128,128,5,16,1024,200.0,os,gaussian,14740736.0,21.3225880748032,accelergy,25194752.0,29.322891408179203,58.50716847699077,72.71652640931435
hires,2048,2048,128,128,5,16,1024,200.0,os,sobel,10454016.0,8.000303333376001,accelergy,25194752.0,29.322891408179203,41.49283152300924,27.28347359068564
hires,2048,2048,128,128,5,16,1024,200.0,ws,gaussian,8755968.0,21.8889708468288,accelergy,13305856.0,33.3954330403008,65.80537171002001,65.54480314842368
hires,2048,2048,128,128,5,16,1024,200.0,ws,sobel,4549888.0,11.506462193472,accelergy,13305856.0,33.3954330403008,34.19462828997999,34.45519685157632
hires,2048,2048,128,128,5,16,1024,800.0,os,gaussian,14498560.0,21.3881240748032,accelergy,24779520.0,29.429387408179203,58.51025362880314,72.67607639314598
hires,2048,2048,128,128,5,16,1024,800.0,os,sobel,10280960.0,8.041263333376,accelergy,24779520.0,29.429387408179203,41.48974637119686,27.323923606854013
hires,2048,2048,128,128,5,16,1024,800.0,ws,gaussian,8497920.0,21.9545068468288,accelergy,12789760.0,33.5101210403008,66.4431545236189,65.51604758581834
hires,2048,2048,128,128,5,16,1024,800.0,ws,sobel,4291840.0,11.555614193472,accelergy,12789760.0,33.5101210403008,33.556845476381106,34.483952414181644
hires,2048,2048,128,128,5,16,4096,50.0,os,gaussian,16598528.0,20.0540344287232,accelergy,27744768.0,28.644812783615997,59.8257949030246,70.00930528054813
hires,2048,2048,128,128,5,16,4096,50.0,os,sobel,11146240.0,8.5907783548928,accelergy,27744768.0,28.644812783615997,40.1742050969754,29.99069471945188
hires,2048,2048,128,128,5,16,4096,50.0,ws,gaussian,11264000.0,25.213173758028802,accelergy,16979712.0,38.256602105267206,66.33799206959459,65.90541859585963
hires,2048,2048,128,128,5,16,4096,50.0,ws,sobel,5715712.0,13.0434283472384,accelergy,16979712.0,38.256602105267206,33.662007930405416,34.09458140414036
hires,2048,2048,128,128,5,16,4096,200.0,os,gaussian,14962688.0,20.0540344287232,accelergy,25416704.0,28.650956783615996,58.869505660529384,69.99429226807207
hires,2048,2048,128,128,5,16,4096,200.0,os,sobel,10454016.0,8.596922354892799,accelergy,25416704.0,28.650956783615996,41.13049433947061,30.005707731927945
hires,2048,2048,128,128,5,16,4096,200.0,ws,gaussian,9124864.0,25.217269758028802,accelergy,13708032.0,38.2647941052672,66.56582068089716,65.90201345042024
hires,2048,2048,128,128,5,16,4096,200.0,ws,sobel,4583168.0,13.047524347238399,accelergy,13708032.0,38.2647941052672,33.434179319102846,34.09798654957976
hires,2048,2048,128,128,5,16,4096,800.0,os,gaussian,14553856.0,20.070418428723197,accelergy,24834816.0,28.708300783615996,58.602632691138126,69.91155129661144
hires,2048,2048,128,128,5,16,4096,800.0,os,sobel,10280960.0,8.637882354892799,accelergy,24834816.0,28.708300783615996,41.39736730886188,30.088448703388575
hires,2048,2048,128,128,5,16,4096,800.0,ws,gaussian,8590080.0,25.2500377580288,accelergy,12890112.0,38.3303301052672,66.64084842707341,65.87482468500589
hires,2048,2048,128,128,5,16,4096,800.0,ws,sobel,4300032.0,13.0802923472384,accelergy,12890112.0,38.3303301052672,33.3591515729266,34.12517531499411
hires,2048,2048,128,128,5,32,256,50.0,os,gaussian,315466752.0,2520.1941857533952,accelergy,325241856.0,2553.270597350195,96.99451229303034,98.70454735071453
hires,2048,2048,128,128,5,32,256,50.0,os,sobel,9775104.0,33.0764115968,accelergy,325241856.0,2553.270597350195,3.0054877069696713,1.2954526492854679
hires,2048,2048,128,128,5,32,256,50.0,ws,gaussian,4603392.0,18.3258577416384,accelergy,9290752.0,27.222661190304002,49.54810977625923,67.31839188508724
hires,2048,2048,128,128,5,32,256,50.0,ws,sobel,4687360.0,8.8968034486656,accelergy,9290752.0,27.222661190304002,50.45189022374077,32.681608114912756
hires,2048,2048,128,128,5,32,256,200.0,os,gaussian,79206144.0,2524.470409753395,accelergy,88629248.0,2557.6041653501948,89.36795221369812,98.7045002488779
hires,2048,2048,128,128,5,32,256,200.0,os,sobel,9423104.0,33.1337555968,accelergy,88629248.0,2557.6041653501948,10.632047786301877,1.2954997511220907
hires,2048,2048,128,128,5,32,256,200.0,ws,gaussian,4314368.0,18.3545297416384,accelergy,8649728.0,27.267717190304,49.878655143838046,67.31230786039178
hires,2048,2048,128,128,5,32,256,200.0,ws,sobel,4335360.0,8.9131874486656,accelergy,8649728.0,27.267717190304,50.121344856161954,32.68769213960822
hires,2048,2048,128,128,5,32,256,800.0,os,gaussian,20134912.0,2533.022857753395,accelergy,29469952.0,2566.279493350195,68.32353171121555,98.70409144120991
hires,2048,2048,128,128,5,32,256,800.0,os,sobel,9335040.0,33.2566355968,accelergy,29469952.0,2566.279493350195,31.676468288784456,1.2959085587900847
hires,2048,2048,128,128,5,32,256,800.0,ws,gaussian,4242176.0,18.411873741638402,accelergy,8489472.0,27.366021190304004,49.96984500331705,67.28005366071218
hires,2048,2048,128,128,5,32,256,800.0,ws,sobel,4247296.0,8.9541474486656,accelergy,8489472.0,27.366021190304004,50.03015499668295,32.7199463392878
hires,2048,2048,128,128,5,32,1024,50.0,os,gaussian,12695296.0,21.2928562757632,accelergy,22924032.0,29.2688035938304,55.37985638826538,72.74932235443865
hires,2048,2048,128,128,5,32,1024,50.0,os,sobel,10228736.0,7.9759473180672,accelergy,22924032.0,29.2688035938304,44.62014361173462,27.25067764556136
hires,2048,2048,128,128,5,32,1024,50.0,ws,gaussian,5510400.0,21.1848618670144,accelergy,11104768.0,32.6892760604864,49.62192816635161,64.80676362430029
hires,2048,2048,128,128,5,32,1024,50.0,ws,sobel,5594368.0,11.504414193472,accelergy,11104768.0,32.6892760604864,50.3780718336484,35.19323637569972
hires,2048,2048,128,128,5,32,1024,200.0,os,gaussian,11726080.0,21.305144275763197,accelergy,21262592.0,29.289283593830397,55.14887366507338,72.74040762216181
hires,2048,2048,128,128,5,32,1024,200.0,os,sobel,9536512.0,7.9841393180672,accelergy,21262592.0,29.289283593830397,44.85112633492662,27.25959237783818
hires,2048,2048,128,128,5,32,1024,200.0,ws,gaussian,4541184.0,21.1971498670144,accelergy,9103360.0,32.7118040604864,49.884701912260965,64.7996968550539
hires,2048,2048,128,128,5,32,1024,200.0,ws,sobel,4562176.0,11.514654193472,accelergy,9103360.0,32.7118040604864,50.115298087739035,35.2003031449461
hires,2048,2048,128,128,5,32,1024,800.0,os,gaussian,11483904.0,21.3542962757632,accelergy,20847360.0,29.3712035938304,55.0856511328053,72.70487301463125
hires,2048,2048,128,128,5,32,1024,800.0,os,sobel,9363456.0,8.016907318067199,accelergy,20847360.0,29.3712035938304,44.9143488671947,27.295126985368757
hires,2048,2048,128,128,5,32,1024,800.0,ws,gaussian,4299008.0,21.2463018670144,accelergy,8603136.0,32.8019160604864,49.970243408915074,64.77152684567706
hires,2048,2048,128,128,5,32,1024,800.0,ws,sobel,4304128.0,11.555614193472,accelergy,8603136.0,32.8019160604864,50.029756591084926,35.228473154322955
hires,2048,2048,128,128,5,32,4096,50.0,os,gaussian,13583872.0,20.0013241516032,accelergy,23812608.0,28.5484986269696,57.044873035326496,70.06086173900601
hires,2048,2048,128,128,5,32,4096,50.0,os,sobel,10228736.0,8.5471744753664,accelergy,23812608.0,28.5484986269696,42.955126964673504,29.939138260993992
hires,2048,2048,128,128,5,32,4096,50.0,ws,gaussian,6986240.0,24.4864614118144,accelergy,14056448.0,48.273697759052794,49.7013185692431,50.72422985708079
hires,2048,2048,128,128,5,32,4096,50.0,ws,sobel,7070208.0,23.787236347238398,accelergy,14056448.0,48.273697759052794,50.2986814307569,49.275770142919214
hires,2048,2048,128,128,5,32,4096,200.0,os,gaussian,11948032.0,20.0013241516032,accelergy,21484544.0,28.556690626969598,55.61222058052524,70.04076352150373
hires,2048,2048,128,128,5,32,4096,200.0,os,sobel,9536512.0,8.5553664753664,accelergy,21484544.0,28.556690626969598,44.38777941947477,29.959236478496265
hires,2048,2048,128,128,5,32,4096,200.0,ws,gaussian,4910080.0,24.4905574118144,accelergy,9841152.0,48.2859857590528,49.89334581967639,50.71980415605958
hires,2048,2048,128,128,5,32,4096,200.0,ws,sobel,4931072.0,23.7954283472384,accelergy,9841152.0,48.2859857590528,50.10665418032361,49.28019584394042
hires,2048,2048,128,128,5,32,4096,800.0,os,gaussian,11539200.0,20.0013241516032,accelergy,20902656.0,28.589458626969602,55.204467795862875,69.96048583002946
hires,2048,2048,128,128,5,32,4096,800.0,os,sobel,9363456.0,8.5881344753664,accelergy,20902656.0,28.589458626969602,44.795532204137125,30.03951416997055
hires,2048,2048,128,128,5,32,4096,800.0,ws,gaussian,4391168.0,24.5069414118144,accelergy,8787456.0,48.3351377590528,49.970867563945696,50.702123854450875
hires,2048,2048,128,128,5,32,4096,800.0,ws,sobel,4396288.0,23.8281963472384,accelergy,8787456.0,48.3351377590528,50.029132436054304,49.29787614554913
hires,2048,2048,128,128,5,64,256,50.0,os,gaussian,315521024.0,2520.2161614897154,accelergy,324837376.0,2553.2970906566657,97.13199505712052,98.70438386163507
hires,2048,2048,128,128,5,64,256,50.0,os,sobel,9316352.0,33.0809291669504,accelergy,324837376.0,2553.2970906566657,2.8680049428794794,1.2956161383649456
hires,2048,2048,128,128,5,64,256,50.0,ws,gaussian,4627968.0,18.358625741638402,accelergy,9339904.0,27.267717190304,49.55048788510032,67.32732928653982
hires,2048,2048,128,128,5,64,256,50.0,ws,sobel,4711936.0,8.909091448665599,accelergy,9339904.0,27.267717190304,50.44951211489968,32.672670713460164
hires,2048,2048,128,128,5,64,256,200.0,os,gaussian,79246336.0,2524.492385489715,accelergy,88210688.0,2557.6265626566656,89.83756707577204,98.70449511079002
hires,2048,2048,128,128,5,64,256,200.0,os,sobel,8964352.0,33.1341771669504,accelergy,88210688.0,2557.6265626566656,10.162432924227957,1.2955048892099859
hires,2048,2048,128,128,5,64,256,200.0,ws,gaussian,4338944.0,18.387297741638402,accelergy,8698880.0,27.308677190304003,49.87934078869923,67.33133799745836
hires,2048,2048,128,128,5,64,256,200.0,ws,sobel,4359936.0,8.9213794486656,accelergy,8698880.0,27.308677190304003,50.12065921130077,32.668662002541645
hires,2048,2048,128,128,5,64,256,800.0,os,gaussian,20145408.0,2533.0448334897155,accelergy,29021696.0,2566.293698656666,69.41499214932166,98.70440140252245
hires,2048,2048,128,128,5,64,256,800.0,os,sobel,8876288.0,33.2488651669504,accelergy,29021696.0,2566.293698656666,30.585007850678338,1.2955985974775457
hires,2048,2048,128,128,5,64,256,800.0,ws,gaussian,4266752.0,18.4446417416384,accelergy,8538624.0,27.398789190304,49.97001858847515,67.31918557979806
hires,2048,2048,128,128,5,64,256,800.0,ws,sobel,4271872.0,8.9541474486656,accelergy,8538624.0,27.398789190304,50.02998141152486,32.68081442020193
hires,2048,2048,128,128,5,64,1024,50.0,os,gaussian,11187968.0,21.308710376243198,accelergy,20957952.0,29.284767686655996,53.38292596528515,72.76380200192881
hires,2048,2048,128,128,5,64,1024,50.0,os,sobel,9769984.0,7.976057310412799,accelergy,20957952.0,29.284767686655996,46.61707403471485,27.236197998071194
hires,2048,2048,128,128,5,64,1024,50.0,ws,gaussian,5534976.0,21.217629867014402,accelergy,11153920.0,32.7343320604864,49.623594216203806,64.81766552562773
hires,2048,2048,128,128,5,64,1024,50.0,ws,sobel,5618944.0,11.516702193472,accelergy,11153920.0,32.7343320604864,50.37640578379619,35.18233447437226
hires,2048,2048,128,128,5,64,1024,200.0,os,gaussian,10218752.0,21.3209983762432,accelergy,19296512.0,29.301151686656,52.95647213340939,72.76505239196099
hires,2048,2048,128,128,5,64,1024,200.0,os,sobel,9077760.0,7.9801533104128,accelergy,19296512.0,29.301151686656,47.04352786659061,27.23494760803901
hires,2048,2048,128,128,5,64,1024,200.0,ws,gaussian,4565760.0,21.2299178670144,accelergy,9152512.0,32.7527640604864,49.88532110091743,64.81870607258642
hires,2048,2048,128,128,5,64,1024,200.0,ws,sobel,4586752.0,11.522846193472,accelergy,9152512.0,32.7527640604864,50.11467889908256,35.181293927413584
hires,2048,2048,128,128,5,64,1024,800.0,os,gaussian,9976576.0,21.3701503762432,accelergy,18881280.0,29.374879686656,52.83845163039794,72.74974605581423
hires,2048,2048,128,128,5,64,1024,800.0,os,sobel,8904704.0,8.0047293104128,accelergy,18881280.0,29.374879686656,47.161548369602066,27.250253944185765
hires,2048,2048,128,128,5,64,1024,800.0,ws,gaussian,4323584.0,21.2790698670144,accelergy,8652288.0,32.834684060486396,49.970412450440854,64.80668377321729
hires,2048,2048,128,128,5,64,1024,800.0,ws,sobel,4328704.0,11.555614193472,accelergy,8652288.0,32.834684060486396,50.02958754955914,35.19331622678272
hires,2048,2048,128,128,5,64,4096,50.0,os,gaussian,12076544.0,19.9995450130432,accelergy,21846528.0,28.534133548646402,55.27900817924019,70.08989769725086
hires,2048,2048,128,128,5,64,4096,50.0,os,sobel,9769984.0,8.5345885356032,accelergy,21846528.0,28.534133548646402,44.72099182075981,29.91010230274913
hires,2048,2048,128,128,5,64,4096,50.0,ws,gaussian,9157888.0,41.6958054118144,accelergy,18399744.0,82.6719057590528,49.77182291231878,50.435277896383305
hires,2048,2048,128,128,5,64,4096,50.0,ws,sobel,9241856.0,40.9761003472384,accelergy,18399744.0,82.6719057590528,50.228177087681225,49.56472210361668
hires,2048,2048,128,128,5,64,4096,200.0,os,gaussian,10440704.0,19.9995450130432,accelergy,19518464.0,28.5382295486464,53.49142227585122,70.07983792040035
hires,2048,2048,128,128,5,64,4096,200.0,os,sobel,9077760.0,8.5386845356032,accelergy,19518464.0,28.5382295486464,46.508577724148786,29.920162079599642
hires,2048,2048,128,128,5,64,4096,200.0,ws,gaussian,5471488.0,41.7019494118144,accelergy,10963968.0,82.6841937590528,49.90426823573363,50.43521320814548
hires,2048,2048,128,128,5,64,4096,200.0,ws,sobel,5492480.0,40.98224434723841,accelergy,10963968.0,82.6841937590528,50.09573176426637,49.56478679185452
hires,2048,2048,128,128,5,64,4096,800.0,os,gaussian,10031872.0,19.9995450130432,accelergy,18936576.0,28.562805548646402,52.97616633545579,70.01953984870714
hires,2048,2048,128,128,5,64,4096,800.0,os,sobel,8904704.0,8.5632605356032,accelergy,18936576.0,28.562805548646402,47.02383366454421,29.98046015129286
hires,2048,2048,128,128,5,64,4096,800.0,ws,gaussian,4549888.0,41.7101414118144,accelergy,9104896.0,82.7087697590528,49.97188325929258,50.430131572896556
hires,2048,2048,128,128,5,64,4096,800.0,ws,sobel,4555008.0,40.9986283472384,accelergy,9104896.0,82.7087697590528,50.02811674070742,49.56986842710345
hires,2048,2048,128,128,5,128,256,50.0,os,gaussian,147709184.0,1178.9018373578751,accelergy,156796160.0,1212.0034573099008,94.20459276553711,97.2688510290642
hires,2048,2048,128,128,5,128,256,50.0,os,sobel,9086976.0,33.1016199520256,accelergy,156796160.0,1212.0034573099008,5.795407234462885,2.7311489709357937
hires,2048,2048,128,128,5,128,256,50.0,ws,gaussian,4677120.0,18.4241617416384,accelergy,9438208.0,27.357829190304003,49.55516979494413,67.34511577463968
hires,2048,2048,128,128,5,128,256,50.0,ws,sobel,4761088.0,8.9336674486656,accelergy,9438208.0,27.357829190304003,50.44483020505588,32.65488422536031
hires,2048,2048,128,128,5,128,256,200.0,os,gaussian,37136384.0,1180.9006853578753,accelergy,45871360.0,1214.055553309901,80.95766944777743,97.26908147970371
hires,2048,2048,128,128,5,128,256,200.0,os,sobel,8734976.0,33.1548679520256,accelergy,45871360.0,1214.055553309901,19.042330552222563,2.730918520296283
hires,2048,2048,128,128,5,128,256,200.0,ws,gaussian,4388096.0,18.4528337416384,accelergy,8797184.0,27.398789190304,49.88068909323711,67.3490847112637
hires,2048,2048,128,128,5,128,256,200.0,ws,sobel,4409088.0,8.9459554486656,accelergy,8797184.0,27.398789190304,50.11931090676289,32.65091528873631
hires,2048,2048,128,128,5,128,256,800.0,os,gaussian,9516544.0,1184.8983813578752,accelergy,18163456.0,1218.1761293099007,52.39390565319728,97.26823181382832
hires,2048,2048,128,128,5,128,256,800.0,os,sobel,8646912.0,33.2777479520256,accelergy,18163456.0,1218.1761293099007,47.60609434680273,2.731768186171692
hires,2048,2048,128,128,5,128,256,800.0,ws,gaussian,4315904.0,18.5101777416384,accelergy,8636928.0,27.497093190304,49.97035983164385,67.31685277978926
hires,2048,2048,128,128,5,128,256,800.0,ws,sobel,4321024.0,8.9869154486656,accelergy,8636928.0,27.497093190304,50.02964016835616,32.68314722021074
hires,2048,2048,128,128,5,128,1024,50.0,os,gaussian,10434304.0,21.3657894264832,accelergy,19974912.0,29.3603337330688,52.23704615069143,72.770935169646
hires,2048,2048,128,128,5,128,1024,50.0,os,sobel,9540608.0,7.9945443065856,accelergy,19974912.0,29.3603337330688,47.76295384930857,27.229064830354005
hires,2048,2048,128,128,5,128,1024,50.0,ws,gaussian,5584128.0,21.2831658670144,accelergy,11252224.0,32.8244440604864,49.62688265004323,64.83937954225635
hires,2048,2048,128,128,5,128,1024,50.0,ws,sobel,5668096.0,11.541278193472,accelergy,11252224.0,32.8244440604864,50.37311734995677,35.16062045774365
hires,2048,2048,128,128,5,128,1024,200.0,os,gaussian,9465088.0,21.3780774264832,accelergy,18313472.0,29.376717733068798,51.68374407649189,72.77217836497205
hires,2048,2048,128,128,5,128,1024,200.0,os,sobel,8848384.0,7.9986403065855995,accelergy,18313472.0,29.376717733068798,48.316255923508116,27.227821635027954
hires,2048,2048,128,128,5,128,1024,200.0,ws,gaussian,4614912.0,21.295453867014402,accelergy,9250816.0,32.842876060486404,49.88653973876467,64.84040504794639
hires,2048,2048,128,128,5,128,1024,200.0,ws,sobel,4635904.0,11.547422193472,accelergy,9250816.0,32.842876060486404,50.11346026123533,35.15959495205361
hires,2048,2048,128,128,5,128,1024,800.0,os,gaussian,9222912.0,21.4272294264832,accelergy,17898240.0,29.4586377330688,51.52971465350783,72.73666087563193
hires,2048,2048,128,128,5,128,1024,800.0,os,sobel,8675328.0,8.0314083065856,accelergy,17898240.0,29.4586377330688,48.47028534649217,27.263339124368063
hires,2048,2048,128,128,5,128,1024,800.0,ws,gaussian,4372736.0,21.3446058670144,accelergy,8750592.0,32.9329880604864,49.97074483646364,64.81223576740686
hires,2048,2048,128,128,5,128,1024,800.0,ws,sobel,4377856.0,11.588382193472,accelergy,8750592.0,32.9329880604864,50.02925516353637,35.18776423259313
hires,2048,2048,128,128,5,128,4096,50.0,os,gaussian,11322880.0,20.047807443763197,accelergy,20863488.0,28.594535009484797,54.2712704606248,70.11062581403526
hires,2048,2048,128,128,5,128,4096,50.0,os,sobel,9540608.0,8.5467275657216,accelergy,20863488.0,28.594535009484797,45.7287295393752,29.88937418596474
hires,2048,2048,128,128,5,128,4096,50.0,ws,gaussian,9207040.0,41.7613414118144,accelergy,18498048.0,82.76201775905281,49.77303551163885,50.45954961295804
hires,2048,2048,128,128,5,128,4096,50.0,ws,sobel,9291008.0,41.000676347238404,accelergy,18498048.0,82.76201775905281,50.22696448836115,49.54045038704194
hires,2048,2048,128,128,5,128,4096,200.0,os,gaussian,9687040.0,20.047807443763197,accelergy,18535424.0,28.598631009484798,52.26230594994752,70.10058431508241
hires,2048,2048,128,128,5,128,4096,200.0,os,sobel,8848384.0,8.550823565721599,accelergy,18535424.0,28.598631009484798,47.73769405005248,29.899415684917575
hires,2048,2048,128,128,5,128,4096,200.0,ws,gaussian,5520640.0,41.7674854118144,accelergy,11062272.0,82.7743057590528,49.90511894844025,50.459481391961305
hires,2048,2048,128,128,5,128,4096,200.0,ws,sobel,5541632.0,41.0068203472384,accelergy,11062272.0,82.7743057590528,50.094881051559746,49.5405186080387
hires,2048,2048,128,128,5,128,4096,800.0,os,gaussian,9278208.0,20.047807443763197,accelergy,17953536.0,28.631399009484795,51.679000727210514,70.02035575391167
hires,2048,2048,128,128,5,128,4096,800.0,os,sobel,8675328.0,8.5835915657216,accelergy,17953536.0,28.631399009484795,48.32099927278949,29.979644246088334
hires,2048,2048,128,128,5,128,4096,800.0,ws,gaussian,4599040.0,41.7756774118144,accelergy,9203200.0,82.8070737590528,49.97218358831711,50.449406693648946
hires,2048,2048,128,128,5,128,4096,800.0,ws,sobel,4604160.0,41.031396347238406,accelergy,9203200.0,82.8070737590528,50.02781641168289,49.55059330635107
hires,2048,2048,128,128,7,8,256,50.0,os,gaussian,33415168.0,69.8669651591168,accelergy,45942784.0,90.9190873350144,72.73213569295235,76.8452117228963
hires,2048,2048,128,128,7,8,256,50.0,os,sobel,12527616.0,21.052122175897598,accelergy,45942784.0,90.9190873350144,27.267864307047653,23.154788277103712
hires,2048,2048,128,128,7,8,256,50.0,ws,gaussian,29986560.0,40.0260562162368,accelergy,38721792.0,50.295502586579204,77.44104405085385,79.58177999580684
hires,2048,2048,128,128,7,8,256,50.0,ws,sobel,8735232.0,10.269446370342399,accelergy,38721792.0,50.295502586579204,22.558955949146156,20.418220004193152
hires,2048,2048,128,128,7,8,256,200.0,os,gaussian,33126144.0,69.9816531591168,accelergy,45301760.0,91.0706393350144,73.12330470162749,76.84326548063508
hires,2048,2048,128,128,7,8,256,200.0,os,sobel,12175616.0,21.0889861758976,accelergy,45301760.0,91.0706393350144,26.876695298372518,23.15673451936491
hires,2048,2048,128,128,7,8,256,200.0,ws,gaussian,29546240.0,40.083400216236804,accelergy,38029824.0,50.36923058657921,77.69228697981877,79.5791393861731
hires,2048,2048,128,128,7,8,256,200.0,ws,sobel,8483584.0,10.2858303703424,accelergy,38029824.0,50.36923058657921,22.307713020181215,20.42086061382689
hires,2048,2048,128,128,7,8,256,800.0,os,gaussian,33053952.0,70.22741315911681,accelergy,45141504.0,91.4065113350144,73.22297458232671,76.82977080453931
hires,2048,2048,128,128,7,8,256,800.0,os,sobel,12087552.0,21.179098175897597,accelergy,45141504.0,91.4065113350144,26.77702541767328,23.170229195460696
hires,2048,2048,128,128,7,8,256,800.0,ws,gaussian,29435904.0,40.2144722162368,accelergy,37856512.0,50.5494545865792,77.75651385949133,79.554710421967
hires,2048,2048,128,128,7,8,256,800.0,ws,sobel,8420608.0,10.3349823703424,accelergy,37856512.0,50.5494545865792,22.24348614050867,20.445289578032995
hires,2048,2048,128,128,7,8,1024,50.0,os,gaussian,34322176.0,41.907412965785596,accelergy,47303424.0,49.94823632977919,72.55748759328712,83.9016871168289
hires,2048,2048,128,128,7,8,1024,50.0,os,sobel,12981248.0,8.0408233639936,accelergy,47303424.0,49.94823632977919,27.442512406712883,16.098312883171115
hires,2048,2048,128,128,7,8,1024,50.0,ws,gaussian,31194880.0,45.8173297176128,accelergy,41138432.0,58.7299618707136,75.82904472392141,78.0135526368529
hires,2048,2048,128,128,7,8,1024,50.0,ws,sobel,9943552.0,12.9126321531008,accelergy,41138432.0,58.7299618707136,24.170955276078583,21.986447363147086
hires,2048,2048,128,128,7,8,1024,200.0,os,gaussian,33352960.0,41.9319889657856,accelergy,45641984.0,49.981004329779196,73.07517569788378,83.89585108997517
hires,2048,2048,128,128,7,8,1024,200.0,os,sobel,12289024.0,8.0490153639936,accelergy,45641984.0,49.981004329779196,26.924824302116228,16.104148910024833
hires,2048,2048,128,128,7,8,1024,200.0,ws,gaussian,29848320.0,45.8419057176128,accelergy,38633984.0,58.7647778707136,77.25923373577004,78.00915340557916
hires,2048,2048,128,128,7,8,1024,200.0,ws,sobel,8785664.0,12.9228721531008,accelergy,38633984.0,58.7647778707136,22.740766264229958,21.99084659442085
hires,2048,2048,128,128,7,8,1024,800.0,os,gaussian,33110784.0,42.0466769657856,accelergy,45226752.0,50.1366523297792,73.2106165837423,83.86414930382483
hires,2048,2048,128,128,7,8,1024,800.0,os,sobel,12115968.0,8.0899753639936,accelergy,45226752.0,50.1366523297792,26.789383416257706,16.135850696175165
hires,2048,2048,128,128,7,8,1024,800.0,ws,gaussian,29511680.0,45.9565937176128,accelergy,38007808.0,58.928617870713595,77.6463615055096,77.98688545256438
hires,2048,2048,128,128,7,8,1024,800.0,ws,sobel,8496128.0,12.972024153100799,accelergy,38007808.0,58.928617870713595,22.353638494490397,22.013114547435617
hires,2048,2048,128,128,7,8,4096,50.0,os,gaussian,37224192.0,38.7107937583104,accelergy,50205440.0,47.399019872256005,74.14374219208118,81.67003001884629
hires,2048,2048,128,128,7,8,4096,50.0,os,sobel,12981248.0,8.6882261139456,accelergy,50205440.0,47.399019872256005,25.856257807918826,18.329969981153692
hires,2048,2048,128,128,7,8,4096,50.0,ws,gaussian,34684160.0,47.182033792076794,accelergy,44761344.0,61.709606831744,77.48686009070684,76.45816626367795
hires,2048,2048,128,128,7,8,4096,50.0,ws,sobel,10077184.0,14.5275730396672,accelergy,44761344.0,61.709606831744,22.513139909293162,23.54183373632204
hires,2048,2048,128,128,7,8,4096,200.0,os,gaussian,34078464.0,38.7169377583104,accelergy,46367488.0,47.413355872256005,73.4964637290681,81.65829447429111
hires,2048,2048,128,128,7,8,4096,200.0,os,sobel,12289024.0,8.696418113945601,accelergy,46367488.0,47.413355872256005,26.50353627093191,18.341705525708893
hires,2048,2048,128,128,7,8,4096,200.0,ws,gaussian,30720512.0,47.184081792076796,accelergy,39539456.0,61.717798831744,77.69583880971959,76.45133605738395
hires,2048,2048,128,128,7,8,4096,200.0,ws,sobel,8818944.0,14.5337170396672,accelergy,39539456.0,61.717798831744,22.304161190280414,23.548663942616034
hires,2048,2048,128,128,7,8,4096,800.0,os,gaussian,33292032.0,38.741513758310404,accelergy,45408000.0,47.47889187225601,73.31754756871037,81.59734195681338
hires,2048,2048,128,128,7,8,4096,800.0,os,sobel,12115968.0,8.737378113945601,accelergy,45408000.0,47.47889187225601,26.68245243128964,18.402658043186626
hires,2048,2048,128,128,7,8,4096,800.0,ws,gaussian,29729536.0,47.2004657920768,accelergy,38233856.0,61.766950831744,77.75709570073184,76.41702424432934
hires,2048,2048,128,128,7,8,4096,800.0,ws,sobel,8504320.0,14.5664850396672,accelergy,38233856.0,61.766950831744,22.24290429926817,23.582975755670653
hires,2048,2048,128,128,7,16,256,50.0,os,gaussian,34947584.0,233.8517298118656,accelergy,45640192.0,266.9375382683648,76.57194781301534,87.60541186109371
hires,2048,2048,128,128,7,16,256,50.0,os,sobel,10692608.0,33.0858084564992,accelergy,45640192.0,266.9375382683648,23.428052186984665,12.394588138906297
hires,2048,2048,128,128,7,16,256,50.0,ws,gaussian,17159680.0,37.9711878337216,accelergy,21834752.0,46.8618472823872,78.58884772311589,81.02793644669848
hires,2048,2048,128,128,7,16,256,50.0,ws,sobel,4675072.0,8.8906594486656,accelergy,21834752.0,46.8618472823872,21.411152276884117,18.972063553301517
hires,2048,2048,128,128,7,16,256,200.0,os,gaussian,20805376.0,234.2449458118656,accelergy,31145984.0,267.3860502683648,66.79954629142556,87.60552226893034
hires,2048,2048,128,128,7,16,256,200.0,os,sobel,10340608.0,33.1411044564992,accelergy,31145984.0,267.3860502683648,33.200453708574436,12.39447773106966
hires,2048,2048,128,128,7,16,256,200.0,ws,gaussian,16908032.0,38.0285318337216,accelergy,21231104.0,46.9335272823872,79.63802541780211,81.02636651388572
hires,2048,2048,128,128,7,16,256,200.0,ws,sobel,4323072.0,8.9049954486656,accelergy,21231104.0,46.9335272823872,20.36197458219789,18.97363348611428
hires,2048,2048,128,128,7,16,256,800.0,os,gaussian,20733184.0,235.0313778118656,accelergy,30985728.0,268.3035542683648,66.91204415142352,87.59905490360393
hires,2048,2048,128,128,7,16,256,800.0,os,sobel,10252544.0,33.272176456499196,accelergy,30985728.0,268.3035542683648,33.08795584857648,12.400945096396086
hires,2048,2048,128,128,7,16,256,800.0,ws,gaussian,16845056.0,38.1432198337216,accelergy,21080064.0,47.097367282387204,79.90989021665209,80.98800853351702
hires,2048,2048,128,128,7,16,256,800.0,ws,sobel,4235008.0,8.9541474486656,accelergy,21080064.0,47.097367282387204,20.090109783347906,19.011991466482975
hires,2048,2048,128,128,7,16,1024,50.0,os,gaussian,22001408.0,70.7970159935488,accelergy,33147648.0,78.7911753269248,66.37396414973395,89.85399151592017
hires,2048,2048,128,128,7,16,1024,50.0,os,sobel,11146240.0,7.994159333376,accelergy,33147648.0,78.7911753269248,33.62603585026606,10.146008484079825
hires,2048,2048,128,128,7,16,1024,50.0,ws,gaussian,18368000.0,43.709098778169604,accelergy,23950080.0,55.20736897164161,76.69285447063224,79.17258074845348
hires,2048,2048,128,128,7,16,1024,50.0,ws,sobel,5582080.0,11.498270193472,accelergy,23950080.0,55.20736897164161,23.30714552936775,20.827419251546512
hires,2048,2048,128,128,7,16,1024,200.0,os,gaussian,21032192.0,70.8400239935488,accelergy,31486208.0,78.8403273269248,66.79811046157099,89.85252394982915
hires,2048,2048,128,128,7,16,1024,200.0,os,sobel,10454016.0,8.000303333376001,accelergy,31486208.0,78.8403273269248,33.201889538429015,10.147476050170855
hires,2048,2048,128,128,7,16,1024,200.0,ws,gaussian,17210112.0,43.7336747781696,accelergy,21760000.0,55.240136971641604,79.0905882352941,79.17010560748786
hires,2048,2048,128,128,7,16,1024,200.0,ws,sobel,4549888.0,11.506462193472,accelergy,21760000.0,55.240136971641604,20.909411764705883,20.82989439251214
hires,2048,2048,128,128,7,16,1024,800.0,os,gaussian,20790016.0,71.0120559935488,accelergy,31070976.0,79.0533193269248,66.91137092056587,89.82805098907818
hires,2048,2048,128,128,7,16,1024,800.0,os,sobel,10280960.0,8.041263333376,accelergy,31070976.0,79.0533193269248,33.088629079434135,10.171949010921827
hires,2048,2048,128,128,7,16,1024,800.0,ws,gaussian,16920576.0,43.8319787781696,accelergy,21212416.0,55.387592971641595,79.767321176428,79.13681824124681
hires,2048,2048,128,128,7,16,1024,800.0,ws,sobel,4291840.0,11.555614193472,accelergy,21212416.0,55.387592971641595,20.232678823572005,20.863181758753203
hires,2048,2048,128,128,7,16,4096,50.0,os,gaussian,24903424.0,38.456328192,accelergy,36049664.0,47.0471065468928,69.0808768703087,81.74004952604217
hires,2048,2048,128,128,7,16,4096,50.0,os,sobel,11146240.0,8.5907783548928,accelergy,36049664.0,47.0471065468928,30.919123129691307,18.259950473957836
hires,2048,2048,128,128,7,16,4096,50.0,ws,gaussian,21990912.0,46.038184753433605,accelergy,27706624.0,59.081613100672,79.37059383344575,77.92303279700053
hires,2048,2048,128,128,7,16,4096,50.0,ws,sobel,5715712.0,13.0434283472384,accelergy,27706624.0,59.081613100672,20.62940616655425,22.07696720299948
hires,2048,2048,128,128,7,16,4096,200.0,os,gaussian,21757696.0,38.462472192,accelergy,32211712.0,47.0593945468928,67.54591621829972,81.73176166487585
hires,2048,2048,128,128,7,16,4096,200.0,os,sobel,10454016.0,8.596922354892799,accelergy,32211712.0,47.0593945468928,32.45408378170027,18.268238335124163
hires,2048,2048,128,128,7,16,4096,200.0,ws,gaussian,18115840.0,46.044328753433604,accelergy,22699008.0,59.091853100672004,79.80895024134975,77.91992692290434
hires,2048,2048,128,128,7,16,4096,200.0,ws,sobel,4583168.0,13.047524347238399,accelergy,22699008.0,59.091853100672004,20.191049758650244,22.080073077095665
hires,2048,2048,128,128,7,16,4096,800.0,os,gaussian,20971264.0,38.470664192,accelergy,31252224.0,47.108546546892796,67.10326919453796,81.66387420530057
hires,2048,2048,128,128,7,16,4096,800.0,os,sobel,10280960.0,8.637882354892799,accelergy,31252224.0,47.108546546892796,32.896730805462035,18.33612579469943
hires,2048,2048,128,128,7,16,4096,800.0,ws,gaussian,17146880.0,46.052520753433605,accelergy,21446912.0,59.132813100672,79.95034436659226,77.87980706250258
hires,2048,2048,128,128,7,16,4096,800.0,ws,sobel,4300032.0,13.0802923472384,accelergy,21446912.0,59.132813100672,20.04965563340774,22.120192937497425
hires,2048,2048,128,128,7,32,256,50.0,os,gaussian,78915584.0,629.49940813824,accelergy,88690688.0,662.57581973504,88.97843254976216,95.00790541827696
hires,2048,2048,128,128,7,32,256,50.0,os,sobel,9775104.0,33.0764115968,accelergy,88690688.0,662.57581973504,11.021567450237843,4.992094581723048
hires,2048,2048,128,128,7,32,256,50.0,ws,gaussian,8905728.0,36.6231209120448,accelergy,13593088.0,45.5199243607104,65.51659196203246,80.45514448098535
hires,2048,2048,128,128,7,32,256,50.0,ws,sobel,4687360.0,8.8968034486656,accelergy,13593088.0,45.5199243607104,34.483408037967536,19.544855519014646
hires,2048,2048,128,128,7,32,256,200.0,os,gaussian,20185600.0,630.56436813824,accelergy,29608704.0,663.69812373504,68.17454759249172,95.00770690591442
hires,2048,2048,128,128,7,32,256,200.0,os,sobel,9423104.0,33.1337555968,accelergy,29608704.0,663.69812373504,31.82545240750828,4.992293094085585
hires,2048,2048,128,128,7,32,256,200.0,ws,gaussian,8553728.0,36.6804649120448,accelergy,12889088.0,45.593652360710394,66.36410582346866,80.45081499909318
hires,2048,2048,128,128,7,32,256,200.0,ws,sobel,4335360.0,8.9131874486656,accelergy,12889088.0,45.593652360710394,33.635894176531345,19.549185000906828
hires,2048,2048,128,128,7,32,256,800.0,os,gaussian,14572800.0,632.69428813824,accelergy,23907840.0,665.9509237350401,60.95406360424028,95.00614318390348
hires,2048,2048,128,128,7,32,256,800.0,os,sobel,9335040.0,33.2566355968,accelergy,23907840.0,665.9509237350401,39.04593639575972,4.993856816096515
hires,2048,2048,128,128,7,32,256,800.0,ws,gaussian,8465664.0,36.7951529120448,accelergy,12712960.0,45.7493003607104,66.59081755940394,80.42779369724428
hires,2048,2048,128,128,7,32,256,800.0,ws,sobel,4247296.0,8.9541474486656,accelergy,12712960.0,45.7493003607104,33.409182440596055,19.572206302755703
hires,2048,2048,128,128,7,32,1024,50.0,os,gaussian,15841024.0,70.7634815074304,accelergy,26069760.0,78.7394288254976,60.76398094957529,89.87045316807732
hires,2048,2048,128,128,7,32,1024,50.0,os,sobel,10228736.0,7.9759473180672,accelergy,26069760.0,78.7394288254976,39.23601905042471,10.129546831922672
hires,2048,2048,128,128,7,32,1024,50.0,ws,gaussian,9812736.0,42.3254568185408,accelergy,15407104.0,53.8298710120128,63.68968496610394,78.62819661799924
hires,2048,2048,128,128,7,32,1024,50.0,ws,sobel,5594368.0,11.504414193472,accelergy,15407104.0,53.8298710120128,36.31031503389605,21.371803382000763
hires,2048,2048,128,128,7,32,1024,200.0,os,gaussian,14871808.0,70.8064895074304,accelergy,24408320.0,78.7906288254976,60.92925690911951,89.86663840981628
hires,2048,2048,128,128,7,32,1024,200.0,os,sobel,9536512.0,7.9841393180672,accelergy,24408320.0,78.7906288254976,39.07074309088049,10.133361590183725
hires,2048,2048,128,128,7,32,1024,200.0,ws,gaussian,8780544.0,42.350032818540804,accelergy,13342720.0,53.8646870120128,65.80775134305449,78.62299990547793
hires,2048,2048,128,128,7,32,1024,200.0,ws,sobel,4562176.0,11.514654193472,accelergy,13342720.0,53.8646870120128,34.19224865694551,21.37700009452208
hires,2048,2048,128,128,7,32,1024,800.0,os,gaussian,14629632.0,70.9785215074304,accelergy,23993088.0,78.9954288254976,60.97436061585737,89.85142882662655
hires,2048,2048,128,128,7,32,1024,800.0,os,sobel,9363456.0,8.016907318067199,accelergy,23993088.0,78.9954288254976,39.025639384142636,10.14857117337346
hires,2048,2048,128,128,7,32,1024,800.0,ws,gaussian,8522496.0,42.4483368185408,accelergy,12826624.0,54.003951012012806,66.44379690244293,78.60228006113564
hires,2048,2048,128,128,7,32,1024,800.0,ws,sobel,4304128.0,11.555614193472,accelergy,12826624.0,54.003951012012806,33.55620309755708,21.39771993886435
hires,2048,2048,128,128,7,32,4096,50.0,os,gaussian,18743040.0,38.353671408844804,accelergy,28971776.0,46.90084588421121,64.69413542338584,81.77607607234278
hires,2048,2048,128,128,7,32,4096,50.0,os,sobel,10228736.0,8.5471744753664,accelergy,28971776.0,46.90084588421121,35.30586457661415,18.223923927657214
hires,2048,2048,128,128,7,32,4096,50.0,ws,gaussian,13435648.0,44.5847600610048,accelergy,20505856.0,68.3719964082432,65.52102970000374,65.20909495576683
hires,2048,2048,128,128,7,32,4096,50.0,ws,sobel,7070208.0,23.787236347238398,accelergy,20505856.0,68.3719964082432,34.478970299996256,34.790905044233156
hires,2048,2048,128,128,7,32,4096,200.0,os,gaussian,15597312.0,38.3598154088448,accelergy,25133824.0,46.9151818842112,62.057059045213336,81.76418350784309
hires,2048,2048,128,128,7,32,4096,200.0,os,sobel,9536512.0,8.5553664753664,accelergy,25133824.0,46.9151818842112,37.942940954786664,18.235816492156918
hires,2048,2048,128,128,7,32,4096,200.0,ws,gaussian,9686272.0,44.5909040610048,accelergy,14617344.0,68.38633240824319,66.26560885479606,65.2044092594588
hires,2048,2048,128,128,7,32,4096,200.0,ws,sobel,4931072.0,23.7954283472384,accelergy,14617344.0,68.38633240824319,33.73439114520394,34.79559074054121
hires,2048,2048,128,128,7,32,4096,800.0,os,gaussian,14810880.0,38.368007408844804,accelergy,24174336.0,46.956141884211206,61.2669568256187,81.71030640348643
hires,2048,2048,128,128,7,32,4096,800.0,os,sobel,9363456.0,8.5881344753664,accelergy,24174336.0,46.956141884211206,38.733043174381294,18.289693596513565
hires,2048,2048,128,128,7,32,4096,800.0,ws,gaussian,8748800.0,44.5990960610048,accelergy,13145088.0,68.4272924082432,66.55565942198332,65.1773502814092
hires,2048,2048,128,128,7,32,4096,800.0,ws,sobel,4396288.0,23.8281963472384,accelergy,13145088.0,68.4272924082432,33.44434057801667,34.822649718590796
hires,2048,2048,128,128,7,64,256,50.0,os,gaussian,152616704.0,1220.6150233014273,accelergy,161933056.0,1253.6959524683778,94.24678800602639,97.36132759288103
hires,2048,2048,128,128,7,64,256,50.0,os,sobel,9316352.0,33.0809291669504,accelergy,161933056.0,1253.6959524683778,5.753211993973609,2.6386724071189667
hires,2048,2048,128,128,7,64,256,50.0,ws,gaussian,4627968.0,35.9961914512064,accelergy,9339904.0,44.905282899872,49.55048788510032,80.16025983283363
hires,2048,2048,128,128,7,64,256,50.0,ws,sobel,4711936.0,8.909091448665599,accelergy,9339904.0,44.905282899872,50.44951211489968,19.839740167166376
hires,2048,2048,128,128,7,64,256,200.0,os,gaussian,38331392.0,1222.6855513014273,accelergy,47295744.0,1255.8197284683777,81.04617616333512,97.36154987727726
hires,2048,2048,128,128,7,64,256,200.0,os,sobel,8964352.0,33.1341771669504,accelergy,47295744.0,1255.8197284683777,18.953823836664878,2.6384501227227486
hires,2048,2048,128,128,7,64,256,200.0,ws,gaussian,4338944.0,36.055583451206395,accelergy,8698880.0,44.97696289987199,49.87934078869923,80.1645578681548
hires,2048,2048,128,128,7,64,256,200.0,ws,sobel,4359936.0,8.9213794486656,accelergy,8698880.0,44.97696289987199,50.12065921130077,19.835442131845216
hires,2048,2048,128,128,7,64,256,800.0,os,gaussian,11492608.0,1226.8225113014273,accelergy,20368896.0,1260.0713764683778,56.42234120101551,97.3613506514101
hires,2048,2048,128,128,7,64,256,800.0,os,sobel,8876288.0,33.2488651669504,accelergy,20368896.0,1260.0713764683778,43.577658798984494,2.6386493485898814
hires,2048,2048,128,128,7,64,256,800.0,ws,gaussian,4266752.0,36.170271451206396,accelergy,8538624.0,45.124418899872,49.97001858847515,80.1567584315396
hires,2048,2048,128,128,7,64,256,800.0,ws,sobel,4271872.0,8.9541474486656,accelergy,8538624.0,45.124418899872,50.02998141152486,19.843241568460396
hires,2048,2048,128,128,7,64,1024,50.0,os,gaussian,25781760.0,206.1543302643712,accelergy,35551744.0,214.130387574784,72.51897403401645,96.27513992724306
hires,2048,2048,128,128,7,64,1024,50.0,os,sobel,9769984.0,7.976057310412799,accelergy,35551744.0,214.130387574784,27.48102596598355,3.7248600727569317
hires,2048,2048,128,128,7,64,1024,50.0,ws,gaussian,5534976.0,41.6807398387264,accelergy,11153920.0,53.1974420321984,49.623594216203806,78.35102261777666
hires,2048,2048,128,128,7,64,1024,50.0,ws,sobel,5618944.0,11.516702193472,accelergy,11153920.0,53.1974420321984,50.37640578379619,21.64897738222333
hires,2048,2048,128,128,7,64,1024,200.0,os,gaussian,11791616.0,206.28540226437119,accelergy,20869376.0,214.26555557478397,56.50200561818427,96.27557808393169
hires,2048,2048,128,128,7,64,1024,200.0,os,sobel,9077760.0,7.9801533104128,accelergy,20869376.0,214.26555557478397,43.49799438181573,3.72442191606832
hires,2048,2048,128,128,7,64,1024,200.0,ws,gaussian,4565760.0,41.7073638387264,accelergy,9152512.0,53.2302100321984,49.88532110091743,78.35280720008065
hires,2048,2048,128,128,7,64,1024,200.0,ws,sobel,4586752.0,11.522846193472,accelergy,9152512.0,53.2302100321984,50.11467889908256,21.647192799919353
hires,2048,2048,128,128,7,64,1024,800.0,os,gaussian,11549440.0,206.8014982643712,accelergy,20454144.0,214.806227574784,56.46503710935056,96.27351152674287
hires,2048,2048,128,128,7,64,1024,800.0,os,sobel,8904704.0,8.0047293104128,accelergy,20454144.0,214.806227574784,43.53496289064944,3.726488473257128
hires,2048,2048,128,128,7,64,1024,800.0,ws,gaussian,4323584.0,41.8056678387264,accelergy,8652288.0,53.3612820321984,49.970412450440854,78.34457165684418
hires,2048,2048,128,128,7,64,1024,800.0,ws,sobel,4328704.0,11.555614193472,accelergy,8652288.0,53.3612820321984,50.02958754955914,21.655428343155805
hires,2048,2048,128,128,7,64,4096,50.0,os,gaussian,15662848.0,38.349447017267195,accelergy,25432832.0,46.884035552870394,61.58515103626683,81.7963866912035
hires,2048,2048,128,128,7,64,4096,50.0,os,sobel,9769984.0,8.5345885356032,accelergy,25432832.0,46.884035552870394,38.41484896373318,18.203613308796506
hires,2048,2048,128,128,7,64,4096,50.0,ws,gaussian,9157888.0,43.9051517147904,accelergy,18399744.0,84.8812520620288,49.77182291231878,51.72538181070393
hires,2048,2048,128,128,7,64,4096,50.0,ws,sobel,9241856.0,40.9761003472384,accelergy,18399744.0,84.8812520620288,50.228177087681225,48.27461818929606
hires,2048,2048,128,128,7,64,4096,200.0,os,gaussian,12517120.0,38.357639017267196,accelergy,21594880.0,46.8963235528704,57.963369094896564,81.79242232927538
hires,2048,2048,128,128,7,64,4096,200.0,os,sobel,9077760.0,8.5386845356032,accelergy,21594880.0,46.8963235528704,42.036630905103436,18.207577670724618
hires,2048,2048,128,128,7,64,4096,200.0,ws,gaussian,5471488.0,43.9133437147904,accelergy,10963968.0,84.8955880620288,49.90426823573363,51.72629663947341
hires,2048,2048,128,128,7,64,4096,200.0,ws,sobel,5492480.0,40.98224434723841,accelergy,10963968.0,84.8955880620288,50.09573176426637,48.27370336052659
hires,2048,2048,128,128,7,64,4096,800.0,os,gaussian,11730688.0,38.3658310172672,accelergy,20635392.0,46.929091552870396,56.84742019923827,81.75276730861961
hires,2048,2048,128,128,7,64,4096,800.0,os,sobel,8904704.0,8.5632605356032,accelergy,20635392.0,46.929091552870396,43.15257980076172,18.24723269138039
hires,2048,2048,128,128,7,64,4096,800.0,ws,gaussian,4549888.0,43.921535714790394,accelergy,9104896.0,84.92016406202879,49.97188325929258,51.720973693254415
hires,2048,2048,128,128,7,64,4096,800.0,ws,sobel,4555008.0,40.9986283472384,accelergy,9104896.0,84.92016406202879,50.02811674070742,48.2790263067456
hires,2048,2048,128,128,7,128,256,50.0,os,gaussian,152822016.0,1220.7334708830208,accelergy,161908992.0,1253.8350908350465,94.38760263543608,97.35997020708838
hires,2048,2048,128,128,7,128,256,50.0,os,sobel,9086976.0,33.1016199520256,accelergy,161908992.0,1253.8350908350465,5.612397364563915,2.640029792911612
hires,2048,2048,128,128,7,128,256,50.0,ws,gaussian,4677120.0,36.1252154512064,accelergy,9438208.0,45.058882899872,49.55516979494413,80.17334901862164
hires,2048,2048,128,128,7,128,256,50.0,ws,sobel,4761088.0,8.9336674486656,accelergy,9438208.0,45.058882899872,50.44483020505588,19.826650981378364
hires,2048,2048,128,128,7,128,256,200.0,os,gaussian,38364160.0,1222.8060468830208,accelergy,47099136.0,1255.9609148350464,81.4540631913078,97.36019906667399
hires,2048,2048,128,128,7,128,256,200.0,os,sobel,8734976.0,33.1548679520256,accelergy,47099136.0,1255.9609148350464,18.5459368086922,2.639800933326022
hires,2048,2048,128,128,7,128,256,200.0,ws,gaussian,4388096.0,36.1866554512064,accelergy,8797184.0,45.132610899872,49.88068909323711,80.17851112466668
hires,2048,2048,128,128,7,128,256,200.0,ws,sobel,4409088.0,8.9459554486656,accelergy,8797184.0,45.132610899872,50.11931090676289,19.82148887533332
hires,2048,2048,128,128,7,128,256,800.0,os,gaussian,9952512.0,1226.9430068830206,accelergy,18599424.0,1260.2207548350461,53.50978610950533,97.35937153674466
hires,2048,2048,128,128,7,128,256,800.0,os,sobel,8646912.0,33.2777479520256,accelergy,18599424.0,1260.2207548350461,46.49021389049467,2.640628463255346
hires,2048,2048,128,128,7,128,256,800.0,ws,gaussian,4315904.0,36.3013434512064,accelergy,8636928.0,45.288258899872,49.97035983164385,80.15619132425734
hires,2048,2048,128,128,7,128,256,800.0,ws,sobel,4321024.0,8.9869154486656,accelergy,8636928.0,45.288258899872,50.02964016835616,19.843808675742668
hires,2048,2048,128,128,7,128,1024,50.0,os,gaussian,25856000.0,206.26677864284162,accelergy,35396608.0,214.2613229494272,73.0465472849828,96.268787947103
hires,2048,2048,128,128,7,128,1024,50.0,os,sobel,9540608.0,7.9945443065856,accelergy,35396608.0,214.2613229494272,26.953452715017214,3.7312120528970025
hires,2048,2048,128,128,7,128,1024,50.0,ws,gaussian,5584128.0,41.809763838726404,accelergy,11252224.0,53.35104203219841,49.62688265004323,78.3672862724844
hires,2048,2048,128,128,7,128,1024,50.0,ws,sobel,5668096.0,11.541278193472,accelergy,11252224.0,53.35104203219841,50.37311734995677,21.632713727515593
hires,2048,2048,128,128,7,128,1024,200.0,os,gaussian,10251520.0,206.3998986428416,accelergy,19099904.0,214.3985389494272,53.67314935195486,96.26926547830983
hires,2048,2048,128,128,7,128,1024,200.0,os,sobel,8848384.0,7.9986403065855995,accelergy,19099904.0,214.3985389494272,46.326850648045145,3.7307345216901577
hires,2048,2048,128,128,7,128,1024,200.0,ws,gaussian,4614912.0,41.838435838726404,accelergy,9250816.0,53.385858032198406,49.88653973876467,78.36988554814002
hires,2048,2048,128,128,7,128,1024,200.0,ws,sobel,4635904.0,11.547422193472,accelergy,9250816.0,53.385858032198406,50.11346026123533,21.63011445185998
hires,2048,2048,128,128,7,128,1024,800.0,os,gaussian,10009344.0,206.9159946428416,accelergy,18684672.0,214.94740294942721,53.56981380245798,96.26354717648054
hires,2048,2048,128,128,7,128,1024,800.0,os,sobel,8675328.0,8.0314083065856,accelergy,18684672.0,214.94740294942721,46.43018619754203,3.736452823519449
hires,2048,2048,128,128,7,128,1024,800.0,ws,gaussian,4372736.0,41.9367398387264,accelergy,8750592.0,53.525122032198404,49.97074483646364,78.3496389106765
hires,2048,2048,128,128,7,128,1024,800.0,ws,sobel,4377856.0,11.588382193472,accelergy,8750592.0,53.525122032198404,50.02925516353637,21.650361089323493
hires,2048,2048,128,128,7,128,4096,50.0,os,gaussian,14122752.0,38.4446148214784,accelergy,23663360.0,46.99134238720001,59.68193865959863,81.81212297512562
hires,2048,2048,128,128,7,128,4096,50.0,os,sobel,9540608.0,8.5467275657216,accelergy,23663360.0,46.99134238720001,40.318061340401364,18.187877024874368
hires,2048,2048,128,128,7,128,4096,50.0,ws,gaussian,9207040.0,44.0341757147904,accelergy,18498048.0,85.0348520620288,49.77303551163885,51.78368004059042
hires,2048,2048,128,128,7,128,4096,50.0,ws,sobel,9291008.0,41.000676347238404,accelergy,18498048.0,85.0348520620288,50.22696448836115,48.21631995940958
hires,2048,2048,128,128,7,128,4096,200.0,os,gaussian,10977024.0,38.4548548214784,accelergy,19825408.0,47.0056783872,55.36846454811927,81.80895615358239
hires,2048,2048,128,128,7,128,4096,200.0,os,sobel,8848384.0,8.550823565721599,accelergy,19825408.0,47.0056783872,44.63153545188074,18.191043846417614
hires,2048,2048,128,128,7,128,4096,200.0,ws,gaussian,5520640.0,44.0444157147904,accelergy,11062272.0,85.0512360620288,49.90511894844025,51.785744398433344
hires,2048,2048,128,128,7,128,4096,200.0,ws,sobel,5541632.0,41.0068203472384,accelergy,11062272.0,85.0512360620288,50.094881051559746,48.214255601566656
hires,2048,2048,128,128,7,128,4096,800.0,os,gaussian,10190592.0,38.4630468214784,accelergy,18865920.0,47.0466383872,54.01587624669245,81.75514370425893
hires,2048,2048,128,128,7,128,4096,800.0,os,sobel,8675328.0,8.5835915657216,accelergy,18865920.0,47.0466383872,45.98412375330755,18.244856295741084
hires,2048,2048,128,128,7,128,4096,800.0,ws,gaussian,4599040.0,44.0526077147904,accelergy,9203200.0,85.08400406202881,49.97218358831711,51.77542853140141
hires,2048,2048,128,128,7,128,4096,800.0,ws,sobel,4604160.0,41.031396347238406,accelergy,9203200.0,85.08400406202881,50.02781641168289,48.22457146859858
hires,2048,2048,128,128,11,8,256,50.0,os,gaussian,71163904.0,248.3145946300416,accelergy,83691520.0,269.3667168059392,85.03120029364982,92.18458671304063
hires,2048,2048,128,128,11,8,256,50.0,os,sobel,12527616.0,21.052122175897598,accelergy,83691520.0,269.3667168059392,14.968799706350177,7.815413286959373
hires,2048,2048,128,128,11,8,256,50.0,ws,gaussian,67636480.0,96.57407849248641,accelergy,76371712.0,106.8435248628288,88.56221528725192,90.38833061383286
hires,2048,2048,128,128,11,8,256,50.0,ws,sobel,8735232.0,10.269446370342399,accelergy,76371712.0,106.8435248628288,11.437784712748092,9.611669386167145
hires,2048,2048,128,128,11,8,256,200.0,os,gaussian,70874880.0,248.72829063004158,accelergy,83050496.0,269.8172768059392,85.33950236733084,92.1839748641947
hires,2048,2048,128,128,11,8,256,200.0,os,sobel,12175616.0,21.0889861758976,accelergy,83050496.0,269.8172768059392,14.660497632669165,7.816025135805312
hires,2048,2048,128,128,11,8,256,200.0,ws,gaussian,67308288.0,96.7133424924864,accelergy,75791872.0,106.9991728628288,88.80673642682952,90.3870001093105
hires,2048,2048,128,128,11,8,256,200.0,ws,sobel,8483584.0,10.2858303703424,accelergy,75791872.0,106.9991728628288,11.193263573170485,9.612999890689498
hires,2048,2048,128,128,11,8,256,800.0,os,gaussian,70802688.0,249.58025863004158,accelergy,82890240.0,270.7593568059392,85.41740016677475,92.17788872534615
hires,2048,2048,128,128,11,8,256,800.0,os,sobel,12087552.0,21.179098175897597,accelergy,82890240.0,270.7593568059392,14.582599833225238,7.822111274653842
hires,2048,2048,128,128,11,8,256,800.0,ws,gaussian,67226112.0,97.01644649248641,accelergy,75646720.0,107.35142886282881,88.8685087734141,90.37275751257283
hires,2048,2048,128,128,11,8,256,800.0,ws,sobel,8420608.0,10.3349823703424,accelergy,75646720.0,107.35142886282881,11.131491226585897,9.627242487427162
hires,2048,2048,128,128,11,8,1024,50.0,os,gaussian,72070912.0,171.2006168444928,accelergy,85052160.0,179.2414402084864,84.73730943458696,95.51397079010253
hires,2048,2048,128,128,11,8,1024,50.0,os,sobel,12981248.0,8.0408233639936,accelergy,85052160.0,179.2414402084864,15.262690565413036,4.486029209897464
hires,2048,2048,128,128,11,8,1024,50.0,ws,gaussian,68540928.0,103.7460084510784,accelergy,78484480.0,116.6586406041792,87.33054993802595,88.93126811162394
hires,2048,2048,128,128,11,8,1024,50.0,ws,sobel,9943552.0,12.9126321531008,accelergy,78484480.0,116.6586406041792,12.669450061974036,11.068731888376055
hires,2048,2048,128,128,11,8,1024,200.0,os,gaussian,71101696.0,171.3050648444928,accelergy,83390720.0,179.35408020848638,85.26331946768178,95.51222065612492
hires,2048,2048,128,128,11,8,1024,200.0,os,sobel,12289024.0,8.0490153639936,accelergy,83390720.0,179.35408020848638,14.736680532318225,4.487779343875084
hires,2048,2048,128,128,11,8,1024,200.0,ws,gaussian,67534336.0,103.8013044510784,accelergy,76320000.0,116.72417660417919,88.4883857442348,88.92870994762013
hires,2048,2048,128,128,11,8,1024,200.0,ws,sobel,8785664.0,12.9228721531008,accelergy,76320000.0,116.72417660417919,11.511614255765199,11.071290052379867
hires,2048,2048,128,128,11,8,1024,800.0,os,gaussian,70859520.0,171.7474328444928,accelergy,82975488.0,179.8374082084864,85.39813589285549,95.50150580761549
hires,2048,2048,128,128,11,8,1024,800.0,os,sobel,12115968.0,8.0899753639936,accelergy,82975488.0,179.8374082084864,14.601864107144511,4.498494192384519
hires,2048,2048,128,128,11,8,1024,800.0,ws,gaussian,67282688.0,104.0470644510784,accelergy,75778816.0,117.0190886041792,88.78825449054258,88.91460845590834
hires,2048,2048,128,128,11,8,1024,800.0,ws,sobel,8496128.0,12.972024153100799,accelergy,75778816.0,117.0190886041792,11.211745509457419,11.085391544091653
hires,2048,2048,128,128,11,8,4096,50.0,os,gaussian,75693824.0,129.039498084352,accelergy,88675072.0,137.7277241982976,85.36088248115547,93.69173769150758
hires,2048,2048,128,128,11,8,4096,50.0,os,sobel,12981248.0,8.6882261139456,accelergy,88675072.0,137.7277241982976,14.63911751884453,6.308262308492418
hires,2048,2048,128,128,11,8,4096,50.0,ws,gaussian,73372160.0,138.70491581693437,accelergy,83449344.0,153.23248885660158,87.92419027284384,90.5192605379774
hires,2048,2048,128,128,11,8,4096,50.0,ws,sobel,10077184.0,14.5275730396672,accelergy,83449344.0,153.23248885660158,12.075809727156154,9.480739462022594
hires,2048,2048,128,128,11,8,4096,200.0,os,gaussian,72007424.0,129.057930084352,accelergy,84296448.0,137.7543481982976,85.42165857332446,93.68701008157862
hires,2048,2048,128,128,11,8,4096,200.0,os,sobel,12289024.0,8.696418113945601,accelergy,84296448.0,137.7543481982976,14.578341426675534,6.312989918421372
hires,2048,2048,128,128,11,8,4096,200.0,ws,gaussian,68742144.0,138.7233478169344,accelergy,77561088.0,153.2570648566016,88.62967987246388,90.51677190003214
hires,2048,2048,128,128,11,8,4096,200.0,ws,sobel,8818944.0,14.5337170396672,accelergy,77561088.0,153.2570648566016,11.370320127536116,9.483228099967853
hires,2048,2048,128,128,11,8,4096,800.0,os,gaussian,71085824.0,129.10708208435202,accelergy,83201792.0,137.8444601982976,85.43785210780077,93.66142237317601
hires,2048,2048,128,128,11,8,4096,800.0,os,sobel,12115968.0,8.737378113945601,accelergy,83201792.0,137.8444601982976,14.562147892199246,6.338577626823996
hires,2048,2048,128,128,11,8,4096,800.0,ws,gaussian,67584512.0,138.77249981693438,accelergy,76088832.0,153.3389848566016,88.82316921358446,90.50046858384422
hires,2048,2048,128,128,11,8,4096,800.0,ws,sobel,8504320.0,14.5664850396672,accelergy,76088832.0,153.3389848566016,11.176830786415541,9.499531416155765
hires,2048,2048,128,128,11,16,256,50.0,os,gaussian,56786688.0,412.1975604051968,accelergy,67479296.0,445.283368861696,84.15423895353028,92.56971834787399
hires,2048,2048,128,128,11,16,256,50.0,os,sobel,10692608.0,33.0858084564992,accelergy,67479296.0,445.283368861696,15.84576104646972,7.430281652126015
hires,2048,2048,128,128,11,16,256,50.0,ws,gaussian,34018048.0,91.0896508057792,accelergy,38693120.0,99.9803102544448,87.9175626054451,91.1075896583644
hires,2048,2048,128,128,11,16,256,50.0,ws,sobel,4675072.0,8.8906594486656,accelergy,38693120.0,99.9803102544448,12.082437394554898,8.892410341635593
hires,2048,2048,128,128,11,16,256,200.0,os,gaussian,39679744.0,412.8918324051968,accelergy,50020352.0,446.032936861696,79.32719865705863,92.56980780619449
hires,2048,2048,128,128,11,16,256,200.0,os,sobel,10340608.0,33.1411044564992,accelergy,50020352.0,446.032936861696,20.67280134294137,7.430192193805511
hires,2048,2048,128,128,11,16,256,200.0,ws,gaussian,33740800.0,91.2309628057792,accelergy,38063872.0,100.1359582544448,88.64258475858684,91.10709518948421
hires,2048,2048,128,128,11,16,256,200.0,ws,sobel,4323072.0,8.9049954486656,accelergy,38063872.0,100.1359582544448,11.35741524141317,8.892904810515786
hires,2048,2048,128,128,11,16,256,800.0,os,gaussian,39607552.0,414.2926644051968,accelergy,49860096.0,447.564840861696,79.43737613341138,92.56595393140347
hires,2048,2048,128,128,11,16,256,800.0,os,sobel,10252544.0,33.272176456499196,accelergy,49860096.0,447.564840861696,20.562623866588623,7.434046068596523
hires,2048,2048,128,128,11,16,256,800.0,ws,gaussian,33671424.0,91.52587480577921,accelergy,37906432.0,100.4800222544448,88.8277324544816,91.08862911475968
hires,2048,2048,128,128,11,16,256,800.0,ws,sobel,4235008.0,8.9541474486656,accelergy,37906432.0,100.4800222544448,11.172267545518396,8.91137088524033
hires,2048,2048,128,128,11,16,1024,50.0,os,gaussian,40875776.0,93.5632117497856,accelergy,52022016.0,101.5573710831616,78.57399451801331,92.12843021819668
hires,2048,2048,128,128,11,16,1024,50.0,os,sobel,11146240.0,7.994159333376,accelergy,52022016.0,101.5573710831616,21.426005481986703,7.871569781803308
hires,2048,2048,128,128,11,16,1024,50.0,ws,gaussian,35527936.0,98.1192806125632,accelergy,41110016.0,109.6175508060352,86.42160586850659,89.51055728856976
hires,2048,2048,128,128,11,16,1024,50.0,ws,sobel,5582080.0,11.498270193472,accelergy,41110016.0,109.6175508060352,13.578394131493404,10.489442711430241
hires,2048,2048,128,128,11,16,1024,200.0,os,gaussian,39906560.0,93.6205557497856,accelergy,50360576.0,101.62085908316159,79.24166713263962,92.12730200713129
hires,2048,2048,128,128,11,16,1024,200.0,os,sobel,10454016.0,8.000303333376001,accelergy,50360576.0,101.62085908316159,20.758332867360373,7.872697992868709
hires,2048,2048,128,128,11,16,1024,200.0,ws,gaussian,34118400.0,98.1766246125632,accelergy,38668288.0,109.6830868060352,88.23354165563264,89.50935597407086
hires,2048,2048,128,128,11,16,1024,200.0,ws,sobel,4549888.0,11.506462193472,accelergy,38668288.0,109.6830868060352,11.766458344367352,10.490644025929136
hires,2048,2048,128,128,11,16,1024,800.0,os,gaussian,39664384.0,93.8581237497856,accelergy,49945344.0,101.8993870831616,79.41557875745134,92.10862443479331
hires,2048,2048,128,128,11,16,1024,800.0,os,sobel,10280960.0,8.041263333376,accelergy,49945344.0,101.8993870831616,20.584421242548657,7.891375565206693
hires,2048,2048,128,128,11,16,1024,800.0,ws,gaussian,33765888.0,98.4141926125632,accelergy,38057728.0,109.9698068060352,88.7228160335793,89.49201191754952
hires,2048,2048,128,128,11,16,1024,800.0,ws,sobel,4291840.0,11.555614193472,accelergy,38057728.0,109.9698068060352,11.277183966420697,10.507988082450485
hires,2048,2048,128,128,11,16,4096,50.0,os,gaussian,44498688.0,128.4095774818304,accelergy,55644928.0,137.0003558367232,79.96899196275355,93.72937515203883
hires,2048,2048,128,128,11,16,4096,50.0,os,sobel,11146240.0,8.5907783548928,accelergy,55644928.0,137.0003558367232,20.03100803724645,6.27062484796118
hires,2048,2048,128,128,11,16,4096,50.0,ws,gaussian,39150848.0,132.7990570472192,accelergy,44866560.0,145.8424853944576,87.26064133287686,91.0564961149969
hires,2048,2048,128,128,11,16,4096,50.0,ws,sobel,5715712.0,13.0434283472384,accelergy,44866560.0,145.8424853944576,12.739358667123133,8.943503885003103
hires,2048,2048,128,128,11,16,4096,200.0,os,gaussian,40812288.0,128.4300574818304,accelergy,51266304.0,137.0269798367232,79.60840711278894,93.72610973026144
hires,2048,2048,128,128,11,16,4096,200.0,os,sobel,10454016.0,8.596922354892799,accelergy,51266304.0,137.0269798367232,20.39159288721106,6.273890269738562
hires,2048,2048,128,128,11,16,4096,200.0,ws,gaussian,35024128.0,132.8195370472192,accelergy,39607296.0,145.8670613944576,88.4284754000879,91.05519489972109
hires,2048,2048,128,128,11,16,4096,200.0,ws,sobel,4583168.0,13.047524347238399,accelergy,39607296.0,145.8670613944576,11.571524599912097,8.9448051002789
hires,2048,2048,128,128,11,16,4096,800.0,os,gaussian,39890688.0,128.4710174818304,accelergy,50171648.0,137.1088998367232,79.50842675129985,93.69998419856095
hires,2048,2048,128,128,11,16,4096,800.0,os,sobel,10280960.0,8.637882354892799,accelergy,50171648.0,137.1088998367232,20.491573248700142,6.300015801439049
hires,2048,2048,128,128,11,16,4096,800.0,ws,gaussian,33992192.0,132.8604970472192,accelergy,38292224.0,145.94078939445762,88.77048248751495,91.037260794935
hires,2048,2048,128,128,11,16,4096,800.0,ws,sobel,4300032.0,13.0802923472384,accelergy,38292224.0,145.94078939445762,11.229517512485042,8.962739205065
hires,2048,2048,128,128,11,32,256,50.0,os,gaussian,122206976.0,979.1208032927744,accelergy,131982080.0,1012.1972148895744,92.59361270863438,96.73221669549758
hires,2048,2048,128,128,11,32,256,50.0,os,sobel,9775104.0,33.0764115968,accelergy,131982080.0,1012.1972148895744,7.406387291365616,3.2677833045024203
hires,2048,2048,128,128,11,32,256,50.0,ws,gaussian,17208832.0,88.4078529624256,accelergy,21896192.0,97.30465641109119,78.59280737034092,90.85675467463908
hires,2048,2048,128,128,11,32,256,50.0,ws,sobel,4687360.0,8.8968034486656,accelergy,21896192.0,97.30465641109119,21.407192629659075,9.14324532536092
hires,2048,2048,128,128,11,32,256,200.0,os,gaussian,31033088.0,980.7796832927744,accelergy,40456192.0,1013.9134388895744,76.7078819479599,96.732092274752
hires,2048,2048,128,128,11,32,256,200.0,os,sobel,9423104.0,33.1337555968,accelergy,40456192.0,1013.9134388895744,23.29211805204009,3.267907725247994
hires,2048,2048,128,128,11,32,256,200.0,ws,gaussian,16957184.0,88.5512129624256,accelergy,21292544.0,97.46440041109119,79.63906990165196,90.85493019905626
hires,2048,2048,128,128,11,32,256,200.0,ws,sobel,4335360.0,8.9131874486656,accelergy,21292544.0,97.46440041109119,20.36093009834804,9.145069800943753
hires,2048,2048,128,128,11,32,256,800.0,os,gaussian,24009984.0,984.0892512927744,accelergy,33345024.0,1017.3458868895744,72.00469851213782,96.73103946009172
hires,2048,2048,128,128,11,32,256,800.0,os,sobel,9335040.0,33.2566355968,accelergy,33345024.0,1017.3458868895744,27.99530148786218,3.2689605399082695
hires,2048,2048,128,128,11,32,256,800.0,ws,gaussian,16894208.0,88.8297409624256,accelergy,21141504.0,97.7838884110912,79.91015208757145,90.84292147288964
hires,2048,2048,128,128,11,32,256,800.0,ws,sobel,4247296.0,8.9541474486656,accelergy,21141504.0,97.7838884110912,20.089847912428556,9.157078527110372
hires,2048,2048,128,128,11,32,1024,50.0,os,gaussian,34508288.0,170.82822120243202,accelergy,44737024.0,178.80416852049922,77.13585955114046,95.53928334889308
hires,2048,2048,128,128,11,32,1024,50.0,os,sobel,10228736.0,7.9759473180672,accelergy,44737024.0,178.80416852049922,22.86414044885954,4.460716651106927
hires,2048,2048,128,128,11,32,1024,50.0,ws,gaussian,18417152.0,95.36633269330561,accelergy,24011520.0,106.87074688677761,76.7013167013167,89.23520745516997
hires,2048,2048,128,128,11,32,1024,50.0,ws,sobel,5594368.0,11.504414193472,accelergy,24011520.0,106.87074688677761,23.298683298683297,10.764792544830023
hires,2048,2048,128,128,11,32,1024,200.0,os,gaussian,24476672.0,170.936765202432,accelergy,34013184.0,178.92090452049922,71.96230732177264,95.53761516047308
hires,2048,2048,128,128,11,32,1024,200.0,os,sobel,9536512.0,7.9841393180672,accelergy,34013184.0,178.92090452049922,28.037692678227362,4.4623848395269246
hires,2048,2048,128,128,11,32,1024,200.0,ws,gaussian,17259264.0,95.4257246933056,accelergy,21821440.0,106.9403788867776,79.09314875645236,89.23264129663964
hires,2048,2048,128,128,11,32,1024,200.0,ws,sobel,4562176.0,11.514654193472,accelergy,21821440.0,106.9403788867776,20.90685124354763,10.767358703360367
hires,2048,2048,128,128,11,32,1024,800.0,os,gaussian,24066816.0,171.354557202432,accelergy,33430272.0,179.37146452049922,71.99108640216866,95.53055591116556
hires,2048,2048,128,128,11,32,1024,800.0,os,sobel,9363456.0,8.016907318067199,accelergy,33430272.0,179.37146452049922,28.00891359783133,4.469444088834431
hires,2048,2048,128,128,11,32,1024,800.0,ws,gaussian,16969728.0,95.6469086933056,accelergy,21273856.0,107.2025228867776,79.76799316494386,89.2207628306691
hires,2048,2048,128,128,11,32,1024,800.0,ws,sobel,4304128.0,11.555614193472,accelergy,21273856.0,107.2025228867776,20.232006835056136,10.779237169330903
hires,2048,2048,128,128,11,32,4096,50.0,os,gaussian,28901120.0,128.1550331805696,accelergy,39129856.0,136.702207655936,73.85951024200038,93.7475958714005
hires,2048,2048,128,128,11,32,4096,50.0,os,sobel,10228736.0,8.5471744753664,accelergy,39129856.0,136.702207655936,26.140489757999617,6.252404128599497
hires,2048,2048,128,128,11,32,4096,50.0,ws,gaussian,22040064.0,129.9065436623616,accelergy,29110272.0,153.6937800096,75.71232587589701,84.52296745792015
hires,2048,2048,128,128,11,32,4096,50.0,ws,sobel,7070208.0,23.787236347238398,accelergy,29110272.0,153.6937800096,24.287674124103,15.477032542079844
hires,2048,2048,128,128,11,32,4096,200.0,os,gaussian,25214720.0,128.1775611805696,accelergy,34751232.0,136.732927655936,72.55777291579187,93.74300936721369
hires,2048,2048,128,128,11,32,4096,200.0,os,sobel,9536512.0,8.5553664753664,accelergy,34751232.0,136.732927655936,27.44222708420812,6.256990632786312
hires,2048,2048,128,128,11,32,4096,200.0,ws,gaussian,18164992.0,129.9290716623616,accelergy,23096064.0,153.72450000959998,78.6497301011982,84.52073134357089
hires,2048,2048,128,128,11,32,4096,200.0,ws,sobel,4931072.0,23.7954283472384,accelergy,23096064.0,153.72450000959998,21.350269898801805,15.479268656429127
hires,2048,2048,128,128,11,32,4096,800.0,os,gaussian,24293120.0,128.2021371805696,accelergy,33656576.0,136.79027165593598,72.17941599288056,93.72167744723262
hires,2048,2048,128,128,11,32,4096,800.0,os,sobel,9363456.0,8.5881344753664,accelergy,33656576.0,136.79027165593598,27.820584007119443,6.278322552767385
hires,2048,2048,128,128,11,32,4096,800.0,ws,gaussian,17196032.0,129.9536476623616,accelergy,21592320.0,153.78184400959998,79.63957555278914,84.50519532998258
hires,2048,2048,128,128,11,32,4096,800.0,ws,sobel,4396288.0,23.8281963472384,accelergy,21592320.0,153.78184400959998,20.36042444721086,15.49480467001742
hires,2048,2048,128,128,11,64,256,50.0,os,gaussian,214045184.0,1710.2270967365632,accelergy,223361536.0,1743.3080259035137,95.82902581758749,98.10240481455907
hires,2048,2048,128,128,11,64,256,50.0,os,sobel,9316352.0,33.0809291669504,accelergy,223361536.0,1743.3080259035137,4.1709741824124995,1.89759518544093
hires,2048,2048,128,128,11,64,256,50.0,ws,gaussian,10636288.0,87.1847140407488,accelergy,15348224.0,96.0938054894144,69.29979651065817,90.72875571605185
hires,2048,2048,128,128,11,64,256,50.0,ws,sobel,4711936.0,8.909091448665599,accelergy,15348224.0,96.0938054894144,30.700203489341828,9.271244283948164
hires,2048,2048,128,128,11,64,256,200.0,os,gaussian,54086656.0,1713.1250167365633,accelergy,63051008.0,1746.2591939035137,85.78238114765746,98.10256247854686
hires,2048,2048,128,128,11,64,256,200.0,os,sobel,8964352.0,33.1341771669504,accelergy,63051008.0,1746.2591939035137,14.217618852342534,1.8974375214531394
hires,2048,2048,128,128,11,64,256,200.0,ws,gaussian,8602880.0,87.3260260407488,accelergy,12962816.0,96.2474054894144,66.36582668457224,90.73078447850025
hires,2048,2048,128,128,11,64,256,200.0,ws,sobel,4359936.0,8.9213794486656,accelergy,12962816.0,96.2474054894144,33.63417331542776,9.269215521499747
hires,2048,2048,128,128,11,64,256,800.0,os,gaussian,17019136.0,1718.9249527365632,accelergy,25895424.0,1752.1738179035137,65.72256163868953,98.10242198421085
hires,2048,2048,128,128,11,64,256,800.0,os,sobel,8876288.0,33.2488651669504,accelergy,25895424.0,1752.1738179035137,34.27743836131047,1.897578015789145
hires,2048,2048,128,128,11,64,256,800.0,ws,gaussian,8514816.0,87.61274604074879,accelergy,12786688.0,96.56689348941438,66.59125490510131,90.72751838118604
hires,2048,2048,128,128,11,64,256,800.0,ws,sobel,4271872.0,8.9541474486656,accelergy,12786688.0,96.56689348941438,33.4087450948987,9.272481618813956
hires,2048,2048,128,128,11,64,1024,50.0,os,gaussian,73371392.0,576.9855899287553,accelergy,83141376.0,584.9616472391681,88.24895079917849,98.63648200731497
hires,2048,2048,128,128,11,64,1024,50.0,os,sobel,9769984.0,7.976057310412799,accelergy,83141376.0,584.9616472391681,11.751049200821502,1.3635179926850314
hires,2048,2048,128,128,11,64,1024,50.0,ws,gaussian,11515136.0,94.1076187336768,accelergy,17134080.0,105.6243209271488,67.20603615717914,89.09654320862778
hires,2048,2048,128,128,11,64,1024,50.0,ws,sobel,5618944.0,11.516702193472,accelergy,17134080.0,105.6243209271488,32.79396384282086,10.903456791372225
hires,2048,2048,128,128,11,64,1024,200.0,os,gaussian,19006464.0,577.3501339287552,accelergy,28084224.0,585.330287239168,67.67665718661124,98.63664097273134
hires,2048,2048,128,128,11,64,1024,200.0,os,sobel,9077760.0,7.9801533104128,accelergy,28084224.0,585.330287239168,32.323342813388756,1.3633590272686644
hires,2048,2048,128,128,11,64,1024,200.0,ws,gaussian,8829696.0,94.1649627336768,accelergy,13416448.0,105.68780892714881,65.81247137841551,89.0972797047815
hires,2048,2048,128,128,11,64,1024,200.0,ws,sobel,4586752.0,11.522846193472,accelergy,13416448.0,105.68780892714881,34.18752862158449,10.902720295218497
hires,2048,2048,128,128,11,64,1024,800.0,os,gaussian,16268032.0,578.8083099287552,accelergy,25172736.0,586.813039239168,64.62560128545422,98.63589784562535
hires,2048,2048,128,128,11,64,1024,800.0,os,sobel,8904704.0,8.0047293104128,accelergy,25172736.0,586.813039239168,35.37439871454577,1.3641021543746414
hires,2048,2048,128,128,11,64,1024,800.0,ws,gaussian,8571648.0,94.3943387336768,accelergy,12900352.0,105.9499529271488,66.44507064613431,89.09332767573986
hires,2048,2048,128,128,11,64,1024,800.0,ws,sobel,4328704.0,11.555614193472,accelergy,12900352.0,105.9499529271488,33.554929353865695,10.906672324260153
hires,2048,2048,128,128,11,64,4096,50.0,os,gaussian,40429312.0,282.7531370299392,accelergy,50199296.0,291.28772556554236,80.53760753935673,97.0700486884461
hires,2048,2048,128,128,11,64,4096,50.0,os,sobel,9769984.0,8.5345885356032,accelergy,50199296.0,291.28772556554236,19.462392460643272,2.929951311553923
hires,2048,2048,128,128,11,64,4096,50.0,ws,gaussian,15549184.0,128.5780469699328,accelergy,24791040.0,169.5541473171712,62.720983064849236,75.8330297456023
hires,2048,2048,128,128,11,64,4096,50.0,ws,sobel,9241856.0,40.9761003472384,accelergy,24791040.0,169.5541473171712,37.279016935150764,24.166970254397686
hires,2048,2048,128,128,11,64,4096,200.0,os,gaussian,17415936.0,282.7981930299392,accelergy,26493696.0,291.3368775655424,65.73615096964953,97.06913707356452
hires,2048,2048,128,128,11,64,4096,200.0,os,sobel,9077760.0,8.5386845356032,accelergy,26493696.0,291.3368775655424,34.263849030350464,2.9308629264354775
hires,2048,2048,128,128,11,64,4096,200.0,ws,gaussian,9735424.0,128.5985269699328,accelergy,15227904.0,169.5807713171712,63.93147737206644,75.8332008818451
hires,2048,2048,128,128,11,64,4096,200.0,ws,sobel,5492480.0,40.98224434723841,accelergy,15227904.0,169.5807713171712,36.06852262793356,24.1667991181549
hires,2048,2048,128,128,11,64,4096,800.0,os,gaussian,16494336.0,282.86372902993924,accelergy,25399040.0,291.42698956554244,64.94078516353375,97.06161033733723
hires,2048,2048,128,128,11,64,4096,800.0,os,sobel,8904704.0,8.5632605356032,accelergy,25399040.0,291.42698956554244,35.05921483646626,2.9383896626627672
hires,2048,2048,128,128,11,64,4096,800.0,ws,gaussian,8797952.0,128.6312949699328,accelergy,13352960.0,169.6299233171712,65.88765337423312,75.83054478508498
hires,2048,2048,128,128,11,64,4096,800.0,ws,sobel,4555008.0,40.9986283472384,accelergy,13352960.0,169.6299233171712,34.11234662576687,24.169455214915033
hires,2048,2048,128,128,11,128,256,50.0,ws,gaussian,10605568.0,86.7236725799104,accelergy,15366656.0,95.657340028576,69.01675940425815,90.6607611648026
hires,2048,2048,128,128,11,128,256,50.0,ws,sobel,4761088.0,8.9336674486656,accelergy,15366656.0,95.657340028576,30.983240595741847,9.339238835197403
hires,2048,2048,128,128,11,128,256,200.0,ws,gaussian,4388096.0,86.8649845799104,accelergy,8797184.0,95.810940028576,49.88068909323711,90.6629081752069
hires,2048,2048,128,128,11,128,256,200.0,ws,sobel,4409088.0,8.9459554486656,accelergy,8797184.0,95.810940028576,50.11931090676289,9.337091824793111
hires,2048,2048,128,128,11,128,256,800.0,ws,gaussian,4315904.0,87.1517045799104,accelergy,8636928.0,96.138620028576,49.97035983164385,90.65212768188856
hires,2048,2048,128,128,11,128,256,800.0,ws,sobel,4321024.0,8.9869154486656,accelergy,8636928.0,96.138620028576,50.02964016835616,9.347872318111444
hires,2048,2048,128,128,11,128,1024,50.0,os,gaussian,143253760.0,1147.7099702919168,accelergy,152794368.0,1155.7045145985023,93.75591644843873,99.30825360586543
hires,2048,2048,128,128,11,128,1024,50.0,os,sobel,9540608.0,7.9945443065856,accelergy,152794368.0,1155.7045145985023,6.244083551561272,0.6917463941345722
hires,2048,2048,128,128,11,128,1024,50.0,ws,gaussian,11259648.0,93.7168537538624,accelergy,16927744.0,105.25813194733439,66.51593974956143,89.03526218834413
hires,2048,2048,128,128,11,128,1024,50.0,ws,sobel,5668096.0,11.541278193472,accelergy,16927744.0,105.25813194733439,33.48406025043857,10.96473781165587
hires,2048,2048,128,128,11,128,1024,200.0,os,gaussian,36316160.0,1148.4390582919168,accelergy,45164544.0,1156.4376985985025,80.40856119348841,99.30833798342277
hires,2048,2048,128,128,11,128,1024,200.0,os,sobel,8848384.0,7.9986403065855995,accelergy,45164544.0,1156.4376985985025,19.591438806511587,0.6916620165772204
hires,2048,2048,128,128,11,128,1024,200.0,ws,gaussian,4614912.0,93.7762457538624,accelergy,9250816.0,105.3236679473344,49.88653973876467,89.03625137775668
hires,2048,2048,128,128,11,128,1024,200.0,ws,sobel,4635904.0,11.547422193472,accelergy,9250816.0,105.3236679473344,50.11346026123533,10.963748622243315
hires,2048,2048,128,128,11,128,1024,800.0,os,gaussian,12368640.0,1151.3554102919168,accelergy,21043968.0,1159.3868185985023,58.77522718148973,99.30727103519307
hires,2048,2048,128,128,11,128,1024,800.0,os,sobel,8675328.0,8.0314083065856,accelergy,21043968.0,1159.3868185985023,41.224772818510274,0.6927289648069469
hires,2048,2048,128,128,11,128,1024,800.0,ws,gaussian,4372736.0,94.0138137538624,accelergy,8750592.0,105.6021959473344,49.97074483646364,89.0263814217923
hires,2048,2048,128,128,11,128,1024,800.0,ws,sobel,4377856.0,11.588382193472,accelergy,8750592.0,105.6021959473344,50.02925516353637,10.973618578207715
hires,2048,2048,128,128,11,128,4096,50.0,os,gaussian,36529920.0,282.98697295462404,accelergy,46070528.0,291.53370052034563,79.29129876696877,97.06835691706759
hires,2048,2048,128,128,11,128,4096,50.0,os,sobel,9540608.0,8.5467275657216,accelergy,46070528.0,291.53370052034563,20.708701233031235,2.93164308293241
hires,2048,2048,128,128,11,128,4096,50.0,ws,gaussian,14877440.0,128.1523906237184,accelergy,24168448.0,169.1530669709568,61.55728328107788,75.76119837408676
hires,2048,2048,128,128,11,128,4096,50.0,ws,sobel,9291008.0,41.000676347238404,accelergy,24168448.0,169.1530669709568,38.44271671892213,24.23880162591325
hires,2048,2048,128,128,11,128,4096,200.0,os,gaussian,13516544.0,283.034076954624,accelergy,22364928.0,291.5849005203456,60.43634032714078,97.06746695372007
hires,2048,2048,128,128,11,128,4096,200.0,os,sobel,8848384.0,8.550823565721599,accelergy,22364928.0,291.5849005203456,39.56365967285922,2.9325330462799313
hires,2048,2048,128,128,11,128,4096,200.0,ws,gaussian,5520640.0,128.1749186237184,accelergy,11062272.0,169.18173897095681,49.90511894844025,75.76167463660012
hires,2048,2048,128,128,11,128,4096,200.0,ws,sobel,5541632.0,41.0068203472384,accelergy,11062272.0,169.18173897095681,50.094881051559746,24.23832536339988
hires,2048,2048,128,128,11,128,4096,800.0,os,gaussian,12594944.0,283.10780495462404,accelergy,21270272.0,291.6913965203456,59.213836099510154,97.05730382585251
hires,2048,2048,128,128,11,128,4096,800.0,os,sobel,8675328.0,8.5835915657216,accelergy,21270272.0,291.6913965203456,40.786163900489846,2.9426961741474913
hires,2048,2048,128,128,11,128,4096,800.0,ws,gaussian,4599040.0,128.2158786237184,accelergy,9203200.0,169.2472749709568,49.97218358831711,75.7565394454478
hires,2048,2048,128,128,11,128,4096,800.0,ws,sobel,4604160.0,41.031396347238406,accelergy,9203200.0,169.2472749709568,50.02781641168289,24.2434605545522
