resolution,frame_width,frame_height,tile_width,tile_height,gaussian_kernel,array_size,sram_budget_kb,bandwidth_gbps,dataflow,total_cycles,total_stall_cycles,total_macs,total_sram_accesses,total_sram_ifmap_reads,total_sram_filter_reads,total_sram_ofmap_writes,total_dram_accesses,total_dram_ifmap_reads,total_dram_filter_reads,total_dram_ofmap_writes,energy_mac_pj,energy_sram_ifmap_pj,energy_sram_filter_pj,energy_sram_ofmap_pj,energy_sram_pj,energy_dram_ifmap_pj,energy_dram_filter_pj,energy_dram_ofmap_pj,energy_dram_pj,energy_total_pj,analytical_lower_bound_ms,energy_backend,sram_energy_source,sram_energy_table,sram_read_pj_per_byte,sram_write_pj_per_byte,sram_access_bytes,sram_technology_nm,sram_access_time_ns,sram_cycle_time_ns,sram_leakage_mw,sram_area_mm2,dram_read_pj_per_byte,dram_write_pj_per_byte,latency_ms,stall_pct,energy_total_mj,edp_mj_ms,average_power_w_at_30fps
1080p,1920,1080,128,128,3,8,256,50.0,os,12365265.0,0.0,55987200,58838400.0,37324800.0,6998400.0,14515200.0,122869800.0,116622000.0,27000.0,6220800.0,12877056.0,245861256.96,46098985.68,66891121.919999994,358851364.56,18659520000.0,4320000.0,995328000.0,19659168000.0,20030896420.559998,0.8748,accelergy,cacti,configs/cacti_sram_45nm.csv,6.5870750000000005,4.60835,4,45.0,1.14182,0.729013,270.818,0.82173726504,160.0,160.0,12.365265,0.0,20.030896420559998,247.68734242777583,0.6009268926167999
1080p,1920,1080,128,128,3,8,256,50.0,ws,8731515.0,0.0,55987200,49770045.0,37324800.0,3645.0,12441600.0,58410600.0,45942000.0,27000.0,12441600.0,12877056.0,245861256.96,24009.888375000002,57335247.36,303220514.208375,7350720000.0,4320000.0,1990656000.0,9345696000.0,9661793570.208374,0.8748,accelergy,cacti,configs/cacti_sram_45nm.csv,6.5870750000000005,4.60835,4,45.0,1.14182,0.729013,270.818,0.82173726504,160.0,160.0,8.731515,0.0,9.661793570208374,84.36209548517797,0.2898538071062512
1080p,1920,1080,128,128,3,8,256,200.0,os,12033450.0,0.0,55987200,58838400.0,37324800.0,6998400.0,14515200.0,123094800.0,116820000.0,54000.0,6220800.0,12877056.0,245861256.96,46098985.68000001,66891121.919999994,358851364.56,18691200000.0,8640000.0,995328000.0,19695168000.0,20066896420.559998,0.8748,accelergy,cacti,configs/cacti_sram_45nm.csv,6.5870750000000005,4.60835,4,45.0,1.14182,0.729013,270.818,0.82173726504,160.0,160.0,12.03345,0.0,20.06689642056,241.47399473198772,0.6020068926168
1080p,1920,1080,128,128,3,8,256,200.0,ws,8412390.0,0.0,55987200,49770045.0,37324800.0,3645.0,12441600.0,58515600.0,46020000.0,54000.0,12441600.0,12877056.0,245861256.96,24009.888375000002,57335247.35999999,303220514.208375,7363200000.0,8640000.0,1990656000.0,9362496000.0,9678593570.208374,0.8748,accelergy,cacti,configs/cacti_sram_45nm.csv,6.5870750000000005,4.60835,4,45.0,1.14182,0.729013,270.818,0.82173726504,160.0,160.0,8.41239,0.0,9.678593570208374,81.42010376408523,0.2903578071062512
1080p,1920,1080,128,128,3,8,256,800.0,os,11950485.0,0.0,55987200,58838400.0,37324800.0,6998400.0,14515200.0,123652800.0,117216000.0,216000.0,6220800.0,12877056.0,245861256.96,46098985.68,66891121.919999994,358851364.56,18754560000.0,34560000.0,995328000.0,19784448000.0,20156176420.559998,0.8748,accelergy,cacti,configs/cacti_sram_45nm.csv,6.5870750000000005,4.60835,4,45.0,1.14182,0.729013,270.818,0.82173726504,160.0,160.0,11.950485,0.0,20.156176420559998,240.87608397125595,0.6046852926167999
1080p,1920,1080,128,128,3,8,256,800.0,ws,8332530.0,0.0,55987200,49770045.0,37324800.0,3645.0,12441600.0,58833600.0,46176000.0,216000.0,12441600.0,12877056.0,245861256.96,24009.888375000002,57335247.35999999,303220514.208375,7388160000.0,34560000.0,1990656000.0,9413376000.0,9729473570.208374,0.8748,accelergy,cacti,configs/cacti_sram_45nm.csv,6.5870750000000005,4.60835,4,45.0,1.14182,0.729013,270.818,0.82173726504,160.0,160.0,8.33253,0.0,9.729473570208373,81.07113040796838,0.29188420710625124
1080p,1920,1080,128,128,3,8,1024,50.0,os,12793935.0,0.0,55987200,58838400.0,37324800.0,6998400.0,14515200.0,43584300.0,37336500.0,27000.0,6220800.0,12877056.0,385319773.44000006,72247457.52,128448270.72,586015501.6800001,5973840000.0,4320000.0,995328000.0,6973488000.0,7572380557.679999,0.8748,accelergy,cacti,configs/cacti_sram_45nm.csv,10.323425,8.849225,4,45.0,2.03065,0.431177,1188.88,3.192179885,160.0,160.0,12.793935,0.0,7.572380557679999,96.88054465022165,0.2271714167304
1080p,1920,1080,128,128,3,8,1024,50.0,ws,9756555.0,0.0,55987200,49770045.0,37324800.0,3645.0,12441600.0,72561600.0,60093000.0,27000.0,12441600.0,12877056.0,385319773.44000006,37628.884125,110098517.76000002,495455920.08412504,9614880000.0,4320000.0,1990656000.0,11609856000.0,12118188976.084126,0.8748,accelergy,cacti,configs/cacti_sram_45nm.csv,10.323425,8.849225,4,45.0,2.03065,0.431177,1188.88,3.192179885,160.0,160.0,9.756555,0.0,12.118188976084125,118.23177724555846,0.36354566928252374
1080p,1920,1080,128,128,3,8,1024,200.0,os,12140610.0,0.0,55987200,58838400.0,37324800.0,6998400.0,14515200.0,43636800.0,37362000.0,54000.0,6220800.0,12877056.0,385319773.44000006,72247457.52000001,128448270.72000001,586015501.6800001,5977920000.0,8640000.0,995328000.0,6981888000.0,7580780557.68,0.8748,accelergy,cacti,configs/cacti_sram_45nm.csv,10.323425,8.849225,4,45.0,2.03065,0.431177,1188.88,3.192179885,160.0,160.0,12.140609999999999,0.0,7.580780557680001,92.03530024637539,0.22742341673040004
1080p,1920,1080,128,128,3,8,1024,200.0,ws,8668680.0,0.0,55987200,49770045.0,37324800.0,3645.0,12441600.0,72627600.0,60132000.0,54000.0,12441600.0,12877056.0,385319773.44000006,37628.884125000004,110098517.76000002,495455920.08412504,9621120000.0,8640000.0,1990656000.0,11620416000.0,12128748976.084126,0.8748,accelergy,cacti,configs/cacti_sram_45nm.csv,10.323425,8.849225,4,45.0,2.03065,0.431177,1188.88,3.192179885,160.0,160.0,8.66868,0.0,12.128748976084125,105.14024367400094,0.36386246928252375
1080p,1920,1080,128,128,3,8,1024,800.0,os,11977335.0,0.0,55987200,58838400.0,37324800.0,6998400.0,14515200.0,43900800.0,37464000.0,216000.0,6220800.0,12877056.0,385319773.44000006,72247457.52,128448270.72,586015501.6800001,5994240000.0,34560000.0,995328000.0,7024128000.0,7623020557.679999,0.8748,accelergy,cacti,configs/cacti_sram_45nm.csv,10.323425,8.849225,4,45.0,2.03065,0.431177,1188.88,3.192179885,160.0,160.0,11.977335,0.0,7.623020557679999,91.30347093122018,0.2286906167304
1080p,1920,1080,128,128,3,8,1024,800.0,ws,8396670.0,0.0,55987200,49770045.0,37324800.0,3645.0,12441600.0,72945600.0,60288000.0,216000.0,12441600.0,12877056.0,385319773.44000006,37628.884125000004,110098517.76000002,495455920.08412504,9646080000.0,34560000.0,1990656000.0,11671296000.0,12179628976.084126,0.8748,accelergy,cacti,configs/cacti_sram_45nm.csv,10.323425,8.849225,4,45.0,2.03065,0.431177,1188.88,3.192179885,160.0,160.0,8.39667,0.0,12.179628976084125,102.26832523461628,0.36538886928252373
1080p,1920,1080,128,128,3,8,4096,50.0,os,12793935.0,0.0,55987200,58838400.0,37324800.0,6998400.0,14515200.0,43584300.0,37336500.0,27000.0,6220800.0,12877056.0,787027000.32,147567562.56,249196590.71999997,1183791153.6000001,5973840000.0,4320000.0,995328000.0,6973488000.0,8170156209.599999,0.8748,accelergy,cacti,configs/cacti_sram_45nm.csv,21.085900000000002,17.167975,4,45.0,3.18224,0.795423,4302.53,11.948249145600002,160.0,160.0,12.793935,0.0,8.1701562096,104.52844748546877,0.24510468628799997
1080p,1920,1080,128,128,3,8,4096,50.0,ws,9881835.0,0.0,55987200,49770045.0,37324800.0,3645.0,12441600.0,78825600.0,66357000.0,27000.0,12441600.0,12877056.0,787027000.32,76858.1055,213597077.75999996,1000700936.1855,10617120000.0,4320000.0,1990656000.0,12612096000.0,13625673992.1855,0.8748,accelergy,cacti,configs/cacti_sram_45nm.csv,21.085900000000002,17.167975,4,45.0,3.18224,0.795423,4302.53,11.948249145600002,160.0,160.0,9.881835,0.0,13.625673992185499,134.6466621545684,0.408770219765565
1080p,1920,1080,128,128,3,8,4096,200.0,os,12140610.0,0.0,55987200,58838400.0,37324800.0,6998400.0,14515200.0,43636800.0,37362000.0,54000.0,6220800.0,12877056.0,787027000.32,147567562.56,249196590.71999997,1183791153.6000001,5977920000.0,8640000.0,995328000.0,6981888000.0,8178556209.599999,0.8748,accelergy,cacti,configs/cacti_sram_45nm.csv,21.085900000000002,17.167975,4,45.0,3.18224,0.795423,4302.53,11.948249145600002,160.0,160.0,12.140609999999999,0.0,8.1785562096,99.29266130383185,0.24535668628799998
1080p,1920,1080,128,128,3,8,4096,200.0,ws,8699880.0,0.0,55987200,49770045.0,37324800.0,3645.0,12441600.0,78867600.0,66372000.0,54000.0,12441600.0,12877056.0,787027000.32,76858.1055,213597077.75999996,1000700936.1855,10619520000.0,8640000.0,1990656000.0,12618816000.0,13632393992.1855,0.8748,accelergy,cacti,configs/cacti_sram_45nm.csv,21.085900000000002,17.167975,4,45.0,3.18224,0.795423,4302.53,11.948249145600002,160.0,160.0,8.69988,0.0,13.632393992185499,118.60019184473478,0.408971819765565
1080p,1920,1080,128,128,3,8,4096,800.0,os,11977335.0,0.0,55987200,58838400.0,37324800.0,6998400.0,14515200.0,43900800.0,37464000.0,216000.0,6220800.0,12877056.0,787027000.32,147567562.56,249196590.71999997,1183791153.6,5994240000.0,34560000.0,995328000.0,7024128000.0,8220796209.6,0.8748,accelergy,cacti,configs/cacti_sram_45nm.csv,21.085900000000002,17.167975,4,45.0,3.18224,0.795423,4302.53,11.948249145600002,160.0,160.0,11.977335,0.0,8.2207962096,98.46323016910941,0.246623886288
1080p,1920,1080,128,128,3,8,4096,800.0,ws,8404350.0,0.0,55987200,49770045.0,37324800.0,3645.0,12441600.0,79089600.0,66432000.0,216000.0,12441600.0,12877056.0,787027000.32,76858.1055,213597077.75999996,1000700936.1855,10629120000.0,34560000.0,1990656000.0,12654336000.0,13667913992.1855,0.8748,accelergy,cacti,configs/cacti_sram_45nm.csv,21.085900000000002,17.167975,4,45.0,3.18224,0.795423,4302.53,11.948249145600002,160.0,160.0,8.404349999999999,0.0,13.667913992185499,114.86993296022418,0.410037419765565
1080p,1920,1080,128,128,3,16,256,50.0,os,10550865.0,0.0,55987200,55339200.0,37324800.0,3499200.0,14515200.0,193563300.0,187302000.0,40500.0,6220800.0,12877056.0,245861256.96,23049492.84,66891121.919999994,335801871.71999997,29968320000.0,6480000.0,995328000.0,30970128000.0,31318806927.719997,0.2187,accelergy,cacti,configs/cacti_sram_45nm.csv,6.5870750000000005,4.60835,4,45.0,1.14182,0.729013,270.818,0.82173726504,160.0,160.0,10.550865,0.0,31.318806927719997,330.44050385543846,0.9395642078316
1080p,1920,1080,128,128,3,16,256,50.0,ws,4601685.0,0.0,55987200,43549245.0,37324800.0,3645.0,6220800.0,52203300.0,45942000.0,40500.0,6220800.0,12877056.0,245861256.96,24009.888375000002,28667623.68,274552890.528375,7350720000.0,6480000.0,995328000.0,8352528000.0,8639957946.528374,0.2187,accelergy,cacti,configs/cacti_sram_45nm.csv,6.5870750000000005,4.60835,4,45.0,1.14182,0.729013,270.818,0.82173726504,160.0,160.0,4.601685000000001,0.0,8.639957946528373,39.75836488317042,0.25919873839585117
1080p,1920,1080,128,128,3,16,256,200.0,os,10219050.0,0.0,55987200,55339200.0,37324800.0,3499200.0,14515200.0,193894800.0,187620000.0,54000.0,6220800.0,12877056.0,245861256.96,23049492.84,66891121.919999994,335801871.71999997,30019200000.0,8640000.0,995328000.0,31023168000.0,31371846927.719997,0.2187,accelergy,cacti,configs/cacti_sram_45nm.csv,6.5870750000000005,4.60835,4,45.0,1.14182,0.729013,270.818,0.82173726504,160.0,160.0,10.219050000000001,0.0,31.371846927719997,320.59047234671704,0.9411554078316
1080p,1920,1080,128,128,3,16,256,200.0,ws,4269870.0,0.0,55987200,43549245.0,37324800.0,3645.0,6220800.0,52294800.0,46020000.0,54000.0,6220800.0,12877056.0,245861256.96,24009.888375000002,28667623.679999996,274552890.52837497,7363200000.0,8640000.0,995328000.0,8367168000.0,8654597946.528374,0.2187,accelergy,cacti,configs/cacti_sram_45nm.csv,6.5870750000000005,4.60835,4,45.0,1.14182,0.729013,270.818,0.82173726504,160.0,160.0,4.26987,0.0,8.654597946528373,36.954008133943105,0.2596379383958512
1080p,1920,1080,128,128,3,16,256,800.0,os,10136085.0,0.0,55987200,55339200.0,37324800.0,3499200.0,14515200.0,194692800.0,188256000.0,216000.0,6220800.0,12877056.0,245861256.96,23049492.840000004,66891121.919999994,335801871.72,30120960000.0,34560000.0,995328000.0,31150848000.0,31499526927.72,0.2187,accelergy,cacti,configs/cacti_sram_45nm.csv,6.5870750000000005,4.60835,4,45.0,1.14182,0.729013,270.818,0.82173726504,160.0,160.0,10.136085,0.0,31.49952692772,319.2818823991588,0.9449858078316001
1080p,1920,1080,128,128,3,16,256,800.0,ws,4186905.0,0.0,55987200,43549245.0,37324800.0,3645.0,6220800.0,52612800.0,46176000.0,216000.0,6220800.0,12877056.0,245861256.96,24009.888375000002,28667623.68,274552890.528375,7388160000.0,34560000.0,995328000.0,8418048000.0,8705477946.528374,0.2187,accelergy,cacti,configs/cacti_sram_45nm.csv,6.5870750000000005,4.60835,4,45.0,1.14182,0.729013,270.818,0.82173726504,160.0,160.0,4.186905,0.0,8.705477946528374,36.44900914170938,0.2611643383958512
1080p,1920,1080,128,128,3,16,1024,50.0,os,10979535.0,0.0,55987200,55339200.0,37324800.0,3499200.0,14515200.0,43597800.0,37336500.0,40500.0,6220800.0,12877056.0,385319773.44000006,36123728.760000005,128448270.72000001,549891772.9200001,5973840000.0,6480000.0,995328000.0,6975648000.0,7538416828.92,0.2187,accelergy,cacti,configs/cacti_sram_45nm.csv,10.323425,8.849225,4,45.0,2.03065,0.431177,1188.88,3.192179885,160.0,160.0,10.979535,0.0,7.53841682892,82.76831141771615,0.2261525048676
1080p,1920,1080,128,128,3,16,1024,50.0,ws,5485485.0,0.0,55987200,43549245.0,37324800.0,3645.0,6220800.0,66354300.0,60093000.0,40500.0,6220800.0,12877056.0,385319773.44000006,37628.884125,55049258.88000001,440406661.20412505,9614880000.0,6480000.0,995328000.0,10616688000.0,11069971717.204124,0.2187,accelergy,cacti,configs/cacti_sram_45nm.csv,10.323425,8.849225,4,45.0,2.03065,0.431177,1188.88,3.192179885,160.0,160.0,5.485485,0.0,11.069971717204124,60.72416380514746,0.33209915151612374
1080p,1920,1080,128,128,3,16,1024,200.0,os,10326210.0,0.0,55987200,55339200.0,37324800.0,3499200.0,14515200.0,43636800.0,37362000.0,54000.0,6220800.0,12877056.0,385319773.44000006,36123728.76,128448270.72,549891772.9200001,5977920000.0,8640000.0,995328000.0,6981888000.0,7544656828.92,0.2187,accelergy,cacti,configs/cacti_sram_45nm.csv,10.323425,8.849225,4,45.0,2.03065,0.431177,1188.88,3.192179885,160.0,160.0,10.326210000000001,0.0,7.54465682892,77.907710793362,0.2263397048676
1080p,1920,1080,128,128,3,16,1024,200.0,ws,4490880.0,0.0,55987200,43549245.0,37324800.0,3645.0,6220800.0,66406800.0,60132000.0,54000.0,6220800.0,12877056.0,385319773.44000006,37628.884125,55049258.88000001,440406661.20412505,9621120000.0,8640000.0,995328000.0,10625088000.0,11078371717.204124,0.2187,accelergy,cacti,configs/cacti_sram_45nm.csv,10.323425,8.849225,4,45.0,2.03065,0.431177,1188.88,3.192179885,160.0,160.0,4.49088,0.0,11.078371717204124,49.75163797735765,0.3323511515161237
1080p,1920,1080,128,128,3,16,1024,800.0,os,10162935.0,0.0,55987200,55339200.0,37324800.0,3499200.0,14515200.0,43900800.0,37464000.0,216000.0,6220800.0,12877056.0,385319773.44000006,36123728.760000005,128448270.72000001,549891772.9200001,5994240000.0,34560000.0,995328000.0,7024128000.0,7586896828.92,0.2187,accelergy,cacti,configs/cacti_sram_45nm.csv,10.323425,8.849225,4,45.0,2.03065,0.431177,1188.88,3.192179885,160.0,160.0,10.162935,0.0,7.5868968289200005,77.10513932402007,0.22760690486760002
1080p,1920,1080,128,128,3,16,1024,800.0,ws,4242285.0,0.0,55987200,43549245.0,37324800.0,3645.0,6220800.0,66724800.0,60288000.0,216000.0,6220800.0,12877056.0,385319773.44000006,37628.884125,55049258.88000001,440406661.20412505,9646080000.0,34560000.0,995328000.0,10675968000.0,11129251717.204124,0.2187,accelergy,cacti,configs/cacti_sram_45nm.csv,10.323425,8.849225,4,45.0,2.03065,0.431177,1188.88,3.192179885,160.0,160.0,4.242285,0.0,11.129251717204124,47.2134576211193,0.3338775515161237
1080p,1920,1080,128,128,3,16,4096,50.0,os,10979535.0,0.0,55987200,55339200.0,37324800.0,3499200.0,14515200.0,43597800.0,37336500.0,40500.0,6220800.0,12877056.0,787027000.32,73783781.28,249196590.71999997,1110007372.3200002,5973840000.0,6480000.0,995328000.0,6975648000.0,8098532428.32,0.2187,accelergy,cacti,configs/cacti_sram_45nm.csv,21.085900000000002,17.167975,4,45.0,3.18224,0.795423,4302.53,11.948249145600002,160.0,160.0,10.979535,0.0,8.09853242832,88.91812024537444,0.24295597284959997
1080p,1920,1080,128,128,3,16,4096,50.0,ws,5610765.0,0.0,55987200,43549245.0,37324800.0,3645.0,6220800.0,72618300.0,66357000.0,40500.0,6220800.0,12877056.0,787027000.32,76858.1055,106798538.87999998,893902397.3055,10617120000.0,6480000.0,995328000.0,11618928000.0,12525707453.3055,0.2187,accelergy,cacti,configs/cacti_sram_45nm.csv,21.085900000000002,17.167975,4,45.0,3.18224,0.795423,4302.53,11.948249145600002,160.0,160.0,5.610765,0.0,12.5257074533055,70.27880097924563,0.375771223599165
1080p,1920,1080,128,128,3,16,4096,200.0,os,10326210.0,0.0,55987200,55339200.0,37324800.0,3499200.0,14515200.0,43636800.0,37362000.0,54000.0,6220800.0,12877056.0,787027000.32,73783781.28,249196590.71999997,1110007372.3200002,5977920000.0,8640000.0,995328000.0,6981888000.0,8104772428.32,0.2187,accelergy,cacti,configs/cacti_sram_45nm.csv,21.085900000000002,17.167975,4,45.0,3.18224,0.795423,4302.53,11.948249145600002,160.0,160.0,10.326210000000001,0.0,8.10477242832,83.69158209704229,0.24314317284959996
1080p,1920,1080,128,128,3,16,4096,200.0,ws,4522080.0,0.0,55987200,43549245.0,37324800.0,3645.0,6220800.0,72646800.0,66372000.0,54000.0,6220800.0,12877056.0,787027000.32,76858.1055,106798538.87999998,893902397.3055,10619520000.0,8640000.0,995328000.0,11623488000.0,12530267453.3055,0.2187,accelergy,cacti,configs/cacti_sram_45nm.csv,21.085900000000002,17.167975,4,45.0,3.18224,0.795423,4302.53,11.948249145600002,160.0,160.0,4.522080000000001,0.0,12.5302674533055,56.66287184524374,0.375908023599165
1080p,1920,1080,128,128,3,16,4096,800.0,os,10162935.0,0.0,55987200,55339200.0,37324800.0,3499200.0,14515200.0,43900800.0,37464000.0,216000.0,6220800.0,12877056.0,787027000.32,73783781.28,249196590.71999997,1110007372.3200002,5994240000.0,34560000.0,995328000.0,7024128000.0,8147012428.32,0.2187,accelergy,cacti,configs/cacti_sram_45nm.csv,21.085900000000002,17.167975,4,45.0,3.18224,0.795423,4302.53,11.948249145600002,160.0,160.0,10.162935,0.0,8.14701242832,82.79755775320831,0.2444103728496
1080p,1920,1080,128,128,3,16,4096,800.0,ws,4249965.0,0.0,55987200,43549245.0,37324800.0,3645.0,6220800.0,72868800.0,66432000.0,216000.0,6220800.0,12877056.0,787027000.32,76858.1055,106798538.87999998,893902397.3055,10629120000.0,34560000.0,995328000.0,11659008000.0,12565787453.3055,0.2187,accelergy,cacti,configs/cacti_sram_45nm.csv,21.085900000000002,17.167975,4,45.0,3.18224,0.795423,4302.53,11.948249145600002,160.0,160.0,4.2499649999999995,0.0,12.5657874533055,53.4041568739875,0.376973623599165
1080p,1920,1080,128,128,3,32,256,50.0,os,9643665.0,0.0,55987200,53589600.0,37324800.0,1749600.0,14515200.0,193603800.0,187302000.0,81000.0,6220800.0,12877056.0,245861256.96,11524746.42,66891121.919999994,324277125.3,29968320000.0,12960000.0,995328000.0,30976608000.0,31313762181.3,0.054675,accelergy,cacti,configs/cacti_sram_45nm.csv,6.5870750000000005,4.60835,4,45.0,1.14182,0.729013,270.818,0.82173726504,160.0,160.0,9.643664999999999,0.0,31.3137621813,301.9794323661264,0.939412865439
1080p,1920,1080,128,128,3,32,256,50.0,ws,4614645.0,0.0,55987200,43549245.0,37324800.0,3645.0,6220800.0,52243800.0,45942000.0,81000.0,6220800.0,12877056.0,245861256.96,24009.888375000002,28667623.68,274552890.528375,7350720000.0,12960000.0,995328000.0,8359008000.0,8646437946.528374,0.054675,accelergy,cacti,configs/cacti_sram_45nm.csv,6.5870750000000005,4.60835,4,45.0,1.14182,0.729013,270.818,0.82173726504,160.0,160.0,4.614644999999999,0.0,8.646437946528374,39.900241637757425,0.2593931383958512
1080p,1920,1080,128,128,3,32,256,200.0,os,9311850.0,0.0,55987200,53589600.0,37324800.0,1749600.0,14515200.0,193948800.0,187620000.0,108000.0,6220800.0,12877056.0,245861256.96,11524746.420000002,66891121.919999994,324277125.3,30019200000.0,17280000.0,995328000.0,31031808000.0,31368962181.3,0.054675,accelergy,cacti,configs/cacti_sram_45nm.csv,6.5870750000000005,4.60835,4,45.0,1.14182,0.729013,270.818,0.82173726504,160.0,160.0,9.31185,0.0,31.3689621813,292.1030704879384,0.941068865439
1080p,1920,1080,128,128,3,32,256,200.0,ws,4282830.0,0.0,55987200,43549245.0,37324800.0,3645.0,6220800.0,52348800.0,46020000.0,108000.0,6220800.0,12877056.0,245861256.96,24009.888375000002,28667623.68,274552890.528375,7363200000.0,17280000.0,995328000.0,8375808000.0,8663237946.528374,0.054675,accelergy,cacti,configs/cacti_sram_45nm.csv,6.5870750000000005,4.60835,4,45.0,1.14182,0.729013,270.818,0.82173726504,160.0,160.0,4.28283,0.0,8.663237946528374,37.10317537453012,0.2598971383958512
1080p,1920,1080,128,128,3,32,256,800.0,os,9228885.0,0.0,55987200,53589600.0,37324800.0,1749600.0,14515200.0,194692800.0,188256000.0,216000.0,6220800.0,12877056.0,245861256.96,11524746.42,66891121.919999994,324277125.3,30120960000.0,34560000.0,995328000.0,31150848000.0,31488002181.3,0.054675,accelergy,cacti,configs/cacti_sram_45nm.csv,6.5870750000000005,4.60835,4,45.0,1.14182,0.729013,270.818,0.82173726504,160.0,160.0,9.228885,0.0,31.4880021813,290.59915101096686,0.944640065439
1080p,1920,1080,128,128,3,32,256,800.0,ws,4199865.0,0.0,55987200,43549245.0,37324800.0,3645.0,6220800.0,52612800.0,46176000.0,216000.0,6220800.0,12877056.0,245861256.96,24009.888375000002,28667623.679999996,274552890.52837497,7388160000.0,34560000.0,995328000.0,8418048000.0,8705477946.528374,0.054675,accelergy,cacti,configs/cacti_sram_45nm.csv,6.5870750000000005,4.60835,4,45.0,1.14182,0.729013,270.818,0.82173726504,160.0,160.0,4.199865,0.0,8.705477946528374,36.56183213589639,0.2611643383958512
1080p,1920,1080,128,128,3,32,1024,50.0,os,10072335.0,0.0,55987200,53589600.0,37324800.0,1749600.0,14515200.0,43638300.0,37336500.0,81000.0,6220800.0,12877056.0,385319773.44000006,18061864.380000003,128448270.72000001,531829908.5400001,5973840000.0,12960000.0,995328000.0,6982128000.0,7526834964.54,0.054675,accelergy,cacti,configs/cacti_sram_45nm.csv,10.323425,8.849225,4,45.0,2.03065,0.431177,1188.88,3.192179885,160.0,160.0,10.072335,0.0,7.52683496454,75.81280325256,0.22580504893620001
1080p,1920,1080,128,128,3,32,1024,50.0,ws,5567265.0,0.0,55987200,43549245.0,37324800.0,3645.0,6220800.0,69835800.0,63534000.0,81000.0,6220800.0,12877056.0,385319773.44000006,37628.884125,55049258.88000001,440406661.20412505,10165440000.0,12960000.0,995328000.0,11173728000.0,11627011717.204124,0.054675,accelergy,cacti,configs/cacti_sram_45nm.csv,10.323425,8.849225,4,45.0,2.03065,0.431177,1188.88,3.192179885,160.0,160.0,5.567265,0.0,11.627011717204125,64.73065538778042,0.3488103515161237
1080p,1920,1080,128,128,3,32,1024,200.0,os,9419010.0,0.0,55987200,53589600.0,37324800.0,1749600.0,14515200.0,43690800.0,37362000.0,108000.0,6220800.0,12877056.0,385319773.44000006,18061864.380000003,128448270.72000001,531829908.5400001,5977920000.0,17280000.0,995328000.0,6990528000.0,7535234964.54,0.054675,accelergy,cacti,configs/cacti_sram_45nm.csv,10.323425,8.849225,4,45.0,2.03065,0.431177,1188.88,3.192179885,160.0,160.0,9.41901,0.0,7.53523496454,70.97445348335191,0.22605704893620002
1080p,1920,1080,128,128,3,32,1024,200.0,ws,4521030.0,0.0,55987200,43549245.0,37324800.0,3645.0,6220800.0,69898800.0,63570000.0,108000.0,6220800.0,12877056.0,385319773.44000006,37628.884125000004,55049258.88000001,440406661.204125,10171200000.0,17280000.0,995328000.0,11183808000.0,11637091717.204124,0.054675,accelergy,cacti,configs/cacti_sram_45nm.csv,10.323425,8.849225,4,45.0,2.03065,0.431177,1188.88,3.192179885,160.0,160.0,4.52103,0.0,11.637091717204125,52.61164076623136,0.3491127515161237
1080p,1920,1080,128,128,3,32,1024,800.0,os,9255735.0,0.0,55987200,53589600.0,37324800.0,1749600.0,14515200.0,43900800.0,37464000.0,216000.0,6220800.0,12877056.0,385319773.44000006,18061864.380000003,128448270.72000001,531829908.5400001,5994240000.0,34560000.0,995328000.0,7024128000.0,7568834964.54,0.054675,accelergy,cacti,configs/cacti_sram_45nm.csv,10.323425,8.849225,4,45.0,2.03065,0.431177,1188.88,3.192179885,160.0,160.0,9.255735,0.0,7.56883496454,70.05513069051663,0.22706504893620003
1080p,1920,1080,128,128,3,32,1024,800.0,ws,4259535.0,0.0,55987200,43549245.0,37324800.0,3645.0,6220800.0,70156800.0,63720000.0,216000.0,6220800.0,12877056.0,385319773.44000006,37628.884125,55049258.88000001,440406661.20412505,10195200000.0,34560000.0,995328000.0,11225088000.0,11678371717.204124,0.054675,accelergy,cacti,configs/cacti_sram_45nm.csv,10.323425,8.849225,4,45.0,2.03065,0.431177,1188.88,3.192179885,160.0,160.0,4.259535,0.0,11.678371717204124,49.74443307244106,0.3503511515161237
1080p,1920,1080,128,128,3,32,4096,50.0,os,10072335.0,0.0,55987200,53589600.0,37324800.0,1749600.0,14515200.0,43638300.0,37336500.0,81000.0,6220800.0,12877056.0,787027000.32,36891890.64,249196590.71999997,1073115481.6800001,5973840000.0,12960000.0,995328000.0,6982128000.0,8068120537.68,0.054675,accelergy,cacti,configs/cacti_sram_45nm.csv,21.085900000000002,17.167975,4,45.0,3.18224,0.795423,4302.53,11.948249145600002,160.0,160.0,10.072335,0.0,8.06812053768,81.2648128758931,0.2420436161304
1080p,1920,1080,128,128,3,32,4096,50.0,ws,6950865.0,0.0,55987200,43549245.0,37324800.0,3645.0,6220800.0,139015800.0,132714000.0,81000.0,6220800.0,12877056.0,787027000.32,76858.1055,106798538.88,893902397.3055,21234240000.0,12960000.0,995328000.0,22242528000.0,23149307453.3055,0.054675,accelergy,cacti,configs/cacti_sram_45nm.csv,21.085900000000002,17.167975,4,45.0,3.18224,0.795423,4302.53,11.948249145600002,160.0,160.0,6.950864999999999,0.0,23.1493074533055,160.9077109514203,0.694479223599165
1080p,1920,1080,128,128,3,32,4096,200.0,os,9419010.0,0.0,55987200,53589600.0,37324800.0,1749600.0,14515200.0,43690800.0,37362000.0,108000.0,6220800.0,12877056.0,787027000.32,36891890.64,249196590.71999997,1073115481.6800001,5977920000.0,17280000.0,995328000.0,6990528000.0,8076520537.68,0.054675,accelergy,cacti,configs/cacti_sram_45nm.csv,21.085900000000002,17.167975,4,45.0,3.18224,0.795423,4302.53,11.948249145600002,160.0,160.0,9.41901,0.0,8.07652053768,76.0728277096133,0.24229561613040002
1080p,1920,1080,128,128,3,32,4096,200.0,ws,4866870.0,0.0,55987200,43549245.0,37324800.0,3645.0,6220800.0,139066800.0,132738000.0,108000.0,6220800.0,12877056.0,787027000.32,76858.1055,106798538.88,893902397.3055,21238080000.0,17280000.0,995328000.0,22250688000.0,23157467453.3055,0.054675,accelergy,cacti,configs/cacti_sram_45nm.csv,21.085900000000002,17.167975,4,45.0,3.18224,0.795423,4302.53,11.948249145600002,160.0,160.0,4.86687,0.0,23.1574674533055,112.70438362446893,0.6947240235991651
1080p,1920,1080,128,128,3,32,4096,800.0,os,9255735.0,0.0,55987200,53589600.0,37324800.0,1749600.0,14515200.0,43900800.0,37464000.0,216000.0,6220800.0,12877056.0,787027000.32,36891890.64,249196590.71999997,1073115481.6800001,5994240000.0,34560000.0,995328000.0,7024128000.0,8110120537.68,0.054675,accelergy,cacti,configs/cacti_sram_45nm.csv,21.085900000000002,17.167975,4,45.0,3.18224,0.795423,4302.53,11.948249145600002,160.0,160.0,9.255735,0.0,8.11012053768,75.06512651482359,0.24330361613040002
1080p,1920,1080,128,128,3,32,4096,800.0,ws,4345935.0,0.0,55987200,43549245.0,37324800.0,3645.0,6220800.0,139276800.0,132840000.0,216000.0,6220800.0,12877056.0,787027000.32,76858.1055,106798538.88,893902397.3055,21254400000.0,34560000.0,995328000.0,22284288000.0,23191067453.3055,0.054675,accelergy,cacti,configs/cacti_sram_45nm.csv,21.085900000000002,17.167975,4,45.0,3.18224,0.795423,4302.53,11.948249145600002,160.0,160.0,4.345935000000001,0.0,23.1910674533055,100.78687173268126,0.6957320235991651
1080p,1920,1080,128,128,3,64,256,50.0,os,9190065.0,0.0,55987200,52714800.0,37324800.0,874800.0,14515200.0,193684800.0,187302000.0,162000.0,6220800.0,12877056.0,245861256.96,5762373.21,66891121.919999994,318514752.09,29968320000.0,25920000.0,995328000.0,30989568000.0,31320959808.09,0.041472,accelergy,cacti,configs/cacti_sram_45nm.csv,6.5870750000000005,4.60835,4,45.0,1.14182,0.729013,270.818,0.82173726504,160.0,160.0,9.190065,0.0,31.32095980809,287.8416564987346,0.9396287942427
1080p,1920,1080,128,128,3,64,256,50.0,ws,4640565.0,0.0,55987200,43549245.0,37324800.0,3645.0,6220800.0,52324800.0,45942000.0,162000.0,6220800.0,12877056.0,245861256.96,24009.888375000002,28667623.68,274552890.528375,7350720000.0,25920000.0,995328000.0,8371968000.0,8659397946.528374,0.041472,accelergy,cacti,configs/cacti_sram_45nm.csv,6.5870750000000005,4.60835,4,45.0,1.14182,0.729013,270.818,0.82173726504,160.0,160.0,4.6405650000000005,0.0,8.659397946528374,40.18449903173145,0.2597819383958512
1080p,1920,1080,128,128,3,64,256,200.0,os,8858250.0,0.0,55987200,52714800.0,37324800.0,874800.0,14515200.0,194002800.0,187620000.0,162000.0,6220800.0,12877056.0,245861256.96,5762373.21,66891121.919999994,318514752.09,30019200000.0,25920000.0,995328000.0,31040448000.0,31371839808.09,0.01366875,accelergy,cacti,configs/cacti_sram_45nm.csv,6.5870750000000005,4.60835,4,45.0,1.14182,0.729013,270.818,0.82173726504,160.0,160.0,8.85825,0.0,31.37183980809,277.89959998001325,0.9411551942427
1080p,1920,1080,128,128,3,64,256,200.0,ws,4308750.0,0.0,55987200,43549245.0,37324800.0,3645.0,6220800.0,52402800.0,46020000.0,162000.0,6220800.0,12877056.0,245861256.96,24009.888375000002,28667623.68,274552890.528375,7363200000.0,25920000.0,995328000.0,8384448000.0,8671877946.528374,0.01366875,accelergy,cacti,configs/cacti_sram_45nm.csv,6.5870750000000005,4.60835,4,45.0,1.14182,0.729013,270.818,0.82173726504,160.0,160.0,4.30875,0.0,8.671877946528374,37.36495410210413,0.26015633839585117
1080p,1920,1080,128,128,3,64,256,800.0,os,8775285.0,0.0,55987200,52714800.0,37324800.0,874800.0,14515200.0,194692800.0,188256000.0,216000.0,6220800.0,12877056.0,245861256.96,5762373.21,66891121.919999994,318514752.09,30120960000.0,34560000.0,995328000.0,31150848000.0,31482239808.09,0.01366875,accelergy,cacti,configs/cacti_sram_45nm.csv,6.5870750000000005,4.60835,4,45.0,1.14182,0.729013,270.818,0.82173726504,160.0,160.0,8.775285,0.0,31.48223980809,276.2656267543351,0.9444671942427
1080p,1920,1080,128,128,3,64,256,800.0,ws,4225785.0,0.0,55987200,43549245.0,37324800.0,3645.0,6220800.0,52612800.0,46176000.0,216000.0,6220800.0,12877056.0,245861256.96,24009.888375000002,28667623.68,274552890.528375,7388160000.0,34560000.0,995328000.0,8418048000.0,8705477946.528374,0.01366875,accelergy,cacti,configs/cacti_sram_45nm.csv,6.5870750000000005,4.60835,4,45.0,1.14182,0.729013,270.818,0.82173726504,160.0,160.0,4.225785,0.0,8.705477946528374,36.78747812427041,0.2611643383958512
1080p,1920,1080,128,128,3,64,1024,50.0,os,9618735.0,0.0,55987200,52714800.0,37324800.0,874800.0,14515200.0,43719300.0,37336500.0,162000.0,6220800.0,12877056.0,385319773.44000006,9030932.19,128448270.72,522798976.35,5973840000.0,25920000.0,995328000.0,6995088000.0,7530764032.35,0.041472,accelergy,cacti,configs/cacti_sram_45nm.csv,10.323425,8.849225,4,45.0,2.03065,0.431177,1188.88,3.192179885,160.0,160.0,9.618735,0.0,7.5307640323500005,72.43642357470607,0.2259229209705
1080p,1920,1080,128,128,3,64,1024,50.0,ws,5597175.0,0.0,55987200,43549245.0,37324800.0,3645.0,6220800.0,70116300.0,63733500.0,162000.0,6220800.0,12877056.0,385319773.44000006,37628.884125000004,55049258.88000001,440406661.204125,10197360000.0,25920000.0,995328000.0,11218608000.0,11671891717.204124,0.041472,accelergy,cacti,configs/cacti_sram_45nm.csv,10.323425,8.849225,4,45.0,2.03065,0.431177,1188.88,3.192179885,160.0,160.0,5.597175,0.0,11.671891717204124,65.329620522242,0.35015675151612374
1080p,1920,1080,128,128,3,64,1024,200.0,os,8965410.0,0.0,55987200,52714800.0,37324800.0,874800.0,14515200.0,43744800.0,37362000.0,162000.0,6220800.0,12877056.0,385319773.44000006,9030932.190000001,128448270.72000001,522798976.35,5977920000.0,25920000.0,995328000.0,6999168000.0,7534844032.35,0.01366875,accelergy,cacti,configs/cacti_sram_45nm.csv,10.323425,8.849225,4,45.0,2.03065,0.431177,1188.88,3.192179885,160.0,160.0,8.96541,0.0,7.5348440323500006,67.55296603607103,0.2260453209705
1080p,1920,1080,128,128,3,64,1024,200.0,ws,4547970.0,0.0,55987200,43549245.0,37324800.0,3645.0,6220800.0,70156800.0,63774000.0,162000.0,6220800.0,12877056.0,385319773.44000006,37628.884125000004,55049258.88000001,440406661.204125,10203840000.0,25920000.0,995328000.0,11225088000.0,11678371717.204124,0.01366875,accelergy,cacti,configs/cacti_sram_45nm.csv,10.323425,8.849225,4,45.0,2.03065,0.431177,1188.88,3.192179885,160.0,160.0,4.54797,0.0,11.678371717204124,53.11288421869284,0.3503511515161237
1080p,1920,1080,128,128,3,64,1024,800.0,os,8802135.0,0.0,55987200,52714800.0,37324800.0,874800.0,14515200.0,43900800.0,37464000.0,216000.0,6220800.0,12877056.0,385319773.44000006,9030932.19,128448270.72,522798976.35,5994240000.0,34560000.0,995328000.0,7024128000.0,7559804032.35,0.01366875,accelergy,cacti,configs/cacti_sram_45nm.csv,10.323425,8.849225,4,45.0,2.03065,0.431177,1188.88,3.192179885,160.0,160.0,8.802135000000002,0.0,7.559804032350001,66.54241566628909,0.2267941209705
1080p,1920,1080,128,128,3,64,1024,800.0,ws,4285725.0,0.0,55987200,43549245.0,37324800.0,3645.0,6220800.0,70372800.0,63936000.0,216000.0,6220800.0,12877056.0,385319773.44000006,37628.884125000004,55049258.88000001,440406661.204125,10229760000.0,34560000.0,995328000.0,11259648000.0,11712931717.204124,0.01366875,accelergy,cacti,configs/cacti_sram_45nm.csv,10.323425,8.849225,4,45.0,2.03065,0.431177,1188.88,3.192179885,160.0,160.0,4.285724999999999,0.0,11.712931717204125,50.19840428371464,0.35138795151612373
1080p,1920,1080,128,128,3,64,4096,50.0,os,9618735.0,0.0,55987200,52714800.0,37324800.0,874800.0,14515200.0,43719300.0,37336500.0,162000.0,6220800.0,12877056.0,787027000.32,18445945.32,249196590.71999997,1054669536.36,5973840000.0,25920000.0,995328000.0,6995088000.0,8062634592.360001,0.041472,accelergy,cacti,configs/cacti_sram_45nm.csv,21.085900000000002,17.167975,4,45.0,3.18224,0.795423,4302.53,11.948249145600002,160.0,160.0,9.618735,0.0,8.06263459236,77.55234554574386,0.24187903777080003
1080p,1920,1080,128,128,3,64,4096,50.0,ws,9127305.0,0.0,55987200,43549245.0,37324800.0,3645.0,6220800.0,246622800.0,240240000.0,162000.0,6220800.0,12877056.0,787027000.32,76858.1055,106798538.88,893902397.3055,38438400000.0,25920000.0,995328000.0,39459648000.0,40366427453.305504,0.041472,accelergy,cacti,configs/cacti_sram_45nm.csv,21.085900000000002,17.167975,4,45.0,3.18224,0.795423,4302.53,11.948249145600002,160.0,160.0,9.127305,0.0,40.366427453305505,368.4366951266926,1.210992823599165
1080p,1920,1080,128,128,3,64,4096,200.0,os,8965410.0,0.0,55987200,52714800.0,37324800.0,874800.0,14515200.0,43744800.0,37362000.0,162000.0,6220800.0,12877056.0,787027000.32,18445945.32,249196590.71999997,1054669536.36,5977920000.0,25920000.0,995328000.0,6999168000.0,8066714592.360001,0.01366875,accelergy,cacti,configs/cacti_sram_45nm.csv,21.085900000000002,17.167975,4,45.0,3.18224,0.795423,4302.53,11.948249145600002,160.0,160.0,8.96541,0.0,8.06671459236,72.32140367349027,0.24200143777080002
1080p,1920,1080,128,128,3,64,4096,200.0,ws,5430480.0,0.0,55987200,43549245.0,37324800.0,3645.0,6220800.0,246658800.0,240276000.0,162000.0,6220800.0,12877056.0,787027000.32,76858.1055,106798538.88,893902397.3055,38444160000.0,25920000.0,995328000.0,39465408000.0,40372187453.305504,0.01366875,accelergy,cacti,configs/cacti_sram_45nm.csv,21.085900000000002,17.167975,4,45.0,3.18224,0.795423,4302.53,11.948249145600002,160.0,160.0,5.430479999999999,0.0,40.37218745330551,219.24035652142646,1.211165623599165
1080p,1920,1080,128,128,3,64,4096,800.0,os,8802135.0,0.0,55987200,52714800.0,37324800.0,874800.0,14515200.0,43900800.0,37464000.0,216000.0,6220800.0,12877056.0,787027000.32,18445945.32,249196590.71999997,1054669536.36,5994240000.0,34560000.0,995328000.0,7024128000.0,8091674592.360001,0.01366875,accelergy,cacti,configs/cacti_sram_45nm.csv,21.085900000000002,17.167975,4,45.0,3.18224,0.795423,4302.53,11.948249145600002,160.0,160.0,8.802135000000002,0.0,8.09167459236,71.2240121380227,0.24275023777080001
1080p,1920,1080,128,128,3,64,4096,800.0,ws,4506225.0,0.0,55987200,43549245.0,37324800.0,3645.0,6220800.0,246772800.0,240336000.0,216000.0,6220800.0,12877056.0,787027000.32,76858.1055,106798538.87999998,893902397.3055,38453760000.0,34560000.0,995328000.0,39483648000.0,40390427453.305504,0.01366875,accelergy,cacti,configs/cacti_sram_45nm.csv,21.085900000000002,17.167975,4,45.0,3.18224,0.795423,4302.53,11.948249145600002,160.0,160.0,4.506225,0.0,40.390427453305506,182.00835395077158,1.211712823599165
1080p,1920,1080,128,128,3,128,256,50.0,os,8963265.0,0.0,55987200,52277400.0,37324800.0,437400.0,14515200.0,193846800.0,187302000.0,324000.0,6220800.0,12877056.0,245861256.96,2881186.6050000004,66891121.919999994,315633565.485,29968320000.0,51840000.0,995328000.0,31015488000.0,31343998621.485,0.041472,accelergy,cacti,configs/cacti_sram_45nm.csv,6.5870750000000005,4.60835,4,45.0,1.14182,0.729013,270.818,0.82173726504,160.0,160.0,8.963265,0.0,31.343998621485,280.94456580400475,0.9403199586445501
1080p,1920,1080,128,128,3,128,256,50.0,ws,4692405.0,0.0,55987200,43549245.0,37324800.0,3645.0,6220800.0,52486800.0,45942000.0,324000.0,6220800.0,12877056.0,245861256.96,24009.888375000002,28667623.68,274552890.528375,7350720000.0,51840000.0,995328000.0,8397888000.0,8685317946.528374,0.041472,accelergy,cacti,configs/cacti_sram_45nm.csv,6.5870750000000005,4.60835,4,45.0,1.14182,0.729013,270.818,0.82173726504,160.0,160.0,4.692405,0.0,8.685317946528373,40.75502935887947,0.2605595383958512
1080p,1920,1080,128,128,3,128,256,200.0,os,8631450.0,0.0,55987200,52277400.0,37324800.0,437400.0,14515200.0,194164800.0,187620000.0,324000.0,6220800.0,12877056.0,245861256.96,2881186.605,66891121.919999994,315633565.485,30019200000.0,51840000.0,995328000.0,31066368000.0,31394878621.485,0.010368,accelergy,cacti,configs/cacti_sram_45nm.csv,6.5870750000000005,4.60835,4,45.0,1.14182,0.729013,270.818,0.82173726504,160.0,160.0,8.631450000000001,0.0,31.394878621485,270.98332507741674,0.94184635864455
1080p,1920,1080,128,128,3,128,256,200.0,ws,4360590.0,0.0,55987200,43549245.0,37324800.0,3645.0,6220800.0,52564800.0,46020000.0,324000.0,6220800.0,12877056.0,245861256.96,24009.888375000002,28667623.679999996,274552890.52837497,7363200000.0,51840000.0,995328000.0,8410368000.0,8697797946.528374,0.010368,accelergy,cacti,configs/cacti_sram_45nm.csv,6.5870750000000005,4.60835,4,45.0,1.14182,0.729013,270.818,0.82173726504,160.0,160.0,4.36059,0.0,8.697797946528373,37.92753074765216,0.2609339383958512
1080p,1920,1080,128,128,3,128,256,800.0,os,8548485.0,0.0,55987200,52277400.0,37324800.0,437400.0,14515200.0,194908800.0,188256000.0,432000.0,6220800.0,12877056.0,245861256.96,2881186.605,66891121.919999994,315633565.485,30120960000.0,69120000.0,995328000.0,31185408000.0,31513918621.485,0.0034171875,accelergy,cacti,configs/cacti_sram_45nm.csv,6.5870750000000005,4.60835,4,45.0,1.14182,0.729013,270.818,0.82173726504,160.0,160.0,8.548485,0.0,31.513918621485,269.39626062698517,0.94541755864455
1080p,1920,1080,128,128,3,128,256,800.0,ws,4277625.0,0.0,55987200,43549245.0,37324800.0,3645.0,6220800.0,52828800.0,46176000.0,432000.0,6220800.0,12877056.0,245861256.96,24009.888375000002,28667623.679999996,274552890.52837497,7388160000.0,69120000.0,995328000.0,8452608000.0,8740037946.528374,0.0034171875,accelergy,cacti,configs/cacti_sram_45nm.csv,6.5870750000000005,4.60835,4,45.0,1.14182,0.729013,270.818,0.82173726504,160.0,160.0,4.2776250000000005,0.0,8.740037946528373,37.38660482101844,0.2622011383958512
1080p,1920,1080,128,128,3,128,1024,50.0,os,9391935.0,0.0,55987200,52277400.0,37324800.0,437400.0,14515200.0,43881300.0,37336500.0,324000.0,6220800.0,12877056.0,385319773.44000006,4515466.095,128448270.72,518283510.25500005,5973840000.0,51840000.0,995328000.0,7021008000.0,7552168566.255,0.041472,accelergy,cacti,configs/cacti_sram_45nm.csv,10.323425,8.849225,4,45.0,2.03065,0.431177,1188.88,3.192179885,160.0,160.0,9.391935,0.0,7.552168566255,70.92947628331015,0.22656505698765
1080p,1920,1080,128,128,3,128,1024,50.0,ws,5649015.0,0.0,55987200,43549245.0,37324800.0,3645.0,6220800.0,70278300.0,63733500.0,324000.0,6220800.0,12877056.0,385319773.44000006,37628.884125,55049258.88000001,440406661.20412505,10197360000.0,51840000.0,995328000.0,11244528000.0,11697811717.204124,0.041472,accelergy,cacti,configs/cacti_sram_45nm.csv,10.323425,8.849225,4,45.0,2.03065,0.431177,1188.88,3.192179885,160.0,160.0,5.649015,0.0,11.697811717204125,66.08111385766186,0.35093435151612373
1080p,1920,1080,128,128,3,128,1024,200.0,os,8738610.0,0.0,55987200,52277400.0,37324800.0,437400.0,14515200.0,43906800.0,37362000.0,324000.0,6220800.0,12877056.0,385319773.44000006,4515466.095,128448270.72,518283510.25500005,5977920000.0,51840000.0,995328000.0,7025088000.0,7556248566.255,0.010368,accelergy,cacti,configs/cacti_sram_45nm.csv,10.323425,8.849225,4,45.0,2.03065,0.431177,1188.88,3.192179885,160.0,160.0,8.738610000000001,0.0,7.556248566255,66.03110928356162,0.22668745698765
1080p,1920,1080,128,128,3,128,1024,200.0,ws,4599810.0,0.0,55987200,43549245.0,37324800.0,3645.0,6220800.0,70318800.0,63774000.0,324000.0,6220800.0,12877056.0,385319773.44000006,37628.884125,55049258.88000001,440406661.20412505,10203840000.0,51840000.0,995328000.0,11251008000.0,11704291717.204124,0.010368,accelergy,cacti,configs/cacti_sram_45nm.csv,10.323425,8.849225,4,45.0,2.03065,0.431177,1188.88,3.192179885,160.0,160.0,4.599810000000001,0.0,11.704291717204125,53.837518083712716,0.3511287515161237
1080p,1920,1080,128,128,3,128,1024,800.0,os,8575335.0,0.0,55987200,52277400.0,37324800.0,437400.0,14515200.0,44116800.0,37464000.0,432000.0,6220800.0,12877056.0,385319773.44000006,4515466.095,128448270.72,518283510.25500005,5994240000.0,69120000.0,995328000.0,7058688000.0,7589848566.255,0.0034171875,accelergy,cacti,configs/cacti_sram_45nm.csv,10.323425,8.849225,4,45.0,2.03065,0.431177,1188.88,3.192179885,160.0,160.0,8.575334999999999,0.0,7.589848566255,65.08549405490632,0.22769545698764998
1080p,1920,1080,128,128,3,128,1024,800.0,ws,4337565.0,0.0,55987200,43549245.0,37324800.0,3645.0,6220800.0,70588800.0,63936000.0,432000.0,6220800.0,12877056.0,385319773.44000006,37628.884125,55049258.88000001,440406661.20412505,10229760000.0,69120000.0,995328000.0,11294208000.0,11747491717.204124,0.0034171875,accelergy,cacti,configs/cacti_sram_45nm.csv,10.323425,8.849225,4,45.0,2.03065,0.431177,1188.88,3.192179885,160.0,160.0,4.337565,0.0,11.747491717204124,50.9555089103345,0.35242475151612374
1080p,1920,1080,128,128,3,128,4096,50.0,os,9391935.0,0.0,55987200,52277400.0,37324800.0,437400.0,14515200.0,43881300.0,37336500.0,324000.0,6220800.0,12877056.0,787027000.32,9222972.66,249196590.71999997,1045446563.7,5973840000.0,51840000.0,995328000.0,7021008000.0,8079331619.700001,0.041472,accelergy,cacti,configs/cacti_sram_45nm.csv,21.085900000000002,17.167975,4,45.0,3.18224,0.795423,4302.53,11.948249145600002,160.0,160.0,9.391935,0.0,8.079331619700001,75.88055741566713,0.24237994859100004
1080p,1920,1080,128,128,3,128,4096,50.0,ws,9454395.0,0.0,55987200,43549245.0,37324800.0,3645.0,6220800.0,260547300.0,254002500.0,324000.0,6220800.0,12877056.0,787027000.32,76858.1055,106798538.87999998,893902397.3055,40640400000.0,51840000.0,995328000.0,41687568000.0,42594347453.305504,0.041472,accelergy,cacti,configs/cacti_sram_45nm.csv,21.085900000000002,17.167975,4,45.0,3.18224,0.795423,4302.53,11.948249145600002,160.0,160.0,9.454395000000002,0.0,42.5943474533055,402.7037855907943,1.277830423599165
1080p,1920,1080,128,128,3,128,4096,200.0,os,8738610.0,0.0,55987200,52277400.0,37324800.0,437400.0,14515200.0,43906800.0,37362000.0,324000.0,6220800.0,12877056.0,787027000.32,9222972.66,249196590.71999997,1045446563.7,5977920000.0,51840000.0,995328000.0,7025088000.0,8083411619.700001,0.010368,accelergy,cacti,configs/cacti_sram_45nm.csv,21.085900000000002,17.167975,4,45.0,3.18224,0.795423,4302.53,11.948249145600002,160.0,160.0,8.738610000000001,0.0,8.083411619700001,70.63778161402664,0.24250234859100003
1080p,1920,1080,128,128,3,128,4096,200.0,ws,5551140.0,0.0,55987200,43549245.0,37324800.0,3645.0,6220800.0,260584800.0,254040000.0,324000.0,6220800.0,12877056.0,787027000.32,76858.1055,106798538.88,893902397.3055,40646400000.0,51840000.0,995328000.0,41693568000.0,42600347453.305504,0.010368,accelergy,cacti,configs/cacti_sram_45nm.csv,21.085900000000002,17.167975,4,45.0,3.18224,0.795423,4302.53,11.948249145600002,160.0,160.0,5.55114,0.0,42.6003474533055,236.48049276194232,1.278010423599165
1080p,1920,1080,128,128,3,128,4096,800.0,os,8575335.0,0.0,55987200,52277400.0,37324800.0,437400.0,14515200.0,44116800.0,37464000.0,432000.0,6220800.0,12877056.0,787027000.32,9222972.66,249196590.71999997,1045446563.7,5994240000.0,69120000.0,995328000.0,7058688000.0,8117011619.700001,0.0034171875,accelergy,cacti,configs/cacti_sram_45nm.csv,21.085900000000002,17.167975,4,45.0,3.18224,0.795423,4302.53,11.948249145600002,160.0,160.0,8.575334999999999,0.0,8.117011619700001,69.6060938378201,0.24351034859100004
1080p,1920,1080,128,128,3,128,4096,800.0,ws,4575255.0,0.0,55987200,43549245.0,37324800.0,3645.0,6220800.0,260740800.0,254088000.0,432000.0,6220800.0,12877056.0,787027000.32,76858.1055,106798538.87999998,893902397.3055,40654080000.0,69120000.0,995328000.0,41718528000.0,42625307453.305504,0.0034171875,accelergy,cacti,configs/cacti_sram_45nm.csv,21.085900000000002,17.167975,4,45.0,3.18224,0.795423,4302.53,11.948249145600002,160.0,160.0,4.575255,0.0,42.6253074533055,195.02165105227328,1.278759223599165
1080p,1920,1080,128,128,5,8,256,50.0,os,16512465.0,0.0,89164800,96163200.0,70502400.0,11145600.0,14515200.0,169708800.0,163447500.0,40500.0,6220800.0,20507904.0,464404596.48,73416903.12,66891121.919999994,604712621.5200001,26151600000.0,6480000.0,995328000.0,27153408000.0,27778628525.52,1.3932,accelergy,cacti,configs/cacti_sram_45nm.csv,6.5870750000000005,4.60835,4,45.0,1.14182,0.729013,270.818,0.82173726504,160.0,160.0,16.512465,0.0,27.778628525520002,458.6936312756506,0.8333588557656
1080p,1920,1080,128,128,5,8,256,50.0,ws,12826320.0,0.0,89164800,87097005.0,70502400.0,5805.0,16588800.0,92610300.0,75981000.0,40500.0,16588800.0,20507904.0,464404596.4800001,38237.970375000004,76446996.47999999,540889830.9303751,12156960000.0,6480000.0,2654208000.0,14817648000.0,15379045734.930376,1.3932,accelergy,cacti,configs/cacti_sram_45nm.csv,6.5870750000000005,4.60835,4,45.0,1.14182,0.729013,270.818,0.82173726504,160.0,160.0,12.82632,0.0,15.379045734930376,197.2565618908522,0.46137137204791123
1080p,1920,1080,128,128,5,8,256,200.0,os,16180650.0,0.0,89164800,96163200.0,70502400.0,11145600.0,14515200.0,169999800.0,163725000.0,54000.0,6220800.0,20507904.0,464404596.4800001,73416903.12,66891121.919999994,604712621.5200001,26196000000.0,8640000.0,995328000.0,27199968000.0,27825188525.519997,1.3932,accelergy,cacti,configs/cacti_sram_45nm.csv,6.5870750000000005,4.60835,4,45.0,1.14182,0.729013,270.818,0.82173726504,160.0,160.0,16.18065,0.0,27.825188525519998,450.2296367154552,0.8347556557655998
1080p,1920,1080,128,128,5,8,256,200.0,ws,12551010.0,0.0,89164800,87097005.0,70502400.0,5805.0,16588800.0,92752800.0,76110000.0,54000.0,16588800.0,20507904.0,464404596.48,38237.970375000004,76446996.47999999,540889830.930375,12177600000.0,8640000.0,2654208000.0,14840448000.0,15401845734.930376,1.3932,accelergy,cacti,configs/cacti_sram_45nm.csv,6.5870750000000005,4.60835,4,45.0,1.14182,0.729013,270.818,0.82173726504,160.0,160.0,12.55101,0.0,15.401845734930376,193.3087198375685,0.46205537204791125
1080p,1920,1080,128,128,5,8,256,800.0,os,16097685.0,0.0,89164800,96163200.0,70502400.0,11145600.0,14515200.0,170716800.0,164280000.0,216000.0,6220800.0,20507904.0,464404596.4800001,73416903.12,66891121.919999994,604712621.5200001,26284800000.0,34560000.0,995328000.0,27314688000.0,27939908525.519997,1.3932,accelergy,cacti,configs/cacti_sram_45nm.csv,6.5870750000000005,4.60835,4,45.0,1.14182,0.729013,270.818,0.82173726504,160.0,160.0,16.097685000000002,0.0,27.939908525519996,449.7678463726354,0.8381972557655999
1080p,1920,1080,128,128,5,8,256,800.0,ws,12482100.0,0.0,89164800,87097005.0,70502400.0,5805.0,16588800.0,93172800.0,76368000.0,216000.0,16588800.0,20507904.0,464404596.48,38237.970375000004,76446996.47999999,540889830.930375,12218880000.0,34560000.0,2654208000.0,14907648000.0,15469045734.930376,1.3932,accelergy,cacti,configs/cacti_sram_45nm.csv,6.5870750000000005,4.60835,4,45.0,1.14182,0.729013,270.818,0.82173726504,160.0,160.0,12.482099999999999,0.0,15.469045734930376,193.08617576797442,0.46407137204791127
1080p,1920,1080,128,128,5,8,1024,50.0,os,17188050.0,0.0,89164800,96163200.0,70502400.0,11145600.0,14515200.0,84269550.0,78008250.0,40500.0,6220800.0,20507904.0,727826238.72,115060765.68,128448270.72,971335275.1200001,12481320000.0,6480000.0,995328000.0,13483128000.0,14474971179.119999,1.3932,accelergy,cacti,configs/cacti_sram_45nm.csv,10.323425,8.849225,4,45.0,2.03065,0.431177,1188.88,3.192179885,160.0,160.0,17.18805,0.0,14.474971179119999,248.7965283752735,0.4342491353736
1080p,1920,1080,128,128,5,8,1024,50.0,ws,14027010.0,0.0,89164800,87097005.0,70502400.0,5805.0,16588800.0,106768800.0,90139500.0,40500.0,16588800.0,20507904.0,727826238.72,59927.48212500001,146798023.68,874684189.8821249,14422320000.0,6480000.0,2654208000.0,17083008000.0,17978200093.882126,1.3932,accelergy,cacti,configs/cacti_sram_45nm.csv,10.323425,8.849225,4,45.0,2.03065,0.431177,1188.88,3.192179885,160.0,160.0,14.027009999999999,0.0,17.978200093882126,252.1803924988855,0.5393460028164637
1080p,1920,1080,128,128,5,8,1024,200.0,os,16349565.0,0.0,89164800,96163200.0,70502400.0,11145600.0,14515200.0,84331800.0,78057000.0,54000.0,6220800.0,20507904.0,727826238.72,115060765.68,128448270.72,971335275.1200001,12489120000.0,8640000.0,995328000.0,13493088000.0,14484931179.119999,1.3932,accelergy,cacti,configs/cacti_sram_45nm.csv,10.323425,8.849225,4,45.0,2.03065,0.431177,1188.88,3.192179885,160.0,160.0,16.349565,0.0,14.484931179119998,236.82232383354904,0.4345479353736
1080p,1920,1080,128,128,5,8,1024,200.0,ws,12851175.0,0.0,89164800,87097005.0,70502400.0,5805.0,16588800.0,106837800.0,90195000.0,54000.0,16588800.0,20507904.0,727826238.72,59927.48212500001,146798023.68,874684189.8821249,14431200000.0,8640000.0,2654208000.0,17094048000.0,17989240093.882126,1.3932,accelergy,cacti,configs/cacti_sram_45nm.csv,10.323425,8.849225,4,45.0,2.03065,0.431177,1188.88,3.192179885,160.0,160.0,12.851175,0.0,17.989240093882128,231.18287256349564,0.5396772028164637
1080p,1920,1080,128,128,5,8,1024,800.0,os,16140000.0,0.0,89164800,96163200.0,70502400.0,11145600.0,14515200.0,84688800.0,78252000.0,216000.0,6220800.0,20507904.0,727826238.72,115060765.68,128448270.72000001,971335275.1200001,12520320000.0,34560000.0,995328000.0,13550208000.0,14542051179.119999,1.3932,accelergy,cacti,configs/cacti_sram_45nm.csv,10.323425,8.849225,4,45.0,2.03065,0.431177,1188.88,3.192179885,160.0,160.0,16.14,0.0,14.54205117912,234.7087060309968,0.43626153537359996
1080p,1920,1080,128,128,5,8,1024,800.0,ws,12557145.0,0.0,89164800,87097005.0,70502400.0,5805.0,16588800.0,107224800.0,90420000.0,216000.0,16588800.0,20507904.0,727826238.72,59927.482125,146798023.68,874684189.882125,14467200000.0,34560000.0,2654208000.0,17155968000.0,18051160093.882126,1.3932,accelergy,cacti,configs/cacti_sram_45nm.csv,10.323425,8.849225,4,45.0,2.03065,0.431177,1188.88,3.192179885,160.0,160.0,12.557145,0.0,18.051160093882125,226.67103471709146,0.5415348028164637
1080p,1920,1080,128,128,5,8,4096,50.0,os,17604570.0,0.0,89164800,96163200.0,70502400.0,11145600.0,14515200.0,76769550.0,70508250.0,40500.0,6220800.0,20507904.0,1486606556.16,235015007.04000002,249196590.71999997,1970818153.92,11281320000.0,6480000.0,995328000.0,12283128000.0,14274454057.919998,1.3932,accelergy,cacti,configs/cacti_sram_45nm.csv,21.085900000000002,17.167975,4,45.0,3.18224,0.795423,4302.53,11.948249145600002,160.0,160.0,17.60457,0.0,14.274454057919998,251.29562567443665,0.4282336217376
1080p,1920,1080,128,128,5,8,4096,50.0,ws,14781450.0,0.0,89164800,87097005.0,70502400.0,5805.0,16588800.0,116164800.0,99535500.0,40500.0,16588800.0,20507904.0,1486606556.16,122403.6495,284796103.67999995,1771525063.4895003,15925680000.0,6480000.0,2654208000.0,18586368000.0,20378400967.489502,1.3932,accelergy,cacti,configs/cacti_sram_45nm.csv,21.085900000000002,17.167975,4,45.0,3.18224,0.795423,4302.53,11.948249145600002,160.0,160.0,14.78145,0.0,20.3784009674895,301.2223149808977,0.6113520290246851
1080p,1920,1080,128,128,5,8,4096,200.0,os,16453605.0,0.0,89164800,96163200.0,70502400.0,11145600.0,14515200.0,76795800.0,70521000.0,54000.0,6220800.0,20507904.0,1486606556.16,235015007.04000002,249196590.71999997,1970818153.92,11283360000.0,8640000.0,995328000.0,12287328000.0,14278654057.919998,1.3932,accelergy,cacti,configs/cacti_sram_45nm.csv,21.085900000000002,17.167975,4,45.0,3.18224,0.795423,4302.53,11.948249145600002,160.0,160.0,16.453605,0.0,14.278654057919999,234.9353338006628,0.42835962173759995
1080p,1920,1080,128,128,5,8,4096,200.0,ws,13039695.0,0.0,89164800,87097005.0,70502400.0,5805.0,16588800.0,116197800.0,99555000.0,54000.0,16588800.0,20507904.0,1486606556.16,122403.6495,284796103.67999995,1771525063.4895003,15928800000.0,8640000.0,2654208000.0,18591648000.0,20383680967.489502,1.3932,accelergy,cacti,configs/cacti_sram_45nm.csv,21.085900000000002,17.167975,4,45.0,3.18224,0.795423,4302.53,11.948249145600002,160.0,160.0,13.039695,0.0,20.383680967489504,265.79698279336804,0.6115104290246851
1080p,1920,1080,128,128,5,8,4096,800.0,os,16165920.0,0.0,89164800,96163200.0,70502400.0,11145600.0,14515200.0,77008800.0,70572000.0,216000.0,6220800.0,20507904.0,1486606556.16,235015007.04000002,249196590.71999997,1970818153.92,11291520000.0,34560000.0,995328000.0,12321408000.0,14312734057.919998,1.3932,accelergy,cacti,configs/cacti_sram_45nm.csv,21.085900000000002,17.167975,4,45.0,3.18224,0.795423,4302.53,11.948249145600002,160.0,160.0,16.16592,0.0,14.312734057919998,231.37851376161007,0.4293820217376
1080p,1920,1080,128,128,5,8,4096,800.0,ws,12604185.0,0.0,89164800,87097005.0,70502400.0,5805.0,16588800.0,116440800.0,99636000.0,216000.0,16588800.0,20507904.0,1486606556.16,122403.6495,284796103.67999995,1771525063.4895003,15941760000.0,34560000.0,2654208000.0,18630528000.0,20422560967.489502,1.3932,accelergy,cacti,configs/cacti_sram_45nm.csv,21.085900000000002,17.167975,4,45.0,3.18224,0.795423,4302.53,11.948249145600002,160.0,160.0,12.604185000000001,0.0,20.422560967489503,257.4097366080167,0.612676829024685
1080p,1920,1080,128,128,5,16,256,50.0,os,23884785.0,11260320.0,89164800,90590400.0,70502400.0,5572800.0,14515200.0,999349050.0,993054000.0,74250.0,6220800.0,20507904.0,464404596.4800001,36708451.56,66891121.919999994,568004169.96,158888640000.0,11880000.0,995328000.0,159895848000.0,160484360073.96002,0.3483,accelergy,cacti,configs/cacti_sram_45nm.csv,6.5870750000000005,4.60835,4,45.0,1.14182,0.729013,270.818,0.82173726504,160.0,160.0,23.884784999999997,47.14432221181811,160.48436007396003,3833.1344362291193,4.814530802218801
1080p,1920,1080,128,128,5,16,256,50.0,ws,6723000.0,0.0,89164800,78802605.0,70502400.0,5805.0,8294400.0,84349650.0,75981000.0,74250.0,8294400.0,20507904.0,464404596.4800001,38237.970375000004,38223498.239999995,502666332.69037503,12156960000.0,11880000.0,1327104000.0,13495944000.0,14019118236.690374,0.3483,accelergy,cacti,configs/cacti_sram_45nm.csv,6.5870750000000005,4.60835,4,45.0,1.14182,0.729013,270.818,0.82173726504,160.0,160.0,6.723,0.0,14.019118236690375,94.25053190526938,0.42057354710071126
1080p,1920,1080,128,128,5,16,256,200.0,os,12442530.0,149880.0,89164800,90590400.0,70502400.0,5572800.0,14515200.0,1001041800.0,994740000.0,81000.0,6220800.0,20507904.0,464404596.48,36708451.56,66891121.919999994,568004169.96,159158400000.0,12960000.0,995328000.0,160166688000.0,160755200073.96,0.3483,accelergy,cacti,configs/cacti_sram_45nm.csv,6.5870750000000005,4.60835,4,45.0,1.14182,0.729013,270.818,0.82173726504,160.0,160.0,12.44253,1.2045781685878998,160.75520007396,2000.2013995762495,4.8226560022188
1080p,1920,1080,128,128,5,16,256,200.0,ws,6360060.0,0.0,89164800,78802605.0,70502400.0,5805.0,8294400.0,84485400.0,76110000.0,81000.0,8294400.0,20507904.0,464404596.4800001,38237.970375000004,38223498.239999995,502666332.69037503,12177600000.0,12960000.0,1327104000.0,13517664000.0,14040838236.690374,0.3483,accelergy,cacti,configs/cacti_sram_45nm.csv,6.5870750000000005,4.60835,4,45.0,1.14182,0.729013,270.818,0.82173726504,160.0,160.0,6.36006,0.0,14.040838236690375,89.30057363564498,0.42122514710071124
1080p,1920,1080,128,128,5,16,256,800.0,os,12209685.0,0.0,89164800,90590400.0,70502400.0,5572800.0,14515200.0,1004548800.0,998112000.0,216000.0,6220800.0,20507904.0,464404596.4800001,36708451.56,66891121.919999994,568004169.96,159697920000.0,34560000.0,995328000.0,160727808000.0,161316320073.96002,0.3483,accelergy,cacti,configs/cacti_sram_45nm.csv,6.5870750000000005,4.60835,4,45.0,1.14182,0.729013,270.818,0.82173726504,160.0,160.0,12.209685,0.0,161.31632007396001,1969.6214534622286,4.8394896022188005
1080p,1920,1080,128,128,5,16,256,800.0,ws,6269250.0,0.0,89164800,78802605.0,70502400.0,5805.0,8294400.0,84878400.0,76368000.0,216000.0,8294400.0,20507904.0,464404596.4800001,38237.970375000004,38223498.239999995,502666332.69037503,12218880000.0,34560000.0,1327104000.0,13580544000.0,14103718236.690374,0.3483,accelergy,cacti,configs/cacti_sram_45nm.csv,6.5870750000000005,4.60835,4,45.0,1.14182,0.729013,270.818,0.82173726504,160.0,160.0,6.2692499999999995,0.0,14.103718236690375,88.41973555537112,0.42311154710071125
1080p,1920,1080,128,128,5,16,1024,50.0,os,13300050.0,0.0,89164800,90590400.0,70502400.0,5572800.0,14515200.0,84303300.0,78008250.0,74250.0,6220800.0,20507904.0,727826238.72,57530382.84,128448270.72000001,913804892.2800001,12481320000.0,11880000.0,995328000.0,13488528000.0,14422840796.279999,0.3483,accelergy,cacti,configs/cacti_sram_45nm.csv,10.323425,8.849225,4,45.0,2.03065,0.431177,1188.88,3.192179885,160.0,160.0,13.30005,0.0,14.42284079628,191.8245037325638,0.4326852238884
1080p,1920,1080,128,128,5,16,1024,50.0,ws,7641210.0,0.0,89164800,78802605.0,70502400.0,5805.0,8294400.0,98508150.0,90139500.0,74250.0,8294400.0,20507904.0,727826238.72,59927.48212500001,73399011.84,801285178.042125,14422320000.0,11880000.0,1327104000.0,15761304000.0,16583097082.042126,0.3483,accelergy,cacti,configs/cacti_sram_45nm.csv,10.323425,8.849225,4,45.0,2.03065,0.431177,1188.88,3.192179885,160.0,160.0,7.64121,0.0,16.583097082042126,126.71492725427112,0.4974929124612638
1080p,1920,1080,128,128,5,16,1024,200.0,os,12461565.0,0.0,89164800,90590400.0,70502400.0,5572800.0,14515200.0,84358800.0,78057000.0,81000.0,6220800.0,20507904.0,727826238.72,57530382.84,128448270.72000001,913804892.2800001,12489120000.0,12960000.0,995328000.0,13497408000.0,14431720796.279999,0.3483,accelergy,cacti,configs/cacti_sram_45nm.csv,10.323425,8.849225,4,45.0,2.03065,0.431177,1188.88,3.192179885,160.0,160.0,12.461565,0.0,14.431720796279999,179.84182676469496,0.4329516238884
1080p,1920,1080,128,128,5,16,1024,200.0,ws,6589665.0,0.0,89164800,78802605.0,70502400.0,5805.0,8294400.0,98570400.0,90195000.0,81000.0,8294400.0,20507904.0,727826238.72,59927.48212500001,73399011.84,801285178.042125,14431200000.0,12960000.0,1327104000.0,15771264000.0,16593057082.042126,0.3483,accelergy,cacti,configs/cacti_sram_45nm.csv,10.323425,8.849225,4,45.0,2.03065,0.431177,1188.88,3.192179885,160.0,160.0,6.589665,0.0,16.593057082042126,109.34268749653513,0.4977917124612638
1080p,1920,1080,128,128,5,16,1024,800.0,os,12252000.0,0.0,89164800,90590400.0,70502400.0,5572800.0,14515200.0,84688800.0,78252000.0,216000.0,6220800.0,20507904.0,727826238.72,57530382.84,128448270.72,913804892.2800001,12520320000.0,34560000.0,995328000.0,13550208000.0,14484520796.279999,0.3483,accelergy,cacti,configs/cacti_sram_45nm.csv,10.323425,8.849225,4,45.0,2.03065,0.431177,1188.88,3.192179885,160.0,160.0,12.252,0.0,14.484520796279998,177.46434879602253,0.43453562388839995
1080p,1920,1080,128,128,5,16,1024,800.0,ws,6326775.0,0.0,89164800,78802605.0,70502400.0,5805.0,8294400.0,98930400.0,90420000.0,216000.0,8294400.0,20507904.0,727826238.72,59927.48212500001,73399011.84,801285178.042125,14467200000.0,34560000.0,1327104000.0,15828864000.0,16650657082.042126,0.3483,accelergy,cacti,configs/cacti_sram_45nm.csv,10.323425,8.849225,4,45.0,2.03065,0.431177,1188.88,3.192179885,160.0,160.0,6.326775,0.0,16.650657082042127,105.34496096023707,0.4995197124612638
1080p,1920,1080,128,128,5,16,4096,50.0,os,13716570.0,0.0,89164800,90590400.0,70502400.0,5572800.0,14515200.0,76803300.0,70508250.0,74250.0,6220800.0,20507904.0,1486606556.16,117507503.52000001,249196590.71999997,1853310650.4,11281320000.0,11880000.0,995328000.0,12288528000.0,14162346554.400002,0.3483,accelergy,cacti,configs/cacti_sram_45nm.csv,21.085900000000002,17.167975,4,45.0,3.18224,0.795423,4302.53,11.948249145600002,160.0,160.0,13.71657,0.0,14.162346554400001,194.25881787768643,0.42487039663200005
1080p,1920,1080,128,128,5,16,4096,50.0,ws,8395650.0,0.0,89164800,78802605.0,70502400.0,5805.0,8294400.0,107904150.0,99535500.0,74250.0,8294400.0,20507904.0,1486606556.16,122403.6495,142398051.83999997,1629127011.6495001,15925680000.0,11880000.0,1327104000.0,17264664000.0,18914298915.649498,0.3483,accelergy,cacti,configs/cacti_sram_45nm.csv,21.085900000000002,17.167975,4,45.0,3.18224,0.795423,4302.53,11.948249145600002,160.0,160.0,8.39565,0.0,18.914298915649496,158.79783369117268,0.567428967469485
1080p,1920,1080,128,128,5,16,4096,200.0,os,12565605.0,0.0,89164800,90590400.0,70502400.0,5572800.0,14515200.0,76822800.0,70521000.0,81000.0,6220800.0,20507904.0,1486606556.16,117507503.52000001,249196590.71999997,1853310650.4000003,11283360000.0,12960000.0,995328000.0,12291648000.0,14165466554.400002,0.3483,accelergy,cacti,configs/cacti_sram_45nm.csv,21.085900000000002,17.167975,4,45.0,3.18224,0.795423,4302.53,11.948249145600002,160.0,160.0,12.565605,0.0,14.165466554400002,177.99765736330144,0.4249639966320001
1080p,1920,1080,128,128,5,16,4096,200.0,ws,6778185.0,0.0,89164800,78802605.0,70502400.0,5805.0,8294400.0,107930400.0,99555000.0,81000.0,8294400.0,20507904.0,1486606556.16,122403.6495,142398051.83999997,1629127011.6495004,15928800000.0,12960000.0,1327104000.0,17268864000.0,18918498915.649498,0.3483,accelergy,cacti,configs/cacti_sram_45nm.csv,21.085900000000002,17.167975,4,45.0,3.18224,0.795423,4302.53,11.948249145600002,160.0,160.0,6.778185,0.0,18.918498915649497,128.23308557257167,0.567554967469485
1080p,1920,1080,128,128,5,16,4096,800.0,os,12277920.0,0.0,89164800,90590400.0,70502400.0,5572800.0,14515200.0,77008800.0,70572000.0,216000.0,6220800.0,20507904.0,1486606556.16,117507503.52000001,249196590.71999997,1853310650.4,11291520000.0,34560000.0,995328000.0,12321408000.0,14195226554.400002,0.3483,accelergy,cacti,configs/cacti_sram_45nm.csv,21.085900000000002,17.167975,4,45.0,3.18224,0.795423,4302.53,11.948249145600002,160.0,160.0,12.27792,0.0,14.195226554400001,174.28785601679886,0.42585679663200005
1080p,1920,1080,128,128,5,16,4096,800.0,ws,6373815.0,0.0,89164800,78802605.0,70502400.0,5805.0,8294400.0,108146400.0,99636000.0,216000.0,8294400.0,20507904.0,1486606556.16,122403.6495,142398051.83999997,1629127011.6495004,15941760000.0,34560000.0,1327104000.0,17303424000.0,18953058915.649498,0.3483,accelergy,cacti,configs/cacti_sram_45nm.csv,21.085900000000002,17.167975,4,45.0,3.18224,0.795423,4302.53,11.948249145600002,160.0,160.0,6.373815,0.0,18.9530589156495,120.8032912124505,0.568591767469485
1080p,1920,1080,128,128,5,32,256,50.0,os,153029745.0,142349280.0,89164800,87804000.0,70502400.0,2786400.0,14515200.0,7490497800.0,7484128500.0,148500.0,6220800.0,20507904.0,464404596.48,18354225.78,66891121.919999994,549649944.1800001,1197460560000.0,23760000.0,995328000.0,1198479648000.0,1199049805848.18,0.087075,accelergy,cacti,configs/cacti_sram_45nm.csv,6.5870750000000005,4.60835,4,45.0,1.14182,0.729013,270.818,0.82173726504,160.0,160.0,153.029745,93.02066078722146,1199.0498058481799,183490.28603124648,35.9714941754454
1080p,1920,1080,128,128,5,32,256,50.0,ws,4614645.0,0.0,89164800,76729005.0,70502400.0,5805.0,6220800.0,82350300.0,75981000.0,148500.0,6220800.0,20507904.0,464404596.48,38237.970375000004,28667623.679999996,493110458.130375,12156960000.0,23760000.0,995328000.0,13176048000.0,13689666362.130375,0.087075,accelergy,cacti,configs/cacti_sram_45nm.csv,6.5870750000000005,4.60835,4,45.0,1.14182,0.729013,270.818,0.82173726504,160.0,160.0,4.614644999999999,0.0,13.689666362130374,63.172950429673115,0.4106899908639113
1080p,1920,1080,128,128,5,32,256,200.0,os,42086250.0,31737600.0,89164800,87804000.0,70502400.0,2786400.0,14515200.0,7503217800.0,7496835000.0,162000.0,6220800.0,20507904.0,464404596.4800001,18354225.78,66891121.919999994,549649944.1800001,1199493600000.0,25920000.0,995328000.0,1200514848000.0,1201085005848.18,0.087075,accelergy,cacti,configs/cacti_sram_45nm.csv,6.5870750000000005,4.60835,4,45.0,1.14182,0.729013,270.818,0.82173726504,160.0,160.0,42.08625,75.41085271317829,1201.08500584818,50549.16382737796,36.0325501754454
1080p,1920,1080,128,128,5,32,256,200.0,ws,4282830.0,0.0,89164800,76729005.0,70502400.0,5805.0,6220800.0,82492800.0,76110000.0,162000.0,6220800.0,20507904.0,464404596.48,38237.970375000004,28667623.679999996,493110458.130375,12177600000.0,25920000.0,995328000.0,13198848000.0,13712466362.130375,0.087075,accelergy,cacti,configs/cacti_sram_45nm.csv,6.5870750000000005,4.60835,4,45.0,1.14182,0.729013,270.818,0.82173726504,160.0,160.0,4.28283,0.0,13.712466362130375,58.728162309722826,0.41137399086391124
1080p,1920,1080,128,128,5,32,256,800.0,os,14347485.0,4081800.0,89164800,87804000.0,70502400.0,2786400.0,14515200.0,7528684800.0,7522248000.0,216000.0,6220800.0,20507904.0,464404596.48,18354225.78,66891121.919999994,549649944.1800001,1203559680000.0,34560000.0,995328000.0,1204589568000.0,1205159725848.18,0.087075,accelergy,cacti,configs/cacti_sram_45nm.csv,6.5870750000000005,4.60835,4,45.0,1.14182,0.729013,270.818,0.82173726504,160.0,160.0,14.347485,28.449585415144185,1205.15972584818,17291.011089210875,36.154791775445396
1080p,1920,1080,128,128,5,32,256,800.0,ws,4199865.0,0.0,89164800,76729005.0,70502400.0,5805.0,6220800.0,82804800.0,76368000.0,216000.0,6220800.0,20507904.0,464404596.48,38237.970375000004,28667623.679999996,493110458.130375,12218880000.0,34560000.0,995328000.0,13248768000.0,13762386362.130375,0.087075,accelergy,cacti,configs/cacti_sram_45nm.csv,6.5870750000000005,4.60835,4,45.0,1.14182,0.729013,270.818,0.82173726504,160.0,160.0,4.199865,0.0,13.762386362130375,57.800164798788686,0.41287159086391123
1080p,1920,1080,128,128,5,32,1024,50.0,os,11356050.0,0.0,89164800,87804000.0,70502400.0,2786400.0,14515200.0,84377550.0,78008250.0,148500.0,6220800.0,20507904.0,727826238.72,28765191.42,128448270.72,885039700.8600001,12481320000.0,23760000.0,995328000.0,13500408000.0,14405955604.86,0.087075,accelergy,cacti,configs/cacti_sram_45nm.csv,10.323425,8.849225,4,45.0,2.03065,0.431177,1188.88,3.192179885,160.0,160.0,11.35605,0.0,14.40595560486,163.5947521465704,0.4321786681458
1080p,1920,1080,128,128,5,32,1024,50.0,ws,5567265.0,0.0,89164800,76729005.0,70502400.0,5805.0,6220800.0,98229300.0,91860000.0,148500.0,6220800.0,20507904.0,727826238.72,59927.48212500001,55049258.88000001,782935425.082125,14697600000.0,23760000.0,995328000.0,15716688000.0,16520131329.082127,0.087075,accelergy,cacti,configs/cacti_sram_45nm.csv,10.323425,8.849225,4,45.0,2.03065,0.431177,1188.88,3.192179885,160.0,160.0,5.567265,0.0,16.520131329082126,91.9719489438024,0.4956039398724638
1080p,1920,1080,128,128,5,32,1024,200.0,os,10517565.0,0.0,89164800,87804000.0,70502400.0,2786400.0,14515200.0,84439800.0,78057000.0,162000.0,6220800.0,20507904.0,727826238.72,28765191.42,128448270.72000001,885039700.8600001,12489120000.0,25920000.0,995328000.0,13510368000.0,14415915604.86,0.087075,accelergy,cacti,configs/cacti_sram_45nm.csv,10.323425,8.849225,4,45.0,2.03065,0.431177,1188.88,3.192179885,160.0,160.0,10.517565,0.0,14.41591560486,151.62032940862937,0.43247746814580007
1080p,1920,1080,128,128,5,32,1024,200.0,ws,4521030.0,0.0,89164800,76729005.0,70502400.0,5805.0,6220800.0,98296800.0,91914000.0,162000.0,6220800.0,20507904.0,727826238.72,59927.48212500001,55049258.88000001,782935425.082125,14706240000.0,25920000.0,995328000.0,15727488000.0,16530931329.082127,0.087075,accelergy,cacti,configs/cacti_sram_45nm.csv,10.323425,8.849225,4,45.0,2.03065,0.431177,1188.88,3.192179885,160.0,160.0,4.52103,0.0,16.530931329082126,74.73683646672016,0.4959279398724638
1080p,1920,1080,128,128,5,32,1024,800.0,os,10308000.0,0.0,89164800,87804000.0,70502400.0,2786400.0,14515200.0,84688800.0,78252000.0,216000.0,6220800.0,20507904.0,727826238.72,28765191.42,128448270.72000001,885039700.8600001,12520320000.0,34560000.0,995328000.0,13550208000.0,14455755604.86,0.087075,accelergy,cacti,configs/cacti_sram_45nm.csv,10.323425,8.849225,4,45.0,2.03065,0.431177,1188.88,3.192179885,160.0,160.0,10.308,0.0,14.45575560486,149.00992877489688,0.4336726681458
1080p,1920,1080,128,128,5,32,1024,800.0,ws,4259535.0,0.0,89164800,76729005.0,70502400.0,5805.0,6220800.0,98572800.0,92136000.0,216000.0,6220800.0,20507904.0,727826238.72,59927.48212500001,55049258.88000001,782935425.082125,14741760000.0,34560000.0,995328000.0,15771648000.0,16575091329.082127,0.087075,accelergy,cacti,configs/cacti_sram_45nm.csv,10.323425,8.849225,4,45.0,2.03065,0.431177,1188.88,3.192179885,160.0,160.0,4.259535,0.0,16.575091329082127,70.60218164442183,0.4972527398724638
1080p,1920,1080,128,128,5,32,4096,50.0,os,11772570.0,0.0,89164800,87804000.0,70502400.0,2786400.0,14515200.0,76877550.0,70508250.0,148500.0,6220800.0,20507904.0,1486606556.16,58753751.760000005,249196590.71999997,1794556898.64,11281320000.0,23760000.0,995328000.0,12300408000.0,14115472802.64,0.087075,accelergy,cacti,configs/cacti_sram_45nm.csv,21.085900000000002,17.167975,4,45.0,3.18224,0.795423,4302.53,11.948249145600002,160.0,160.0,11.77257,0.0,14.11547280264,166.1753916521756,0.42346418407919995
1080p,1920,1080,128,128,5,32,4096,50.0,ws,6950865.0,0.0,89164800,76729005.0,70502400.0,5805.0,6220800.0,139083300.0,132714000.0,148500.0,6220800.0,20507904.0,1486606556.16,122403.6495,106798538.88,1593527498.6895,21234240000.0,23760000.0,995328000.0,22253328000.0,23867363402.6895,0.087075,accelergy,cacti,configs/cacti_sram_45nm.csv,21.085900000000002,17.167975,4,45.0,3.18224,0.795423,4302.53,11.948249145600002,160.0,160.0,6.950864999999999,0.0,23.8673634026895,165.89882091803534,0.7160209020806849
1080p,1920,1080,128,128,5,32,4096,200.0,os,10621605.0,0.0,89164800,87804000.0,70502400.0,2786400.0,14515200.0,76903800.0,70521000.0,162000.0,6220800.0,20507904.0,1486606556.16,58753751.760000005,249196590.71999997,1794556898.64,11283360000.0,25920000.0,995328000.0,12304608000.0,14119672802.64,0.087075,accelergy,cacti,configs/cacti_sram_45nm.csv,21.085900000000002,17.167975,4,45.0,3.18224,0.795423,4302.53,11.948249145600002,160.0,160.0,10.621604999999999,0.0,14.11967280264,149.97358723888502,0.42359018407919996
1080p,1920,1080,128,128,5,32,4096,200.0,ws,4866870.0,0.0,89164800,76729005.0,70502400.0,5805.0,6220800.0,139120800.0,132738000.0,162000.0,6220800.0,20507904.0,1486606556.16,122403.6495,106798538.88,1593527498.6895,21238080000.0,25920000.0,995328000.0,22259328000.0,23873363402.6895,0.087075,accelergy,cacti,configs/cacti_sram_45nm.csv,21.085900000000002,17.167975,4,45.0,3.18224,0.795423,4302.53,11.948249145600002,160.0,160.0,4.86687,0.0,23.8733634026895,116.18855614364743,0.716200902080685
1080p,1920,1080,128,128,5,32,4096,800.0,os,10333920.0,0.0,89164800,87804000.0,70502400.0,2786400.0,14515200.0,77008800.0,70572000.0,216000.0,6220800.0,20507904.0,1486606556.16,58753751.760000005,249196590.71999997,1794556898.64,11291520000.0,34560000.0,995328000.0,12321408000.0,14136472802.64,0.087075,accelergy,cacti,configs/cacti_sram_45nm.csv,21.085900000000002,17.167975,4,45.0,3.18224,0.795423,4302.53,11.948249145600002,160.0,160.0,10.333919999999999,0.0,14.13647280264,146.08517902465755,0.42409418407919997
1080p,1920,1080,128,128,5,32,4096,800.0,ws,4345935.0,0.0,89164800,76729005.0,70502400.0,5805.0,6220800.0,139276800.0,132840000.0,216000.0,6220800.0,20507904.0,1486606556.16,122403.6495,106798538.88,1593527498.6895,21254400000.0,34560000.0,995328000.0,22284288000.0,23898323402.6895,0.087075,accelergy,cacti,configs/cacti_sram_45nm.csv,21.085900000000002,17.167975,4,45.0,3.18224,0.795423,4302.53,11.948249145600002,160.0,160.0,4.345935000000001,0.0,23.8983234026895,103.86056011706741,0.716949702080685
1080p,1920,1080,128,128,5,64,256,50.0,os,152789745.0,143081280.0,89164800,86410800.0,70502400.0,1393200.0,14515200.0,7490646300.0,7484128500.0,297000.0,6220800.0,20507904.0,464404596.4800001,9177112.89,66891121.919999994,540472831.2900001,1197460560000.0,47520000.0,995328000.0,1198503408000.0,1199064388735.29,0.041472,accelergy,cacti,configs/cacti_sram_45nm.csv,6.5870750000000005,4.60835,4,45.0,1.14182,0.729013,270.818,0.82173726504,160.0,160.0,152.789745,93.64586608872212,1199.06438873529,183204.74219344585,35.9719316620587
1080p,1920,1080,128,128,5,64,256,50.0,ws,4640565.0,0.0,89164800,76729005.0,70502400.0,5805.0,6220800.0,82498800.0,75981000.0,297000.0,6220800.0,20507904.0,464404596.48,38237.970375000004,28667623.679999996,493110458.130375,12156960000.0,47520000.0,995328000.0,13199808000.0,13713426362.130375,0.041472,accelergy,cacti,configs/cacti_sram_45nm.csv,6.5870750000000005,4.60835,4,45.0,1.14182,0.729013,270.818,0.82173726504,160.0,160.0,4.6405650000000005,0.0,13.713426362130376,63.638046406179555,0.41140279086391124
1080p,1920,1080,128,128,5,64,256,200.0,os,41839650.0,32463000.0,89164800,86410800.0,70502400.0,1393200.0,14515200.0,7503352800.0,7496835000.0,297000.0,6220800.0,20507904.0,464404596.4800001,9177112.89,66891121.919999994,540472831.2900001,1199493600000.0,47520000.0,995328000.0,1200536448000.0,1201097428735.29,0.02176875,accelergy,cacti,configs/cacti_sram_45nm.csv,6.5870750000000005,4.60835,4,45.0,1.14182,0.729013,270.818,0.82173726504,160.0,160.0,41.83965,77.58908117061209,1201.0974287352901,50253.49603418448,36.032922862058705
1080p,1920,1080,128,128,5,64,256,200.0,ws,4308750.0,0.0,89164800,76729005.0,70502400.0,5805.0,6220800.0,82627800.0,76110000.0,297000.0,6220800.0,20507904.0,464404596.48,38237.970375000004,28667623.679999996,493110458.130375,12177600000.0,47520000.0,995328000.0,13220448000.0,13734066362.130375,0.02176875,accelergy,cacti,configs/cacti_sram_45nm.csv,6.5870750000000005,4.60835,4,45.0,1.14182,0.729013,270.818,0.82173726504,160.0,160.0,4.30875,0.0,13.734066362130376,59.17665843782925,0.4120219908639113
1080p,1920,1080,128,128,5,64,256,800.0,os,14086965.0,4793280.0,89164800,86410800.0,70502400.0,1393200.0,14515200.0,7528792800.0,7522248000.0,324000.0,6220800.0,20507904.0,464404596.48,9177112.89,66891121.919999994,540472831.2900001,1203559680000.0,51840000.0,995328000.0,1204606848000.0,1205167828735.29,0.02176875,accelergy,cacti,configs/cacti_sram_45nm.csv,6.5870750000000005,4.60835,4,45.0,1.14182,0.729013,270.818,0.82173726504,160.0,160.0,14.086965,34.026349891548676,1205.16782873529,16977.157022520023,36.155034862058706
1080p,1920,1080,128,128,5,64,256,800.0,ws,4225785.0,0.0,89164800,76729005.0,70502400.0,5805.0,6220800.0,82912800.0,76368000.0,324000.0,6220800.0,20507904.0,464404596.48,38237.970375000004,28667623.679999996,493110458.130375,12218880000.0,51840000.0,995328000.0,13266048000.0,13779666362.130375,0.02176875,accelergy,cacti,configs/cacti_sram_45nm.csv,6.5870750000000005,4.60835,4,45.0,1.14182,0.729013,270.818,0.82173726504,160.0,160.0,4.225785,0.0,13.779666362130374,58.2299074180951,0.41338999086391126
1080p,1920,1080,128,128,5,64,1024,50.0,os,10384050.0,0.0,89164800,86410800.0,70502400.0,1393200.0,14515200.0,84526050.0,78008250.0,297000.0,6220800.0,20507904.0,727826238.72,14382595.71,128448270.72,870657105.15,12481320000.0,47520000.0,995328000.0,13524168000.0,14415333009.15,0.041472,accelergy,cacti,configs/cacti_sram_45nm.csv,10.323425,8.849225,4,45.0,2.03065,0.431177,1188.88,3.192179885,160.0,160.0,10.38405,0.0,14.41533300915,149.68953873366405,0.4324599902745
1080p,1920,1080,128,128,5,64,1024,50.0,ws,5597175.0,0.0,89164800,76729005.0,70502400.0,5805.0,6220800.0,98577300.0,92059500.0,297000.0,6220800.0,20507904.0,727826238.72,59927.48212500001,55049258.88000001,782935425.082125,14729520000.0,47520000.0,995328000.0,15772368000.0,16575811329.082127,0.041472,accelergy,cacti,configs/cacti_sram_45nm.csv,10.323425,8.849225,4,45.0,2.03065,0.431177,1188.88,3.192179885,160.0,160.0,5.597175,0.0,16.575811329082125,92.77771677585524,0.49727433987246383
1080p,1920,1080,128,128,5,64,1024,200.0,os,9545565.0,0.0,89164800,86410800.0,70502400.0,1393200.0,14515200.0,84574800.0,78057000.0,297000.0,6220800.0,20507904.0,727826238.72,14382595.71,128448270.72,870657105.15,12489120000.0,47520000.0,995328000.0,13531968000.0,14423133009.15,0.02176875,accelergy,cacti,configs/cacti_sram_45nm.csv,10.323425,8.849225,4,45.0,2.03065,0.431177,1188.88,3.192179885,160.0,160.0,9.545565,0.0,14.42313300915,137.67695364248692,0.4326939902745
1080p,1920,1080,128,128,5,64,1024,200.0,ws,4547970.0,0.0,89164800,76729005.0,70502400.0,5805.0,6220800.0,98635800.0,92118000.0,297000.0,6220800.0,20507904.0,727826238.72,59927.48212500001,55049258.88000001,782935425.082125,14738880000.0,47520000.0,995328000.0,15781728000.0,16585171329.082127,0.02176875,accelergy,cacti,configs/cacti_sram_45nm.csv,10.323425,8.849225,4,45.0,2.03065,0.431177,1188.88,3.192179885,160.0,160.0,4.54797,0.0,16.585171329082126,75.42886164952564,0.4975551398724638
1080p,1920,1080,128,128,5,64,1024,800.0,os,9336000.0,0.0,89164800,86410800.0,70502400.0,1393200.0,14515200.0,84796800.0,78252000.0,324000.0,6220800.0,20507904.0,727826238.72,14382595.71,128448270.72,870657105.15,12520320000.0,51840000.0,995328000.0,13567488000.0,14458653009.15,0.02176875,accelergy,cacti,configs/cacti_sram_45nm.csv,10.323425,8.849225,4,45.0,2.03065,0.431177,1188.88,3.192179885,160.0,160.0,9.336,0.0,14.45865300915,134.9859844934244,0.4337595902745
1080p,1920,1080,128,128,5,64,1024,800.0,ws,4285725.0,0.0,89164800,76729005.0,70502400.0,5805.0,6220800.0,98896800.0,92352000.0,324000.0,6220800.0,20507904.0,727826238.72,59927.48212500001,55049258.88000001,782935425.082125,14776320000.0,51840000.0,995328000.0,15823488000.0,16626931329.082127,0.02176875,accelergy,cacti,configs/cacti_sram_45nm.csv,10.323425,8.849225,4,45.0,2.03065,0.431177,1188.88,3.192179885,160.0,160.0,4.285724999999999,0.0,16.626931329082126,71.25845527033049,0.4988079398724638
1080p,1920,1080,128,128,5,64,4096,50.0,os,10800570.0,0.0,89164800,86410800.0,70502400.0,1393200.0,14515200.0,77026050.0,70508250.0,297000.0,6220800.0,20507904.0,1486606556.16,29376875.880000003,249196590.71999997,1765180022.7600002,11281320000.0,47520000.0,995328000.0,12324168000.0,14109855926.760002,0.041472,accelergy,cacti,configs/cacti_sram_45nm.csv,21.085900000000002,17.167975,4,45.0,3.18224,0.795423,4302.53,11.948249145600002,160.0,160.0,10.80057,0.0,14.109855926760002,152.39448662688628,0.42329567780280003
1080p,1920,1080,128,128,5,64,4096,50.0,ws,9127305.0,0.0,89164800,76729005.0,70502400.0,5805.0,6220800.0,246757800.0,240240000.0,297000.0,6220800.0,20507904.0,1486606556.16,122403.6495,106798538.87999998,1593527498.6895,38438400000.0,47520000.0,995328000.0,39481248000.0,41095283402.68951,0.041472,accelergy,cacti,configs/cacti_sram_45nm.csv,21.085900000000002,17.167975,4,45.0,3.18224,0.795423,4302.53,11.948249145600002,160.0,160.0,9.127305,0.0,41.0952834026895,375.0891856777849,1.2328585020806853
1080p,1920,1080,128,128,5,64,4096,200.0,os,9649605.0,0.0,89164800,86410800.0,70502400.0,1393200.0,14515200.0,77038800.0,70521000.0,297000.0,6220800.0,20507904.0,1486606556.16,29376875.880000003,249196590.71999997,1765180022.76,11283360000.0,47520000.0,995328000.0,12326208000.0,14111895926.76,0.02176875,accelergy,cacti,configs/cacti_sram_45nm.csv,21.085900000000002,17.167975,4,45.0,3.18224,0.795423,4302.53,11.948249145600002,160.0,160.0,9.649605000000001,0.0,14.11189592676,136.17422149434296,0.4233568778028
1080p,1920,1080,128,128,5,64,4096,200.0,ws,5430480.0,0.0,89164800,76729005.0,70502400.0,5805.0,6220800.0,246793800.0,240276000.0,297000.0,6220800.0,20507904.0,1486606556.16,122403.6495,106798538.87999998,1593527498.6895,38444160000.0,47520000.0,995328000.0,39487008000.0,41101043402.68951,0.02176875,accelergy,cacti,configs/cacti_sram_45nm.csv,21.085900000000002,17.167975,4,45.0,3.18224,0.795423,4302.53,11.948249145600002,160.0,160.0,5.430479999999999,0.0,41.101043402689506,223.19839417743728,1.2330313020806853
1080p,1920,1080,128,128,5,64,4096,800.0,os,9361920.0,0.0,89164800,86410800.0,70502400.0,1393200.0,14515200.0,77116800.0,70572000.0,324000.0,6220800.0,20507904.0,1486606556.16,29376875.880000003,249196590.71999997,1765180022.7600002,11291520000.0,51840000.0,995328000.0,12338688000.0,14124375926.760002,0.02176875,accelergy,cacti,configs/cacti_sram_45nm.csv,21.085900000000002,17.167975,4,45.0,3.18224,0.795423,4302.53,11.948249145600002,160.0,160.0,9.36192,0.0,14.124375926760003,132.23127747625298,0.42373127780280007
1080p,1920,1080,128,128,5,64,4096,800.0,ws,4506225.0,0.0,89164800,76729005.0,70502400.0,5805.0,6220800.0,246880800.0,240336000.0,324000.0,6220800.0,20507904.0,1486606556.16,122403.6495,106798538.88,1593527498.6895,38453760000.0,51840000.0,995328000.0,39500928000.0,41114963402.6895,0.02176875,accelergy,cacti,configs/cacti_sram_45nm.csv,21.085900000000002,17.167975,4,45.0,3.18224,0.795423,4302.53,11.948249145600002,160.0,160.0,4.506225,0.0,41.1149634026895,185.27327595928446,1.2334489020806851
1080p,1920,1080,128,128,5,128,256,50.0,os,74284620.0,65062155.0,89164800,85714200.0,70502400.0,696600.0,14515200.0,3574387800.0,3567573000.0,594000.0,6220800.0,20507904.0,464404596.4800001,4588556.445,66891121.919999994,535884274.845,570811680000.0,95040000.0,995328000.0,571902048000.0,572458440178.845,0.041472,accelergy,cacti,configs/cacti_sram_45nm.csv,6.5870750000000005,4.60835,4,45.0,1.14182,0.729013,270.818,0.82173726504,160.0,160.0,74.28461999999999,87.58496038614723,572.458440178845,42524.857694478225,17.17375320536535
1080p,1920,1080,128,128,5,128,256,50.0,ws,4692405.0,0.0,89164800,76729005.0,70502400.0,5805.0,6220800.0,82795800.0,75981000.0,594000.0,6220800.0,20507904.0,464404596.48,38237.970375000004,28667623.679999996,493110458.130375,12156960000.0,95040000.0,995328000.0,13247328000.0,13760946362.130375,0.041472,accelergy,cacti,configs/cacti_sram_45nm.csv,6.5870750000000005,4.60835,4,45.0,1.14182,0.729013,270.818,0.82173726504,160.0,160.0,4.692405,0.0,13.760946362130374,64.57193351439238,0.41282839086391127
1080p,1920,1080,128,128,5,128,256,200.0,os,21967890.0,13077240.0,89164800,85714200.0,70502400.0,696600.0,14515200.0,3580444800.0,3573630000.0,594000.0,6220800.0,20507904.0,464404596.4800001,4588556.445,66891121.919999994,535884274.845,571780800000.0,95040000.0,995328000.0,572871168000.0,573427560178.845,0.010368,accelergy,cacti,configs/cacti_sram_45nm.csv,6.5870750000000005,4.60835,4,45.0,1.14182,0.729013,270.818,0.82173726504,160.0,160.0,21.96789,59.52888511368183,573.4275601788449,12596.993564977247,17.20282680536535
1080p,1920,1080,128,128,5,128,256,200.0,ws,4360590.0,0.0,89164800,76729005.0,70502400.0,5805.0,6220800.0,82924800.0,76110000.0,594000.0,6220800.0,20507904.0,464404596.4800001,38237.970375000004,28667623.68,493110458.1303751,12177600000.0,95040000.0,995328000.0,13267968000.0,13781586362.130375,0.010368,accelergy,cacti,configs/cacti_sram_45nm.csv,6.5870750000000005,4.60835,4,45.0,1.14182,0.729013,270.818,0.82173726504,160.0,160.0,4.36059,0.0,13.781586362130374,60.09584767484209,0.41344759086391125
1080p,1920,1080,128,128,5,128,256,800.0,os,8971965.0,164280.0,89164800,85714200.0,70502400.0,696600.0,14515200.0,3592612800.0,3585744000.0,648000.0,6220800.0,20507904.0,464404596.4800001,4588556.445,66891121.919999994,535884274.845,573719040000.0,103680000.0,995328000.0,574818048000.0,575374440178.845,0.0054421875,accelergy,cacti,configs/cacti_sram_45nm.csv,6.5870750000000005,4.60835,4,45.0,1.14182,0.729013,270.818,0.82173726504,160.0,160.0,8.971965,1.8310370136307934,575.374440178845,5162.239339179192,17.26123320536535
1080p,1920,1080,128,128,5,128,256,800.0,ws,4277625.0,0.0,89164800,76729005.0,70502400.0,5805.0,6220800.0,83236800.0,76368000.0,648000.0,6220800.0,20507904.0,464404596.4800001,38237.970375000004,28667623.68,493110458.1303751,12218880000.0,103680000.0,995328000.0,13317888000.0,13831506362.130375,0.0054421875,accelergy,cacti,configs/cacti_sram_45nm.csv,6.5870750000000005,4.60835,4,45.0,1.14182,0.729013,270.818,0.82173726504,160.0,160.0,4.2776250000000005,0.0,13.831506362130375,59.16599740230795,0.41494519086391124
1080p,1920,1080,128,128,5,128,1024,50.0,os,9898050.0,0.0,89164800,85714200.0,70502400.0,696600.0,14515200.0,84823050.0,78008250.0,594000.0,6220800.0,20507904.0,727826238.72,7191297.855,128448270.72,863465807.2950001,12481320000.0,95040000.0,995328000.0,13571688000.0,14455661711.295,0.041472,accelergy,cacti,configs/cacti_sram_45nm.csv,10.323425,8.849225,4,45.0,2.03065,0.431177,1188.88,3.192179885,160.0,160.0,9.89805,0.0,14.455661711295,143.08286240148348,0.43366985133885
1080p,1920,1080,128,128,5,128,1024,50.0,ws,5649015.0,0.0,89164800,76729005.0,70502400.0,5805.0,6220800.0,98874300.0,92059500.0,594000.0,6220800.0,20507904.0,727826238.72,59927.482125,55049258.88000001,782935425.082125,14729520000.0,95040000.0,995328000.0,15819888000.0,16623331329.082125,0.041472,accelergy,cacti,configs/cacti_sram_45nm.csv,10.323425,8.849225,4,45.0,2.03065,0.431177,1188.88,3.192179885,160.0,160.0,5.649015,0.0,16.623331329082124,93.90544802795486,0.49869993987246375
1080p,1920,1080,128,128,5,128,1024,200.0,os,9059565.0,0.0,89164800,85714200.0,70502400.0,696600.0,14515200.0,84871800.0,78057000.0,594000.0,6220800.0,20507904.0,727826238.72,7191297.855,128448270.72,863465807.2950001,12489120000.0,95040000.0,995328000.0,13579488000.0,14463461711.295,0.010368,accelergy,cacti,configs/cacti_sram_45nm.csv,10.323425,8.849225,4,45.0,2.03065,0.431177,1188.88,3.192179885,160.0,160.0,9.059565000000001,0.0,14.463461711295,131.0326714984883,0.43390385133884996
1080p,1920,1080,128,128,5,128,1024,200.0,ws,4599810.0,0.0,89164800,76729005.0,70502400.0,5805.0,6220800.0,98932800.0,92118000.0,594000.0,6220800.0,20507904.0,727826238.72,59927.482125,55049258.88000001,782935425.082125,14738880000.0,95040000.0,995328000.0,15829248000.0,16632691329.082125,0.010368,accelergy,cacti,configs/cacti_sram_45nm.csv,10.323425,8.849225,4,45.0,2.03065,0.431177,1188.88,3.192179885,160.0,160.0,4.599810000000001,0.0,16.632691329082125,76.50721990242526,0.4989807398724637
1080p,1920,1080,128,128,5,128,1024,800.0,os,8850000.0,0.0,89164800,85714200.0,70502400.0,696600.0,14515200.0,85120800.0,78252000.0,648000.0,6220800.0,20507904.0,727826238.72,7191297.855,128448270.72,863465807.2950001,12520320000.0,103680000.0,995328000.0,13619328000.0,14503301711.295,0.0054421875,accelergy,cacti,configs/cacti_sram_45nm.csv,10.323425,8.849225,4,45.0,2.03065,0.431177,1188.88,3.192179885,160.0,160.0,8.85,0.0,14.503301711295,128.35422014496075,0.43509905133884996
1080p,1920,1080,128,128,5,128,1024,800.0,ws,4337565.0,0.0,89164800,76729005.0,70502400.0,5805.0,6220800.0,99220800.0,92352000.0,648000.0,6220800.0,20507904.0,727826238.72,59927.482125,55049258.88000001,782935425.082125,14776320000.0,103680000.0,995328000.0,15875328000.0,16678771329.082125,0.0054421875,accelergy,cacti,configs/cacti_sram_45nm.csv,10.323425,8.849225,4,45.0,2.03065,0.431177,1188.88,3.192179885,160.0,160.0,4.337565,0.0,16.678771329082124,72.3452547600301,0.5003631398724637
1080p,1920,1080,128,128,5,128,4096,50.0,os,10314570.0,0.0,89164800,85714200.0,70502400.0,696600.0,14515200.0,77323050.0,70508250.0,594000.0,6220800.0,20507904.0,1486606556.16,14688437.940000001,249196590.71999997,1750491584.8200002,11281320000.0,95040000.0,995328000.0,12371688000.0,14142687488.82,0.041472,accelergy,cacti,configs/cacti_sram_45nm.csv,21.085900000000002,17.167975,4,45.0,3.18224,0.795423,4302.53,11.948249145600002,160.0,160.0,10.31457,0.0,14.14268748882,145.8757400915581,0.4242806246646
1080p,1920,1080,128,128,5,128,4096,50.0,ws,9454395.0,0.0,89164800,76729005.0,70502400.0,5805.0,6220800.0,260817300.0,254002500.0,594000.0,6220800.0,20507904.0,1486606556.16,122403.6495,106798538.88,1593527498.6895,40640400000.0,95040000.0,995328000.0,41730768000.0,43344803402.6895,0.041472,accelergy,cacti,configs/cacti_sram_45nm.csv,21.085900000000002,17.167975,4,45.0,3.18224,0.795423,4302.53,11.948249145600002,160.0,160.0,9.454395000000002,0.0,43.3448034026895,409.7988925663707,1.300344102080685
1080p,1920,1080,128,128,5,128,4096,200.0,os,9163605.0,0.0,89164800,85714200.0,70502400.0,696600.0,14515200.0,77335800.0,70521000.0,594000.0,6220800.0,20507904.0,1486606556.16,14688437.940000001,249196590.71999997,1750491584.8200002,11283360000.0,95040000.0,995328000.0,12373728000.0,14144727488.82,0.010368,accelergy,cacti,configs/cacti_sram_45nm.csv,21.085900000000002,17.167975,4,45.0,3.18224,0.795423,4302.53,11.948249145600002,160.0,160.0,9.163605,0.0,14.14472748882,129.6166955401884,0.42434182466459996
1080p,1920,1080,128,128,5,128,4096,200.0,ws,5551140.0,0.0,89164800,76729005.0,70502400.0,5805.0,6220800.0,260854800.0,254040000.0,594000.0,6220800.0,20507904.0,1486606556.16,122403.6495,106798538.87999998,1593527498.6895,40646400000.0,95040000.0,995328000.0,41736768000.0,43350803402.68951,0.010368,accelergy,cacti,configs/cacti_sram_45nm.csv,21.085900000000002,17.167975,4,45.0,3.18224,0.795423,4302.53,11.948249145600002,160.0,160.0,5.55114,0.0,43.35080340268951,240.64637880080585,1.3005241020806853
1080p,1920,1080,128,128,5,128,4096,800.0,os,8875920.0,0.0,89164800,85714200.0,70502400.0,696600.0,14515200.0,77440800.0,70572000.0,648000.0,6220800.0,20507904.0,1486606556.16,14688437.940000001,249196590.71999997,1750491584.8200002,11291520000.0,103680000.0,995328000.0,12390528000.0,14161527488.82,0.0054421875,accelergy,cacti,configs/cacti_sram_45nm.csv,21.085900000000002,17.167975,4,45.0,3.18224,0.795423,4302.53,11.948249145600002,160.0,160.0,8.87592,0.0,14.16152748882,125.69658506856722,0.42484582466459997
1080p,1920,1080,128,128,5,128,4096,800.0,ws,4575255.0,0.0,89164800,76729005.0,70502400.0,5805.0,6220800.0,260956800.0,254088000.0,648000.0,6220800.0,20507904.0,1486606556.16,122403.6495,106798538.88,1593527498.6895,40654080000.0,103680000.0,995328000.0,41753088000.0,43367123402.6895,0.0054421875,accelergy,cacti,configs/cacti_sram_45nm.csv,21.085900000000002,17.167975,4,45.0,3.18224,0.795423,4302.53,11.948249145600002,160.0,160.0,4.575255,0.0,43.3671234026895,198.41564818377216,1.3010137020806851
1080p,1920,1080,128,128,7,8,256,50.0,os,23270475.0,537210.0,138931200,152150400.0,120268800.0,17366400.0,14515200.0,320814300.0,314526000.0,67500.0,6220800.0,31954176.0,792219605.76,114393779.28000002,66891121.919999994,973504506.96,50324160000.0,10800000.0,995328000.0,51330288000.0,52335746682.96,2.1708000000000003,accelergy,cacti,configs/cacti_sram_45nm.csv,6.5870750000000005,4.60835,4,45.0,1.14182,0.729013,270.818,0.82173726504,160.0,160.0,23.270474999999998,2.308547633857925,52.33574668296,1217.8776847921536,1.5700724004888
1080p,1920,1080,128,128,7,8,256,50.0,ws,19180440.0,0.0,138931200,143087445.0,120268800.0,9045.0,22809600.0,150101100.0,127224000.0,67500.0,22809600.0,31954176.0,792219605.76,59580.093375000004,105114620.16,897393806.0133752,20355840000.0,10800000.0,3649536000.0,24016176000.0,24945523982.013374,2.1708000000000003,accelergy,cacti,configs/cacti_sram_45nm.csv,6.5870750000000005,4.60835,4,45.0,1.14182,0.729013,270.818,0.82173726504,160.0,160.0,19.18044,0.0,24.945523982013373,478.4661260055686,0.7483657194604012
1080p,1920,1080,128,128,7,8,256,200.0,os,22401450.0,0.0,138931200,152150400.0,120268800.0,17366400.0,14515200.0,321361800.0,315060000.0,81000.0,6220800.0,31954176.0,792219605.76,114393779.28000002,66891121.919999994,973504506.96,50409600000.0,12960000.0,995328000.0,51417888000.0,52423346682.96,2.1708000000000003,accelergy,cacti,configs/cacti_sram_45nm.csv,6.5870750000000005,4.60835,4,45.0,1.14182,0.729013,270.818,0.82173726504,160.0,160.0,22.40145,0.0,52.42334668296,1174.3589795509943,1.5727004004888
1080p,1920,1080,128,128,7,8,256,200.0,ws,18811845.0,0.0,138931200,143087445.0,120268800.0,9045.0,22809600.0,150330600.0,127440000.0,81000.0,22809600.0,31954176.0,792219605.7600001,59580.093375000004,105114620.16,897393806.0133752,20390400000.0,12960000.0,3649536000.0,24052896000.0,24982243982.013374,2.1708000000000003,accelergy,cacti,configs/cacti_sram_45nm.csv,6.5870750000000005,4.60835,4,45.0,1.14182,0.729013,270.818,0.82173726504,160.0,160.0,18.811845,0.0,24.982243982013376,469.96210154181847,0.7494673194604012
1080p,1920,1080,128,128,7,8,256,800.0,os,22318485.0,0.0,138931200,152150400.0,120268800.0,17366400.0,14515200.0,322564800.0,316128000.0,216000.0,6220800.0,31954176.0,792219605.7600001,114393779.28000002,66891121.919999994,973504506.96,50580480000.0,34560000.0,995328000.0,51610368000.0,52615826682.96,2.1708000000000003,accelergy,cacti,configs/cacti_sram_45nm.csv,6.5870750000000005,4.60835,4,45.0,1.14182,0.729013,270.818,0.82173726504,160.0,160.0,22.318485,0.0,52.61582668296,1174.3055385862424,1.5784748004888
1080p,1920,1080,128,128,7,8,256,800.0,ws,18719535.0,0.0,138931200,143087445.0,120268800.0,9045.0,22809600.0,150897600.0,127872000.0,216000.0,22809600.0,31954176.0,792219605.7600001,59580.093375000004,105114620.16,897393806.0133752,20459520000.0,34560000.0,3649536000.0,24143616000.0,25072963982.013374,2.1708000000000003,accelergy,cacti,configs/cacti_sram_45nm.csv,6.5870750000000005,4.60835,4,45.0,1.14182,0.729013,270.818,0.82173726504,160.0,160.0,18.719535,0.0,25.072963982013373,469.3542268150387,0.7521889194604012
1080p,1920,1080,128,128,7,8,1024,50.0,os,23425905.0,0.0,138931200,152150400.0,120268800.0,17366400.0,14515200.0,145342050.0,139053750.0,67500.0,6220800.0,31954176.0,1241585936.64,179280727.92000002,128448270.72,1549314935.2800002,22248600000.0,10800000.0,995328000.0,23254728000.0,24835997111.280003,2.1708000000000003,accelergy,cacti,configs/cacti_sram_45nm.csv,10.323425,8.849225,4,45.0,2.03065,0.431177,1188.88,3.192179885,160.0,160.0,23.425905,0.0,24.83599711128,581.8057089091197,0.7450799133384001
1080p,1920,1080,128,128,7,8,1024,50.0,ws,20383125.0,0.0,138931200,143087445.0,120268800.0,9045.0,22809600.0,173309100.0,150432000.0,67500.0,22809600.0,31954176.0,1241585936.64,93375.379125,201847282.56,1443526594.579125,24069120000.0,10800000.0,3649536000.0,27729456000.0,29204936770.579124,2.1708000000000003,accelergy,cacti,configs/cacti_sram_45nm.csv,10.323425,8.849225,4,45.0,2.03065,0.431177,1188.88,3.192179885,160.0,160.0,20.383125,0.0,29.204936770579124,595.2878768118106,0.8761481031173738
1080p,1920,1080,128,128,7,8,1024,200.0,os,22574640.0,0.0,138931200,152150400.0,120268800.0,17366400.0,14515200.0,145444800.0,139143000.0,81000.0,6220800.0,31954176.0,1241585936.64,179280727.92000002,128448270.72,1549314935.2800002,22262880000.0,12960000.0,995328000.0,23271168000.0,24852437111.280003,2.1708000000000003,accelergy,cacti,configs/cacti_sram_45nm.csv,10.323425,8.849225,4,45.0,2.03065,0.431177,1188.88,3.192179885,160.0,160.0,22.57464,0.0,24.852437111280004,561.034820909786,0.7455731133384
1080p,1920,1080,128,128,7,8,1024,200.0,ws,19112520.0,0.0,138931200,143087445.0,120268800.0,9045.0,22809600.0,173418600.0,150528000.0,81000.0,22809600.0,31954176.0,1241585936.64,93375.379125,201847282.56,1443526594.579125,24084480000.0,12960000.0,3649536000.0,27746976000.0,29222456770.579124,2.1708000000000003,accelergy,cacti,configs/cacti_sram_45nm.csv,10.323425,8.849225,4,45.0,2.03065,0.431177,1188.88,3.192179885,160.0,160.0,19.11252,0.0,29.222456770579125,558.5147894768289,0.8766737031173738
1080p,1920,1080,128,128,7,8,1024,800.0,os,22361880.0,0.0,138931200,152150400.0,120268800.0,17366400.0,14515200.0,145936800.0,139500000.0,216000.0,6220800.0,31954176.0,1241585936.64,179280727.92000002,128448270.72000001,1549314935.2800002,22320000000.0,34560000.0,995328000.0,23349888000.0,24931157111.28,2.1708000000000003,accelergy,cacti,configs/cacti_sram_45nm.csv,10.323425,8.849225,4,45.0,2.03065,0.431177,1188.88,3.192179885,160.0,160.0,22.36188,0.0,24.931157111279997,557.50754358359,0.7479347133383999
1080p,1920,1080,128,128,7,8,1024,800.0,ws,18794835.0,0.0,138931200,143087445.0,120268800.0,9045.0,22809600.0,173937600.0,150912000.0,216000.0,22809600.0,31954176.0,1241585936.64,93375.379125,201847282.56,1443526594.579125,24145920000.0,34560000.0,3649536000.0,27830016000.0,29305496770.579124,2.1708000000000003,accelergy,cacti,configs/cacti_sram_45nm.csv,10.323425,8.849225,4,45.0,2.03065,0.431177,1188.88,3.192179885,160.0,160.0,18.794835,0.0,29.305496770579126,550.7919763960675,0.8791649031173738
1080p,1920,1080,128,128,7,8,4096,50.0,os,24820785.0,0.0,138931200,152150400.0,120268800.0,17366400.0,14515200.0,126567300.0,120279000.0,67500.0,6220800.0,31954176.0,2535975889.9200006,366186173.76000005,249196590.71999997,3151358654.4,19244640000.0,10800000.0,995328000.0,20250768000.0,23434080830.4,2.1708000000000003,accelergy,cacti,configs/cacti_sram_45nm.csv,21.085900000000002,17.167975,4,45.0,3.18224,0.795423,4302.53,11.948249145600002,160.0,160.0,24.820785,0.0,23.434080830400003,581.6522819639799,0.703022424912
1080p,1920,1080,128,128,7,8,4096,50.0,ws,22130985.0,0.0,138931200,143087445.0,120268800.0,9045.0,22809600.0,172183350.0,149306250.0,67500.0,22809600.0,31954176.0,2535975889.9200006,190721.96550000002,391594642.55999994,2927761254.4455004,23889000000.0,10800000.0,3649536000.0,27549336000.0,30509051430.4455,2.1708000000000003,accelergy,cacti,configs/cacti_sram_45nm.csv,21.085900000000002,17.167975,4,45.0,3.18224,0.795423,4302.53,11.948249145600002,160.0,160.0,22.130985,0.0,30.5090514304455,675.1953595714178,0.915271542913365
1080p,1920,1080,128,128,7,8,4096,200.0,os,22923360.0,0.0,138931200,152150400.0,120268800.0,17366400.0,14515200.0,126613800.0,120312000.0,81000.0,6220800.0,31954176.0,2535975889.9200006,366186173.76000005,249196590.71999997,3151358654.4,19249920000.0,12960000.0,995328000.0,20258208000.0,23441520830.4,2.1708000000000003,accelergy,cacti,configs/cacti_sram_45nm.csv,21.085900000000002,17.167975,4,45.0,3.18224,0.795423,4302.53,11.948249145600002,160.0,160.0,22.92336,0.0,23.441520830400002,537.3584209427581,0.703245624912
1080p,1920,1080,128,128,7,8,4096,200.0,ws,19549365.0,0.0,138931200,143087445.0,120268800.0,9045.0,22809600.0,172212600.0,149322000.0,81000.0,22809600.0,31954176.0,2535975889.9200006,190721.96550000002,391594642.55999994,2927761254.4455004,23891520000.0,12960000.0,3649536000.0,27554016000.0,30513731430.4455,2.1708000000000003,accelergy,cacti,configs/cacti_sram_45nm.csv,21.085900000000002,17.167975,4,45.0,3.18224,0.795423,4302.53,11.948249145600002,160.0,160.0,19.549364999999998,0.0,30.5137314304455,596.5240732457511,0.915411942913365
1080p,1920,1080,128,128,7,8,4096,800.0,os,22449000.0,0.0,138931200,152150400.0,120268800.0,17366400.0,14515200.0,126832800.0,120396000.0,216000.0,6220800.0,31954176.0,2535975889.9200006,366186173.76000005,249196590.71999997,3151358654.4,19263360000.0,34560000.0,995328000.0,20293248000.0,23476560830.399998,2.1708000000000003,accelergy,cacti,configs/cacti_sram_45nm.csv,21.085900000000002,17.167975,4,45.0,3.18224,0.795423,4302.53,11.948249145600002,160.0,160.0,22.449,0.0,23.476560830399997,527.0253140816495,0.7042968249119999
1080p,1920,1080,128,128,7,8,4096,800.0,ws,18903885.0,0.0,138931200,143087445.0,120268800.0,9045.0,22809600.0,172377600.0,149352000.0,216000.0,22809600.0,31954176.0,2535975889.9200006,190721.96550000002,391594642.55999994,2927761254.4455004,23896320000.0,34560000.0,3649536000.0,27580416000.0,30540131430.445496,2.1708000000000003,accelergy,cacti,configs/cacti_sram_45nm.csv,21.085900000000002,17.167975,4,45.0,3.18224,0.795423,4302.53,11.948249145600002,160.0,160.0,18.903885,0.0,30.540131430445495,577.3271324460271,0.9162039429133648
1080p,1920,1080,128,128,7,16,256,50.0,os,22277610.0,6542745.0,138931200,143467200.0,120268800.0,8683200.0,14515200.0,794431050.0,788082000.0,128250.0,6220800.0,31954176.0,792219605.76,57196889.64000001,66891121.919999994,916307617.3200002,126093120000.0,20520000.0,995328000.0,127108968000.0,128057229793.31999,0.5427000000000001,accelergy,cacti,configs/cacti_sram_45nm.csv,6.5870750000000005,4.60835,4,45.0,1.14182,0.729013,270.818,0.82173726504,160.0,160.0,22.27761,29.369151358696016,128.05722979332,2852.8090230159637,3.8417168937995996
1080p,1920,1080,128,128,7,16,256,50.0,ws,10824285.0,0.0,138931200,132719445.0,120268800.0,9045.0,12441600.0,139793850.0,127224000.0,128250.0,12441600.0,31954176.0,792219605.76,59580.093375000004,57335247.35999999,849614433.2133751,20355840000.0,20520000.0,1990656000.0,22367016000.0,23248584609.213375,0.5427000000000001,accelergy,cacti,configs/cacti_sram_45nm.csv,6.5870750000000005,4.60835,4,45.0,1.14182,0.729013,270.818,0.82173726504,160.0,160.0,10.824285,0.0,23.248584609213374,251.6493056567392,0.6974575382764012
1080p,1920,1080,128,128,7,16,256,200.0,os,15403050.0,0.0,138931200,143467200.0,120268800.0,8683200.0,14515200.0,795775800.0,789420000.0,135000.0,6220800.0,31954176.0,792219605.7600001,57196889.64000001,66891121.919999994,916307617.3200002,126307200000.0,21600000.0,995328000.0,127324128000.0,128272389793.31999,0.5427000000000001,accelergy,cacti,configs/cacti_sram_45nm.csv,6.5870750000000005,4.60835,4,45.0,1.14182,0.729013,270.818,0.82173726504,160.0,160.0,15.40305,0.0,128.27238979332,1975.7860336059978,3.8481716937996
1080p,1920,1080,128,128,7,16,256,200.0,ws,10505160.0,0.0,138931200,132719445.0,120268800.0,9045.0,12441600.0,140016600.0,127440000.0,135000.0,12441600.0,31954176.0,792219605.76,59580.093375000004,57335247.35999999,849614433.2133751,20390400000.0,21600000.0,1990656000.0,22402656000.0,23284224609.213375,0.5427000000000001,accelergy,cacti,configs/cacti_sram_45nm.csv,6.5870750000000005,4.60835,4,45.0,1.14182,0.729013,270.818,0.82173726504,160.0,160.0,10.50516,0.0,23.284224609213375,244.60450499572397,0.6985267382764012
1080p,1920,1080,128,128,7,16,256,800.0,os,15320085.0,0.0,138931200,143467200.0,120268800.0,8683200.0,14515200.0,798532800.0,792096000.0,216000.0,6220800.0,31954176.0,792219605.76,57196889.64000001,66891121.919999994,916307617.3200002,126735360000.0,34560000.0,995328000.0,127765248000.0,128713509793.31999,0.5427000000000001,accelergy,cacti,configs/cacti_sram_45nm.csv,6.5870750000000005,4.60835,4,45.0,1.14182,0.729013,270.818,0.82173726504,160.0,160.0,15.320085,0.0,128.71350979332,1971.9019106819947,3.8614052937995997
1080p,1920,1080,128,128,7,16,256,800.0,ws,10425300.0,0.0,138931200,132719445.0,120268800.0,9045.0,12441600.0,140529600.0,127872000.0,216000.0,12441600.0,31954176.0,792219605.76,59580.093375000004,57335247.35999999,849614433.2133751,20459520000.0,34560000.0,1990656000.0,22484736000.0,23366304609.213375,0.5427000000000001,accelergy,cacti,configs/cacti_sram_45nm.csv,6.5870750000000005,4.60835,4,45.0,1.14182,0.729013,270.818,0.82173726504,160.0,160.0,10.4253,0.0,23.366304609213376,243.6007354424322,0.7009891382764012
1080p,1920,1080,128,128,7,16,1024,50.0,os,16427505.0,0.0,138931200,143467200.0,120268800.0,8683200.0,14515200.0,230380800.0,224031750.0,128250.0,6220800.0,31954176.0,1241585936.64,89640363.96000001,128448270.72,1459674571.3200002,35845080000.0,20520000.0,995328000.0,36860928000.0,38352556747.32,0.5427000000000001,accelergy,cacti,configs/cacti_sram_45nm.csv,10.323425,8.849225,4,45.0,2.03065,0.431177,1188.88,3.192179885,160.0,160.0,16.427505,0.0,38.35255674732,630.0368177293831,1.1505767024196
1080p,1920,1080,128,128,7,16,1024,50.0,ws,11885730.0,0.0,138931200,132719445.0,120268800.0,9045.0,12441600.0,163001850.0,150432000.0,128250.0,12441600.0,31954176.0,1241585936.64,93375.379125,110098517.76000002,1351777829.779125,24069120000.0,20520000.0,1990656000.0,26080296000.0,27464028005.77912,0.5427000000000001,accelergy,cacti,configs/cacti_sram_45nm.csv,10.323425,8.849225,4,45.0,2.03065,0.431177,1188.88,3.192179885,160.0,160.0,11.88573,0.0,27.46402800577912,326.43002158912907,0.8239208401733736
1080p,1920,1080,128,128,7,16,1024,200.0,os,15576240.0,0.0,138931200,143467200.0,120268800.0,8683200.0,14515200.0,230530800.0,224175000.0,135000.0,6220800.0,31954176.0,1241585936.64,89640363.96000001,128448270.72000001,1459674571.3200002,35868000000.0,21600000.0,995328000.0,36884928000.0,38376556747.32,0.5427000000000001,accelergy,cacti,configs/cacti_sram_45nm.csv,10.323425,8.849225,4,45.0,2.03065,0.431177,1188.88,3.192179885,160.0,160.0,15.57624,0.0,38.37655674732,597.7624582698758,1.1512967024196001
1080p,1920,1080,128,128,7,16,1024,200.0,ws,10770555.0,0.0,138931200,132719445.0,120268800.0,9045.0,12441600.0,163104600.0,150528000.0,135000.0,12441600.0,31954176.0,1241585936.64,93375.379125,110098517.76000002,1351777829.7791252,24084480000.0,21600000.0,1990656000.0,26096736000.0,27480468005.77912,0.5427000000000001,accelergy,cacti,configs/cacti_sram_45nm.csv,10.323425,8.849225,4,45.0,2.03065,0.431177,1188.88,3.192179885,160.0,160.0,10.770555,0.0,27.480468005779123,295.97989208198436,0.8244140401733736
1080p,1920,1080,128,128,7,16,1024,800.0,os,15363480.0,0.0,138931200,143467200.0,120268800.0,8683200.0,14515200.0,231184800.0,224748000.0,216000.0,6220800.0,31954176.0,1241585936.64,89640363.96000001,128448270.72000001,1459674571.3200002,35959680000.0,34560000.0,995328000.0,36989568000.0,38481196747.32,0.5427000000000001,accelergy,cacti,configs/cacti_sram_45nm.csv,10.323425,8.849225,4,45.0,2.03065,0.431177,1188.88,3.192179885,160.0,160.0,15.363480000000001,0.0,38.48119674732,591.2050966035159,1.1544359024196
1080p,1920,1080,128,128,7,16,1024,800.0,ws,10491720.0,0.0,138931200,132719445.0,120268800.0,9045.0,12441600.0,163569600.0,150912000.0,216000.0,12441600.0,31954176.0,1241585936.64,93375.379125,110098517.76000002,1351777829.7791252,24145920000.0,34560000.0,1990656000.0,26171136000.0,27554868005.77912,0.5427000000000001,accelergy,cacti,configs/cacti_sram_45nm.csv,10.323425,8.849225,4,45.0,2.03065,0.431177,1188.88,3.192179885,160.0,160.0,10.491719999999999,0.0,27.55486800577912,289.0979597535929,0.8266460401733736
1080p,1920,1080,128,128,7,16,4096,50.0,os,17822385.0,0.0,138931200,143467200.0,120268800.0,8683200.0,14515200.0,126628050.0,120279000.0,128250.0,6220800.0,31954176.0,2535975889.9200006,183093086.88000003,249196590.71999997,2968265567.52,19244640000.0,20520000.0,995328000.0,20260488000.0,23260707743.52,0.5427000000000001,accelergy,cacti,configs/cacti_sram_45nm.csv,21.085900000000002,17.167975,4,45.0,3.18224,0.795423,4302.53,11.948249145600002,160.0,160.0,17.822385,0.0,23.26070774352,414.5612887774947,0.6978212323056
1080p,1920,1080,128,128,7,16,4096,50.0,ws,13713435.0,0.0,138931200,132719445.0,120268800.0,9045.0,12441600.0,165868350.0,153298500.0,128250.0,12441600.0,31954176.0,2535975889.9200006,190721.96550000002,213597077.75999996,2749763689.6455007,24527760000.0,20520000.0,1990656000.0,26538936000.0,29320653865.6455,0.5427000000000001,accelergy,cacti,configs/cacti_sram_45nm.csv,21.085900000000002,17.167975,4,45.0,3.18224,0.795423,4302.53,11.948249145600002,160.0,160.0,13.713434999999999,0.0,29.3206538656455,402.0868809440283,0.879619615969365
1080p,1920,1080,128,128,7,16,4096,200.0,os,15924960.0,0.0,138931200,143467200.0,120268800.0,8683200.0,14515200.0,126667800.0,120312000.0,135000.0,6220800.0,31954176.0,2535975889.9200006,183093086.88000003,249196590.71999997,2968265567.52,19249920000.0,21600000.0,995328000.0,20266848000.0,23267067743.52,0.5427000000000001,accelergy,cacti,configs/cacti_sram_45nm.csv,21.085900000000002,17.167975,4,45.0,3.18224,0.795423,4302.53,11.948249145600002,160.0,160.0,15.924959999999999,0.0,23.267067743520002,370.52712313284627,0.6980120323055999
1080p,1920,1080,128,128,7,16,4096,200.0,ws,11227410.0,0.0,138931200,132719445.0,120268800.0,9045.0,12441600.0,165900600.0,153324000.0,135000.0,12441600.0,31954176.0,2535975889.9200006,190721.96550000002,213597077.76,2749763689.6455,24531840000.0,21600000.0,1990656000.0,26544096000.0,29325813865.6455,0.5427000000000001,accelergy,cacti,configs/cacti_sram_45nm.csv,21.085900000000002,17.167975,4,45.0,3.18224,0.795423,4302.53,11.948249145600002,160.0,160.0,11.22741,0.0,29.3258138656455,329.25293585328694,0.879774415969365
1080p,1920,1080,128,128,7,16,4096,800.0,os,15450600.0,0.0,138931200,143467200.0,120268800.0,8683200.0,14515200.0,126832800.0,120396000.0,216000.0,6220800.0,31954176.0,2535975889.9200006,183093086.88000003,249196590.71999997,2968265567.52,19263360000.0,34560000.0,995328000.0,20293248000.0,23293467743.52,0.5427000000000001,accelergy,cacti,configs/cacti_sram_45nm.csv,21.085900000000002,17.167975,4,45.0,3.18224,0.795423,4302.53,11.948249145600002,160.0,160.0,15.4506,0.0,23.29346774352,359.8980527180301,0.6988040323056
1080p,1920,1080,128,128,7,16,4096,800.0,ws,10605810.0,0.0,138931200,132719445.0,120268800.0,9045.0,12441600.0,166041600.0,153384000.0,216000.0,12441600.0,31954176.0,2535975889.9200006,190721.96550000002,213597077.75999996,2749763689.6455007,24541440000.0,34560000.0,1990656000.0,26566656000.0,29348373865.6455,0.5427000000000001,accelergy,cacti,configs/cacti_sram_45nm.csv,21.085900000000002,17.167975,4,45.0,3.18224,0.795423,4302.53,11.948249145600002,160.0,160.0,10.60581,0.0,29.3483738656455,311.2632770280017,0.880451215969365
1080p,1920,1080,128,128,7,32,256,50.0,os,42963780.0,30728115.0,138931200,139125600.0,120268800.0,4341600.0,14515200.0,1990818300.0,1984341000.0,256500.0,6220800.0,31954176.0,792219605.76,28598444.820000004,66891121.919999994,887709172.5,317494560000.0,41040000.0,995328000.0,318530928000.0,319450591348.5,0.13567500000000002,accelergy,cacti,configs/cacti_sram_45nm.csv,6.5870750000000005,4.60835,4,45.0,1.14182,0.729013,270.818,0.82173726504,160.0,160.0,42.96378,71.52097650625713,319.4505913485,13724.804927566856,9.583517740455
1080p,1920,1080,128,128,7,32,256,50.0,ws,6742440.0,0.0,138931200,128572245.0,120268800.0,9045.0,8294400.0,135774900.0,127224000.0,256500.0,8294400.0,31954176.0,792219605.7600001,59580.093375000004,38223498.239999995,830502684.0933751,20355840000.0,41040000.0,1327104000.0,21723984000.0,22586440860.093376,0.13567500000000002,accelergy,cacti,configs/cacti_sram_45nm.csv,6.5870750000000005,4.60835,4,45.0,1.14182,0.729013,270.818,0.82173726504,160.0,160.0,6.742439999999999,0.0,22.586440860093376,152.28772231272796,0.6775932258028012
1080p,1920,1080,128,128,7,32,256,200.0,os,14501010.0,2597160.0,138931200,139125600.0,120268800.0,4341600.0,14515200.0,1994200800.0,1987710000.0,270000.0,6220800.0,31954176.0,792219605.7600001,28598444.820000004,66891121.919999994,887709172.5000001,318033600000.0,43200000.0,995328000.0,319072128000.0,319991791348.5,0.13567500000000002,accelergy,cacti,configs/cacti_sram_45nm.csv,6.5870750000000005,4.60835,4,45.0,1.14182,0.729013,270.818,0.82173726504,160.0,160.0,14.501009999999999,17.910200737741715,319.9917913485,4640.2041662625115,9.599753740455
1080p,1920,1080,128,128,7,32,256,200.0,ws,6379500.0,0.0,138931200,128572245.0,120268800.0,9045.0,8294400.0,136004400.0,127440000.0,270000.0,8294400.0,31954176.0,792219605.76,59580.093375000004,38223498.239999995,830502684.0933751,20390400000.0,43200000.0,1327104000.0,21760704000.0,22623160860.093376,0.13567500000000002,accelergy,cacti,configs/cacti_sram_45nm.csv,6.5870750000000005,4.60835,4,45.0,1.14182,0.729013,270.818,0.82173726504,160.0,160.0,6.3795,0.0,22.623160860093375,144.3244547069657,0.6786948258028013
1080p,1920,1080,128,128,7,32,256,800.0,os,11820885.0,0.0,138931200,139125600.0,120268800.0,4341600.0,14515200.0,2000992800.0,1994448000.0,324000.0,6220800.0,31954176.0,792219605.76,28598444.820000004,66891121.919999994,887709172.5,319111680000.0,51840000.0,995328000.0,320158848000.0,321078511348.5,0.13567500000000002,accelergy,cacti,configs/cacti_sram_45nm.csv,6.5870750000000005,4.60835,4,45.0,1.14182,0.729013,270.818,0.82173726504,160.0,160.0,11.820885,0.0,321.0785113485,3795.4321586218134,9.632355340455
1080p,1920,1080,128,128,7,32,256,800.0,ws,6288690.0,0.0,138931200,128572245.0,120268800.0,9045.0,8294400.0,136490400.0,127872000.0,324000.0,8294400.0,31954176.0,792219605.76,59580.093375000004,38223498.239999995,830502684.0933751,20459520000.0,51840000.0,1327104000.0,21838464000.0,22700920860.093376,0.13567500000000002,accelergy,cacti,configs/cacti_sram_45nm.csv,6.5870750000000005,4.60835,4,45.0,1.14182,0.729013,270.818,0.82173726504,160.0,160.0,6.288690000000001,0.0,22.700920860093376,142.75905400366062,0.6810276258028013
1080p,1920,1080,128,128,7,32,1024,50.0,os,12928305.0,0.0,138931200,139125600.0,120268800.0,4341600.0,14515200.0,230509050.0,224031750.0,256500.0,6220800.0,31954176.0,1241585936.64,44820181.980000004,128448270.72000001,1414854389.3400002,35845080000.0,41040000.0,995328000.0,36881448000.0,38328256565.340004,0.13567500000000002,accelergy,cacti,configs/cacti_sram_45nm.csv,10.323425,8.849225,4,45.0,2.03065,0.431177,1188.88,3.192179885,160.0,160.0,12.928305,0.0,38.328256565340006,495.51939099496803,1.1498476969602003
1080p,1920,1080,128,128,7,32,1024,50.0,ws,7697055.0,0.0,138931200,128572245.0,120268800.0,9045.0,8294400.0,160703400.0,152152500.0,256500.0,8294400.0,31954176.0,1241585936.64,93375.379125,73399011.84,1315078323.8591251,24344400000.0,41040000.0,1327104000.0,25712544000.0,27059576499.859127,0.13567500000000002,accelergy,cacti,configs/cacti_sram_45nm.csv,10.323425,8.849225,4,45.0,2.03065,0.431177,1188.88,3.192179885,160.0,160.0,7.697055000000001,0.0,27.059576499859126,208.2790485961232,0.8117872949957738
1080p,1920,1080,128,128,7,32,1024,200.0,os,12077040.0,0.0,138931200,139125600.0,120268800.0,4341600.0,14515200.0,230665800.0,224175000.0,270000.0,6220800.0,31954176.0,1241585936.64,44820181.980000004,128448270.72000001,1414854389.3400002,35868000000.0,43200000.0,995328000.0,36906528000.0,38353336565.340004,0.13567500000000002,accelergy,cacti,configs/cacti_sram_45nm.csv,10.323425,8.849225,4,45.0,2.03065,0.431177,1188.88,3.192179885,160.0,160.0,12.07704,0.0,38.35333656534,463.1947798330738,1.1506000969602002
1080p,1920,1080,128,128,7,32,1024,200.0,ws,6618210.0,0.0,138931200,128572245.0,120268800.0,9045.0,8294400.0,160811400.0,152247000.0,270000.0,8294400.0,31954176.0,1241585936.64,93375.379125,73399011.84,1315078323.8591251,24359520000.0,43200000.0,1327104000.0,25729824000.0,27076856499.859127,0.13567500000000002,accelergy,cacti,configs/cacti_sram_45nm.csv,10.323425,8.849225,4,45.0,2.03065,0.431177,1188.88,3.192179885,160.0,160.0,6.61821,0.0,27.076856499859126,179.20032245593268,0.8123056949957738
1080p,1920,1080,128,128,7,32,1024,800.0,os,11864280.0,0.0,138931200,139125600.0,120268800.0,4341600.0,14515200.0,231292800.0,224748000.0,324000.0,6220800.0,31954176.0,1241585936.64,44820181.980000004,128448270.72000001,1414854389.3400002,35959680000.0,51840000.0,995328000.0,37006848000.0,38453656565.340004,0.13567500000000002,accelergy,cacti,configs/cacti_sram_45nm.csv,10.323425,8.849225,4,45.0,2.03065,0.431177,1188.88,3.192179885,160.0,160.0,11.864279999999999,0.0,38.453656565340005,456.22494851503205,1.1536096969602
1080p,1920,1080,128,128,7,32,1024,800.0,ws,6348495.0,0.0,138931200,128572245.0,120268800.0,9045.0,8294400.0,161246400.0,152628000.0,324000.0,8294400.0,31954176.0,1241585936.64,93375.379125,73399011.84,1315078323.859125,24420480000.0,51840000.0,1327104000.0,25799424000.0,27146456499.859127,0.13567500000000002,accelergy,cacti,configs/cacti_sram_45nm.csv,10.323425,8.849225,4,45.0,2.03065,0.431177,1188.88,3.192179885,160.0,160.0,6.348495,0.0,27.146456499859127,172.33914335707317,0.8143936949957739
1080p,1920,1080,128,128,7,32,4096,50.0,os,14323185.0,0.0,138931200,139125600.0,120268800.0,4341600.0,14515200.0,126756300.0,120279000.0,256500.0,6220800.0,31954176.0,2535975889.9200006,91546543.44000001,249196590.71999997,2876719024.0800004,19244640000.0,41040000.0,995328000.0,20281008000.0,23189681200.08,0.13567500000000002,accelergy,cacti,configs/cacti_sram_45nm.csv,21.085900000000002,17.167975,4,45.0,3.18224,0.795423,4302.53,11.948249145600002,160.0,160.0,14.323185,0.0,23.189681200080003,332.1500939197679,0.6956904360024
1080p,1920,1080,128,128,7,32,4096,50.0,ws,10153920.0,0.0,138931200,128572245.0,120268800.0,9045.0,8294400.0,195027900.0,186477000.0,256500.0,8294400.0,31954176.0,2535975889.9200006,190721.96550000002,142398051.83999997,2678564663.7255,29836320000.0,41040000.0,1327104000.0,31204464000.0,33914982839.725502,0.13567500000000002,accelergy,cacti,configs/cacti_sram_45nm.csv,21.085900000000002,17.167975,4,45.0,3.18224,0.795423,4302.53,11.948249145600002,160.0,160.0,10.153920000000001,0.0,33.9149828397255,344.37002255594564,1.017449485191765
1080p,1920,1080,128,128,7,32,4096,200.0,os,12425760.0,0.0,138931200,139125600.0,120268800.0,4341600.0,14515200.0,126802800.0,120312000.0,270000.0,6220800.0,31954176.0,2535975889.9200006,91546543.44000001,249196590.71999997,2876719024.080001,19249920000.0,43200000.0,995328000.0,20288448000.0,23197121200.079998,0.13567500000000002,accelergy,cacti,configs/cacti_sram_45nm.csv,21.085900000000002,17.167975,4,45.0,3.18224,0.795423,4302.53,11.948249145600002,160.0,160.0,12.425759999999999,0.0,23.197121200079998,288.241860723106,0.6959136360023999
1080p,1920,1080,128,128,7,32,4096,200.0,ws,7232385.0,0.0,138931200,128572245.0,120268800.0,9045.0,8294400.0,195071400.0,186507000.0,270000.0,8294400.0,31954176.0,2535975889.9200006,190721.96550000002,142398051.83999997,2678564663.7255,29841120000.0,43200000.0,1327104000.0,31211424000.0,33921942839.725502,0.13567500000000002,accelergy,cacti,configs/cacti_sram_45nm.csv,21.085900000000002,17.167975,4,45.0,3.18224,0.795423,4302.53,11.948249145600002,160.0,160.0,7.232385,0.0,33.9219428397255,245.3365505648881,1.017658285191765
1080p,1920,1080,128,128,7,32,4096,800.0,os,11951400.0,0.0,138931200,139125600.0,120268800.0,4341600.0,14515200.0,126940800.0,120396000.0,324000.0,6220800.0,31954176.0,2535975889.9200006,91546543.44000001,249196590.71999997,2876719024.080001,19263360000.0,51840000.0,995328000.0,20310528000.0,23219201200.079998,0.13567500000000002,accelergy,cacti,configs/cacti_sram_45nm.csv,21.085900000000002,17.167975,4,45.0,3.18224,0.795423,4302.53,11.948249145600002,160.0,160.0,11.9514,0.0,23.219201200079997,277.50196122263606,0.6965760360023999
1080p,1920,1080,128,128,7,32,4096,800.0,ws,6501945.0,0.0,138931200,128572245.0,120268800.0,9045.0,8294400.0,195206400.0,186588000.0,324000.0,8294400.0,31954176.0,2535975889.9200006,190721.96550000002,142398051.83999997,2678564663.7255,29854080000.0,51840000.0,1327104000.0,31233024000.0,33943542839.725502,0.13567500000000002,accelergy,cacti,configs/cacti_sram_45nm.csv,21.085900000000002,17.167975,4,45.0,3.18224,0.795423,4302.53,11.948249145600002,160.0,160.0,6.501945,0.0,33.9435428397255,220.69904864903904,1.018306285191765
1080p,1920,1080,128,128,7,64,256,50.0,os,77273730.0,66787665.0,138931200,136954800.0,120268800.0,2170800.0,14515200.0,3722728050.0,3716001000.0,506250.0,6220800.0,31954176.0,792219605.76,14299222.410000002,66891121.919999994,873409950.0900002,594560160000.0,81000000.0,995328000.0,595636488000.0,596541852126.09,0.041472,accelergy,cacti,configs/cacti_sram_45nm.csv,6.5870750000000005,4.60835,4,45.0,1.14182,0.729013,270.818,0.82173726504,160.0,160.0,77.27373,86.42997432633315,596.54185212609,46097.01401489141,17.8962555637827
1080p,1920,1080,128,128,7,64,256,50.0,ws,4640565.0,0.0,138931200,126498645.0,120268800.0,9045.0,6220800.0,133951050.0,127224000.0,506250.0,6220800.0,31954176.0,792219605.76,59580.093375000004,28667623.68,820946809.5333751,20355840000.0,81000000.0,995328000.0,21432168000.0,22285068985.533375,0.041472,accelergy,cacti,configs/cacti_sram_45nm.csv,6.5870750000000005,4.60835,4,45.0,1.14182,0.729013,270.818,0.82173726504,160.0,160.0,4.6405650000000005,0.0,22.285068985533375,103.4153111568517,0.6685520695660012
1080p,1920,1080,128,128,7,64,256,200.0,os,22711455.0,12557205.0,138931200,136954800.0,120268800.0,2170800.0,14515200.0,3729043800.0,3722310000.0,513000.0,6220800.0,31954176.0,792219605.7600001,14299222.410000002,66891121.919999994,873409950.0900002,595569600000.0,82080000.0,995328000.0,596647008000.0,597552372126.09,0.033918750000000004,accelergy,cacti,configs/cacti_sram_45nm.csv,6.5870750000000005,4.60835,4,45.0,1.14182,0.729013,270.818,0.82173726504,160.0,160.0,22.711454999999997,55.290182861467926,597.55237212609,13571.283809684945,17.9265711637827
1080p,1920,1080,128,128,7,64,256,200.0,ws,4308750.0,0.0,138931200,126498645.0,120268800.0,9045.0,6220800.0,134173800.0,127440000.0,513000.0,6220800.0,31954176.0,792219605.7600001,59580.093375000004,28667623.679999996,820946809.5333751,20390400000.0,82080000.0,995328000.0,21467808000.0,22320708985.533375,0.033918750000000004,accelergy,cacti,configs/cacti_sram_45nm.csv,6.5870750000000005,4.60835,4,45.0,1.14182,0.729013,270.818,0.82173726504,160.0,160.0,4.30875,0.0,22.320708985533376,96.17435484141693,0.6696212695660012
1080p,1920,1080,128,128,7,64,256,800.0,os,10071285.0,0.0,138931200,136954800.0,120268800.0,2170800.0,14515200.0,3741688800.0,3734928000.0,540000.0,6220800.0,31954176.0,792219605.7600001,14299222.410000002,66891121.919999994,873409950.0900002,597588480000.0,86400000.0,995328000.0,598670208000.0,599575572126.09,0.033918750000000004,accelergy,cacti,configs/cacti_sram_45nm.csv,6.5870750000000005,4.60835,4,45.0,1.14182,0.729013,270.818,0.82173726504,160.0,160.0,10.071285,0.0,599.5755721260899,6038.496465919908,17.9872671637827
1080p,1920,1080,128,128,7,64,256,800.0,ws,4225785.0,0.0,138931200,126498645.0,120268800.0,9045.0,6220800.0,134632800.0,127872000.0,540000.0,6220800.0,31954176.0,792219605.76,59580.093375000004,28667623.68,820946809.5333751,20459520000.0,86400000.0,995328000.0,21541248000.0,22394148985.533375,0.033918750000000004,accelergy,cacti,configs/cacti_sram_45nm.csv,6.5870750000000005,4.60835,4,45.0,1.14182,0.729013,270.818,0.82173726504,160.0,160.0,4.225785,0.0,22.394148985533374,94.63285887083215,0.6718244695660012
1080p,1920,1080,128,128,7,64,1024,50.0,os,17282265.0,6103560.0,138931200,136954800.0,120268800.0,2170800.0,14515200.0,627322800.0,620595750.0,506250.0,6220800.0,31954176.0,1241585936.64,22410090.990000002,128448270.72000001,1392444298.3500001,99295320000.0,81000000.0,995328000.0,100371648000.0,101796046474.34999,0.041472,accelergy,cacti,configs/cacti_sram_45nm.csv,10.323425,8.849225,4,45.0,2.03065,0.431177,1188.88,3.192179885,160.0,160.0,17.282265000000002,35.316898566246955,101.79604647434999,1759.2662511220326,3.0538813942304994
1080p,1920,1080,128,128,7,64,1024,50.0,ws,5597175.0,0.0,138931200,126498645.0,120268800.0,9045.0,6220800.0,158979300.0,152252250.0,506250.0,6220800.0,31954176.0,1241585936.64,93375.379125,55049258.88000001,1296728570.899125,24360360000.0,81000000.0,995328000.0,25436688000.0,26765370746.899124,0.041472,accelergy,cacti,configs/cacti_sram_45nm.csv,10.323425,8.849225,4,45.0,2.03065,0.431177,1188.88,3.192179885,160.0,160.0,5.597175,0.0,26.765370746899123,149.8104640102751,0.8029611224069737
1080p,1920,1080,128,128,7,64,1024,200.0,os,10327440.0,0.0,138931200,136954800.0,120268800.0,2170800.0,14515200.0,627724800.0,620991000.0,513000.0,6220800.0,31954176.0,1241585936.64,22410090.990000002,128448270.72000001,1392444298.3500001,99358560000.0,82080000.0,995328000.0,100435968000.0,101860366474.34999,0.033918750000000004,accelergy,cacti,configs/cacti_sram_45nm.csv,10.323425,8.849225,4,45.0,2.03065,0.431177,1188.88,3.192179885,160.0,160.0,10.327440000000001,0.0,101.86036647434999,1051.9568231418612,3.0558109942304994
1080p,1920,1080,128,128,7,64,1024,200.0,ws,4547970.0,0.0,138931200,126498645.0,120268800.0,9045.0,6220800.0,159082800.0,152349000.0,513000.0,6220800.0,31954176.0,1241585936.64,93375.379125,55049258.88000001,1296728570.899125,24375840000.0,82080000.0,995328000.0,25453248000.0,26781930746.899124,0.033918750000000004,accelergy,cacti,configs/cacti_sram_45nm.csv,10.323425,8.849225,4,45.0,2.03065,0.431177,1188.88,3.192179885,160.0,160.0,4.54797,0.0,26.781930746899125,121.80341757897482,0.8034579224069738
1080p,1920,1080,128,128,7,64,1024,800.0,os,10114680.0,0.0,138931200,136954800.0,120268800.0,2170800.0,14515200.0,629332800.0,622572000.0,540000.0,6220800.0,31954176.0,1241585936.64,22410090.990000002,128448270.72,1392444298.3500001,99611520000.0,86400000.0,995328000.0,100693248000.0,102117646474.34999,0.033918750000000004,accelergy,cacti,configs/cacti_sram_45nm.csv,10.323425,8.849225,4,45.0,2.03065,0.431177,1188.88,3.192179885,160.0,160.0,10.11468,0.0,102.11764647435,1032.8873164411784,3.0635293942304993
1080p,1920,1080,128,128,7,64,1024,800.0,ws,4285725.0,0.0,138931200,126498645.0,120268800.0,9045.0,6220800.0,159496800.0,152736000.0,540000.0,6220800.0,31954176.0,1241585936.64,93375.379125,55049258.88000001,1296728570.899125,24437760000.0,86400000.0,995328000.0,25519488000.0,26848170746.899124,0.033918750000000004,accelergy,cacti,configs/cacti_sram_45nm.csv,10.323425,8.849225,4,45.0,2.03065,0.431177,1188.88,3.192179885,160.0,160.0,4.285724999999999,0.0,26.848170746899125,115.06387657425424,0.8054451224069737
1080p,1920,1080,128,128,7,64,4096,50.0,os,12573585.0,0.0,138931200,136954800.0,120268800.0,2170800.0,14515200.0,127006050.0,120279000.0,506250.0,6220800.0,31954176.0,2535975889.9200006,45773271.720000006,249196590.71999997,2830945752.3600006,19244640000.0,81000000.0,995328000.0,20320968000.0,23183867928.36,0.041472,accelergy,cacti,configs/cacti_sram_45nm.csv,21.085900000000002,17.167975,4,45.0,3.18224,0.795423,4302.53,11.948249145600002,160.0,160.0,12.573585,0.0,23.18386792836,291.5043340260084,0.6955160378508001
1080p,1920,1080,128,128,7,64,4096,50.0,ws,9127305.0,0.0,138931200,126498645.0,120268800.0,9045.0,6220800.0,246967050.0,240240000.0,506250.0,6220800.0,31954176.0,2535975889.9200006,190721.96550000002,106798538.87999998,2642965150.7655005,38438400000.0,81000000.0,995328000.0,39514728000.0,42189647326.7655,0.041472,accelergy,cacti,configs/cacti_sram_45nm.csv,21.085900000000002,17.167975,4,45.0,3.18224,0.795423,4302.53,11.948249145600002,160.0,160.0,9.127305,0.0,42.1896473267655,385.0777789938234,1.2656894198029651
1080p,1920,1080,128,128,7,64,4096,200.0,os,10676160.0,0.0,138931200,136954800.0,120268800.0,2170800.0,14515200.0,127045800.0,120312000.0,513000.0,6220800.0,31954176.0,2535975889.9200006,45773271.720000006,249196590.71999997,2830945752.36,19249920000.0,82080000.0,995328000.0,20327328000.0,23190227928.36,0.033918750000000004,accelergy,cacti,configs/cacti_sram_45nm.csv,21.085900000000002,17.167975,4,45.0,3.18224,0.795423,4302.53,11.948249145600002,160.0,160.0,10.676160000000001,0.0,23.190227928360002,247.58258379963996,0.6957068378508
1080p,1920,1080,128,128,7,64,4096,200.0,ws,5430480.0,0.0,138931200,126498645.0,120268800.0,9045.0,6220800.0,247009800.0,240276000.0,513000.0,6220800.0,31954176.0,2535975889.9200006,190721.96550000002,106798538.88,2642965150.7655005,38444160000.0,82080000.0,995328000.0,39521568000.0,42196487326.7655,0.033918750000000004,accelergy,cacti,configs/cacti_sram_45nm.csv,21.085900000000002,17.167975,4,45.0,3.18224,0.795423,4302.53,11.948249145600002,160.0,160.0,5.430479999999999,0.0,42.1964873267655,229.14718049825348,1.265894619802965
1080p,1920,1080,128,128,7,64,4096,800.0,os,10201800.0,0.0,138931200,136954800.0,120268800.0,2170800.0,14515200.0,127156800.0,120396000.0,540000.0,6220800.0,31954176.0,2535975889.9200006,45773271.720000006,249196590.71999997,2830945752.3600006,19263360000.0,86400000.0,995328000.0,20345088000.0,23207987928.36,0.033918750000000004,accelergy,cacti,configs/cacti_sram_45nm.csv,21.085900000000002,17.167975,4,45.0,3.18224,0.795423,4302.53,11.948249145600002,160.0,160.0,10.2018,0.0,23.20798792836,236.76325124754308,0.6962396378508
1080p,1920,1080,128,128,7,64,4096,800.0,ws,4506225.0,0.0,138931200,126498645.0,120268800.0,9045.0,6220800.0,247096800.0,240336000.0,540000.0,6220800.0,31954176.0,2535975889.9200006,190721.96550000002,106798538.87999998,2642965150.7655005,38453760000.0,86400000.0,995328000.0,39535488000.0,42210407326.7655,0.033918750000000004,accelergy,cacti,configs/cacti_sram_45nm.csv,21.085900000000002,17.167975,4,45.0,3.18224,0.795423,4302.53,11.948249145600002,160.0,160.0,4.506225,0.0,42.210407326765505,190.20959275605387,1.266312219802965
1080p,1920,1080,128,128,7,128,256,50.0,os,77775105.0,68163840.0,138931200,135869400.0,120268800.0,1085400.0,14515200.0,3749739300.0,3742506000.0,1012500.0,6220800.0,31954176.0,792219605.7600001,7149611.205000001,66891121.919999994,866260338.8850001,598800960000.0,162000000.0,995328000.0,599958288000.0,600856502514.885,0.041472,accelergy,cacti,configs/cacti_sram_45nm.csv,6.5870750000000005,4.60835,4,45.0,1.14182,0.729013,270.818,0.82173726504,160.0,160.0,77.775105,87.64223461993397,600.856502514885,46731.67757302795,18.02569507544655
1080p,1920,1080,128,128,7,128,256,50.0,ws,4692405.0,0.0,138931200,126498645.0,120268800.0,9045.0,6220800.0,134457300.0,127224000.0,1012500.0,6220800.0,31954176.0,792219605.76,59580.093375000004,28667623.68,820946809.5333751,20355840000.0,162000000.0,995328000.0,21513168000.0,22366068985.533375,0.041472,accelergy,cacti,configs/cacti_sram_45nm.csv,6.5870750000000005,4.60835,4,45.0,1.14182,0.729013,270.818,0.82173726504,160.0,160.0,4.692405,0.0,22.366068985533374,104.95065393806173,0.6709820695660013
1080p,1920,1080,128,128,7,128,256,200.0,os,22734600.0,13455150.0,138931200,135869400.0,120268800.0,1085400.0,14515200.0,3756106800.0,3748860000.0,1026000.0,6220800.0,31954176.0,792219605.76,7149611.205000001,66891121.919999994,866260338.8850001,599817600000.0,164160000.0,995328000.0,600977088000.0,601875302514.885,0.010368,accelergy,cacti,configs/cacti_sram_45nm.csv,6.5870750000000005,4.60835,4,45.0,1.14182,0.729013,270.818,0.82173726504,160.0,160.0,22.7346,59.18357921406139,601.875302514885,13683.394252554905,18.05625907544655
1080p,1920,1080,128,128,7,128,256,200.0,ws,4360590.0,0.0,138931200,126498645.0,120268800.0,9045.0,6220800.0,134686800.0,127440000.0,1026000.0,6220800.0,31954176.0,792219605.76,59580.093375000004,28667623.68,820946809.5333751,20390400000.0,164160000.0,995328000.0,21549888000.0,22402788985.533375,0.010368,accelergy,cacti,configs/cacti_sram_45nm.csv,6.5870750000000005,4.60835,4,45.0,1.14182,0.729013,270.818,0.82173726504,160.0,160.0,4.36059,0.0,22.402788985533373,97.68937762242697,0.6720836695660012
1080p,1920,1080,128,128,7,128,256,800.0,os,9196485.0,0.0,138931200,135869400.0,120268800.0,1085400.0,14515200.0,3768868800.0,3761568000.0,1080000.0,6220800.0,31954176.0,792219605.7600001,7149611.205000001,66891121.919999994,866260338.8850001,601850880000.0,172800000.0,995328000.0,603019008000.0,603917222514.885,0.008479687500000001,accelergy,cacti,configs/cacti_sram_45nm.csv,6.5870750000000005,4.60835,4,45.0,1.14182,0.729013,270.818,0.82173726504,160.0,160.0,9.196485000000001,0.0,603.917222514885,5553.915678099803,18.117516675446552
1080p,1920,1080,128,128,7,128,256,800.0,ws,4277625.0,0.0,138931200,126498645.0,120268800.0,9045.0,6220800.0,135172800.0,127872000.0,1080000.0,6220800.0,31954176.0,792219605.76,59580.093375000004,28667623.68,820946809.5333751,20459520000.0,172800000.0,995328000.0,21627648000.0,22480548985.533375,0.008479687500000001,accelergy,cacti,configs/cacti_sram_45nm.csv,6.5870750000000005,4.60835,4,45.0,1.14182,0.729013,270.818,0.82173726504,160.0,160.0,4.2776250000000005,0.0,22.480548985533375,96.1633583542422,0.6744164695660012
1080p,1920,1080,128,128,7,128,1024,50.0,os,17164185.0,6860280.0,138931200,135869400.0,120268800.0,1085400.0,14515200.0,627829050.0,620595750.0,1012500.0,6220800.0,31954176.0,1241585936.64,11205045.495000001,128448270.72000001,1381239252.855,99295320000.0,162000000.0,995328000.0,100452648000.0,101865841428.85501,0.041472,accelergy,cacti,configs/cacti_sram_45nm.csv,10.323425,8.849225,4,45.0,2.03065,0.431177,1188.88,3.192179885,160.0,160.0,17.164185,39.96857409775064,101.865841428855,1748.4441474655316,3.0559752428656504
1080p,1920,1080,128,128,7,128,1024,50.0,ws,5649015.0,0.0,138931200,126498645.0,120268800.0,9045.0,6220800.0,159485550.0,152252250.0,1012500.0,6220800.0,31954176.0,1241585936.64,93375.379125,55049258.88000001,1296728570.899125,24360360000.0,162000000.0,995328000.0,25517688000.0,26846370746.899124,0.041472,accelergy,cacti,configs/cacti_sram_45nm.csv,10.323425,8.849225,4,45.0,2.03065,0.431177,1188.88,3.192179885,160.0,160.0,5.649015,0.0,26.846370746899122,151.65555104479435,0.8053911224069737
1080p,1920,1080,128,128,7,128,1024,200.0,os,9452640.0,0.0,138931200,135869400.0,120268800.0,1085400.0,14515200.0,628237800.0,620991000.0,1026000.0,6220800.0,31954176.0,1241585936.64,11205045.495000001,128448270.72,1381239252.855,99358560000.0,164160000.0,995328000.0,100518048000.0,101931241428.855,0.010368,accelergy,cacti,configs/cacti_sram_45nm.csv,10.323425,8.849225,4,45.0,2.03065,0.431177,1188.88,3.192179885,160.0,160.0,9.45264,0.0,101.93124142885499,963.5193299800519,3.0579372428656497
1080p,1920,1080,128,128,7,128,1024,200.0,ws,4599810.0,0.0,138931200,126498645.0,120268800.0,9045.0,6220800.0,159595800.0,152349000.0,1026000.0,6220800.0,31954176.0,1241585936.64,93375.379125,55049258.88000001,1296728570.899125,24375840000.0,164160000.0,995328000.0,25535328000.0,26864010746.899124,0.010368,accelergy,cacti,configs/cacti_sram_45nm.csv,10.323425,8.849225,4,45.0,2.03065,0.431177,1188.88,3.192179885,160.0,160.0,4.599810000000001,0.0,26.864010746899122,123.56934527369407,0.8059203224069738
1080p,1920,1080,128,128,7,128,1024,800.0,os,9239880.0,0.0,138931200,135869400.0,120268800.0,1085400.0,14515200.0,629872800.0,622572000.0,1080000.0,6220800.0,31954176.0,1241585936.64,11205045.495000001,128448270.72,1381239252.855,99611520000.0,172800000.0,995328000.0,100779648000.0,102192841428.855,0.008479687500000001,accelergy,cacti,configs/cacti_sram_45nm.csv,10.323425,8.849225,4,45.0,2.03065,0.431177,1188.88,3.192179885,160.0,160.0,9.239880000000001,0.0,102.19284142885499,944.2495916616488,3.06578524286565
1080p,1920,1080,128,128,7,128,1024,800.0,ws,4337565.0,0.0,138931200,126498645.0,120268800.0,9045.0,6220800.0,160036800.0,152736000.0,1080000.0,6220800.0,31954176.0,1241585936.64,93375.379125,55049258.88000001,1296728570.899125,24437760000.0,172800000.0,995328000.0,25605888000.0,26934570746.899124,0.008479687500000001,accelergy,cacti,configs/cacti_sram_45nm.csv,10.323425,8.849225,4,45.0,2.03065,0.431177,1188.88,3.192179885,160.0,160.0,4.337565,0.0,26.934570746899123,116.83045136177348,0.8080371224069738
1080p,1920,1080,128,128,7,128,4096,50.0,os,11698785.0,0.0,138931200,135869400.0,120268800.0,1085400.0,14515200.0,127512300.0,120279000.0,1012500.0,6220800.0,31954176.0,2535975889.9200006,22886635.860000003,249196590.71999997,2808059116.5000005,19244640000.0,162000000.0,995328000.0,20401968000.0,23241981292.5,0.041472,accelergy,cacti,configs/cacti_sram_45nm.csv,21.085900000000002,17.167975,4,45.0,3.18224,0.795423,4302.53,11.948249145600002,160.0,160.0,11.698784999999999,0.0,23.2419812925,271.90294211497957,0.697259438775
1080p,1920,1080,128,128,7,128,4096,50.0,ws,9454395.0,0.0,138931200,126498645.0,120268800.0,9045.0,6220800.0,261235800.0,254002500.0,1012500.0,6220800.0,31954176.0,2535975889.9200006,190721.96550000002,106798538.88,2642965150.7655005,40640400000.0,162000000.0,995328000.0,41797728000.0,44472647326.7655,0.041472,accelergy,cacti,configs/cacti_sram_45nm.csv,21.085900000000002,17.167975,4,45.0,3.18224,0.795423,4302.53,11.948249145600002,160.0,160.0,9.454395000000002,0.0,44.472647326765504,420.46197452293524,1.334179419802965
1080p,1920,1080,128,128,7,128,4096,200.0,os,9801360.0,0.0,138931200,135869400.0,120268800.0,1085400.0,14515200.0,127558800.0,120312000.0,1026000.0,6220800.0,31954176.0,2535975889.9200006,22886635.860000003,249196590.71999997,2808059116.5000005,19249920000.0,164160000.0,995328000.0,20409408000.0,23249421292.5,0.010368,accelergy,cacti,configs/cacti_sram_45nm.csv,21.085900000000002,17.167975,4,45.0,3.18224,0.795423,4302.53,11.948249145600002,160.0,160.0,9.80136,0.0,23.2494212925,227.8759478794578,0.697482638775
1080p,1920,1080,128,128,7,128,4096,200.0,ws,5551140.0,0.0,138931200,126498645.0,120268800.0,9045.0,6220800.0,261286800.0,254040000.0,1026000.0,6220800.0,31954176.0,2535975889.9200006,190721.96550000002,106798538.87999998,2642965150.7655005,40646400000.0,164160000.0,995328000.0,41805888000.0,44480807326.7655,0.010368,accelergy,cacti,configs/cacti_sram_45nm.csv,21.085900000000002,17.167975,4,45.0,3.18224,0.795423,4302.53,11.948249145600002,160.0,160.0,5.55114,0.0,44.4808073267655,246.91918878390103,1.334424219802965
1080p,1920,1080,128,128,7,128,4096,800.0,os,9327000.0,0.0,138931200,135869400.0,120268800.0,1085400.0,14515200.0,127696800.0,120396000.0,1080000.0,6220800.0,31954176.0,2535975889.9200006,22886635.860000003,249196590.71999997,2808059116.5000005,19263360000.0,172800000.0,995328000.0,20431488000.0,23271501292.5,0.008479687500000001,accelergy,cacti,configs/cacti_sram_45nm.csv,21.085900000000002,17.167975,4,45.0,3.18224,0.795423,4302.53,11.948249145600002,160.0,160.0,9.327,0.0,23.2715012925,217.05329255514752,0.698145038775
1080p,1920,1080,128,128,7,128,4096,800.0,ws,4575255.0,0.0,138931200,126498645.0,120268800.0,9045.0,6220800.0,261388800.0,254088000.0,1080000.0,6220800.0,31954176.0,2535975889.9200006,190721.96550000002,106798538.87999998,2642965150.7655005,40654080000.0,172800000.0,995328000.0,41822208000.0,44497127326.7655,0.008479687500000001,accelergy,cacti,configs/cacti_sram_45nm.csv,21.085900000000002,17.167975,4,45.0,3.18224,0.795423,4302.53,11.948249145600002,160.0,160.0,4.575255,0.0,44.4971273267655,203.5857042874205,1.334913819802965
1080p,1920,1080,128,128,11,8,256,50.0,os,41395665.0,0.0,288230400,320112000.0,269568000.0,36028800.0,14515200.0,805053300.0,798684000.0,148500.0,6220800.0,66292992.00000001,1775664633.6000001,237324407.76000002,66891121.919999994,2079880163.2800002,127789440000.0,23760000.0,995328000.0,128808528000.0,130954701155.28,4.5036,accelergy,cacti,configs/cacti_sram_45nm.csv,6.5870750000000005,4.60835,4,45.0,1.14182,0.729013,270.818,0.82173726504,160.0,160.0,41.395665,0.0,130.95470115528,5420.9569391990835,3.9286410346584
1080p,1920,1080,128,128,11,8,256,50.0,ws,37801185.0,0.0,288230400,311058765.0,269568000.0,18765.0,41472000.0,318156000.0,276535500.0,148500.0,41472000.0,66292992.00000001,1775664633.6000001,123606.462375,191117491.2,1966905731.262375,44245680000.0,23760000.0,6635520000.0,50904960000.0,52938158723.262375,4.5036,accelergy,cacti,configs/cacti_sram_45nm.csv,6.5870750000000005,4.60835,4,45.0,1.14182,0.729013,270.818,0.82173726504,160.0,160.0,37.801185000000004,0.0,52.938158723262376,2001.1251314574051,1.5881447616978714
1080p,1920,1080,128,128,11,8,256,200.0,os,41063850.0,0.0,288230400,320112000.0,269568000.0,36028800.0,14515200.0,806422800.0,800040000.0,162000.0,6220800.0,66292992.00000001,1775664633.6000001,237324407.76000002,66891121.919999994,2079880163.2800002,128006400000.0,25920000.0,995328000.0,129027648000.0,131173821155.28,4.5036,accelergy,cacti,configs/cacti_sram_45nm.csv,6.5870750000000005,4.60835,4,45.0,1.14182,0.729013,270.818,0.82173726504,160.0,160.0,41.06385,0.0,131.17382115528,5386.502115847245,3.9352146346584
1080p,1920,1080,128,128,11,8,256,200.0,ws,37483890.0,0.0,288230400,311058765.0,269568000.0,18765.0,41472000.0,318639000.0,277005000.0,162000.0,41472000.0,66292992.00000001,1775664633.6000001,123606.462375,191117491.2,1966905731.262375,44320800000.0,25920000.0,6635520000.0,50982240000.0,53015438723.262375,4.5036,accelergy,cacti,configs/cacti_sram_45nm.csv,6.5870750000000005,4.60835,4,45.0,1.14182,0.729013,270.818,0.82173726504,160.0,160.0,37.48389,0.0,53.01543872326238,1987.2248734045074,1.5904631616978713
1080p,1920,1080,128,128,11,8,256,800.0,os,40980885.0,0.0,288230400,320112000.0,269568000.0,36028800.0,14515200.0,809296800.0,802752000.0,324000.0,6220800.0,66292992.00000001,1775664633.6000001,237324407.76000002,66891121.919999994,2079880163.2800002,128440320000.0,51840000.0,995328000.0,129487488000.0,131633661155.28,4.5036,accelergy,cacti,configs/cacti_sram_45nm.csv,6.5870750000000005,4.60835,4,45.0,1.14182,0.729013,270.818,0.82173726504,160.0,160.0,40.980885,0.0,131.63366115528,5394.463929933498,3.9490098346584
1080p,1920,1080,128,128,11,8,256,800.0,ws,37404450.0,0.0,288230400,311058765.0,269568000.0,18765.0,41472000.0,319740000.0,277944000.0,324000.0,41472000.0,66292992.00000001,1775664633.6000001,123606.46237500002,191117491.2,1966905731.262375,44471040000.0,51840000.0,6635520000.0,51158400000.0,53191598723.262375,4.5036,accelergy,cacti,configs/cacti_sram_45nm.csv,6.5870750000000005,4.60835,4,45.0,1.14182,0.729013,270.818,0.82173726504,160.0,160.0,37.40445,0.0,53.19159872326237,1989.6024948643312,1.5957479616978714
1080p,1920,1080,128,128,11,8,1024,50.0,os,42088305.0,0.0,288230400,320112000.0,269568000.0,36028800.0,14515200.0,520742550.0,514373250.0,148500.0,6220800.0,66292992.00000001,2782865030.4,371940614.64,128448270.72,3283253915.7599998,82299720000.0,23760000.0,995328000.0,83318808000.0,86668354907.76001,4.5036,accelergy,cacti,configs/cacti_sram_45nm.csv,10.323425,8.849225,4,45.0,2.03065,0.431177,1188.88,3.192179885,160.0,160.0,42.088305,0.0,86.66835490776,3647.72415520605,2.6000506472328
1080p,1920,1080,128,128,11,8,1024,50.0,ws,38879085.0,0.0,288230400,311058765.0,269568000.0,18765.0,41472000.0,340764000.0,299143500.0,148500.0,41472000.0,66292992.00000001,2782865030.4,193719.070125,366995059.20000005,3150053808.6701255,47862960000.0,23760000.0,6635520000.0,54522240000.0,57738586800.67013,4.5036,accelergy,cacti,configs/cacti_sram_45nm.csv,10.323425,8.849225,4,45.0,2.03065,0.431177,1188.88,3.192179885,160.0,160.0,38.879085,0.0,57.73858680067013,2244.823424003132,1.7321576040201037
1080p,1920,1080,128,128,11,8,1024,200.0,os,41237040.0,0.0,288230400,320112000.0,269568000.0,36028800.0,14515200.0,521083800.0,514701000.0,162000.0,6220800.0,66292992.00000001,2782865030.4,371940614.64,128448270.72000001,3283253915.7599998,82352160000.0,25920000.0,995328000.0,83373408000.0,86722954907.76,4.5036,accelergy,cacti,configs/cacti_sram_45nm.csv,10.323425,8.849225,4,45.0,2.03065,0.431177,1188.88,3.192179885,160.0,160.0,41.23704,0.0,86.72295490776,3576.1979604494954,2.6016886472328
1080p,1920,1080,128,128,11,8,1024,200.0,ws,37753335.0,0.0,288230400,311058765.0,269568000.0,18765.0,41472000.0,340968000.0,299334000.0,162000.0,41472000.0,66292992.00000001,2782865030.4,193719.070125,366995059.20000005,3150053808.6701255,47893440000.0,25920000.0,6635520000.0,54554880000.0,57771226800.67013,4.5036,accelergy,cacti,configs/cacti_sram_45nm.csv,10.323425,8.849225,4,45.0,2.03065,0.431177,1188.88,3.192179885,160.0,160.0,37.753335,0.0,57.77122680067013,2181.0564787666776,1.7331368040201038
1080p,1920,1080,128,128,11,8,1024,800.0,os,41024280.0,0.0,288230400,320112000.0,269568000.0,36028800.0,14515200.0,522556800.0,516012000.0,324000.0,6220800.0,66292992.00000001,2782865030.4,371940614.64,128448270.72000001,3283253915.7599998,82561920000.0,51840000.0,995328000.0,83609088000.0,86958634907.76,4.5036,accelergy,cacti,configs/cacti_sram_45nm.csv,10.323425,8.849225,4,45.0,2.03065,0.431177,1188.88,3.192179885,160.0,160.0,41.024280000000005,0.0,86.95863490776,3567.4153868737208,2.6087590472328
1080p,1920,1080,128,128,11,8,1024,800.0,ws,37471860.0,0.0,288230400,311058765.0,269568000.0,18765.0,41472000.0,341892000.0,300096000.0,324000.0,41472000.0,66292992.00000001,2782865030.4,193719.070125,366995059.20000005,3150053808.670125,48015360000.0,51840000.0,6635520000.0,54702720000.0,57919066800.67013,4.5036,accelergy,cacti,configs/cacti_sram_45nm.csv,10.323425,8.849225,4,45.0,2.03065,0.431177,1188.88,3.192179885,160.0,160.0,37.47186,0.0,57.91906680067013,2170.335162485359,1.7375720040201037
1080p,1920,1080,128,128,11,8,4096,50.0,os,43975935.0,0.0,288230400,320112000.0,269568000.0,36028800.0,14515200.0,377761800.0,371392500.0,148500.0,6220800.0,66292992.00000001,5684083891.200001,759699673.9200001,249196590.71999997,6692980155.840001,59422800000.0,23760000.0,995328000.0,60441888000.0,67201161147.840004,4.5036,accelergy,cacti,configs/cacti_sram_45nm.csv,21.085900000000002,17.167975,4,45.0,3.18224,0.795423,4302.53,11.948249145600002,160.0,160.0,43.975935,0.0,67.20116114784,2955.233894561937,2.0160348344352004
1080p,1920,1080,128,128,11,8,4096,50.0,ws,41410815.0,0.0,288230400,311058765.0,269568000.0,18765.0,41472000.0,428276250.0,386655750.0,148500.0,41472000.0,66292992.00000001,5684083891.200001,395676.9135,711990259.1999999,6396469827.3135,61864920000.0,23760000.0,6635520000.0,68524200000.0,74986962819.3135,4.5036,accelergy,cacti,configs/cacti_sram_45nm.csv,21.085900000000002,17.167975,4,45.0,3.18224,0.795423,4302.53,11.948249145600002,160.0,160.0,41.410815,0.0,74.9869628193135,3105.27124472247,2.249608884579405
1080p,1920,1080,128,128,11,8,4096,200.0,os,41708940.0,0.0,288230400,320112000.0,269568000.0,36028800.0,14515200.0,377842800.0,371460000.0,162000.0,6220800.0,66292992.00000001,5684083891.200001,759699673.9200001,249196590.71999997,6692980155.840001,59433600000.0,25920000.0,995328000.0,60454848000.0,67214121147.840004,4.5036,accelergy,cacti,configs/cacti_sram_45nm.csv,21.085900000000002,17.167975,4,45.0,3.18224,0.795423,4302.53,11.948249145600002,160.0,160.0,41.70894,0.0,67.21412114784,2803.4297461079896,2.0164236344352
1080p,1920,1080,128,128,11,8,4096,200.0,ws,38386200.0,0.0,288230400,311058765.0,269568000.0,18765.0,41472000.0,428352000.0,386718000.0,162000.0,41472000.0,66292992.00000001,5684083891.200001,395676.9135,711990259.1999999,6396469827.3135,61874880000.0,25920000.0,6635520000.0,68536320000.0,74999082819.3135,4.5036,accelergy,cacti,configs/cacti_sram_45nm.csv,21.085900000000002,17.167975,4,45.0,3.18224,0.795423,4302.53,11.948249145600002,160.0,160.0,38.3862,0.0,74.9990828193135,2878.929792918732,2.249972484579405
1080p,1920,1080,128,128,11,8,4096,800.0,os,41142195.0,0.0,288230400,320112000.0,269568000.0,36028800.0,14515200.0,378136800.0,371592000.0,324000.0,6220800.0,66292992.00000001,5684083891.200001,759699673.9200001,249196590.71999997,6692980155.840001,59454720000.0,51840000.0,995328000.0,60501888000.0,67261161147.840004,4.5036,accelergy,cacti,configs/cacti_sram_45nm.csv,21.085900000000002,17.167975,4,45.0,3.18224,0.795423,4302.53,11.948249145600002,160.0,160.0,41.142195,0.0,67.26116114784,2767.271807870857,2.0178348344352
1080p,1920,1080,128,128,11,8,4096,800.0,ws,37629945.0,0.0,288230400,311058765.0,269568000.0,18765.0,41472000.0,428616000.0,386820000.0,324000.0,41472000.0,66292992.00000001,5684083891.200001,395676.9135,711990259.1999999,6396469827.3135,61891200000.0,51840000.0,6635520000.0,68578560000.0,75041322819.3135,4.5036,accelergy,cacti,configs/cacti_sram_45nm.csv,21.085900000000002,17.167975,4,45.0,3.18224,0.795423,4302.53,11.948249145600002,160.0,160.0,37.629945,0.0,75.0413228193135,2823.800850418012,2.251239684579405
1080p,1920,1080,128,128,11,16,256,50.0,os,32949465.0,7883400.0,288230400,302097600.0,269568000.0,18014400.0,14515200.0,1334404800.0,1327900500.0,283500.0,6220800.0,66292992.00000001,1775664633.6000001,118662203.88000001,66891121.919999994,1961217959.3999999,212464080000.0,45360000.0,995328000.0,213504768000.0,215532278951.40002,1.1259,accelergy,cacti,configs/cacti_sram_45nm.csv,6.5870750000000005,4.60835,4,45.0,1.14182,0.729013,270.818,0.82173726504,160.0,160.0,32.949465,23.92572990183604,215.53227895140003,7101.673281679391,6.465968368542001
1080p,1920,1080,128,128,11,16,256,50.0,ws,19168080.0,0.0,288230400,290322765.0,269568000.0,18765.0,20736000.0,297555000.0,276535500.0,283500.0,20736000.0,66292992.00000001,1775664633.6000001,123606.462375,95558745.6,1871346985.6623752,44245680000.0,45360000.0,3317760000.0,47608800000.0,49546439977.66237,1.1259,accelergy,cacti,configs/cacti_sram_45nm.csv,6.5870750000000005,4.60835,4,45.0,1.14182,0.729013,270.818,0.82173726504,160.0,160.0,19.16808,0.0,49.54643997766237,949.7101252070304,1.4863931993298711
1080p,1920,1080,128,128,11,16,256,200.0,os,24734250.0,0.0,288230400,302097600.0,269568000.0,18014400.0,14515200.0,1336672800.0,1330155000.0,297000.0,6220800.0,66292992.00000001,1775664633.6000001,118662203.88000001,66891121.919999994,1961217959.3999999,212824800000.0,47520000.0,995328000.0,213867648000.0,215895158951.40002,1.1259,accelergy,cacti,configs/cacti_sram_45nm.csv,6.5870750000000005,4.60835,4,45.0,1.14182,0.729013,270.818,0.82173726504,160.0,160.0,24.73425,0.0,215.89515895140002,5340.004835293666,6.476854768542001
1080p,1920,1080,128,128,11,16,256,200.0,ws,18830505.0,0.0,288230400,290322765.0,269568000.0,18765.0,20736000.0,298038000.0,277005000.0,297000.0,20736000.0,66292992.00000001,1775664633.6000001,123606.462375,95558745.6,1871346985.6623752,44320800000.0,47520000.0,3317760000.0,47686080000.0,49623719977.66237,1.1259,accelergy,cacti,configs/cacti_sram_45nm.csv,6.5870750000000005,4.60835,4,45.0,1.14182,0.729013,270.818,0.82173726504,160.0,160.0,18.830505000000002,0.0,49.62371997766237,934.4397071579713,1.4887115993298712
1080p,1920,1080,128,128,11,16,256,800.0,os,24651285.0,0.0,288230400,302097600.0,269568000.0,18014400.0,14515200.0,1341316800.0,1334664000.0,432000.0,6220800.0,66292992.00000001,1775664633.6000001,118662203.88000001,66891121.919999994,1961217959.3999999,213546240000.0,69120000.0,995328000.0,214610688000.0,216638198951.40002,1.1259,accelergy,cacti,configs/cacti_sram_45nm.csv,6.5870750000000005,4.60835,4,45.0,1.14182,0.729013,270.818,0.82173726504,160.0,160.0,24.651284999999998,0.0,216.63819895140003,5340.409984237663,6.499145968542001
1080p,1920,1080,128,128,11,16,256,800.0,ws,18746040.0,0.0,288230400,290322765.0,269568000.0,18765.0,20736000.0,299112000.0,277944000.0,432000.0,20736000.0,66292992.00000001,1775664633.6000001,123606.462375,95558745.6,1871346985.6623752,44471040000.0,69120000.0,3317760000.0,47857920000.0,49795559977.66237,1.1259,accelergy,cacti,configs/cacti_sram_45nm.csv,6.5870750000000005,4.60835,4,45.0,1.14182,0.729013,270.818,0.82173726504,160.0,160.0,18.746039999999997,0.0,49.79555997766237,933.4695591636578,1.493866799329871
1080p,1920,1080,128,128,11,16,1024,50.0,os,25758705.0,0.0,288230400,302097600.0,269568000.0,18014400.0,14515200.0,294269550.0,287765250.0,283500.0,6220800.0,66292992.00000001,2782865030.4,185970307.32,128448270.72,3097283608.44,46042440000.0,45360000.0,995328000.0,47083128000.0,50246704600.439995,1.1259,accelergy,cacti,configs/cacti_sram_45nm.csv,10.323425,8.849225,4,45.0,2.03065,0.431177,1188.88,3.192179885,160.0,160.0,25.758705,0.0,50.24670460044,1294.2900410248767,1.5074011380132
1080p,1920,1080,128,128,11,16,1024,50.0,ws,20370885.0,0.0,288230400,290322765.0,269568000.0,18765.0,20736000.0,320163000.0,299143500.0,283500.0,20736000.0,66292992.00000001,2782865030.4,193719.070125,183497529.60000002,2966556279.0701246,47862960000.0,45360000.0,3317760000.0,51226080000.0,54258929271.07012,1.1259,accelergy,cacti,configs/cacti_sram_45nm.csv,10.323425,8.849225,4,45.0,2.03065,0.431177,1188.88,3.192179885,160.0,160.0,20.370884999999998,0.0,54.25892927107012,1105.3024084041033,1.6277678781321037
1080p,1920,1080,128,128,11,16,1024,200.0,os,24907440.0,0.0,288230400,302097600.0,269568000.0,18014400.0,14515200.0,294466800.0,287949000.0,297000.0,6220800.0,66292992.00000001,2782865030.4,185970307.32,128448270.72000001,3097283608.44,46071840000.0,47520000.0,995328000.0,47114688000.0,50278264600.439995,1.1259,accelergy,cacti,configs/cacti_sram_45nm.csv,10.323425,8.849225,4,45.0,2.03065,0.431177,1188.88,3.192179885,160.0,160.0,24.90744,0.0,50.27826460044,1252.3028588395832,1.5083479380131999
1080p,1920,1080,128,128,11,16,1024,200.0,ws,19131300.0,0.0,288230400,290322765.0,269568000.0,18765.0,20736000.0,320367000.0,299334000.0,297000.0,20736000.0,66292992.00000001,2782865030.4,193719.070125,183497529.60000002,2966556279.0701246,47893440000.0,47520000.0,3317760000.0,51258720000.0,54291569271.07013,1.1259,accelergy,cacti,configs/cacti_sram_45nm.csv,10.323425,8.849225,4,45.0,2.03065,0.431177,1188.88,3.192179885,160.0,160.0,19.1313,0.0,54.29156927107013,1038.668299195624,1.628747078132104
1080p,1920,1080,128,128,11,16,1024,800.0,os,24694680.0,0.0,288230400,302097600.0,269568000.0,18014400.0,14515200.0,295336800.0,288684000.0,432000.0,6220800.0,66292992.00000001,2782865030.4,185970307.32,128448270.72,3097283608.44,46189440000.0,69120000.0,995328000.0,47253888000.0,50417464600.439995,1.1259,accelergy,cacti,configs/cacti_sram_45nm.csv,10.323425,8.849225,4,45.0,2.03065,0.431177,1188.88,3.192179885,160.0,160.0,24.69468,0.0,50.41746460043999,1245.0431547191936,1.5125239380131998
1080p,1920,1080,128,128,11,16,1024,800.0,ws,18821340.0,0.0,288230400,290322765.0,269568000.0,18765.0,20736000.0,321264000.0,300096000.0,432000.0,20736000.0,66292992.00000001,2782865030.4,193719.070125,183497529.60000002,2966556279.0701246,48015360000.0,69120000.0,3317760000.0,51402240000.0,54435089271.07012,1.1259,accelergy,cacti,configs/cacti_sram_45nm.csv,10.323425,8.849225,4,45.0,2.03065,0.431177,1188.88,3.192179885,160.0,160.0,18.82134,0.0,54.43508927107012,1024.5413231011628,1.6330526781321038
1080p,1920,1080,128,128,11,16,4096,50.0,os,27646335.0,0.0,288230400,302097600.0,269568000.0,18014400.0,14515200.0,377896800.0,371392500.0,283500.0,6220800.0,66292992.00000001,5684083891.200001,379849836.96000004,249196590.71999997,6313130318.880001,59422800000.0,45360000.0,995328000.0,60463488000.0,66842911310.880005,1.1259,accelergy,cacti,configs/cacti_sram_45nm.csv,21.085900000000002,17.167975,4,45.0,3.18224,0.795423,4302.53,11.948249145600002,160.0,160.0,27.646335,0.0,66.84291131088,1847.9615184758777,2.0052873393264004
1080p,1920,1080,128,128,11,16,4096,50.0,ws,22336215.0,0.0,288230400,290322765.0,269568000.0,18765.0,20736000.0,407675250.0,386655750.0,283500.0,20736000.0,66292992.00000001,5684083891.200001,395676.9135,355995129.59999996,6040474697.7135,61864920000.0,45360000.0,3317760000.0,65228040000.0,71334807689.7135,1.1259,accelergy,cacti,configs/cacti_sram_45nm.csv,21.085900000000002,17.167975,4,45.0,3.18224,0.795423,4302.53,11.948249145600002,160.0,160.0,22.336215,0.0,71.3348076897135,1593.349601541094,2.140044230691405
1080p,1920,1080,128,128,11,16,4096,200.0,os,25379340.0,0.0,288230400,302097600.0,269568000.0,18014400.0,14515200.0,377977800.0,371460000.0,297000.0,6220800.0,66292992.00000001,5684083891.200001,379849836.96000004,249196590.71999997,6313130318.880001,59433600000.0,47520000.0,995328000.0,60476448000.0,66855871310.880005,1.1259,accelergy,cacti,configs/cacti_sram_45nm.csv,21.085900000000002,17.167975,4,45.0,3.18224,0.795423,4302.53,11.948249145600002,160.0,160.0,25.37934,0.0,66.85587131088,1696.7578889950694,2.0056761393264
1080p,1920,1080,128,128,11,16,4096,200.0,ws,19622565.0,0.0,288230400,290322765.0,269568000.0,18765.0,20736000.0,407751000.0,386718000.0,297000.0,20736000.0,66292992.00000001,5684083891.200001,395676.9135,355995129.59999996,6040474697.7135,61874880000.0,47520000.0,3317760000.0,65240160000.0,71346927689.7135,1.1259,accelergy,cacti,configs/cacti_sram_45nm.csv,21.085900000000002,17.167975,4,45.0,3.18224,0.795423,4302.53,11.948249145600002,160.0,160.0,19.622565,0.0,71.3469276897135,1400.009726141703,2.140407830691405
1080p,1920,1080,128,128,11,16,4096,800.0,os,24812595.0,0.0,288230400,302097600.0,269568000.0,18014400.0,14515200.0,378244800.0,371592000.0,432000.0,6220800.0,66292992.00000001,5684083891.200001,379849836.96000004,249196590.71999997,6313130318.880001,59454720000.0,69120000.0,995328000.0,60519168000.0,66898591310.880005,1.1259,accelergy,cacti,configs/cacti_sram_45nm.csv,21.085900000000002,17.167975,4,45.0,3.18224,0.795423,4302.53,11.948249145600002,160.0,160.0,24.812594999999998,0.0,66.89859131088001,1659.9276522673847,2.0069577393264
1080p,1920,1080,128,128,11,16,4096,800.0,ws,18944025.0,0.0,288230400,290322765.0,269568000.0,18765.0,20736000.0,407988000.0,386820000.0,432000.0,20736000.0,66292992.00000001,5684083891.200001,395676.9135,355995129.59999996,6040474697.7135,61891200000.0,69120000.0,3317760000.0,65278080000.0,71384847689.7135,1.1259,accelergy,cacti,configs/cacti_sram_45nm.csv,21.085900000000002,17.167975,4,45.0,3.18224,0.795423,4302.53,11.948249145600002,160.0,160.0,18.944025,0.0,71.3848476897135,1352.3163392551246,2.141545430691405
1080p,1920,1080,128,128,11,32,256,50.0,os,68146200.0,51244935.0,288230400,293090400.0,269568000.0,9007200.0,14515200.0,3256300800.0,3249513000.0,567000.0,6220800.0,66292992.00000001,1775664633.6000001,59331101.940000005,66891121.919999994,1901886857.46,519922080000.0,90720000.0,995328000.0,521008128000.0,522976307849.45996,0.281475,accelergy,cacti,configs/cacti_sram_45nm.csv,6.5870750000000005,4.60835,4,45.0,1.14182,0.729013,270.818,0.82173726504,160.0,160.0,68.14620000000001,75.19852170774011,522.97630784946,35638.848069970874,15.689289235483798
1080p,1920,1080,128,128,11,32,256,50.0,ws,10856685.0,0.0,288230400,282028365.0,269568000.0,18765.0,12441600.0,289544100.0,276535500.0,567000.0,12441600.0,66292992.00000001,1775664633.6000001,123606.46237500002,57335247.35999999,1833123487.4223752,44245680000.0,90720000.0,1990656000.0,46327056000.0,48226472479.42238,0.281475,accelergy,cacti,configs/cacti_sram_45nm.csv,6.5870750000000005,4.60835,4,45.0,1.14182,0.729013,270.818,0.82173726504,160.0,160.0,10.856684999999999,0.0,48.22647247942238,523.5796203702577,1.4467941743826713
1080p,1920,1080,128,128,11,32,256,200.0,os,20728920.0,4159470.0,288230400,293090400.0,269568000.0,9007200.0,14515200.0,3261844800.0,3255030000.0,594000.0,6220800.0,66292992.00000001,1775664633.6000001,59331101.940000005,66891121.919999994,1901886857.46,520804800000.0,95040000.0,995328000.0,521895168000.0,523863347849.45996,0.281475,accelergy,cacti,configs/cacti_sram_45nm.csv,6.5870750000000005,4.60835,4,45.0,1.14182,0.729013,270.818,0.82173726504,160.0,160.0,20.728920000000002,20.06602370022172,523.86334784946,10859.12142850363,15.7159004354838
1080p,1920,1080,128,128,11,32,256,200.0,ws,10537560.0,0.0,288230400,282028365.0,269568000.0,18765.0,12441600.0,290040600.0,277005000.0,594000.0,12441600.0,66292992.00000001,1775664633.6000001,123606.462375,57335247.35999999,1833123487.4223752,44320800000.0,95040000.0,1990656000.0,46406496000.0,48305912479.42237,0.281475,accelergy,cacti,configs/cacti_sram_45nm.csv,6.5870750000000005,4.60835,4,45.0,1.14182,0.729013,270.818,0.82173726504,160.0,160.0,10.53756,0.0,48.30591247942237,509.0264511066619,1.4491773743826712
1080p,1920,1080,128,128,11,32,256,800.0,os,16486485.0,0.0,288230400,293090400.0,269568000.0,9007200.0,14515200.0,3272932800.0,3266064000.0,648000.0,6220800.0,66292992.00000001,1775664633.6000001,59331101.940000005,66891121.919999994,1901886857.46,522570240000.0,103680000.0,995328000.0,523669248000.0,525637427849.45996,0.281475,accelergy,cacti,configs/cacti_sram_45nm.csv,6.5870750000000005,4.60835,4,45.0,1.14182,0.729013,270.818,0.82173726504,160.0,160.0,16.486485,0.0,525.63742784946,8665.913569678703,15.769122835483799
1080p,1920,1080,128,128,11,32,256,800.0,ws,10457700.0,0.0,288230400,282028365.0,269568000.0,18765.0,12441600.0,291033600.0,277944000.0,648000.0,12441600.0,66292992.00000001,1775664633.6000001,123606.46237500002,57335247.35999999,1833123487.4223752,44471040000.0,103680000.0,1990656000.0,46565376000.0,48464792479.42238,0.281475,accelergy,cacti,configs/cacti_sram_45nm.csv,6.5870750000000005,4.60835,4,45.0,1.14182,0.729013,270.818,0.82173726504,160.0,160.0,10.4577,0.0,48.46479247942238,506.83026031205543,1.4539437743826713
1080p,1920,1080,128,128,11,32,1024,50.0,os,22071540.0,4477635.0,288230400,293090400.0,269568000.0,9007200.0,14515200.0,535324050.0,528536250.0,567000.0,6220800.0,66292992.00000001,2782865030.4,92985153.66,128448270.72000001,3004298454.7799997,84565800000.0,90720000.0,995328000.0,85651848000.0,88722439446.78,0.281475,accelergy,cacti,configs/cacti_sram_45nm.csv,10.323425,8.849225,4,45.0,2.03065,0.431177,1188.88,3.192179885,160.0,160.0,22.07154,20.28691699808894,88.72243944678,1958.2408711471826,2.6616731834034
1080p,1920,1080,128,128,11,32,1024,50.0,ws,11952540.0,0.0,288230400,282028365.0,269568000.0,18765.0,12441600.0,313872600.0,300864000.0,567000.0,12441600.0,66292992.00000001,2782865030.4,193719.070125,110098517.76000002,2893157267.2301245,48138240000.0,90720000.0,1990656000.0,50219616000.0,53179066259.230125,0.281475,accelergy,cacti,configs/cacti_sram_45nm.csv,10.323425,8.849225,4,45.0,2.03065,0.431177,1188.88,3.192179885,160.0,160.0,11.952539999999999,0.0,53.179066259230126,635.6249166260984,1.5953719877769037
1080p,1920,1080,128,128,11,32,1024,200.0,os,16821240.0,78600.0,288230400,293090400.0,269568000.0,9007200.0,14515200.0,535687800.0,528873000.0,594000.0,6220800.0,66292992.00000001,2782865030.4,92985153.66,128448270.72,3004298454.7799997,84619680000.0,95040000.0,995328000.0,85710048000.0,88780639446.78,0.281475,accelergy,cacti,configs/cacti_sram_45nm.csv,10.323425,8.849225,4,45.0,2.03065,0.431177,1188.88,3.192179885,160.0,160.0,16.82124,0.4672663846422737,88.78063944678,1493.4004434877536,2.6634191834034
1080p,1920,1080,128,128,11,32,1024,200.0,ws,10811550.0,0.0,288230400,282028365.0,269568000.0,18765.0,12441600.0,314088600.0,301053000.0,594000.0,12441600.0,66292992.00000001,2782865030.4,193719.070125,110098517.76000002,2893157267.230125,48168480000.0,95040000.0,1990656000.0,50254176000.0,53213626259.230125,0.281475,accelergy,cacti,configs/cacti_sram_45nm.csv,10.323425,8.849225,4,45.0,2.03065,0.431177,1188.88,3.192179885,160.0,160.0,10.81155,0.0,53.213626259230125,575.3217809829795,1.5964087877769038
1080p,1920,1080,128,128,11,32,1024,800.0,os,16529880.0,0.0,288230400,293090400.0,269568000.0,9007200.0,14515200.0,537088800.0,530220000.0,648000.0,6220800.0,66292992.00000001,2782865030.4,92985153.66,128448270.72,3004298454.7799997,84835200000.0,103680000.0,995328000.0,85934208000.0,89004799446.78,0.281475,accelergy,cacti,configs/cacti_sram_45nm.csv,10.323425,8.849225,4,45.0,2.03065,0.431177,1188.88,3.192179885,160.0,160.0,16.52988,0.0,89.00479944678,1471.2386542793397,2.6701439834034
1080p,1920,1080,128,128,11,32,1024,800.0,ws,10526265.0,0.0,288230400,282028365.0,269568000.0,18765.0,12441600.0,314901600.0,301812000.0,648000.0,12441600.0,66292992.00000001,2782865030.4,193719.070125,110098517.76000002,2893157267.2301245,48289920000.0,103680000.0,1990656000.0,50384256000.0,53343706259.230125,0.281475,accelergy,cacti,configs/cacti_sram_45nm.csv,10.323425,8.849225,4,45.0,2.03065,0.431177,1188.88,3.192179885,160.0,160.0,10.526265,0.0,53.343706259230125,561.509988166815,1.6003111877769038
1080p,1920,1080,128,128,11,32,4096,50.0,os,19481535.0,0.0,288230400,293090400.0,269568000.0,9007200.0,14515200.0,378180300.0,371392500.0,567000.0,6220800.0,66292992.00000001,5684083891.200001,189924918.48000002,249196590.71999997,6123205400.400001,59422800000.0,90720000.0,995328000.0,60508848000.0,66698346392.4,0.281475,accelergy,cacti,configs/cacti_sram_45nm.csv,21.085900000000002,17.167975,4,45.0,3.18224,0.795423,4302.53,11.948249145600002,160.0,160.0,19.481535,0.0,66.6983463924,1299.3861696856643,2.000950391772
1080p,1920,1080,128,128,11,32,4096,50.0,ws,14547030.0,0.0,288230400,282028365.0,269568000.0,18765.0,12441600.0,432842850.0,419834250.0,567000.0,12441600.0,66292992.00000001,5684083891.200001,395676.9135,213597077.76,5898076645.873501,67173480000.0,90720000.0,1990656000.0,69254856000.0,75219225637.8735,0.281475,accelergy,cacti,configs/cacti_sram_45nm.csv,21.085900000000002,17.167975,4,45.0,3.18224,0.795423,4302.53,11.948249145600002,160.0,160.0,14.547030000000001,0.0,75.2192256378735,1094.2163319309152,2.256576769136205
1080p,1920,1080,128,128,11,32,4096,200.0,os,17214540.0,0.0,288230400,293090400.0,269568000.0,9007200.0,14515200.0,378274800.0,371460000.0,594000.0,6220800.0,66292992.00000001,5684083891.200001,189924918.48000002,249196590.71999997,6123205400.400001,59433600000.0,95040000.0,995328000.0,60523968000.0,66713466392.4,0.281475,accelergy,cacti,configs/cacti_sram_45nm.csv,21.085900000000002,17.167975,4,45.0,3.18224,0.795423,4302.53,11.948249145600002,160.0,160.0,17.21454,0.0,66.71346639240001,1148.4416357506257,2.001403991772
1080p,1920,1080,128,128,11,32,4096,200.0,ws,11460135.0,0.0,288230400,282028365.0,269568000.0,18765.0,12441600.0,432936600.0,419901000.0,594000.0,12441600.0,66292992.00000001,5684083891.200001,395676.9135,213597077.76,5898076645.873501,67184160000.0,95040000.0,1990656000.0,69269856000.0,75234225637.8735,0.281475,accelergy,cacti,configs/cacti_sram_45nm.csv,21.085900000000002,17.167975,4,45.0,3.18224,0.795423,4302.53,11.948249145600002,160.0,160.0,11.460135,0.0,75.23422563787351,862.1943824304915,2.257026769136205
1080p,1920,1080,128,128,11,32,4096,800.0,os,16647795.0,0.0,288230400,293090400.0,269568000.0,9007200.0,14515200.0,378460800.0,371592000.0,648000.0,6220800.0,66292992.00000001,5684083891.200001,189924918.48000002,249196590.71999997,6123205400.400001,59454720000.0,103680000.0,995328000.0,60553728000.0,66743226392.4,0.281475,accelergy,cacti,configs/cacti_sram_45nm.csv,21.085900000000002,17.167975,4,45.0,3.18224,0.795423,4302.53,11.948249145600002,160.0,160.0,16.647795,0.0,66.7432263924,1111.1275506192646,2.002296791772
1080p,1920,1080,128,128,11,32,4096,800.0,ws,10688310.0,0.0,288230400,282028365.0,269568000.0,18765.0,12441600.0,433113600.0,420024000.0,648000.0,12441600.0,66292992.00000001,5684083891.200001,395676.9135,213597077.76,5898076645.873501,67203840000.0,103680000.0,1990656000.0,69298176000.0,75262545637.8735,0.281475,accelergy,cacti,configs/cacti_sram_45nm.csv,21.085900000000002,17.167975,4,45.0,3.18224,0.795423,4302.53,11.948249145600002,160.0,160.0,10.68831,0.0,75.2625456378735,804.4294191667396,2.257876369136205
1080p,1920,1080,128,128,11,64,256,50.0,os,114086820.0,101267955.0,288230400,288586800.0,269568000.0,4503600.0,14515200.0,5553961050.0,5546613000.0,1127250.0,6220800.0,66292992.00000001,1775664633.6000001,29665550.970000003,66891121.919999994,1872221306.49,887458080000.0,180360000.0,995328000.0,888633768000.0,890572282298.49,0.07036875,accelergy,cacti,configs/cacti_sram_45nm.csv,6.5870750000000005,4.60835,4,45.0,1.14182,0.729013,270.818,0.82173726504,160.0,160.0,114.08682,88.76393872666448,890.57228229849,101602.55966757702,26.7171684689547
1080p,1920,1080,128,128,11,64,256,50.0,ws,7610730.0,829410.0,288230400,277881165.0,269568000.0,18765.0,8294400.0,285957150.0,276535500.0,1127250.0,8294400.0,66292992.00000001,1775664633.6000001,123606.462375,38223498.239999995,1814011738.3023753,44245680000.0,180360000.0,1327104000.0,45753144000.0,47633448730.30237,0.07036875,accelergy,cacti,configs/cacti_sram_45nm.csv,6.5870750000000005,4.60835,4,45.0,1.14182,0.729013,270.818,0.82173726504,160.0,160.0,7.610729999999999,10.897903354868719,47.63344873030237,362.5253172551741,1.429003461909071
1080p,1920,1080,128,128,11,64,256,200.0,os,32087085.0,19600035.0,288230400,288586800.0,269568000.0,4503600.0,14515200.0,5563384800.0,5556030000.0,1134000.0,6220800.0,66292992.00000001,1775664633.6000001,29665550.970000003,66891121.919999994,1872221306.49,888964800000.0,181440000.0,995328000.0,890141568000.0,892080082298.49,0.07036875,accelergy,cacti,configs/cacti_sram_45nm.csv,6.5870750000000005,4.60835,4,45.0,1.14182,0.729013,270.818,0.82173726504,160.0,160.0,32.087085,61.08387533488941,892.08008229849,28624.249427518644,26.7624024689547
1080p,1920,1080,128,128,11,64,256,200.0,ws,6418380.0,0.0,288230400,277881165.0,269568000.0,18765.0,8294400.0,286433400.0,277005000.0,1134000.0,8294400.0,66292992.00000001,1775664633.6000001,123606.462375,38223498.239999995,1814011738.3023753,44320800000.0,181440000.0,1327104000.0,45829344000.0,47709648730.30237,0.07036875,accelergy,cacti,configs/cacti_sram_45nm.csv,6.5870750000000005,4.60835,4,45.0,1.14182,0.729013,270.818,0.82173726504,160.0,160.0,6.41838,0.0,47.70964873030237,306.2186552175981,1.431289461909071
1080p,1920,1080,128,128,11,64,256,800.0,os,12976950.0,572865.0,288230400,288586800.0,269568000.0,4503600.0,14515200.0,5582272800.0,5574864000.0,1188000.0,6220800.0,66292992.00000001,1775664633.6000001,29665550.970000003,66891121.919999994,1872221306.49,891978240000.0,190080000.0,995328000.0,893163648000.0,895102162298.49,0.07036875,accelergy,cacti,configs/cacti_sram_45nm.csv,6.5870750000000005,4.60835,4,45.0,1.14182,0.729013,270.818,0.82173726504,160.0,160.0,12.976949999999999,4.414481060649845,895.10216229849,11615.69600503939,26.8530648689547
1080p,1920,1080,128,128,11,64,256,800.0,ws,6327570.0,0.0,288230400,277881165.0,269568000.0,18765.0,8294400.0,287426400.0,277944000.0,1188000.0,8294400.0,66292992.00000001,1775664633.6000001,123606.462375,38223498.239999995,1814011738.3023753,44471040000.0,190080000.0,1327104000.0,45988224000.0,47868528730.30237,0.07036875,accelergy,cacti,configs/cacti_sram_45nm.csv,6.5870750000000005,4.60835,4,45.0,1.14182,0.729013,270.818,0.82173726504,160.0,160.0,6.327570000000001,0.0,47.868528730302366,302.89146633799936,1.436055861909071
1080p,1920,1080,128,128,11,64,1024,50.0,os,40325220.0,26813715.0,288230400,288586800.0,269568000.0,4503600.0,14515200.0,1750361550.0,1743013500.0,1127250.0,6220800.0,66292992.00000001,2782865030.4,46492576.83,128448270.72000001,2957805877.95,278882160000.0,180360000.0,995328000.0,280057848000.0,283081946869.95,0.07036875,accelergy,cacti,configs/cacti_sram_45nm.csv,10.323425,8.849225,4,45.0,2.03065,0.431177,1188.88,3.192179885,160.0,160.0,40.32522,66.49366079093927,283.08194686995,11415.341785559045,8.4924584060985
1080p,1920,1080,128,128,11,64,1024,50.0,ws,8554950.0,817020.0,288230400,277881165.0,269568000.0,18765.0,8294400.0,310385400.0,300963750.0,1127250.0,8294400.0,66292992.00000001,2782865030.4,193719.070125,73399011.84,2856457761.3101254,48154200000.0,180360000.0,1327104000.0,49661664000.0,52584414753.31013,0.07036875,accelergy,cacti,configs/cacti_sram_45nm.csv,10.323425,8.849225,4,45.0,2.03065,0.431177,1188.88,3.192179885,160.0,160.0,8.55495,9.550260375572037,52.58441475331013,449.8570389938305,1.5775324425993038
1080p,1920,1080,128,128,11,64,1024,200.0,os,13830360.0,1170120.0,288230400,288586800.0,269568000.0,4503600.0,14515200.0,1751476800.0,1744122000.0,1134000.0,6220800.0,66292992.00000001,2782865030.4,46492576.83,128448270.72000001,2957805877.95,279059520000.0,181440000.0,995328000.0,280236288000.0,283260386869.95,0.07036875,accelergy,cacti,configs/cacti_sram_45nm.csv,10.323425,8.849225,4,45.0,2.03065,0.431177,1188.88,3.192179885,160.0,160.0,13.83036,8.460517296729803,283.26038686995,3917.5931241506823,8.4978116060985
1080p,1920,1080,128,128,11,64,1024,200.0,ws,6657600.0,0.0,288230400,277881165.0,269568000.0,18765.0,8294400.0,310583400.0,301155000.0,1134000.0,8294400.0,66292992.00000001,2782865030.4,193719.070125,73399011.84,2856457761.3101254,48184800000.0,181440000.0,1327104000.0,49693344000.0,52616094753.31013,0.07036875,accelergy,cacti,configs/cacti_sram_45nm.csv,10.323425,8.849225,4,45.0,2.03065,0.431177,1188.88,3.192179885,160.0,160.0,6.6575999999999995,0.0,52.61609475331013,350.2969124296375,1.5784828425993036
1080p,1920,1080,128,128,11,64,1024,800.0,os,12447480.0,0.0,288230400,288586800.0,269568000.0,4503600.0,14515200.0,1755964800.0,1748556000.0,1188000.0,6220800.0,66292992.00000001,2782865030.4,46492576.83,128448270.72000001,2957805877.95,279768960000.0,190080000.0,995328000.0,280954368000.0,283978466869.95,0.07036875,accelergy,cacti,configs/cacti_sram_45nm.csv,10.323425,8.849225,4,45.0,2.03065,0.431177,1188.88,3.192179885,160.0,160.0,12.44748,0.0,283.97846686995,3534.8162867943656,8.5193540060985
1080p,1920,1080,128,128,11,64,1024,800.0,ws,6387510.0,0.0,288230400,277881165.0,269568000.0,18765.0,8294400.0,311402400.0,301920000.0,1188000.0,8294400.0,66292992.00000001,2782865030.4,193719.070125,73399011.84,2856457761.3101254,48307200000.0,190080000.0,1327104000.0,49824384000.0,52747134753.31013,0.07036875,accelergy,cacti,configs/cacti_sram_45nm.csv,10.323425,8.849225,4,45.0,2.03065,0.431177,1188.88,3.192179885,160.0,160.0,6.38751,0.0,52.74713475331013,336.92285070811596,1.5824140425993036
1080p,1920,1080,128,128,11,64,4096,50.0,os,24458655.0,9059520.0,288230400,288586800.0,269568000.0,4503600.0,14515200.0,831692550.0,824344500.0,1127250.0,6220800.0,66292992.00000001,5684083891.200001,94962459.24000001,249196590.71999997,6028242941.160001,131895120000.0,180360000.0,995328000.0,133070808000.0,139165343933.16,0.07036875,accelergy,cacti,configs/cacti_sram_45nm.csv,21.085900000000002,17.167975,4,45.0,3.18224,0.795423,4302.53,11.948249145600002,160.0,160.0,24.458655,37.0401397787409,139.16534393316002,3403.797135217504,4.174960317994801
1080p,1920,1080,128,128,11,64,4096,50.0,ws,12373365.0,967680.0,288230400,277881165.0,269568000.0,18765.0,8294400.0,483018900.0,473597250.0,1127250.0,8294400.0,66292992.00000001,5684083891.200001,395676.9135,142398051.83999997,5826877619.953501,75775560000.0,180360000.0,1327104000.0,77283024000.0,83176194611.9535,0.07036875,accelergy,cacti,configs/cacti_sram_45nm.csv,21.085900000000002,17.167975,4,45.0,3.18224,0.795423,4302.53,11.948249145600002,160.0,160.0,12.373365000000002,7.820669639988799,83.1761946119535,1029.1694152447342,2.495285838358605
1080p,1920,1080,128,128,11,64,4096,200.0,os,13132140.0,0.0,288230400,288586800.0,269568000.0,4503600.0,14515200.0,831838800.0,824484000.0,1134000.0,6220800.0,66292992.00000001,5684083891.200001,94962459.24000001,249196590.71999997,6028242941.160001,131917440000.0,181440000.0,995328000.0,133094208000.0,139188743933.16,0.07036875,accelergy,cacti,configs/cacti_sram_45nm.csv,21.085900000000002,17.167975,4,45.0,3.18224,0.795423,4302.53,11.948249145600002,160.0,160.0,13.13214,0.0,139.18874393316,1827.8460717544076,4.1756623179948
1080p,1920,1080,128,128,11,64,4096,200.0,ws,7574520.0,0.0,288230400,277881165.0,269568000.0,18765.0,8294400.0,483098400.0,473670000.0,1134000.0,8294400.0,66292992.00000001,5684083891.200001,395676.9135,142398051.83999997,5826877619.953501,75787200000.0,181440000.0,1327104000.0,77295744000.0,83188914611.9535,0.07036875,accelergy,cacti,configs/cacti_sram_45nm.csv,21.085900000000002,17.167975,4,45.0,3.18224,0.795423,4302.53,11.948249145600002,160.0,160.0,7.574520000000001,0.0,83.1889146119535,630.1160975065342,2.495667438358605
1080p,1920,1080,128,128,11,64,4096,800.0,os,12565395.0,0.0,288230400,288586800.0,269568000.0,4503600.0,14515200.0,832120800.0,824712000.0,1188000.0,6220800.0,66292992.00000001,5684083891.200001,94962459.24000001,249196590.71999997,6028242941.160001,131953920000.0,190080000.0,995328000.0,133139328000.0,139233863933.16,0.07036875,accelergy,cacti,configs/cacti_sram_45nm.csv,21.085900000000002,17.167975,4,45.0,3.18224,0.795423,4302.53,11.948249145600002,160.0,160.0,12.565395,0.0,139.23386393316,1749.528497696409,4.1770159179948
1080p,1920,1080,128,128,11,64,4096,800.0,ws,6616605.0,0.0,288230400,277881165.0,269568000.0,18765.0,8294400.0,483254400.0,473772000.0,1188000.0,8294400.0,66292992.00000001,5684083891.200001,395676.9135,142398051.83999997,5826877619.953501,75803520000.0,190080000.0,1327104000.0,77320704000.0,83213874611.9535,0.07036875,accelergy,cacti,configs/cacti_sram_45nm.csv,21.085900000000002,17.167975,4,45.0,3.18224,0.795423,4302.53,11.948249145600002,160.0,160.0,6.616605,0.0,83.2138746119535,550.5933388268246,2.496416238358605
1080p,1920,1080,128,128,11,128,256,50.0,ws,7616715.0,2924310.0,288230400,275807565.0,269568000.0,18765.0,6220800.0,284720550.0,276535500.0,1964250.0,6220800.0,66292992.00000001,1775664633.6000001,123606.462375,28667623.68,1804455863.7423751,44245680000.0,314280000.0,995328000.0,45555288000.0,47426036855.74237,0.041472,accelergy,cacti,configs/cacti_sram_45nm.csv,6.5870750000000005,4.60835,4,45.0,1.14182,0.729013,270.818,0.82173726504,160.0,160.0,7.616714999999999,38.39332310582712,47.42603685574237,361.2306063096857,1.422781105672271
1080p,1920,1080,128,128,11,128,256,200.0,ws,4360590.0,0.0,288230400,275807565.0,269568000.0,18765.0,6220800.0,285196800.0,277005000.0,1971000.0,6220800.0,66292992.00000001,1775664633.6000001,123606.46237500002,28667623.679999996,1804455863.7423751,44320800000.0,315360000.0,995328000.0,45631488000.0,47502236855.74238,0.0175921875,accelergy,cacti,configs/cacti_sram_45nm.csv,6.5870750000000005,4.60835,4,45.0,1.14182,0.729013,270.818,0.82173726504,160.0,160.0,4.36059,0.0,47.50223685574238,207.13777901078168,1.4250671056722712
1080p,1920,1080,128,128,11,128,256,800.0,ws,4277625.0,0.0,288230400,275807565.0,269568000.0,18765.0,6220800.0,286216800.0,277944000.0,2052000.0,6220800.0,66292992.00000001,1775664633.6000001,123606.462375,28667623.68,1804455863.7423751,44471040000.0,328320000.0,995328000.0,45794688000.0,47665436855.74237,0.0175921875,accelergy,cacti,configs/cacti_sram_45nm.csv,6.5870750000000005,4.60835,4,45.0,1.14182,0.729013,270.818,0.82173726504,160.0,160.0,4.2776250000000005,0.0,47.66543685574237,203.89486433004498,1.429963105672271
1080p,1920,1080,128,128,11,128,1024,50.0,os,74563845.0,63093540.0,288230400,286335000.0,269568000.0,2251800.0,14515200.0,3500619300.0,3492144000.0,2254500.0,6220800.0,66292992.00000001,2782865030.4,23246288.415,128448270.72,2934559589.535,558743040000.0,360720000.0,995328000.0,560099088000.0,563099940581.535,0.041472,accelergy,cacti,configs/cacti_sram_45nm.csv,10.323425,8.849225,4,45.0,2.03065,0.431177,1188.88,3.192179885,160.0,160.0,74.563845,84.6168005418712,563.0999405815351,41986.89668903079,16.89299821744605
1080p,1920,1080,128,128,11,128,1024,50.0,ws,8470005.0,2820990.0,288230400,275807565.0,269568000.0,18765.0,6220800.0,309439050.0,300963750.0,2254500.0,6220800.0,66292992.00000001,2782865030.4,193719.070125,55049258.88000001,2838108008.3501253,48154200000.0,360720000.0,995328000.0,49510248000.0,52414649000.35013,0.041472,accelergy,cacti,configs/cacti_sram_45nm.csv,10.323425,8.849225,4,45.0,2.03065,0.431177,1188.88,3.192179885,160.0,160.0,8.470004999999999,33.30564739926364,52.41464900035013,443.95233910621056,1.572439470010504
1080p,1920,1080,128,128,11,128,1024,200.0,os,22072755.0,11453715.0,288230400,286335000.0,269568000.0,2251800.0,14515200.0,3502852800.0,3494364000.0,2268000.0,6220800.0,66292992.00000001,2782865030.4,23246288.415,128448270.72,2934559589.535,559098240000.0,362880000.0,995328000.0,560456448000.0,563457300581.535,0.0175921875,accelergy,cacti,configs/cacti_sram_45nm.csv,10.323425,8.849225,4,45.0,2.03065,0.431177,1188.88,3.192179885,160.0,160.0,22.072755,51.89073588684331,563.457300581535,12437.054948697581,16.90371901744605
1080p,1920,1080,128,128,11,128,1024,200.0,ws,4599810.0,0.0,288230400,275807565.0,269568000.0,18765.0,6220800.0,309643800.0,301155000.0,2268000.0,6220800.0,66292992.00000001,2782865030.4,193719.070125,55049258.88000001,2838108008.3501253,48184800000.0,362880000.0,995328000.0,49543008000.0,52447409000.35013,0.0175921875,accelergy,cacti,configs/cacti_sram_45nm.csv,10.323425,8.849225,4,45.0,2.03065,0.431177,1188.88,3.192179885,160.0,160.0,4.599810000000001,0.0,52.44740900035013,241.24811639390055,1.5734222700105038
1080p,1920,1080,128,128,11,128,1024,800.0,os,10406280.0,0.0,288230400,286335000.0,269568000.0,2251800.0,14515200.0,3511840800.0,3503244000.0,2376000.0,6220800.0,66292992.00000001,2782865030.4,23246288.415,128448270.72,2934559589.535,560519040000.0,380160000.0,995328000.0,561894528000.0,564895380581.535,0.0175921875,accelergy,cacti,configs/cacti_sram_45nm.csv,10.323425,8.849225,4,45.0,2.03065,0.431177,1188.88,3.192179885,160.0,160.0,10.40628,0.0,564.895380581535,5878.459501038017,16.94686141744605
1080p,1920,1080,128,128,11,128,1024,800.0,ws,4337565.0,0.0,288230400,275807565.0,269568000.0,18765.0,6220800.0,310516800.0,301920000.0,2376000.0,6220800.0,66292992.00000001,2782865030.4,193719.070125,55049258.88000001,2838108008.3501253,48307200000.0,380160000.0,995328000.0,49682688000.0,52587089000.35013,0.0175921875,accelergy,cacti,configs/cacti_sram_45nm.csv,10.323425,8.849225,4,45.0,2.03065,0.431177,1188.88,3.192179885,160.0,160.0,4.337565,0.0,52.587089000350126,228.09991669980369,1.577612670010504
1080p,1920,1080,128,128,11,128,4096,50.0,os,22417455.0,9059520.0,288230400,286335000.0,269568000.0,2251800.0,14515200.0,832819800.0,824344500.0,2254500.0,6220800.0,66292992.00000001,5684083891.200001,47481229.620000005,249196590.71999997,5980761711.540001,131895120000.0,360720000.0,995328000.0,133251168000.0,139298222703.54,0.041472,accelergy,cacti,configs/cacti_sram_45nm.csv,21.085900000000002,17.167975,4,45.0,3.18224,0.795423,4302.53,11.948249145600002,160.0,160.0,22.417455,40.41279440507408,139.29822270354,3122.7116390365863,4.178946681106201
1080p,1920,1080,128,128,11,128,4096,50.0,ws,12112395.0,2658000.0,288230400,275807565.0,269568000.0,18765.0,6220800.0,488953800.0,480478500.0,2254500.0,6220800.0,66292992.00000001,5684083891.200001,395676.9135,106798538.87999998,5791278106.993501,76876560000.0,360720000.0,995328000.0,78232608000.0,84090179098.9935,0.041472,accelergy,cacti,configs/cacti_sram_45nm.csv,21.085900000000002,17.167975,4,45.0,3.18224,0.795423,4302.53,11.948249145600002,160.0,160.0,12.112395,21.944462676456638,84.0901790989935,1018.5334648677533,2.522705372969805
1080p,1920,1080,128,128,11,128,4096,200.0,os,11090940.0,0.0,288230400,286335000.0,269568000.0,2251800.0,14515200.0,832972800.0,824484000.0,2268000.0,6220800.0,66292992.00000001,5684083891.200001,47481229.620000005,249196590.71999997,5980761711.540001,131917440000.0,362880000.0,995328000.0,133275648000.0,139322702703.54,0.0175921875,accelergy,cacti,configs/cacti_sram_45nm.csv,21.085900000000002,17.167975,4,45.0,3.18224,0.795423,4302.53,11.948249145600002,160.0,160.0,11.09094,0.0,139.32270270354002,1545.2197363228001,4.1796810811062
1080p,1920,1080,128,128,11,128,4096,200.0,ws,5551140.0,0.0,288230400,275807565.0,269568000.0,18765.0,6220800.0,489040800.0,480552000.0,2268000.0,6220800.0,66292992.00000001,5684083891.200001,395676.9135,106798538.87999998,5791278106.993501,76888320000.0,362880000.0,995328000.0,78246528000.0,84104099098.9935,0.0175921875,accelergy,cacti,configs/cacti_sram_45nm.csv,21.085900000000002,17.167975,4,45.0,3.18224,0.795423,4302.53,11.948249145600002,160.0,160.0,5.55114,0.0,84.1040990989935,466.8736286723868,2.523122972969805
1080p,1920,1080,128,128,11,128,4096,800.0,os,10524195.0,0.0,288230400,286335000.0,269568000.0,2251800.0,14515200.0,833308800.0,824712000.0,2376000.0,6220800.0,66292992.00000001,5684083891.200001,47481229.620000005,249196590.71999997,5980761711.540001,131953920000.0,380160000.0,995328000.0,133329408000.0,139376462703.54,0.0175921875,accelergy,cacti,configs/cacti_sram_45nm.csv,21.085900000000002,17.167975,4,45.0,3.18224,0.795423,4302.53,11.948249145600002,160.0,160.0,10.524195,0.0,139.37646270354,1466.8250719022822,4.181293881106201
1080p,1920,1080,128,128,11,128,4096,800.0,ws,4575255.0,0.0,288230400,275807565.0,269568000.0,18765.0,6220800.0,489244800.0,480648000.0,2376000.0,6220800.0,66292992.00000001,5684083891.200001,395676.9135,106798538.88,5791278106.993501,76903680000.0,380160000.0,995328000.0,78279168000.0,84136739098.9935,0.0175921875,accelergy,cacti,configs/cacti_sram_45nm.csv,21.085900000000002,17.167975,4,45.0,3.18224,0.795423,4302.53,11.948249145600002,160.0,160.0,4.575255,0.0,84.1367390989935,384.94703624636554,2.524102172969805
720p,1280,720,128,128,3,8,256,50.0,os,5495670.0,0.0,24883200,26150400.0,16588800.0,3110400.0,6451200.0,52252800.0,49476000.0,12000.0,2764800.0,5723136.0,109271669.76,20488438.080000002,29729387.52,159489495.36,7916160000.0,1920000.0,442368000.0,8360448000.0,8525660631.360001,0.38880000000000003,accelergy,cacti,configs/cacti_sram_45nm.csv,6.5870750000000005,4.60835,4,45.0,1.14182,0.729013,270.818,0.82173726504,160.0,160.0,5.4956700000000005,0.0,8.525660631360001,46.85421736194622,0.25576981894080003
720p,1280,720,128,128,3,8,256,50.0,ws,3884600.0,0.0,24883200,22120020.0,16588800.0,1620.0,5529600.0,25567600.0,20026000.0,12000.0,5529600.0,5723136.0,109271669.76,10671.0615,25482332.16,134764672.9815,3204160000.0,1920000.0,884736000.0,4090816000.0,4231303808.9814997,0.38880000000000003,accelergy,cacti,configs/cacti_sram_45nm.csv,6.5870750000000005,4.60835,4,45.0,1.14182,0.729013,270.818,0.82173726504,160.0,160.0,3.8846000000000003,0.0,4.2313038089815,16.436922776369535,0.12693911426944499
720p,1280,720,128,128,3,8,256,200.0,os,5348210.0,0.0,24883200,26150400.0,16588800.0,3110400.0,6451200.0,52348800.0,49560000.0,24000.0,2764800.0,5723136.0,109271669.76,20488438.080000002,29729387.519999996,159489495.36,7929600000.0,3840000.0,442368000.0,8375808000.0,8541020631.360001,0.38880000000000003,accelergy,cacti,configs/cacti_sram_45nm.csv,6.5870750000000005,4.60835,4,45.0,1.14182,0.729013,270.818,0.82173726504,160.0,160.0,5.34821,0.0,8.54102063136,45.67917195084587,0.2562306189408
720p,1280,720,128,128,3,8,256,200.0,ws,3739820.0,0.0,24883200,22120020.0,16588800.0,1620.0,5529600.0,25613600.0,20060000.0,24000.0,5529600.0,5723136.0,109271669.76,10671.0615,25482332.16,134764672.9815,3209600000.0,3840000.0,884736000.0,4098176000.0,4238663808.9815,0.38880000000000003,accelergy,cacti,configs/cacti_sram_45nm.csv,6.5870750000000005,4.60835,4,45.0,1.14182,0.729013,270.818,0.82173726504,160.0,160.0,3.73982,0.0,4.2386638089815,15.851839686105194,0.127159914269445
720p,1280,720,128,128,3,8,256,800.0,os,5311330.0,0.0,24883200,26150400.0,16588800.0,3110400.0,6451200.0,52588800.0,49728000.0,96000.0,2764800.0,5723136.0,109271669.76,20488438.080000002,29729387.52,159489495.36,7956480000.0,15360000.0,442368000.0,8414208000.0,8579420631.360001,0.38880000000000003,accelergy,cacti,configs/cacti_sram_45nm.csv,6.5870750000000005,4.60835,4,45.0,1.14182,0.729013,270.818,0.82173726504,160.0,160.0,5.311330000000001,0.0,8.579420631360001,45.56813418196133,0.2573826189408
720p,1280,720,128,128,3,8,256,800.0,ws,3703600.0,0.0,24883200,22120020.0,16588800.0,1620.0,5529600.0,25753600.0,20128000.0,96000.0,5529600.0,5723136.0,109271669.76,10671.0615,25482332.16,134764672.9815,3220480000.0,15360000.0,884736000.0,4120576000.0,4261063808.9815,0.38880000000000003,accelergy,cacti,configs/cacti_sram_45nm.csv,6.5870750000000005,4.60835,4,45.0,1.14182,0.729013,270.818,0.82173726504,160.0,160.0,3.7036000000000002,0.0,4.2610638089815005,15.781275922943886,0.127831914269445
720p,1280,720,128,128,3,8,1024,50.0,os,5686190.0,0.0,24883200,26150400.0,16588800.0,3110400.0,6451200.0,19370800.0,16594000.0,12000.0,2764800.0,5723136.0,171253232.64000002,32109981.12,57088120.32000001,260451334.08,2655040000.0,1920000.0,442368000.0,3099328000.0,3365502470.08,0.38880000000000003,accelergy,cacti,configs/cacti_sram_45nm.csv,10.323425,8.849225,4,45.0,2.03065,0.431177,1188.88,3.192179885,160.0,160.0,5.68619,0.0,3.36550247008,19.136886490344196,0.1009650741024
720p,1280,720,128,128,3,8,1024,50.0,ws,4339730.0,0.0,24883200,22120020.0,16588800.0,1620.0,5529600.0,32423600.0,26882000.0,12000.0,5529600.0,5723136.0,171253232.64000002,16723.948500000002,48932674.56,220202631.1485,4301120000.0,1920000.0,884736000.0,5187776000.0,5413701767.1485,0.38880000000000003,accelergy,cacti,configs/cacti_sram_45nm.csv,10.323425,8.849225,4,45.0,2.03065,0.431177,1188.88,3.192179885,160.0,160.0,4.33973,0.0,5.413701767148501,23.494003969947364,0.16241105301445502
720p,1280,720,128,128,3,8,1024,200.0,os,5395830.0,0.0,24883200,26150400.0,16588800.0,3110400.0,6451200.0,19392800.0,16604000.0,24000.0,2764800.0,5723136.0,171253232.64000002,32109981.12,57088120.32000001,260451334.08000004,2656640000.0,3840000.0,442368000.0,3102848000.0,3369022470.08,0.38880000000000003,accelergy,cacti,configs/cacti_sram_45nm.csv,10.323425,8.849225,4,45.0,2.03065,0.431177,1188.88,3.192179885,160.0,160.0,5.39583,0.0,3.36902247008,18.178672514731765,0.10107067410239999
720p,1280,720,128,128,3,8,1024,200.0,ws,3853620.0,0.0,24883200,22120020.0,16588800.0,1620.0,5529600.0,32453600.0,26900000.0,24000.0,5529600.0,5723136.0,171253232.64000002,16723.9485,48932674.56,220202631.14850003,4304000000.0,3840000.0,884736000.0,5192576000.0,5418501767.1485,0.38880000000000003,accelergy,cacti,configs/cacti_sram_45nm.csv,10.323425,8.849225,4,45.0,2.03065,0.431177,1188.88,3.192179885,160.0,160.0,3.85362,0.0,5.4185017671485,20.8808467799188,0.16255505301445503
720p,1280,720,128,128,3,8,1024,800.0,os,5323270.0,0.0,24883200,26150400.0,16588800.0,3110400.0,6451200.0,19516800.0,16656000.0,96000.0,2764800.0,5723136.0,171253232.64000002,32109981.12,57088120.32000001,260451334.08000004,2664960000.0,15360000.0,442368000.0,3122688000.0,3388862470.08,0.38880000000000003,accelergy,cacti,configs/cacti_sram_45nm.csv,10.323425,8.849225,4,45.0,2.03065,0.431177,1188.88,3.192179885,160.0,160.0,5.32327,0.0,3.38886247008,18.03982992110276,0.1016658741024
720p,1280,720,128,128,3,8,1024,800.0,ws,3732070.0,0.0,24883200,22120020.0,16588800.0,1620.0,5529600.0,32585600.0,26960000.0,96000.0,5529600.0,5723136.0,171253232.64000002,16723.948500000002,48932674.56,220202631.1485,4313600000.0,15360000.0,884736000.0,5213696000.0,5439621767.1485,0.38880000000000003,accelergy,cacti,configs/cacti_sram_45nm.csv,10.323425,8.849225,4,45.0,2.03065,0.431177,1188.88,3.192179885,160.0,160.0,3.73207,0.0,5.4396217671485,20.301049208521903,0.163188653014455
720p,1280,720,128,128,3,8,4096,50.0,os,5686190.0,0.0,24883200,26150400.0,16588800.0,3110400.0,6451200.0,19370800.0,16594000.0,12000.0,2764800.0,5723136.0,349789777.92,65585583.36,110754040.32,526129401.59999996,2655040000.0,1920000.0,442368000.0,3099328000.0,3631180537.6,0.38880000000000003,accelergy,cacti,configs/cacti_sram_45nm.csv,21.085900000000002,17.167975,4,45.0,3.18224,0.795423,4302.53,11.948249145600002,160.0,160.0,5.68619,0.0,3.6311805375999997,20.64758246109574,0.108935416128
720p,1280,720,128,128,3,8,4096,50.0,ws,4391930.0,0.0,24883200,22120020.0,16588800.0,1620.0,5529600.0,35033600.0,29492000.0,12000.0,5529600.0,5723136.0,349789777.92,34159.158,94932034.56,444755971.638,4718720000.0,1920000.0,884736000.0,5605376000.0,6055855107.6380005,0.38880000000000003,accelergy,cacti,configs/cacti_sram_45nm.csv,21.085900000000002,17.167975,4,45.0,3.18224,0.795423,4302.53,11.948249145600002,160.0,160.0,4.3919299999999994,0.0,6.055855107638,26.596891722888557,0.18167565322914
720p,1280,720,128,128,3,8,4096,200.0,os,5395830.0,0.0,24883200,26150400.0,16588800.0,3110400.0,6451200.0,19392800.0,16604000.0,24000.0,2764800.0,5723136.0,349789777.92,65585583.36,110754040.32,526129401.59999996,2656640000.0,3840000.0,442368000.0,3102848000.0,3634700537.6,0.38880000000000003,accelergy,cacti,configs/cacti_sram_45nm.csv,21.085900000000002,17.167975,4,45.0,3.18224,0.795423,4302.53,11.948249145600002,160.0,160.0,5.39583,0.0,3.6347005376,19.612226201798208,0.109041016128
720p,1280,720,128,128,3,8,4096,200.0,ws,3866620.0,0.0,24883200,22120020.0,16588800.0,1620.0,5529600.0,35053600.0,29500000.0,24000.0,5529600.0,5723136.0,349789777.92,34159.158,94932034.56,444755971.638,4720000000.0,3840000.0,884736000.0,5608576000.0,6059055107.6380005,0.38880000000000003,accelergy,cacti,configs/cacti_sram_45nm.csv,21.085900000000002,17.167975,4,45.0,3.18224,0.795423,4302.53,11.948249145600002,160.0,160.0,3.8666199999999997,0.0,6.059055107638001,23.428063660295244,0.18177165322914002
720p,1280,720,128,128,3,8,4096,800.0,os,5323270.0,0.0,24883200,26150400.0,16588800.0,3110400.0,6451200.0,19516800.0,16656000.0,96000.0,2764800.0,5723136.0,349789777.92,65585583.36,110754040.32,526129401.6,2664960000.0,15360000.0,442368000.0,3122688000.0,3654540537.6000004,0.38880000000000003,accelergy,cacti,configs/cacti_sram_45nm.csv,21.085900000000002,17.167975,4,45.0,3.18224,0.795423,4302.53,11.948249145600002,160.0,160.0,5.32327,0.0,3.6545405376000004,19.454106007589953,0.10963621612800002
720p,1280,720,128,128,3,8,4096,800.0,ws,3735270.0,0.0,24883200,22120020.0,16588800.0,1620.0,5529600.0,35145600.0,29520000.0,96000.0,5529600.0,5723136.0,349789777.92,34159.158,94932034.56,444755971.638,4723200000.0,15360000.0,884736000.0,5623296000.0,6073775107.6380005,0.38880000000000003,accelergy,cacti,configs/cacti_sram_45nm.csv,21.085900000000002,17.167975,4,45.0,3.18224,0.795423,4302.53,11.948249145600002,160.0,160.0,3.7352700000000003,0.0,6.073775107638,22.687189946306994,0.18221325322914
720p,1280,720,128,128,3,16,256,50.0,os,4689270.0,0.0,24883200,24595200.0,16588800.0,1555200.0,6451200.0,81708800.0,78926000.0,18000.0,2764800.0,5723136.0,109271669.76,10244219.040000001,29729387.52,149245276.32,12628160000.0,2880000.0,442368000.0,13073408000.0,13228376412.32,0.09720000000000001,accelergy,cacti,configs/cacti_sram_45nm.csv,6.5870750000000005,4.60835,4,45.0,1.14182,0.729013,270.818,0.82173726504,160.0,160.0,4.68927,0.0,13.22837641232,62.0314286589998,0.3968512923696
720p,1280,720,128,128,3,16,256,50.0,ws,2045190.0,0.0,24883200,19355220.0,16588800.0,1620.0,2764800.0,22808800.0,20026000.0,18000.0,2764800.0,5723136.0,109271669.76,10671.0615,12741166.08,122023506.90150002,3204160000.0,2880000.0,442368000.0,3649408000.0,3777154642.9014997,0.09720000000000001,accelergy,cacti,configs/cacti_sram_45nm.csv,6.5870750000000005,4.60835,4,45.0,1.14182,0.729013,270.818,0.82173726504,160.0,160.0,2.0451900000000003,0.0,3.7771546429015,7.724998904115719,0.113314639287045
720p,1280,720,128,128,3,16,256,200.0,os,4541810.0,0.0,24883200,24595200.0,16588800.0,1555200.0,6451200.0,81848800.0,79060000.0,24000.0,2764800.0,5723136.0,109271669.76,10244219.040000001,29729387.52,149245276.32,12649600000.0,3840000.0,442368000.0,13095808000.0,13250776412.32,0.09720000000000001,accelergy,cacti,configs/cacti_sram_45nm.csv,6.5870750000000005,4.60835,4,45.0,1.14182,0.729013,270.818,0.82173726504,160.0,160.0,4.54181,0.0,13.25077641232,60.1825088172391,0.3975232923696
720p,1280,720,128,128,3,16,256,200.0,ws,1897730.0,0.0,24883200,19355220.0,16588800.0,1620.0,2764800.0,22848800.0,20060000.0,24000.0,2764800.0,5723136.0,109271669.76,10671.0615,12741166.08,122023506.90150002,3209600000.0,3840000.0,442368000.0,3655808000.0,3783554642.9015,0.09720000000000001,accelergy,cacti,configs/cacti_sram_45nm.csv,6.5870750000000005,4.60835,4,45.0,1.14182,0.729013,270.818,0.82173726504,160.0,160.0,1.8977300000000001,0.0,3.7835546429015,7.180165152473465,0.11350663928704502
720p,1280,720,128,128,3,16,256,800.0,os,4504930.0,0.0,24883200,24595200.0,16588800.0,1555200.0,6451200.0,82188800.0,79328000.0,96000.0,2764800.0,5723136.0,109271669.76,10244219.040000001,29729387.52,149245276.32,12692480000.0,15360000.0,442368000.0,13150208000.0,13305176412.32,0.09720000000000001,accelergy,cacti,configs/cacti_sram_45nm.csv,6.5870750000000005,4.60835,4,45.0,1.14182,0.729013,270.818,0.82173726504,160.0,160.0,4.50493,0.0,13.30517641232,59.938888375152736,0.39915529236959996
720p,1280,720,128,128,3,16,256,800.0,ws,1860850.0,0.0,24883200,19355220.0,16588800.0,1620.0,2764800.0,22988800.0,20128000.0,96000.0,2764800.0,5723136.0,109271669.76,10671.0615,12741166.08,122023506.90150002,3220480000.0,15360000.0,442368000.0,3678208000.0,3805954642.9014997,0.09720000000000001,accelergy,cacti,configs/cacti_sram_45nm.csv,6.5870750000000005,4.60835,4,45.0,1.14182,0.729013,270.818,0.82173726504,160.0,160.0,1.8608500000000001,0.0,3.8059546429015,7.082310697243257,0.114178639287045
720p,1280,720,128,128,3,16,1024,50.0,os,4879790.0,0.0,24883200,24595200.0,16588800.0,1555200.0,6451200.0,19376800.0,16594000.0,18000.0,2764800.0,5723136.0,171253232.64000002,16054990.56,57088120.32000001,244396343.52,2655040000.0,2880000.0,442368000.0,3100288000.0,3350407479.52,0.09720000000000001,accelergy,cacti,configs/cacti_sram_45nm.csv,10.323425,8.849225,4,45.0,2.03065,0.431177,1188.88,3.192179885,160.0,160.0,4.87979,0.0,3.35040747952,16.3492849144869,0.10051222438560001
720p,1280,720,128,128,3,16,1024,50.0,ws,2441470.0,0.0,24883200,19355220.0,16588800.0,1620.0,2764800.0,29664800.0,26882000.0,18000.0,2764800.0,5723136.0,171253232.64000002,16723.9485,24466337.28,195736293.8685,4301120000.0,2880000.0,442368000.0,4746368000.0,4947827429.8685,0.09720000000000001,accelergy,cacti,configs/cacti_sram_45nm.csv,10.323425,8.849225,4,45.0,2.03065,0.431177,1188.88,3.192179885,160.0,160.0,2.44147,0.0,4.9478274298685,12.079972235201046,0.148434822896055
720p,1280,720,128,128,3,16,1024,200.0,os,4589430.0,0.0,24883200,24595200.0,16588800.0,1555200.0,6451200.0,19392800.0,16604000.0,24000.0,2764800.0,5723136.0,171253232.64000002,16054990.56,57088120.32000001,244396343.52,2656640000.0,3840000.0,442368000.0,3102848000.0,3352967479.52,0.09720000000000001,accelergy,cacti,configs/cacti_sram_45nm.csv,10.323425,8.849225,4,45.0,2.03065,0.431177,1188.88,3.192179885,160.0,160.0,4.58943,0.0,3.35296747952,15.388209539533475,0.10058902438560001
720p,1280,720,128,128,3,16,1024,200.0,ws,1996830.0,0.0,24883200,19355220.0,16588800.0,1620.0,2764800.0,29688800.0,26900000.0,24000.0,2764800.0,5723136.0,171253232.64000002,16723.948500000002,24466337.28,195736293.8685,4304000000.0,3840000.0,442368000.0,4750208000.0,4951667429.8685,0.09720000000000001,accelergy,cacti,configs/cacti_sram_45nm.csv,10.323425,8.849225,4,45.0,2.03065,0.431177,1188.88,3.192179885,160.0,160.0,1.9968299999999999,0.0,4.9516674298684995,9.887638073984315,0.14855002289605498
720p,1280,720,128,128,3,16,1024,800.0,os,4516870.0,0.0,24883200,24595200.0,16588800.0,1555200.0,6451200.0,19516800.0,16656000.0,96000.0,2764800.0,5723136.0,171253232.64000002,16054990.56,57088120.32000001,244396343.52,2664960000.0,15360000.0,442368000.0,3122688000.0,3372807479.52,0.09720000000000001,accelergy,cacti,configs/cacti_sram_45nm.csv,10.323425,8.849225,4,45.0,2.03065,0.431177,1188.88,3.192179885,160.0,160.0,4.51687,0.0,3.37280747952,15.234532920019502,0.1011842243856
720p,1280,720,128,128,3,16,1024,800.0,ws,1885670.0,0.0,24883200,19355220.0,16588800.0,1620.0,2764800.0,29820800.0,26960000.0,96000.0,2764800.0,5723136.0,171253232.64000002,16723.948500000002,24466337.28,195736293.8685,4313600000.0,15360000.0,442368000.0,4771328000.0,4972787429.8685,0.09720000000000001,accelergy,cacti,configs/cacti_sram_45nm.csv,10.323425,8.849225,4,45.0,2.03065,0.431177,1188.88,3.192179885,160.0,160.0,1.8856700000000002,0.0,4.9727874298685,9.377036072880136,0.149183622896055
720p,1280,720,128,128,3,16,4096,50.0,os,4879790.0,0.0,24883200,24595200.0,16588800.0,1555200.0,6451200.0,19376800.0,16594000.0,18000.0,2764800.0,5723136.0,349789777.92,32792791.68,110754040.32,493336609.92,2655040000.0,2880000.0,442368000.0,3100288000.0,3599347745.92,0.09720000000000001,accelergy,cacti,configs/cacti_sram_45nm.csv,21.085900000000002,17.167975,4,45.0,3.18224,0.795423,4302.53,11.948249145600002,160.0,160.0,4.87979,0.0,3.5993477459200003,17.564061137062957,0.10798043237760001
720p,1280,720,128,128,3,16,4096,50.0,ws,2493670.0,0.0,24883200,19355220.0,16588800.0,1620.0,2764800.0,32274800.0,29492000.0,18000.0,2764800.0,5723136.0,349789777.92,34159.158,47466017.279999994,397289954.35800004,4718720000.0,2880000.0,442368000.0,5163968000.0,5566981090.358,0.09720000000000001,accelergy,cacti,configs/cacti_sram_45nm.csv,21.085900000000002,17.167975,4,45.0,3.18224,0.795423,4302.53,11.948249145600002,160.0,160.0,2.49367,0.0,5.5669810903579995,13.882213735593032,0.16700943271073998
720p,1280,720,128,128,3,16,4096,200.0,os,4589430.0,0.0,24883200,24595200.0,16588800.0,1555200.0,6451200.0,19392800.0,16604000.0,24000.0,2764800.0,5723136.0,349789777.92,32792791.68,110754040.32,493336609.92,2656640000.0,3840000.0,442368000.0,3102848000.0,3601907745.92,0.09720000000000001,accelergy,cacti,configs/cacti_sram_45nm.csv,21.085900000000002,17.167975,4,45.0,3.18224,0.795423,4302.53,11.948249145600002,160.0,160.0,4.58943,0.0,3.60190774592,16.530703466357625,0.10805723237760001
720p,1280,720,128,128,3,16,4096,200.0,ws,2009830.0,0.0,24883200,19355220.0,16588800.0,1620.0,2764800.0,32288800.0,29500000.0,24000.0,2764800.0,5723136.0,349789777.92,34159.158,47466017.28,397289954.35800004,4720000000.0,3840000.0,442368000.0,5166208000.0,5569221090.358,0.09720000000000001,accelergy,cacti,configs/cacti_sram_45nm.csv,21.085900000000002,17.167975,4,45.0,3.18224,0.795423,4302.53,11.948249145600002,160.0,160.0,2.00983,0.0,5.569221090358,11.19318762403422,0.16707663271074
720p,1280,720,128,128,3,16,4096,800.0,os,4516870.0,0.0,24883200,24595200.0,16588800.0,1555200.0,6451200.0,19516800.0,16656000.0,96000.0,2764800.0,5723136.0,349789777.92,32792791.68,110754040.32,493336609.92,2664960000.0,15360000.0,442368000.0,3122688000.0,3621747745.92,0.09720000000000001,accelergy,cacti,configs/cacti_sram_45nm.csv,21.085900000000002,17.167975,4,45.0,3.18224,0.795423,4302.53,11.948249145600002,160.0,160.0,4.51687,0.0,3.62174774592,16.35896374111367,0.1086524323776
720p,1280,720,128,128,3,16,4096,800.0,ws,1888870.0,0.0,24883200,19355220.0,16588800.0,1620.0,2764800.0,32380800.0,29520000.0,96000.0,2764800.0,5723136.0,349789777.92,34159.158,47466017.28,397289954.35800004,4723200000.0,15360000.0,442368000.0,5180928000.0,5583941090.358,0.09720000000000001,accelergy,cacti,configs/cacti_sram_45nm.csv,21.085900000000002,17.167975,4,45.0,3.18224,0.795423,4302.53,11.948249145600002,160.0,160.0,1.88887,0.0,5.583941090358,10.547338807344515,0.16751823271073998
720p,1280,720,128,128,3,32,256,50.0,os,4286070.0,0.0,24883200,23817600.0,16588800.0,777600.0,6451200.0,81726800.0,78926000.0,36000.0,2764800.0,5723136.0,109271669.76,5122109.5200000005,29729387.519999996,144123166.8,12628160000.0,5760000.0,442368000.0,13076288000.0,13226134302.8,0.024300000000000002,accelergy,cacti,configs/cacti_sram_45nm.csv,6.5870750000000005,4.60835,4,45.0,1.14182,0.729013,270.818,0.82173726504,160.0,160.0,4.2860700000000005,0.0,13.226134302799998,56.688137451201996,0.396784029084
720p,1280,720,128,128,3,32,256,50.0,ws,2050950.0,0.0,24883200,19355220.0,16588800.0,1620.0,2764800.0,22826800.0,20026000.0,36000.0,2764800.0,5723136.0,109271669.76,10671.0615,12741166.08,122023506.90150002,3204160000.0,5760000.0,442368000.0,3652288000.0,3780034642.9015,0.024300000000000002,accelergy,cacti,configs/cacti_sram_45nm.csv,6.5870750000000005,4.60835,4,45.0,1.14182,0.729013,270.818,0.82173726504,160.0,160.0,2.0509500000000003,0.0,3.7800346429015,7.752662050858833,0.11340103928704501
720p,1280,720,128,128,3,32,256,200.0,os,4138610.0,0.0,24883200,23817600.0,16588800.0,777600.0,6451200.0,81872800.0,79060000.0,48000.0,2764800.0,5723136.0,109271669.76,5122109.5200000005,29729387.519999996,144123166.8,12649600000.0,7680000.0,442368000.0,13099648000.0,13249494302.8,0.024300000000000002,accelergy,cacti,configs/cacti_sram_45nm.csv,6.5870750000000005,4.60835,4,45.0,1.14182,0.729013,270.818,0.82173726504,160.0,160.0,4.13861,0.0,13.249494302799999,54.8344896165111,0.397484829084
720p,1280,720,128,128,3,32,256,200.0,ws,1903490.0,0.0,24883200,19355220.0,16588800.0,1620.0,2764800.0,22872800.0,20060000.0,48000.0,2764800.0,5723136.0,109271669.76,10671.0615,12741166.08,122023506.90150002,3209600000.0,7680000.0,442368000.0,3659648000.0,3787394642.9014997,0.024300000000000002,accelergy,cacti,configs/cacti_sram_45nm.csv,6.5870750000000005,4.60835,4,45.0,1.14182,0.729013,270.818,0.82173726504,160.0,160.0,1.9034900000000001,0.0,3.7873946429015,7.209267828816577,0.113621839287045
720p,1280,720,128,128,3,32,256,800.0,os,4101730.0,0.0,24883200,23817600.0,16588800.0,777600.0,6451200.0,82188800.0,79328000.0,96000.0,2764800.0,5723136.0,109271669.76,5122109.5200000005,29729387.519999996,144123166.8,12692480000.0,15360000.0,442368000.0,13150208000.0,13300054302.8,0.024300000000000002,accelergy,cacti,configs/cacti_sram_45nm.csv,6.5870750000000005,4.60835,4,45.0,1.14182,0.729013,270.818,0.82173726504,160.0,160.0,4.10173,0.0,13.3000543028,54.55323173542384,0.399001629084
720p,1280,720,128,128,3,32,256,800.0,ws,1866610.0,0.0,24883200,19355220.0,16588800.0,1620.0,2764800.0,22988800.0,20128000.0,96000.0,2764800.0,5723136.0,109271669.76,10671.0615,12741166.08,122023506.90150002,3220480000.0,15360000.0,442368000.0,3678208000.0,3805954642.9015,0.024300000000000002,accelergy,cacti,configs/cacti_sram_45nm.csv,6.5870750000000005,4.60835,4,45.0,1.14182,0.729013,270.818,0.82173726504,160.0,160.0,1.86661,0.0,3.8059546429015003,7.1042329959863695,0.11417863928704501
720p,1280,720,128,128,3,32,1024,50.0,os,4476590.0,0.0,24883200,23817600.0,16588800.0,777600.0,6451200.0,19394800.0,16594000.0,36000.0,2764800.0,5723136.0,171253232.64000002,8027495.28,57088120.32000001,236368848.24,2655040000.0,5760000.0,442368000.0,3103168000.0,3345259984.24,0.024300000000000002,accelergy,cacti,configs/cacti_sram_45nm.csv,10.323425,8.849225,4,45.0,2.03065,0.431177,1188.88,3.192179885,160.0,160.0,4.47659,0.0,3.3452599842399997,14.97535739284894,0.1003577995272
720p,1280,720,128,128,3,32,1024,50.0,ws,2476110.0,0.0,24883200,19355220.0,16588800.0,1620.0,2764800.0,31126800.0,28326000.0,36000.0,2764800.0,5723136.0,171253232.64000002,16723.9485,24466337.28,195736293.8685,4532160000.0,5760000.0,442368000.0,4980288000.0,5181747429.8685,0.024300000000000002,accelergy,cacti,configs/cacti_sram_45nm.csv,10.323425,8.849225,4,45.0,2.03065,0.431177,1188.88,3.192179885,160.0,160.0,2.4761100000000003,0.0,5.1817474298685,12.830576628571691,0.155452422896055
720p,1280,720,128,128,3,32,1024,200.0,os,4186230.0,0.0,24883200,23817600.0,16588800.0,777600.0,6451200.0,19416800.0,16604000.0,48000.0,2764800.0,5723136.0,171253232.64000002,8027495.28,57088120.32000001,236368848.24,2656640000.0,7680000.0,442368000.0,3106688000.0,3348779984.24,0.024300000000000002,accelergy,cacti,configs/cacti_sram_45nm.csv,10.323425,8.849225,4,45.0,2.03065,0.431177,1188.88,3.192179885,160.0,160.0,4.18623,0.0,3.3487799842399997,14.018763233425014,0.1004633995272
720p,1280,720,128,128,3,32,1024,200.0,ws,2009810.0,0.0,24883200,19355220.0,16588800.0,1620.0,2764800.0,31156800.0,28344000.0,48000.0,2764800.0,5723136.0,171253232.64000002,16723.948500000002,24466337.28,195736293.8685,4535040000.0,7680000.0,442368000.0,4985088000.0,5186547429.8685,0.024300000000000002,accelergy,cacti,configs/cacti_sram_45nm.csv,10.323425,8.849225,4,45.0,2.03065,0.431177,1188.88,3.192179885,160.0,160.0,2.00981,0.0,5.1865474298685,10.42397489002401,0.155596422896055
720p,1280,720,128,128,3,32,1024,800.0,os,4113670.0,0.0,24883200,23817600.0,16588800.0,777600.0,6451200.0,19516800.0,16656000.0,96000.0,2764800.0,5723136.0,171253232.64000002,8027495.28,57088120.32000001,236368848.24,2664960000.0,15360000.0,442368000.0,3122688000.0,3364779984.24,0.024300000000000002,accelergy,cacti,configs/cacti_sram_45nm.csv,10.323425,8.849225,4,45.0,2.03065,0.431177,1188.88,3.192179885,160.0,160.0,4.11367,0.0,3.3647799842399997,13.84159447776856,0.1009433995272
720p,1280,720,128,128,3,32,1024,800.0,ws,1893250.0,0.0,24883200,19355220.0,16588800.0,1620.0,2764800.0,31276800.0,28416000.0,96000.0,2764800.0,5723136.0,171253232.64000002,16723.9485,24466337.28,195736293.8685,4546560000.0,15360000.0,442368000.0,5004288000.0,5205747429.8685,0.024300000000000002,accelergy,cacti,configs/cacti_sram_45nm.csv,10.323425,8.849225,4,45.0,2.03065,0.431177,1188.88,3.192179885,160.0,160.0,1.8932499999999999,0.0,5.2057474298685,9.855781321598537,0.15617242289605499
720p,1280,720,128,128,3,32,4096,50.0,os,4476590.0,0.0,24883200,23817600.0,16588800.0,777600.0,6451200.0,19394800.0,16594000.0,36000.0,2764800.0,5723136.0,349789777.92,16396395.84,110754040.32,476940214.08000004,2655040000.0,5760000.0,442368000.0,3103168000.0,3585831350.08,0.024300000000000002,accelergy,cacti,configs/cacti_sram_45nm.csv,21.085900000000002,17.167975,4,45.0,3.18224,0.795423,4302.53,11.948249145600002,160.0,160.0,4.47659,0.0,3.58583135008,16.052296763454628,0.10757494050239999
720p,1280,720,128,128,3,32,4096,50.0,ws,3089270.0,0.0,24883200,19355220.0,16588800.0,1620.0,2764800.0,61784800.0,58984000.0,36000.0,2764800.0,5723136.0,349789777.92,34159.158,47466017.28,397289954.35800004,9437440000.0,5760000.0,442368000.0,9885568000.0,10288581090.358,0.024300000000000002,accelergy,cacti,configs/cacti_sram_45nm.csv,21.085900000000002,17.167975,4,45.0,3.18224,0.795423,4302.53,11.948249145600002,160.0,160.0,3.08927,0.0,10.288581090357999,31.784204905010256,0.30865743271074
720p,1280,720,128,128,3,32,4096,200.0,os,4186230.0,0.0,24883200,23817600.0,16588800.0,777600.0,6451200.0,19416800.0,16604000.0,48000.0,2764800.0,5723136.0,349789777.92,16396395.84,110754040.32,476940214.08000004,2656640000.0,7680000.0,442368000.0,3106688000.0,3589351350.08,0.024300000000000002,accelergy,cacti,configs/cacti_sram_45nm.csv,21.085900000000002,17.167975,4,45.0,3.18224,0.795423,4302.53,11.948249145600002,160.0,160.0,4.18623,0.0,3.58935135008,15.025850302245399,0.10768054050239999
720p,1280,720,128,128,3,32,4096,200.0,ws,2163070.0,0.0,24883200,19355220.0,16588800.0,1620.0,2764800.0,61808800.0,58996000.0,48000.0,2764800.0,5723136.0,349789777.92,34159.158,47466017.28,397289954.35800004,9439360000.0,7680000.0,442368000.0,9889408000.0,10292421090.358,0.024300000000000002,accelergy,cacti,configs/cacti_sram_45nm.csv,21.085900000000002,17.167975,4,45.0,3.18224,0.795423,4302.53,11.948249145600002,160.0,160.0,2.16307,0.0,10.292421090358,22.263227287920675,0.30877263271074
720p,1280,720,128,128,3,32,4096,800.0,os,4113670.0,0.0,24883200,23817600.0,16588800.0,777600.0,6451200.0,19516800.0,16656000.0,96000.0,2764800.0,5723136.0,349789777.92,16396395.84,110754040.32,476940214.08,2664960000.0,15360000.0,442368000.0,3122688000.0,3605351350.08,0.024300000000000002,accelergy,cacti,configs/cacti_sram_45nm.csv,21.085900000000002,17.167975,4,45.0,3.18224,0.795423,4302.53,11.948249145600002,160.0,160.0,4.11367,0.0,3.60535135008,14.831225688283594,0.1081605405024
720p,1280,720,128,128,3,32,4096,800.0,ws,1931530.0,0.0,24883200,19355220.0,16588800.0,1620.0,2764800.0,61900800.0,59040000.0,96000.0,2764800.0,5723136.0,349789777.92,34159.158,47466017.279999994,397289954.35800004,9446400000.0,15360000.0,442368000.0,9904128000.0,10307141090.358,0.024300000000000002,accelergy,cacti,configs/cacti_sram_45nm.csv,21.085900000000002,17.167975,4,45.0,3.18224,0.795423,4302.53,11.948249145600002,160.0,160.0,1.9315300000000002,0.0,10.307141090358,19.90855223025919,0.30921423271074
720p,1280,720,128,128,3,64,256,50.0,os,4084470.0,0.0,24883200,23428800.0,16588800.0,388800.0,6451200.0,81762800.0,78926000.0,72000.0,2764800.0,5723136.0,109271669.76,2561054.7600000002,29729387.519999996,141562112.04000002,12628160000.0,11520000.0,442368000.0,13082048000.0,13229333248.04,0.018432,accelergy,cacti,configs/cacti_sram_45nm.csv,6.5870750000000005,4.60835,4,45.0,1.14182,0.729013,270.818,0.82173726504,160.0,160.0,4.08447,0.0,13.229333248040001,54.03481477162194,0.3968799974412
720p,1280,720,128,128,3,64,256,50.0,ws,2062470.0,0.0,24883200,19355220.0,16588800.0,1620.0,2764800.0,22862800.0,20026000.0,72000.0,2764800.0,5723136.0,109271669.76,10671.0615,12741166.08,122023506.90150002,3204160000.0,11520000.0,442368000.0,3658048000.0,3785794642.9015,0.018432,accelergy,cacti,configs/cacti_sram_45nm.csv,6.5870750000000005,4.60835,4,45.0,1.14182,0.729013,270.818,0.82173726504,160.0,160.0,2.06247,0.0,3.7857946429015,7.808087877145057,0.11357383928704501
720p,1280,720,128,128,3,64,256,200.0,os,3937010.0,0.0,24883200,23428800.0,16588800.0,388800.0,6451200.0,81896800.0,79060000.0,72000.0,2764800.0,5723136.0,109271669.76,2561054.7600000002,29729387.519999996,141562112.04000002,12649600000.0,11520000.0,442368000.0,13103488000.0,13250773248.04,0.0060750000000000005,accelergy,cacti,configs/cacti_sram_45nm.csv,6.5870750000000005,4.60835,4,45.0,1.14182,0.729013,270.818,0.82173726504,160.0,160.0,3.9370100000000003,0.0,13.250773248040002,52.16842678526597,0.3975231974412
720p,1280,720,128,128,3,64,256,200.0,ws,1915010.0,0.0,24883200,19355220.0,16588800.0,1620.0,2764800.0,22896800.0,20060000.0,72000.0,2764800.0,5723136.0,109271669.76,10671.0615,12741166.08,122023506.90150002,3209600000.0,11520000.0,442368000.0,3663488000.0,3791234642.9015,0.0060750000000000005,accelergy,cacti,configs/cacti_sram_45nm.csv,6.5870750000000005,4.60835,4,45.0,1.14182,0.729013,270.818,0.82173726504,160.0,160.0,1.9150099999999999,0.0,3.7912346429015003,7.260252253502801,0.11373703928704501
720p,1280,720,128,128,3,64,256,800.0,os,3900130.0,0.0,24883200,23428800.0,16588800.0,388800.0,6451200.0,82188800.0,79328000.0,96000.0,2764800.0,5723136.0,109271669.76,2561054.7600000002,29729387.519999996,141562112.04000002,12692480000.0,15360000.0,442368000.0,13150208000.0,13297493248.04,0.0060750000000000005,accelergy,cacti,configs/cacti_sram_45nm.csv,6.5870750000000005,4.60835,4,45.0,1.14182,0.729013,270.818,0.82173726504,160.0,160.0,3.90013,0.0,13.29749324804,51.86195234147824,0.3989247974412
720p,1280,720,128,128,3,64,256,800.0,ws,1878130.0,0.0,24883200,19355220.0,16588800.0,1620.0,2764800.0,22988800.0,20128000.0,96000.0,2764800.0,5723136.0,109271669.76,10671.0615,12741166.08,122023506.90150002,3220480000.0,15360000.0,442368000.0,3678208000.0,3805954642.9014997,0.0060750000000000005,accelergy,cacti,configs/cacti_sram_45nm.csv,6.5870750000000005,4.60835,4,45.0,1.14182,0.729013,270.818,0.82173726504,160.0,160.0,1.87813,0.0,3.8059546429015,7.148077593472594,0.114178639287045
720p,1280,720,128,128,3,64,1024,50.0,os,4274990.0,0.0,24883200,23428800.0,16588800.0,388800.0,6451200.0,19430800.0,16594000.0,72000.0,2764800.0,5723136.0,171253232.64000002,4013747.64,57088120.32000001,232355100.60000002,2655040000.0,11520000.0,442368000.0,3108928000.0,3347006236.6,0.018432,accelergy,cacti,configs/cacti_sram_45nm.csv,10.323425,8.849225,4,45.0,2.03065,0.431177,1188.88,3.192179885,160.0,160.0,4.27499,0.0,3.3470062366,14.308418191402634,0.100410187098
720p,1280,720,128,128,3,64,1024,50.0,ws,2487630.0,0.0,24883200,19355220.0,16588800.0,1620.0,2764800.0,31162800.0,28326000.0,72000.0,2764800.0,5723136.0,171253232.64000002,16723.9485,24466337.28,195736293.8685,4532160000.0,11520000.0,442368000.0,4986048000.0,5187507429.8685,0.018432,accelergy,cacti,configs/cacti_sram_45nm.csv,10.323425,8.849225,4,45.0,2.03065,0.431177,1188.88,3.192179885,160.0,160.0,2.48763,0.0,5.1875074298685,12.904599107763776,0.155625222896055
720p,1280,720,128,128,3,64,1024,200.0,os,3984630.0,0.0,24883200,23428800.0,16588800.0,388800.0,6451200.0,19440800.0,16604000.0,72000.0,2764800.0,5723136.0,171253232.64000002,4013747.64,57088120.32000001,232355100.60000002,2656640000.0,11520000.0,442368000.0,3110528000.0,3348606236.6,0.0060750000000000005,accelergy,cacti,configs/cacti_sram_45nm.csv,10.323425,8.849225,4,45.0,2.03065,0.431177,1188.88,3.192179885,160.0,160.0,3.98463,0.0,3.3486062366,13.342956868543457,0.100458187098
720p,1280,720,128,128,3,64,1024,200.0,ws,2021330.0,0.0,24883200,19355220.0,16588800.0,1620.0,2764800.0,31180800.0,28344000.0,72000.0,2764800.0,5723136.0,171253232.64000002,16723.948500000002,24466337.28,195736293.8685,4535040000.0,11520000.0,442368000.0,4988928000.0,5190387429.8685,0.0060750000000000005,accelergy,cacti,configs/cacti_sram_45nm.csv,10.323425,8.849225,4,45.0,2.03065,0.431177,1188.88,3.192179885,160.0,160.0,2.02133,0.0,5.190387429868499,10.491485823616093,0.155711622896055
720p,1280,720,128,128,3,64,1024,800.0,os,3912070.0,0.0,24883200,23428800.0,16588800.0,388800.0,6451200.0,19516800.0,16656000.0,96000.0,2764800.0,5723136.0,171253232.64000002,4013747.64,57088120.32000001,232355100.60000002,2664960000.0,15360000.0,442368000.0,3122688000.0,3360766236.6000004,0.0060750000000000005,accelergy,cacti,configs/cacti_sram_45nm.csv,10.323425,8.849225,4,45.0,2.03065,0.431177,1188.88,3.192179885,160.0,160.0,3.91207,0.0,3.3607662366000004,13.147552771215762,0.10082298709800001
720p,1280,720,128,128,3,64,1024,800.0,ws,1904770.0,0.0,24883200,19355220.0,16588800.0,1620.0,2764800.0,31276800.0,28416000.0,96000.0,2764800.0,5723136.0,171253232.64000002,16723.948500000002,24466337.28,195736293.8685,4546560000.0,15360000.0,442368000.0,5004288000.0,5205747429.8685,0.0060750000000000005,accelergy,cacti,configs/cacti_sram_45nm.csv,10.323425,8.849225,4,45.0,2.03065,0.431177,1188.88,3.192179885,160.0,160.0,1.90477,0.0,5.2057474298685,9.915751531990622,0.15617242289605499
720p,1280,720,128,128,3,64,4096,50.0,os,4274990.0,0.0,24883200,23428800.0,16588800.0,388800.0,6451200.0,19430800.0,16594000.0,72000.0,2764800.0,5723136.0,349789777.92,8198197.92,110754040.32,468742016.16,2655040000.0,11520000.0,442368000.0,3108928000.0,3583393152.16,0.018432,accelergy,cacti,configs/cacti_sram_45nm.csv,21.085900000000002,17.167975,4,45.0,3.18224,0.795423,4302.53,11.948249145600002,160.0,160.0,4.27499,0.0,3.5833931521599998,15.318969891552477,0.10750179456479998
720p,1280,720,128,128,3,64,4096,50.0,ws,4070570.0,0.0,24883200,19355220.0,16588800.0,1620.0,2764800.0,110309800.0,107473000.0,72000.0,2764800.0,5723136.0,349789777.92,34159.158,47466017.28,397289954.35800004,17195680000.0,11520000.0,442368000.0,17649568000.0,18052581090.358,0.018432,accelergy,cacti,configs/cacti_sram_45nm.csv,21.085900000000002,17.167975,4,45.0,3.18224,0.795423,4302.53,11.948249145600002,160.0,160.0,4.07057,0.0,18.052581090358,73.48429500897856,0.5415774327107401
720p,1280,720,128,128,3,64,4096,200.0,os,3984630.0,0.0,24883200,23428800.0,16588800.0,388800.0,6451200.0,19440800.0,16604000.0,72000.0,2764800.0,5723136.0,349789777.92,8198197.92,110754040.32,468742016.16,2656640000.0,11520000.0,442368000.0,3110528000.0,3584993152.16,0.0060750000000000005,accelergy,cacti,configs/cacti_sram_45nm.csv,21.085900000000002,17.167975,4,45.0,3.18224,0.795423,4302.53,11.948249145600002,160.0,160.0,3.98463,0.0,3.58499315216,14.2848712638913,0.10754979456479999
720p,1280,720,128,128,3,64,4096,200.0,ws,2417050.0,0.0,24883200,19355220.0,16588800.0,1620.0,2764800.0,110324800.0,107488000.0,72000.0,2764800.0,5723136.0,349789777.92,34159.158,47466017.28,397289954.35800004,17198080000.0,11520000.0,442368000.0,17651968000.0,18054981090.358,0.0060750000000000005,accelergy,cacti,configs/cacti_sram_45nm.csv,21.085900000000002,17.167975,4,45.0,3.18224,0.795423,4302.53,11.948249145600002,160.0,160.0,2.41705,0.0,18.054981090358,43.63979204444981,0.5416494327107401
720p,1280,720,128,128,3,64,4096,800.0,os,3912070.0,0.0,24883200,23428800.0,16588800.0,388800.0,6451200.0,19516800.0,16656000.0,96000.0,2764800.0,5723136.0,349789777.92,8198197.92,110754040.32,468742016.16,2664960000.0,15360000.0,442368000.0,3122688000.0,3597153152.16,0.0060750000000000005,accelergy,cacti,configs/cacti_sram_45nm.csv,21.085900000000002,17.167975,4,45.0,3.18224,0.795423,4302.53,11.948249145600002,160.0,160.0,3.91207,0.0,3.5971531521599998,14.07231493197057,0.10791459456479999
720p,1280,720,128,128,3,64,4096,800.0,ws,2003650.0,0.0,24883200,19355220.0,16588800.0,1620.0,2764800.0,110380800.0,107520000.0,96000.0,2764800.0,5723136.0,349789777.92,34159.158,47466017.28,397289954.35800004,17203200000.0,15360000.0,442368000.0,17660928000.0,18063941090.358,0.0060750000000000005,accelergy,cacti,configs/cacti_sram_45nm.csv,21.085900000000002,17.167975,4,45.0,3.18224,0.795423,4302.53,11.948249145600002,160.0,160.0,2.00365,0.0,18.063941090358,36.19381556569581,0.54191823271074
720p,1280,720,128,128,3,128,256,50.0,os,3983670.0,0.0,24883200,23234400.0,16588800.0,194400.0,6451200.0,81834800.0,78926000.0,144000.0,2764800.0,5723136.0,109271669.76,1280527.3800000001,29729387.52,140281584.66,12628160000.0,23040000.0,442368000.0,13093568000.0,13239572720.66,0.018432,accelergy,cacti,configs/cacti_sram_45nm.csv,6.5870750000000005,4.60835,4,45.0,1.14182,0.729013,270.818,0.82173726504,160.0,160.0,3.98367,0.0,13.23957272066,52.74208866011162,0.3971871816198
720p,1280,720,128,128,3,128,256,50.0,ws,2085510.0,0.0,24883200,19355220.0,16588800.0,1620.0,2764800.0,22934800.0,20026000.0,144000.0,2764800.0,5723136.0,109271669.76,10671.0615,12741166.08,122023506.90150002,3204160000.0,23040000.0,442368000.0,3669568000.0,3797314642.9014997,0.018432,accelergy,cacti,configs/cacti_sram_45nm.csv,6.5870750000000005,4.60835,4,45.0,1.14182,0.729013,270.818,0.82173726504,160.0,160.0,2.08551,0.0,3.7973146429014997,7.919337660917507,0.113919439287045
720p,1280,720,128,128,3,128,256,200.0,os,3836210.0,0.0,24883200,23234400.0,16588800.0,194400.0,6451200.0,81968800.0,79060000.0,144000.0,2764800.0,5723136.0,109271669.76,1280527.3800000001,29729387.52,140281584.66,12649600000.0,23040000.0,442368000.0,13115008000.0,13261012720.66,0.004608,accelergy,cacti,configs/cacti_sram_45nm.csv,6.5870750000000005,4.60835,4,45.0,1.14182,0.729013,270.818,0.82173726504,160.0,160.0,3.83621,0.0,13.26101272066,50.872029609123096,0.3978303816198
720p,1280,720,128,128,3,128,256,200.0,ws,1938050.0,0.0,24883200,19355220.0,16588800.0,1620.0,2764800.0,22968800.0,20060000.0,144000.0,2764800.0,5723136.0,109271669.76,10671.0615,12741166.08,122023506.90150002,3209600000.0,23040000.0,442368000.0,3675008000.0,3802754642.9015,0.004608,accelergy,cacti,configs/cacti_sram_45nm.csv,6.5870750000000005,4.60835,4,45.0,1.14182,0.729013,270.818,0.82173726504,160.0,160.0,1.93805,0.0,3.8027546429015002,7.369928635675253,0.11408263928704501
720p,1280,720,128,128,3,128,256,800.0,os,3799330.0,0.0,24883200,23234400.0,16588800.0,194400.0,6451200.0,82284800.0,79328000.0,192000.0,2764800.0,5723136.0,109271669.76,1280527.3800000001,29729387.519999996,140281584.66000003,12692480000.0,30720000.0,442368000.0,13165568000.0,13311572720.66,0.0015187500000000001,accelergy,cacti,configs/cacti_sram_45nm.csv,6.5870750000000005,4.60835,4,45.0,1.14182,0.729013,270.818,0.82173726504,160.0,160.0,3.79933,0.0,13.31157272066,50.57505758478516,0.3993471816198
720p,1280,720,128,128,3,128,256,800.0,ws,1901170.0,0.0,24883200,19355220.0,16588800.0,1620.0,2764800.0,23084800.0,20128000.0,192000.0,2764800.0,5723136.0,109271669.76,10671.0615,12741166.08,122023506.90150002,3220480000.0,30720000.0,442368000.0,3693568000.0,3821314642.9014997,0.0015187500000000001,accelergy,cacti,configs/cacti_sram_45nm.csv,6.5870750000000005,4.60835,4,45.0,1.14182,0.729013,270.818,0.82173726504,160.0,160.0,1.90117,0.0,3.8213146429014997,7.264968759645044,0.114639439287045
720p,1280,720,128,128,3,128,1024,50.0,os,4174190.0,0.0,24883200,23234400.0,16588800.0,194400.0,6451200.0,19502800.0,16594000.0,144000.0,2764800.0,5723136.0,171253232.64000002,2006873.82,57088120.32000001,230348226.78000003,2655040000.0,23040000.0,442368000.0,3120448000.0,3356519362.78,0.018432,accelergy,cacti,configs/cacti_sram_45nm.csv,10.323425,8.849225,4,45.0,2.03065,0.431177,1188.88,3.192179885,160.0,160.0,4.17419,0.0,3.3565193627800003,14.010749558922651,0.10069558088340001
720p,1280,720,128,128,3,128,1024,50.0,ws,2510670.0,0.0,24883200,19355220.0,16588800.0,1620.0,2764800.0,31234800.0,28326000.0,144000.0,2764800.0,5723136.0,171253232.64000002,16723.9485,24466337.28,195736293.8685,4532160000.0,23040000.0,442368000.0,4997568000.0,5199027429.8685,0.018432,accelergy,cacti,configs/cacti_sram_45nm.csv,10.323425,8.849225,4,45.0,2.03065,0.431177,1188.88,3.192179885,160.0,160.0,2.51067,0.0,5.1990274298685,13.053042197347947,0.155970822896055
720p,1280,720,128,128,3,128,1024,200.0,os,3883830.0,0.0,24883200,23234400.0,16588800.0,194400.0,6451200.0,19512800.0,16604000.0,144000.0,2764800.0,5723136.0,171253232.64000002,2006873.82,57088120.32000001,230348226.78000003,2656640000.0,23040000.0,442368000.0,3122048000.0,3358119362.78,0.004608,accelergy,cacti,configs/cacti_sram_45nm.csv,10.323425,8.849225,4,45.0,2.03065,0.431177,1188.88,3.192179885,160.0,160.0,3.88383,0.0,3.35811936278,13.042364724745848,0.1007435808834
720p,1280,720,128,128,3,128,1024,200.0,ws,2044370.0,0.0,24883200,19355220.0,16588800.0,1620.0,2764800.0,31252800.0,28344000.0,144000.0,2764800.0,5723136.0,171253232.64000002,16723.9485,24466337.28,195736293.8685,4535040000.0,23040000.0,442368000.0,5000448000.0,5201907429.8685,0.004608,accelergy,cacti,configs/cacti_sram_45nm.csv,10.323425,8.849225,4,45.0,2.03065,0.431177,1188.88,3.192179885,160.0,160.0,2.0443700000000002,0.0,5.2019074298685,10.634623492400268,0.156057222896055
720p,1280,720,128,128,3,128,1024,800.0,os,3811270.0,0.0,24883200,23234400.0,16588800.0,194400.0,6451200.0,19612800.0,16656000.0,192000.0,2764800.0,5723136.0,171253232.64000002,2006873.82,57088120.32000001,230348226.78000003,2664960000.0,30720000.0,442368000.0,3138048000.0,3374119362.78,0.0015187500000000001,accelergy,cacti,configs/cacti_sram_45nm.csv,10.323425,8.849225,4,45.0,2.03065,0.431177,1188.88,3.192179885,160.0,160.0,3.81127,0.0,3.37411936278,12.859679903782531,0.10122358088340001
720p,1280,720,128,128,3,128,1024,800.0,ws,1927810.0,0.0,24883200,19355220.0,16588800.0,1620.0,2764800.0,31372800.0,28416000.0,192000.0,2764800.0,5723136.0,171253232.64000002,16723.948500000002,24466337.28,195736293.8685,4546560000.0,30720000.0,442368000.0,5019648000.0,5221107429.8685,0.0015187500000000001,accelergy,cacti,configs/cacti_sram_45nm.csv,10.323425,8.849225,4,45.0,2.03065,0.431177,1188.88,3.192179885,160.0,160.0,1.92781,0.0,5.2211074298685,10.065303114374792,0.156633222896055
720p,1280,720,128,128,3,128,4096,50.0,os,4174190.0,0.0,24883200,23234400.0,16588800.0,194400.0,6451200.0,19502800.0,16594000.0,144000.0,2764800.0,5723136.0,349789777.92,4099098.96,110754040.32,464642917.20000005,2655040000.0,23040000.0,442368000.0,3120448000.0,3590814053.2,0.018432,accelergy,cacti,configs/cacti_sram_45nm.csv,21.085900000000002,17.167975,4,45.0,3.18224,0.795423,4302.53,11.948249145600002,160.0,160.0,4.17419,0.0,3.5908140532,14.988740112726909,0.107724421596
720p,1280,720,128,128,3,128,4096,50.0,ws,4208910.0,0.0,24883200,19355220.0,16588800.0,1620.0,2764800.0,116146800.0,113238000.0,144000.0,2764800.0,5723136.0,349789777.92,34159.158,47466017.279999994,397289954.35800004,18118080000.0,23040000.0,442368000.0,18583488000.0,18986501090.358,0.018432,accelergy,cacti,configs/cacti_sram_45nm.csv,21.085900000000002,17.167975,4,45.0,3.18224,0.795423,4302.53,11.948249145600002,160.0,160.0,4.2089099999999995,0.0,18.986501090358,79.91247430421868,0.56959503271074
720p,1280,720,128,128,3,128,4096,200.0,os,3883830.0,0.0,24883200,23234400.0,16588800.0,194400.0,6451200.0,19512800.0,16604000.0,144000.0,2764800.0,5723136.0,349789777.92,4099098.96,110754040.32,464642917.20000005,2656640000.0,23040000.0,442368000.0,3122048000.0,3592414053.2000003,0.004608,accelergy,cacti,configs/cacti_sram_45nm.csv,21.085900000000002,17.167975,4,45.0,3.18224,0.795423,4302.53,11.948249145600002,160.0,160.0,3.88383,0.0,3.5924140532,13.952325472239757,0.10777242159600002
720p,1280,720,128,128,3,128,4096,200.0,ws,2468930.0,0.0,24883200,19355220.0,16588800.0,1620.0,2764800.0,116164800.0,113256000.0,144000.0,2764800.0,5723136.0,349789777.92,34159.158,47466017.28,397289954.35800004,18120960000.0,23040000.0,442368000.0,18586368000.0,18989381090.358,0.004608,accelergy,cacti,configs/cacti_sram_45nm.csv,21.085900000000002,17.167975,4,45.0,3.18224,0.795423,4302.53,11.948249145600002,160.0,160.0,2.46893,0.0,18.989381090358002,46.88345265541758,0.56968143271074
720p,1280,720,128,128,3,128,4096,800.0,os,3811270.0,0.0,24883200,23234400.0,16588800.0,194400.0,6451200.0,19612800.0,16656000.0,192000.0,2764800.0,5723136.0,349789777.92,4099098.96,110754040.32,464642917.20000005,2664960000.0,30720000.0,442368000.0,3138048000.0,3608414053.2000003,0.0015187500000000001,accelergy,cacti,configs/cacti_sram_45nm.csv,21.085900000000002,17.167975,4,45.0,3.18224,0.795423,4302.53,11.948249145600002,160.0,160.0,3.81127,0.0,3.6084140532,13.752640228539564,0.10825242159600001
720p,1280,720,128,128,3,128,4096,800.0,ws,2033890.0,0.0,24883200,19355220.0,16588800.0,1620.0,2764800.0,116236800.0,113280000.0,192000.0,2764800.0,5723136.0,349789777.92,34159.158,47466017.28,397289954.35800004,18124800000.0,30720000.0,442368000.0,18597888000.0,19000901090.358,0.0015187500000000001,accelergy,cacti,configs/cacti_sram_45nm.csv,21.085900000000002,17.167975,4,45.0,3.18224,0.795423,4302.53,11.948249145600002,160.0,160.0,2.03389,0.0,19.000901090358003,38.64574271866824,0.57002703271074
720p,1280,720,128,128,5,8,256,50.0,os,7338870.0,0.0,39628800,42739200.0,31334400.0,4953600.0,6451200.0,76996800.0,74214000.0,18000.0,2764800.0,9114624.0,206402042.88,32629734.72,29729387.519999996,268761165.12,11874240000.0,2880000.0,442368000.0,12319488000.0,12597363789.12,0.6192,accelergy,cacti,configs/cacti_sram_45nm.csv,6.5870750000000005,4.60835,4,45.0,1.14182,0.729013,270.818,0.82173726504,160.0,160.0,7.33887,0.0,12.597363789120001,92.45041519105911,0.37792091367360003
720p,1280,720,128,128,5,8,256,50.0,ws,5708440.0,0.0,39628800,38709780.0,31334400.0,2580.0,7372800.0,40963800.0,33573000.0,18000.0,7372800.0,9114624.0,206402042.88,16994.6535,33976442.879999995,240395480.4135,5371680000.0,2880000.0,1179648000.0,6554208000.0,6803718104.4135,0.6192,accelergy,cacti,configs/cacti_sram_45nm.csv,6.5870750000000005,4.60835,4,45.0,1.14182,0.729013,270.818,0.82173726504,160.0,160.0,5.70844,0.0,6.8037181044135,38.838616575958206,0.204111543132405
720p,1280,720,128,128,5,8,256,200.0,os,7191410.0,0.0,39628800,42739200.0,31334400.0,4953600.0,6451200.0,77128800.0,74340000.0,24000.0,2764800.0,9114624.0,206402042.88,32629734.72,29729387.519999996,268761165.12,11894400000.0,3840000.0,442368000.0,12340608000.0,12618483789.12,0.6192,accelergy,cacti,configs/cacti_sram_45nm.csv,6.5870750000000005,4.60835,4,45.0,1.14182,0.729013,270.818,0.82173726504,160.0,160.0,7.191409999999999,0.0,12.61848378912,90.74469050591546,0.37855451367360005
720p,1280,720,128,128,5,8,256,200.0,ws,5580180.0,0.0,39628800,38709780.0,31334400.0,2580.0,7372800.0,41026800.0,33630000.0,24000.0,7372800.0,9114624.0,206402042.88,16994.6535,33976442.879999995,240395480.4135,5380800000.0,3840000.0,1179648000.0,6564288000.0,6813798104.4135,0.6192,accelergy,cacti,configs/cacti_sram_45nm.csv,6.5870750000000005,4.60835,4,45.0,1.14182,0.729013,270.818,0.82173726504,160.0,160.0,5.5801799999999995,0.0,6.813798104413499,38.02221990628612,0.204413943132405
720p,1280,720,128,128,5,8,256,800.0,os,7154530.0,0.0,39628800,42739200.0,31334400.0,4953600.0,6451200.0,77452800.0,74592000.0,96000.0,2764800.0,9114624.0,206402042.88,32629734.72,29729387.519999996,268761165.12,11934720000.0,15360000.0,442368000.0,12392448000.0,12670323789.12,0.6192,accelergy,cacti,configs/cacti_sram_45nm.csv,6.5870750000000005,4.60835,4,45.0,1.14182,0.729013,270.818,0.82173726504,160.0,160.0,7.15453,0.0,12.670323789120001,90.65021165897272,0.3801097136736
720p,1280,720,128,128,5,8,256,800.0,ws,5548100.0,0.0,39628800,38709780.0,31334400.0,2580.0,7372800.0,41212800.0,33744000.0,96000.0,7372800.0,9114624.0,206402042.88,16994.6535,33976442.879999995,240395480.4135,5399040000.0,15360000.0,1179648000.0,6594048000.0,6843558104.4135,0.6192,accelergy,cacti,configs/cacti_sram_45nm.csv,6.5870750000000005,4.60835,4,45.0,1.14182,0.729013,270.818,0.82173726504,160.0,160.0,5.5481,0.0,6.8435581044135,37.968744719096534,0.205306743132405
720p,1280,720,128,128,5,8,1024,50.0,os,7646710.0,0.0,39628800,42739200.0,31334400.0,4953600.0,6451200.0,39405800.0,36623000.0,18000.0,2764800.0,9114624.0,323478328.32,51138118.08,57088120.32000001,431704566.72,5859680000.0,2880000.0,442368000.0,6304928000.0,6745747190.72,0.6192,accelergy,cacti,configs/cacti_sram_45nm.csv,10.323425,8.849225,4,45.0,2.03065,0.431177,1188.88,3.192179885,160.0,160.0,7.646710000000001,0.0,6.74574719072,51.582772500750536,0.2023724157216
720p,1280,720,128,128,5,8,1024,50.0,ws,6236860.0,0.0,39628800,38709780.0,31334400.0,2580.0,7372800.0,49157800.0,41767000.0,18000.0,7372800.0,9114624.0,323478328.32000005,26634.4365,65243566.08,388748528.8365,6682720000.0,2880000.0,1179648000.0,7865248000.0,8263111152.8365,0.6192,accelergy,cacti,configs/cacti_sram_45nm.csv,10.323425,8.849225,4,45.0,2.03065,0.431177,1188.88,3.192179885,160.0,160.0,6.23686,0.0,8.2631111528365,51.53586742467985,0.247893334585095
720p,1280,720,128,128,5,8,1024,200.0,os,7268380.0,0.0,39628800,42739200.0,31334400.0,4953600.0,6451200.0,39434800.0,36646000.0,24000.0,2764800.0,9114624.0,323478328.32,51138118.08,57088120.32000001,431704566.72,5863360000.0,3840000.0,442368000.0,6309568000.0,6750387190.72,0.6192,accelergy,cacti,configs/cacti_sram_45nm.csv,10.323425,8.849225,4,45.0,2.03065,0.431177,1188.88,3.192179885,160.0,160.0,7.26838,0.0,6.750387190720001,49.06437924928544,0.2025116157216
720p,1280,720,128,128,5,8,1024,200.0,ws,5712290.0,0.0,39628800,38709780.0,31334400.0,2580.0,7372800.0,49190800.0,41794000.0,24000.0,7372800.0,9114624.0,323478328.32000005,26634.4365,65243566.08,388748528.8365,6687040000.0,3840000.0,1179648000.0,7870528000.0,8268391152.8365,0.6192,accelergy,cacti,configs/cacti_sram_45nm.csv,10.323425,8.849225,4,45.0,2.03065,0.431177,1188.88,3.192179885,160.0,160.0,5.71229,0.0,8.2683911528365,47.23144809843642,0.248051734585095
720p,1280,720,128,128,5,8,1024,800.0,os,7173820.0,0.0,39628800,42739200.0,31334400.0,4953600.0,6451200.0,39604800.0,36744000.0,96000.0,2764800.0,9114624.0,323478328.32000005,51138118.08,57088120.32000001,431704566.72,5879040000.0,15360000.0,442368000.0,6336768000.0,6777587190.72,0.6192,accelergy,cacti,configs/cacti_sram_45nm.csv,10.323425,8.849225,4,45.0,2.03065,0.431177,1188.88,3.192179885,160.0,160.0,7.17382,0.0,6.77758719072,48.621190540530954,0.20332761572160002
720p,1280,720,128,128,5,8,1024,800.0,ws,5581130.0,0.0,39628800,38709780.0,31334400.0,2580.0,7372800.0,49364800.0,41896000.0,96000.0,7372800.0,9114624.0,323478328.32,26634.4365,65243566.08,388748528.8365,6703360000.0,15360000.0,1179648000.0,7898368000.0,8296231152.8365,0.6192,accelergy,cacti,configs/cacti_sram_45nm.csv,10.323425,8.849225,4,45.0,2.03065,0.431177,1188.88,3.192179885,160.0,160.0,5.58113,0.0,8.2962311528365,46.30234457403037,0.248886934585095
720p,1280,720,128,128,5,8,4096,50.0,os,7824250.0,0.0,39628800,42739200.0,31334400.0,4953600.0,6451200.0,34119800.0,31337000.0,18000.0,2764800.0,9114624.0,660714024.96,104451114.24000001,110754040.32,875919179.52,5013920000.0,2880000.0,442368000.0,5459168000.0,6344201803.52,0.6192,accelergy,cacti,configs/cacti_sram_45nm.csv,21.085900000000002,17.167975,4,45.0,3.18224,0.795423,4302.53,11.948249145600002,160.0,160.0,7.824249999999999,0.0,6.344201803520001,49.638620961191364,0.1903260541056
720p,1280,720,128,128,5,8,4096,50.0,ws,6569540.0,0.0,39628800,38709780.0,31334400.0,2580.0,7372800.0,51628800.0,44238000.0,18000.0,7372800.0,9114624.0,660714024.96,54401.622,126576046.08,787344472.6620001,7078080000.0,2880000.0,1179648000.0,8260608000.0,9057067096.662,0.6192,accelergy,cacti,configs/cacti_sram_45nm.csv,21.085900000000002,17.167975,4,45.0,3.18224,0.795423,4302.53,11.948249145600002,160.0,160.0,6.56954,0.0,9.057067096662001,59.50076457420488,0.27171201289986
720p,1280,720,128,128,5,8,4096,200.0,os,7312720.0,0.0,39628800,42739200.0,31334400.0,4953600.0,6451200.0,34130800.0,31342000.0,24000.0,2764800.0,9114624.0,660714024.96,104451114.24000001,110754040.32,875919179.52,5014720000.0,3840000.0,442368000.0,5460928000.0,6345961803.52,0.6192,accelergy,cacti,configs/cacti_sram_45nm.csv,21.085900000000002,17.167975,4,45.0,3.18224,0.795423,4302.53,11.948249145600002,160.0,160.0,7.31272,0.0,6.345961803520001,46.40624179983678,0.19037885410560001
720p,1280,720,128,128,5,8,4096,200.0,ws,5795420.0,0.0,39628800,38709780.0,31334400.0,2580.0,7372800.0,51644800.0,44248000.0,24000.0,7372800.0,9114624.0,660714024.96,54401.622,126576046.07999998,787344472.6620001,7079680000.0,3840000.0,1179648000.0,8263168000.0,9059627096.662,0.6192,accelergy,cacti,configs/cacti_sram_45nm.csv,21.085900000000002,17.167975,4,45.0,3.18224,0.795423,4302.53,11.948249145600002,160.0,160.0,5.79542,0.0,9.059627096662,52.50434406853689,0.27178881289986
720p,1280,720,128,128,5,8,4096,800.0,os,7184860.0,0.0,39628800,42739200.0,31334400.0,4953600.0,6451200.0,34228800.0,31368000.0,96000.0,2764800.0,9114624.0,660714024.96,104451114.24000001,110754040.32,875919179.5200001,5018880000.0,15360000.0,442368000.0,5476608000.0,6361641803.52,0.6192,accelergy,cacti,configs/cacti_sram_45nm.csv,21.085900000000002,17.167975,4,45.0,3.18224,0.795423,4302.53,11.948249145600002,160.0,160.0,7.1848600000000005,0.0,6.36164180352,45.70750572843871,0.1908492541056
720p,1280,720,128,128,5,8,4096,800.0,ws,5601870.0,0.0,39628800,38709780.0,31334400.0,2580.0,7372800.0,51748800.0,44280000.0,96000.0,7372800.0,9114624.0,660714024.96,54401.622,126576046.07999998,787344472.6620001,7084800000.0,15360000.0,1179648000.0,8279808000.0,9076267096.662,0.6192,accelergy,cacti,configs/cacti_sram_45nm.csv,21.085900000000002,17.167975,4,45.0,3.18224,0.795423,4302.53,11.948249145600002,160.0,160.0,5.60187,0.0,9.076267096662,50.84406836077796,0.27228801289986004
720p,1280,720,128,128,5,16,256,50.0,os,10302670.0,4691800.0,39628800,40262400.0,31334400.0,2476800.0,6451200.0,426288800.0,423491000.0,33000.0,2764800.0,9114624.0,206402042.88,16314867.36,29729387.52,252446297.76,67758560000.0,5280000.0,442368000.0,68206208000.0,68467768921.76,0.1548,accelergy,cacti,configs/cacti_sram_45nm.csv,6.5870750000000005,4.60835,4,45.0,1.14182,0.729013,270.818,0.82173726504,160.0,160.0,10.302669999999999,45.53965137192591,68.46776892176,705.400828837149,2.0540330676528002
720p,1280,720,128,128,5,16,256,50.0,ws,2988000.0,0.0,39628800,35023380.0,31334400.0,2580.0,3686400.0,37292400.0,33573000.0,33000.0,3686400.0,9114624.0,206402042.88,16994.6535,16988221.439999998,223407258.97349998,5371680000.0,5280000.0,589824000.0,5966784000.0,6199305882.9735,0.1548,accelergy,cacti,configs/cacti_sram_45nm.csv,6.5870750000000005,4.60835,4,45.0,1.14182,0.729013,270.818,0.82173726504,160.0,160.0,2.988,0.0,6.1993058829735,18.52352597832482,0.185979176489205
720p,1280,720,128,128,5,16,256,200.0,os,5525860.0,62450.0,39628800,40262400.0,31334400.0,2476800.0,6451200.0,427010800.0,424210000.0,36000.0,2764800.0,9114624.0,206402042.88,16314867.36,29729387.52,252446297.76,67873600000.0,5760000.0,442368000.0,68321728000.0,68583288921.76,0.1548,accelergy,cacti,configs/cacti_sram_45nm.csv,6.5870750000000005,4.60835,4,45.0,1.14182,0.729013,270.818,0.82173726504,160.0,160.0,5.52586,1.1301408287578765,68.58328892176,378.9816529211967,2.0574986676528
720p,1280,720,128,128,5,16,256,200.0,ws,2826700.0,0.0,39628800,35023380.0,31334400.0,2580.0,3686400.0,37352400.0,33630000.0,36000.0,3686400.0,9114624.0,206402042.88,16994.6535,16988221.439999998,223407258.97349998,5380800000.0,5760000.0,589824000.0,5976384000.0,6208905882.9735,0.1548,accelergy,cacti,configs/cacti_sram_45nm.csv,6.5870750000000005,4.60835,4,45.0,1.14182,0.729013,270.818,0.82173726504,160.0,160.0,2.8267,0.0,6.2089058829735,17.550714259401193,0.18626717648920502
720p,1280,720,128,128,5,16,256,800.0,os,5426530.0,0.0,39628800,40262400.0,31334400.0,2476800.0,6451200.0,428508800.0,425648000.0,96000.0,2764800.0,9114624.0,206402042.88,16314867.36,29729387.52,252446297.76,68103680000.0,15360000.0,442368000.0,68561408000.0,68822968921.76,0.1548,accelergy,cacti,configs/cacti_sram_45nm.csv,6.5870750000000005,4.60835,4,45.0,1.14182,0.729013,270.818,0.82173726504,160.0,160.0,5.42653,0.0,68.82296892176,373.4699055429982,2.0646890676528
720p,1280,720,128,128,5,16,256,800.0,ws,2786340.0,0.0,39628800,35023380.0,31334400.0,2580.0,3686400.0,37526400.0,33744000.0,96000.0,3686400.0,9114624.0,206402042.88,16994.6535,16988221.439999998,223407258.97349998,5399040000.0,15360000.0,589824000.0,6004224000.0,6236745882.973499,0.1548,accelergy,cacti,configs/cacti_sram_45nm.csv,6.5870750000000005,4.60835,4,45.0,1.14182,0.729013,270.818,0.82173726504,160.0,160.0,2.78634,0.0,6.2367458829735,17.377694523564383,0.187102376489205
720p,1280,720,128,128,5,16,1024,50.0,os,5918710.0,0.0,39628800,40262400.0,31334400.0,2476800.0,6451200.0,39420800.0,36623000.0,33000.0,2764800.0,9114624.0,323478328.32000005,25569059.04,57088120.32000001,406135507.68000007,5859680000.0,5280000.0,442368000.0,6307328000.0,6722578131.68,0.1548,accelergy,cacti,configs/cacti_sram_45nm.csv,10.323425,8.849225,4,45.0,2.03065,0.431177,1188.88,3.192179885,160.0,160.0,5.91871,0.0,6.722578131680001,39.788990413755734,0.20167734395040002
720p,1280,720,128,128,5,16,1024,50.0,ws,3398720.0,0.0,39628800,35023380.0,31334400.0,2580.0,3686400.0,45486400.0,41767000.0,33000.0,3686400.0,9114624.0,323478328.32000005,26634.4365,32621783.04,356126745.79649997,6682720000.0,5280000.0,589824000.0,7277824000.0,7643065369.796499,0.1548,accelergy,cacti,configs/cacti_sram_45nm.csv,10.323425,8.849225,4,45.0,2.03065,0.431177,1188.88,3.192179885,160.0,160.0,3.39872,0.0,7.643065369796499,25.97663913363476,0.229291961093895
720p,1280,720,128,128,5,16,1024,200.0,os,5540380.0,0.0,39628800,40262400.0,31334400.0,2476800.0,6451200.0,39446800.0,36646000.0,36000.0,2764800.0,9114624.0,323478328.32000005,25569059.04,57088120.32000001,406135507.68000007,5863360000.0,5760000.0,442368000.0,6311488000.0,6726738131.68,0.1548,accelergy,cacti,configs/cacti_sram_45nm.csv,10.323425,8.849225,4,45.0,2.03065,0.431177,1188.88,3.192179885,160.0,160.0,5.54038,0.0,6.72673813168,37.26868540999724,0.20180214395040003
720p,1280,720,128,128,5,16,1024,200.0,ws,2929410.0,0.0,39628800,35023380.0,31334400.0,2580.0,3686400.0,45516400.0,41794000.0,36000.0,3686400.0,9114624.0,323478328.32000005,26634.4365,32621783.04,356126745.79649997,6687040000.0,5760000.0,589824000.0,7282624000.0,7647865369.796499,0.1548,accelergy,cacti,configs/cacti_sram_45nm.csv,10.323425,8.849225,4,45.0,2.03065,0.431177,1188.88,3.192179885,160.0,160.0,2.92941,0.0,7.6478653697965,22.403733292935563,0.229435961093895
720p,1280,720,128,128,5,16,1024,800.0,os,5445820.0,0.0,39628800,40262400.0,31334400.0,2476800.0,6451200.0,39604800.0,36744000.0,96000.0,2764800.0,9114624.0,323478328.32,25569059.04,57088120.32000001,406135507.68,5879040000.0,15360000.0,442368000.0,6336768000.0,6752018131.68,0.1548,accelergy,cacti,configs/cacti_sram_45nm.csv,10.323425,8.849225,4,45.0,2.03065,0.431177,1188.88,3.192179885,160.0,160.0,5.445819999999999,0.0,6.75201813168,36.770275381865574,0.20256054395040002
720p,1280,720,128,128,5,16,1024,800.0,ws,2812070.0,0.0,39628800,35023380.0,31334400.0,2580.0,3686400.0,45678400.0,41896000.0,96000.0,3686400.0,9114624.0,323478328.32,26634.4365,32621783.04,356126745.7965,6703360000.0,15360000.0,589824000.0,7308544000.0,7673785369.796499,0.1548,accelergy,cacti,configs/cacti_sram_45nm.csv,10.323425,8.849225,4,45.0,2.03065,0.431177,1188.88,3.192179885,160.0,160.0,2.81207,0.0,7.673785369796499,21.57922162484364,0.23021356109389499
720p,1280,720,128,128,5,16,4096,50.0,os,6096250.0,0.0,39628800,40262400.0,31334400.0,2476800.0,6451200.0,34134800.0,31337000.0,33000.0,2764800.0,9114624.0,660714024.96,52225557.120000005,110754040.32,823693622.4000001,5013920000.0,5280000.0,442368000.0,5461568000.0,6294376246.4,0.1548,accelergy,cacti,configs/cacti_sram_45nm.csv,21.085900000000002,17.167975,4,45.0,3.18224,0.795423,4302.53,11.948249145600002,160.0,160.0,6.09625,0.0,6.2943762464,38.372091192116,0.188831287392
720p,1280,720,128,128,5,16,4096,50.0,ws,3731400.0,0.0,39628800,35023380.0,31334400.0,2580.0,3686400.0,47957400.0,44238000.0,33000.0,3686400.0,9114624.0,660714024.96,54401.622,63288023.03999999,724056449.6220001,7078080000.0,5280000.0,589824000.0,7673184000.0,8406355073.622,0.1548,accelergy,cacti,configs/cacti_sram_45nm.csv,21.085900000000002,17.167975,4,45.0,3.18224,0.795423,4302.53,11.948249145600002,160.0,160.0,3.7314000000000003,0.0,8.406355073622,31.367473321713135,0.25219065220866
720p,1280,720,128,128,5,16,4096,200.0,os,5584720.0,0.0,39628800,40262400.0,31334400.0,2476800.0,6451200.0,34142800.0,31342000.0,36000.0,2764800.0,9114624.0,660714024.96,52225557.120000005,110754040.32,823693622.4000001,5014720000.0,5760000.0,442368000.0,5462848000.0,6295656246.400001,0.1548,accelergy,cacti,configs/cacti_sram_45nm.csv,21.085900000000002,17.167975,4,45.0,3.18224,0.795423,4302.53,11.948249145600002,160.0,160.0,5.58472,0.0,6.295656246400001,35.159477352395015,0.18886968739200002
720p,1280,720,128,128,5,16,4096,200.0,ws,3012540.0,0.0,39628800,35023380.0,31334400.0,2580.0,3686400.0,47970400.0,44248000.0,36000.0,3686400.0,9114624.0,660714024.96,54401.622,63288023.04,724056449.6220001,7079680000.0,5760000.0,589824000.0,7675264000.0,8408435073.622,0.1548,accelergy,cacti,configs/cacti_sram_45nm.csv,21.085900000000002,17.167975,4,45.0,3.18224,0.795423,4302.53,11.948249145600002,160.0,160.0,3.01254,0.0,8.408435073622,25.33074699668922,0.25225305220866
720p,1280,720,128,128,5,16,4096,800.0,os,5456860.0,0.0,39628800,40262400.0,31334400.0,2476800.0,6451200.0,34228800.0,31368000.0,96000.0,2764800.0,9114624.0,660714024.96,52225557.120000005,110754040.32,823693622.4000001,5018880000.0,15360000.0,442368000.0,5476608000.0,6309416246.4,0.1548,accelergy,cacti,configs/cacti_sram_45nm.csv,21.085900000000002,17.167975,4,45.0,3.18224,0.795423,4302.53,11.948249145600002,160.0,160.0,5.45686,0.0,6.3094162464,34.4296011383303,0.189282487392
720p,1280,720,128,128,5,16,4096,800.0,ws,2832810.0,0.0,39628800,35023380.0,31334400.0,2580.0,3686400.0,48062400.0,44280000.0,96000.0,3686400.0,9114624.0,660714024.96,54401.622,63288023.03999999,724056449.6220001,7084800000.0,15360000.0,589824000.0,7689984000.0,8423155073.622,0.1548,accelergy,cacti,configs/cacti_sram_45nm.csv,21.085900000000002,17.167975,4,45.0,3.18224,0.795423,4302.53,11.948249145600002,160.0,160.0,2.83281,0.0,8.423155073622,23.861197924107138,0.25269465220866
720p,1280,720,128,128,5,32,256,50.0,os,64155710.0,59408840.0,39628800,39024000.0,31334400.0,1238400.0,6451200.0,3135132800.0,3132302000.0,66000.0,2764800.0,9114624.0,206402042.88,8157433.68,29729387.52,244288864.08,501168320000.0,10560000.0,442368000.0,501621248000.0,501874651488.08,0.0387,accelergy,cacti,configs/cacti_sram_45nm.csv,6.5870750000000005,4.60835,4,45.0,1.14182,0.729013,270.818,0.82173726504,160.0,160.0,64.15571,92.60101711913093,501.87465148808,32198.12459722033,15.0562395446424
720p,1280,720,128,128,5,32,256,50.0,ws,2050950.0,0.0,39628800,34101780.0,31334400.0,2580.0,2764800.0,36403800.0,33573000.0,66000.0,2764800.0,9114624.0,206402042.88,16994.6535,12741166.08,219160203.6135,5371680000.0,10560000.0,442368000.0,5824608000.0,6052882827.613501,0.0387,accelergy,cacti,configs/cacti_sram_45nm.csv,6.5870750000000005,4.60835,4,45.0,1.14182,0.729013,270.818,0.82173726504,160.0,160.0,2.0509500000000003,0.0,6.052882827613501,12.41416003529391,0.18158648482840503
720p,1280,720,128,128,5,32,256,200.0,os,17823410.0,13224000.0,39628800,39024000.0,31334400.0,1238400.0,6451200.0,3140456800.0,3137620000.0,72000.0,2764800.0,9114624.0,206402042.88,8157433.68,29729387.519999996,244288864.08,502019200000.0,11520000.0,442368000.0,502473088000.0,502726491488.08,0.0387,accelergy,cacti,configs/cacti_sram_45nm.csv,6.5870750000000005,4.60835,4,45.0,1.14182,0.729013,270.818,0.82173726504,160.0,160.0,17.823410000000003,74.19455648498239,502.72649148808,8960.300375653562,15.0817947446424
720p,1280,720,128,128,5,32,256,200.0,ws,1903490.0,0.0,39628800,34101780.0,31334400.0,2580.0,2764800.0,36466800.0,33630000.0,72000.0,2764800.0,9114624.0,206402042.88,16994.6535,12741166.08,219160203.6135,5380800000.0,11520000.0,442368000.0,5834688000.0,6062962827.613501,0.0387,accelergy,cacti,configs/cacti_sram_45nm.csv,6.5870750000000005,4.60835,4,45.0,1.14182,0.729013,270.818,0.82173726504,160.0,160.0,1.9034900000000001,0.0,6.062962827613501,11.540789112734023,0.18188888482840504
720p,1280,720,128,128,5,32,256,800.0,os,6263280.0,1700750.0,39628800,39024000.0,31334400.0,1238400.0,6451200.0,3151116800.0,3148256000.0,96000.0,2764800.0,9114624.0,206402042.88,8157433.68,29729387.52,244288864.08,503720960000.0,15360000.0,442368000.0,504178688000.0,504432091488.08,0.0387,accelergy,cacti,configs/cacti_sram_45nm.csv,6.5870750000000005,4.60835,4,45.0,1.14182,0.729013,270.818,0.82173726504,160.0,160.0,6.263280000000001,27.15430253796733,504.43209148808,3159.399429975462,15.1329627446424
720p,1280,720,128,128,5,32,256,800.0,ws,1866610.0,0.0,39628800,34101780.0,31334400.0,2580.0,2764800.0,36604800.0,33744000.0,96000.0,2764800.0,9114624.0,206402042.88,16994.6535,12741166.08,219160203.6135,5399040000.0,15360000.0,442368000.0,5856768000.0,6085042827.613501,0.0387,accelergy,cacti,configs/cacti_sram_45nm.csv,6.5870750000000005,4.60835,4,45.0,1.14182,0.729013,270.818,0.82173726504,160.0,160.0,1.86661,0.0,6.085042827613501,11.358401792451637,0.18255128482840502
720p,1280,720,128,128,5,32,1024,50.0,os,5054710.0,0.0,39628800,39024000.0,31334400.0,1238400.0,6451200.0,39453800.0,36623000.0,66000.0,2764800.0,9114624.0,323478328.32000005,12784529.52,57088120.32000001,393350978.16,5859680000.0,10560000.0,442368000.0,6312608000.0,6715073602.16,0.0387,accelergy,cacti,configs/cacti_sram_45nm.csv,10.323425,8.849225,4,45.0,2.03065,0.431177,1188.88,3.192179885,160.0,160.0,5.054709999999999,0.0,6.7150736021599995,33.942749687574164,0.2014522080648
720p,1280,720,128,128,5,32,1024,50.0,ws,2476110.0,0.0,39628800,34101780.0,31334400.0,2580.0,2764800.0,45319800.0,42489000.0,66000.0,2764800.0,9114624.0,323478328.32000005,26634.4365,24466337.28,347971300.0365,6798240000.0,10560000.0,442368000.0,7251168000.0,7608253924.036499,0.0387,accelergy,cacti,configs/cacti_sram_45nm.csv,10.323425,8.849225,4,45.0,2.03065,0.431177,1188.88,3.192179885,160.0,160.0,2.4761100000000003,0.0,7.608253924036499,18.83887362384602,0.22824761772109498
720p,1280,720,128,128,5,32,1024,200.0,os,4676380.0,0.0,39628800,39024000.0,31334400.0,1238400.0,6451200.0,39482800.0,36646000.0,72000.0,2764800.0,9114624.0,323478328.32000005,12784529.52,57088120.32000001,393350978.16,5863360000.0,11520000.0,442368000.0,6317248000.0,6719713602.16,0.0387,accelergy,cacti,configs/cacti_sram_45nm.csv,10.323425,8.849225,4,45.0,2.03065,0.431177,1188.88,3.192179885,160.0,160.0,4.67638,0.0,6.71971360216,31.423934294868978,0.2015914080648
720p,1280,720,128,128,5,32,1024,200.0,ws,2009810.0,0.0,39628800,34101780.0,31334400.0,2580.0,2764800.0,45352800.0,42516000.0,72000.0,2764800.0,9114624.0,323478328.32000005,26634.4365,24466337.28,347971300.0365,6802560000.0,11520000.0,442368000.0,7256448000.0,7613533924.036499,0.0387,accelergy,cacti,configs/cacti_sram_45nm.csv,10.323425,8.849225,4,45.0,2.03065,0.431177,1188.88,3.192179885,160.0,160.0,2.00981,0.0,7.613533924036499,15.301756615867795,0.22840601772109498
720p,1280,720,128,128,5,32,1024,800.0,os,4581820.0,0.0,39628800,39024000.0,31334400.0,1238400.0,6451200.0,39604800.0,36744000.0,96000.0,2764800.0,9114624.0,323478328.32000005,12784529.52,57088120.32000001,393350978.16,5879040000.0,15360000.0,442368000.0,6336768000.0,6739233602.16,0.0387,accelergy,cacti,configs/cacti_sram_45nm.csv,10.323425,8.849225,4,45.0,2.03065,0.431177,1188.88,3.192179885,160.0,160.0,4.5818200000000004,0.0,6.73923360216,30.877955303048733,0.2021770080648
720p,1280,720,128,128,5,32,1024,800.0,ws,1893250.0,0.0,39628800,34101780.0,31334400.0,2580.0,2764800.0,45484800.0,42624000.0,96000.0,2764800.0,9114624.0,323478328.32,26634.4365,24466337.28,347971300.0365,6819840000.0,15360000.0,442368000.0,7277568000.0,7634653924.0365,0.0387,accelergy,cacti,configs/cacti_sram_45nm.csv,10.323425,8.849225,4,45.0,2.03065,0.431177,1188.88,3.192179885,160.0,160.0,1.8932499999999999,0.0,7.6346539240365,14.454308541682103,0.229039617721095
720p,1280,720,128,128,5,32,4096,50.0,os,5232250.0,0.0,39628800,39024000.0,31334400.0,1238400.0,6451200.0,34167800.0,31337000.0,66000.0,2764800.0,9114624.0,660714024.96,26112778.560000002,110754040.32,797580843.84,5013920000.0,10560000.0,442368000.0,5466848000.0,6273543467.84,0.0387,accelergy,cacti,configs/cacti_sram_45nm.csv,21.085900000000002,17.167975,4,45.0,3.18224,0.795423,4302.53,11.948249145600002,160.0,160.0,5.23225,0.0,6.27354346784,32.82474780960584,0.1882063040352
720p,1280,720,128,128,5,32,4096,50.0,ws,3089270.0,0.0,39628800,34101780.0,31334400.0,2580.0,2764800.0,61814800.0,58984000.0,66000.0,2764800.0,9114624.0,660714024.96,54401.622,47466017.28,708234443.8620001,9437440000.0,10560000.0,442368000.0,9890368000.0,10607717067.862,0.0387,accelergy,cacti,configs/cacti_sram_45nm.csv,21.085900000000002,17.167975,4,45.0,3.18224,0.795423,4302.53,11.948249145600002,160.0,160.0,3.08927,0.0,10.607717067862,32.77010210623404,0.31823151203586
720p,1280,720,128,128,5,32,4096,200.0,os,4720720.0,0.0,39628800,39024000.0,31334400.0,1238400.0,6451200.0,34178800.0,31342000.0,72000.0,2764800.0,9114624.0,660714024.96,26112778.560000002,110754040.32,797580843.84,5014720000.0,11520000.0,442368000.0,5468608000.0,6275303467.84,0.0387,accelergy,cacti,configs/cacti_sram_45nm.csv,21.085900000000002,17.167975,4,45.0,3.18224,0.795423,4302.53,11.948249145600002,160.0,160.0,4.72072,0.0,6.275303467840001,29.623950586701646,0.18825910403520002
720p,1280,720,128,128,5,32,4096,200.0,ws,2163070.0,0.0,39628800,34101780.0,31334400.0,2580.0,2764800.0,61832800.0,58996000.0,72000.0,2764800.0,9114624.0,660714024.96,54401.622,47466017.28,708234443.8620001,9439360000.0,11520000.0,442368000.0,9893248000.0,10610597067.862,0.0387,accelergy,cacti,configs/cacti_sram_45nm.csv,21.085900000000002,17.167975,4,45.0,3.18224,0.795423,4302.53,11.948249145600002,160.0,160.0,2.16307,0.0,10.610597067861999,22.95146419958025,0.31831791203585996
720p,1280,720,128,128,5,32,4096,800.0,os,4592860.0,0.0,39628800,39024000.0,31334400.0,1238400.0,6451200.0,34228800.0,31368000.0,96000.0,2764800.0,9114624.0,660714024.96,26112778.560000002,110754040.32,797580843.84,5018880000.0,15360000.0,442368000.0,5476608000.0,6283303467.84,0.0387,accelergy,cacti,configs/cacti_sram_45nm.csv,21.085900000000002,17.167975,4,45.0,3.18224,0.795423,4302.53,11.948249145600002,160.0,160.0,4.59286,0.0,6.28330346784,28.85833316530362,0.1884991040352
720p,1280,720,128,128,5,32,4096,800.0,ws,1931530.0,0.0,39628800,34101780.0,31334400.0,2580.0,2764800.0,61900800.0,59040000.0,96000.0,2764800.0,9114624.0,660714024.96,54401.622,47466017.28,708234443.8620001,9446400000.0,15360000.0,442368000.0,9904128000.0,10621477067.862,0.0387,accelergy,cacti,configs/cacti_sram_45nm.csv,21.085900000000002,17.167975,4,45.0,3.18224,0.795423,4302.53,11.948249145600002,160.0,160.0,1.9315300000000002,0.0,10.621477067862,20.51570160088749,0.31864431203585997
720p,1280,720,128,128,5,64,256,50.0,os,64065000.0,59750130.0,39628800,38404800.0,31334400.0,619200.0,6451200.0,3135198800.0,3132302000.0,132000.0,2764800.0,9114624.0,206402042.88,4078716.84,29729387.52,240210147.24,501168320000.0,21120000.0,442368000.0,501631808000.0,501881132771.24005,0.018432,accelergy,cacti,configs/cacti_sram_45nm.csv,6.5870750000000005,4.60835,4,45.0,1.14182,0.729013,270.818,0.82173726504,160.0,160.0,64.065,93.2648560056193,501.88113277124006,32153.01477098949,15.056433983137202
720p,1280,720,128,128,5,64,256,50.0,ws,2062470.0,0.0,39628800,34101780.0,31334400.0,2580.0,2764800.0,36469800.0,33573000.0,132000.0,2764800.0,9114624.0,206402042.88,16994.6535,12741166.08,219160203.6135,5371680000.0,21120000.0,442368000.0,5835168000.0,6063442827.613501,0.018432,accelergy,cacti,configs/cacti_sram_45nm.csv,6.5870750000000005,4.60835,4,45.0,1.14182,0.729013,270.818,0.82173726504,160.0,160.0,2.06247,0.0,6.063442827613501,12.505668928668015,0.18190328482840504
720p,1280,720,128,128,5,64,256,200.0,os,17693660.0,13526250.0,39628800,38404800.0,31334400.0,619200.0,6451200.0,3140516800.0,3137620000.0,132000.0,2764800.0,9114624.0,206402042.88,4078716.84,29729387.519999996,240210147.24,502019200000.0,21120000.0,442368000.0,502482688000.0,502732012771.24,0.009675,accelergy,cacti,configs/cacti_sram_45nm.csv,6.5870750000000005,4.60835,4,45.0,1.14182,0.729013,270.818,0.82173726504,160.0,160.0,17.69366,76.44687419109444,502.73201277123997,8895.169305089978,15.081960383137199
720p,1280,720,128,128,5,64,256,200.0,ws,1915010.0,0.0,39628800,34101780.0,31334400.0,2580.0,2764800.0,36526800.0,33630000.0,132000.0,2764800.0,9114624.0,206402042.88,16994.6535,12741166.08,219160203.6135,5380800000.0,21120000.0,442368000.0,5844288000.0,6072562827.613501,0.009675,accelergy,cacti,configs/cacti_sram_45nm.csv,6.5870750000000005,4.60835,4,45.0,1.14182,0.729013,270.818,0.82173726504,160.0,160.0,1.9150099999999999,0.0,6.072562827613501,11.62901854050813,0.18217688482840502
720p,1280,720,128,128,5,64,256,800.0,os,6127730.0,1997200.0,39628800,38404800.0,31334400.0,619200.0,6451200.0,3151164800.0,3148256000.0,144000.0,2764800.0,9114624.0,206402042.88,4078716.84,29729387.52,240210147.24,503720960000.0,23040000.0,442368000.0,504186368000.0,504435692771.24005,0.009675,accelergy,cacti,configs/cacti_sram_45nm.csv,6.5870750000000005,4.60835,4,45.0,1.14182,0.729013,270.818,0.82173726504,160.0,160.0,6.12773,32.59281985335516,504.43569277124004,3091.0457276651105,15.133070783137201
720p,1280,720,128,128,5,64,256,800.0,ws,1878130.0,0.0,39628800,34101780.0,31334400.0,2580.0,2764800.0,36652800.0,33744000.0,144000.0,2764800.0,9114624.0,206402042.88,16994.6535,12741166.08,219160203.6135,5399040000.0,23040000.0,442368000.0,5864448000.0,6092722827.613501,0.009675,accelergy,cacti,configs/cacti_sram_45nm.csv,6.5870750000000005,4.60835,4,45.0,1.14182,0.729013,270.818,0.82173726504,160.0,160.0,1.87813,0.0,6.092722827613501,11.442925524225744,0.18278168482840504
720p,1280,720,128,128,5,64,1024,50.0,os,4622710.0,0.0,39628800,38404800.0,31334400.0,619200.0,6451200.0,39519800.0,36623000.0,132000.0,2764800.0,9114624.0,323478328.32,6392264.76,57088120.32000001,386958713.40000004,5859680000.0,21120000.0,442368000.0,6323168000.0,6719241337.400001,0.018432,accelergy,cacti,configs/cacti_sram_45nm.csv,10.323425,8.849225,4,45.0,2.03065,0.431177,1188.88,3.192179885,160.0,160.0,4.6227100000000005,0.0,6.719241337400001,31.06110412281236,0.20157724012200004
720p,1280,720,128,128,5,64,1024,50.0,ws,2487630.0,0.0,39628800,34101780.0,31334400.0,2580.0,2764800.0,45385800.0,42489000.0,132000.0,2764800.0,9114624.0,323478328.32000005,26634.4365,24466337.28,347971300.0365,6798240000.0,21120000.0,442368000.0,7261728000.0,7618813924.036499,0.018432,accelergy,cacti,configs/cacti_sram_45nm.csv,10.323425,8.849225,4,45.0,2.03065,0.431177,1188.88,3.192179885,160.0,160.0,2.48763,0.0,7.618813924036499,18.952790081850914,0.22856441772109498
720p,1280,720,128,128,5,64,1024,200.0,os,4244380.0,0.0,39628800,38404800.0,31334400.0,619200.0,6451200.0,39542800.0,36646000.0,132000.0,2764800.0,9114624.0,323478328.32000005,6392264.76,57088120.32000001,386958713.40000004,5863360000.0,21120000.0,442368000.0,6326848000.0,6722921337.4,0.009675,accelergy,cacti,configs/cacti_sram_45nm.csv,10.323425,8.849225,4,45.0,2.03065,0.431177,1188.88,3.192179885,160.0,160.0,4.24438,0.0,6.7229213374,28.53463286603381,0.201687640122
720p,1280,720,128,128,5,64,1024,200.0,ws,2021330.0,0.0,39628800,34101780.0,31334400.0,2580.0,2764800.0,45412800.0,42516000.0,132000.0,2764800.0,9114624.0,323478328.32,26634.4365,24466337.28,347971300.0365,6802560000.0,21120000.0,442368000.0,7266048000.0,7623133924.0365,0.009675,accelergy,cacti,configs/cacti_sram_45nm.csv,10.323425,8.849225,4,45.0,2.03065,0.431177,1188.88,3.192179885,160.0,160.0,2.02133,0.0,7.6231339240365,15.408869294672698,0.228694017721095
720p,1280,720,128,128,5,64,1024,800.0,os,4149820.0,0.0,39628800,38404800.0,31334400.0,619200.0,6451200.0,39652800.0,36744000.0,144000.0,2764800.0,9114624.0,323478328.32,6392264.76,57088120.32000001,386958713.40000004,5879040000.0,23040000.0,442368000.0,6344448000.0,6740521337.400001,0.009675,accelergy,cacti,configs/cacti_sram_45nm.csv,10.323425,8.849225,4,45.0,2.03065,0.431177,1188.88,3.192179885,160.0,160.0,4.14982,0.0,6.740521337400001,27.971950256369272,0.20221564012200002
720p,1280,720,128,128,5,64,1024,800.0,ws,1904770.0,0.0,39628800,34101780.0,31334400.0,2580.0,2764800.0,45532800.0,42624000.0,144000.0,2764800.0,9114624.0,323478328.32,26634.4365,24466337.28,347971300.0365,6819840000.0,23040000.0,442368000.0,7285248000.0,7642333924.0365,0.009675,accelergy,cacti,configs/cacti_sram_45nm.csv,10.323425,8.849225,4,45.0,2.03065,0.431177,1188.88,3.192179885,160.0,160.0,1.90477,0.0,7.6423339240365,14.556888388487003,0.229270017721095
720p,1280,720,128,128,5,64,4096,50.0,os,4800250.0,0.0,39628800,38404800.0,31334400.0,619200.0,6451200.0,34233800.0,31337000.0,132000.0,2764800.0,9114624.0,660714024.96,13056389.280000001,110754040.32,784524454.5600001,5013920000.0,21120000.0,442368000.0,5477408000.0,6271047078.56,0.018432,accelergy,cacti,configs/cacti_sram_45nm.csv,21.085900000000002,17.167975,4,45.0,3.18224,0.795423,4302.53,11.948249145600002,160.0,160.0,4.80025,0.0,6.2710470785600005,30.102593738857642,0.18813141235680003
720p,1280,720,128,128,5,64,4096,50.0,ws,4070570.0,0.0,39628800,34101780.0,31334400.0,2580.0,2764800.0,110369800.0,107473000.0,132000.0,2764800.0,9114624.0,660714024.96,54401.622,47466017.279999994,708234443.8620001,17195680000.0,21120000.0,442368000.0,17659168000.0,18376517067.862,0.018432,accelergy,cacti,configs/cacti_sram_45nm.csv,21.085900000000002,17.167975,4,45.0,3.18224,0.795423,4302.53,11.948249145600002,160.0,160.0,4.07057,0.0,18.376517067862,74.80289908092702,0.55129551203586
720p,1280,720,128,128,5,64,4096,200.0,os,4288720.0,0.0,39628800,38404800.0,31334400.0,619200.0,6451200.0,34238800.0,31342000.0,132000.0,2764800.0,9114624.0,660714024.96,13056389.280000001,110754040.32,784524454.5600002,5014720000.0,21120000.0,442368000.0,5478208000.0,6271847078.56,0.009675,accelergy,cacti,configs/cacti_sram_45nm.csv,21.085900000000002,17.167975,4,45.0,3.18224,0.795423,4302.53,11.948249145600002,160.0,160.0,4.2887200000000005,0.0,6.2718470785600005,26.89819600276185,0.18815541235680003
720p,1280,720,128,128,5,64,4096,200.0,ws,2417050.0,0.0,39628800,34101780.0,31334400.0,2580.0,2764800.0,110384800.0,107488000.0,132000.0,2764800.0,9114624.0,660714024.96,54401.622,47466017.279999994,708234443.8620001,17198080000.0,21120000.0,442368000.0,17661568000.0,18378917067.862,0.009675,accelergy,cacti,configs/cacti_sram_45nm.csv,21.085900000000002,17.167975,4,45.0,3.18224,0.795423,4302.53,11.948249145600002,160.0,160.0,2.41705,0.0,18.378917067861998,44.42276149887584,0.55136751203586
720p,1280,720,128,128,5,64,4096,800.0,os,4160860.0,0.0,39628800,38404800.0,31334400.0,619200.0,6451200.0,34276800.0,31368000.0,144000.0,2764800.0,9114624.0,660714024.96,13056389.280000001,110754040.32,784524454.5600002,5018880000.0,23040000.0,442368000.0,5484288000.0,6277927078.56,0.009675,accelergy,cacti,configs/cacti_sram_45nm.csv,21.085900000000002,17.167975,4,45.0,3.18224,0.795423,4302.53,11.948249145600002,160.0,160.0,4.16086,0.0,6.27792707856,26.12157566409716,0.18833781235680003
720p,1280,720,128,128,5,64,4096,800.0,ws,2003650.0,0.0,39628800,34101780.0,31334400.0,2580.0,2764800.0,110428800.0,107520000.0,144000.0,2764800.0,9114624.0,660714024.96,54401.622,47466017.28,708234443.8620001,17203200000.0,23040000.0,442368000.0,17668608000.0,18385957067.862,0.009675,accelergy,cacti,configs/cacti_sram_45nm.csv,21.085900000000002,17.167975,4,45.0,3.18224,0.795423,4302.53,11.948249145600002,160.0,160.0,2.00365,0.0,18.385957067861998,36.83902287902169,0.55157871203586
720p,1280,720,128,128,5,128,256,50.0,os,31243740.0,27144870.0,39628800,38095200.0,31334400.0,309600.0,6451200.0,1497910800.0,1494882000.0,264000.0,2764800.0,9114624.0,206402042.88,2039358.42,29729387.519999996,238170788.82,239181120000.0,42240000.0,442368000.0,239665728000.0,239913013412.82,0.018432,accelergy,cacti,configs/cacti_sram_45nm.csv,6.5870750000000005,4.60835,4,45.0,1.14182,0.729013,270.818,0.82173726504,160.0,160.0,31.24374,86.88098799951607,239.91301341282002,7495.779813686661,7.197390402384601
720p,1280,720,128,128,5,128,256,50.0,ws,2085510.0,0.0,39628800,34101780.0,31334400.0,2580.0,2764800.0,36601800.0,33573000.0,264000.0,2764800.0,9114624.0,206402042.88,16994.6535,12741166.08,219160203.6135,5371680000.0,42240000.0,442368000.0,5856288000.0,6084562827.613501,0.018432,accelergy,cacti,configs/cacti_sram_45nm.csv,6.5870750000000005,4.60835,4,45.0,1.14182,0.729013,270.818,0.82173726504,160.0,160.0,2.08551,0.0,6.0845628276135,12.689416622616232,0.18253688482840502
720p,1280,720,128,128,5,128,256,200.0,os,9400260.0,5448850.0,39628800,38095200.0,31334400.0,309600.0,6451200.0,1500448800.0,1497420000.0,264000.0,2764800.0,9114624.0,206402042.88,2039358.42,29729387.519999996,238170788.82,239587200000.0,42240000.0,442368000.0,240071808000.0,240319093412.82,0.004608,accelergy,cacti,configs/cacti_sram_45nm.csv,6.5870750000000005,4.60835,4,45.0,1.14182,0.729013,270.818,0.82173726504,160.0,160.0,9.400260000000001,57.96488607761913,240.31909341282,2259.0619610447957,7.2095728023846
720p,1280,720,128,128,5,128,256,200.0,ws,1938050.0,0.0,39628800,34101780.0,31334400.0,2580.0,2764800.0,36658800.0,33630000.0,264000.0,2764800.0,9114624.0,206402042.88,16994.6535,12741166.08,219160203.6135,5380800000.0,42240000.0,442368000.0,5865408000.0,6093682827.613501,0.004608,accelergy,cacti,configs/cacti_sram_45nm.csv,6.5870750000000005,4.60835,4,45.0,1.14182,0.729013,270.818,0.82173726504,160.0,160.0,1.93805,0.0,6.093682827613501,11.809862004056345,0.18281048482840503
720p,1280,720,128,128,5,128,256,800.0,os,3982980.0,68450.0,39628800,38095200.0,31334400.0,309600.0,6451200.0,1505548800.0,1502496000.0,288000.0,2764800.0,9114624.0,206402042.88,2039358.42,29729387.519999996,238170788.82,240399360000.0,46080000.0,442368000.0,240887808000.0,241135093412.82,0.00241875,accelergy,cacti,configs/cacti_sram_45nm.csv,6.5870750000000005,4.60835,4,45.0,1.14182,0.729013,270.818,0.82173726504,160.0,160.0,3.9829799999999995,1.7185624833667252,241.13509341282,960.4362543613937,7.234052802384601
720p,1280,720,128,128,5,128,256,800.0,ws,1901170.0,0.0,39628800,34101780.0,31334400.0,2580.0,2764800.0,36796800.0,33744000.0,288000.0,2764800.0,9114624.0,206402042.88,16994.6535,12741166.08,219160203.6135,5399040000.0,46080000.0,442368000.0,5887488000.0,6115762827.613501,0.00241875,accelergy,cacti,configs/cacti_sram_45nm.csv,6.5870750000000005,4.60835,4,45.0,1.14182,0.729013,270.818,0.82173726504,160.0,160.0,1.90117,0.0,6.1157628276135005,11.62710481497396,0.18347288482840504
720p,1280,720,128,128,5,128,1024,50.0,os,4406710.0,0.0,39628800,38095200.0,31334400.0,309600.0,6451200.0,39651800.0,36623000.0,264000.0,2764800.0,9114624.0,323478328.32000005,3196132.38,57088120.32000001,383762581.02000004,5859680000.0,42240000.0,442368000.0,6344288000.0,6737165205.02,0.018432,accelergy,cacti,configs/cacti_sram_45nm.csv,10.323425,8.849225,4,45.0,2.03065,0.431177,1188.88,3.192179885,160.0,160.0,4.40671,0.0,6.73716520502,29.688733280613686,0.20211495615060002
720p,1280,720,128,128,5,128,1024,50.0,ws,2510670.0,0.0,39628800,34101780.0,31334400.0,2580.0,2764800.0,45517800.0,42489000.0,264000.0,2764800.0,9114624.0,323478328.32000005,26634.4365,24466337.28,347971300.0365,6798240000.0,42240000.0,442368000.0,7282848000.0,7639933924.036499,0.018432,accelergy,cacti,configs/cacti_sram_45nm.csv,10.323425,8.849225,4,45.0,2.03065,0.431177,1188.88,3.192179885,160.0,160.0,2.51067,0.0,7.639933924036499,19.181352905060717,0.22919801772109497
720p,1280,720,128,128,5,128,1024,200.0,os,4028380.0,0.0,39628800,38095200.0,31334400.0,309600.0,6451200.0,39674800.0,36646000.0,264000.0,2764800.0,9114624.0,323478328.32000005,3196132.38,57088120.32000001,383762581.02000004,5863360000.0,42240000.0,442368000.0,6347968000.0,6740845205.02,0.004608,accelergy,cacti,configs/cacti_sram_45nm.csv,10.323425,8.849225,4,45.0,2.03065,0.431177,1188.88,3.192179885,160.0,160.0,4.028379999999999,0.0,6.74084520502,27.154686006998464,0.2022253561506
720p,1280,720,128,128,5,128,1024,200.0,ws,2044370.0,0.0,39628800,34101780.0,31334400.0,2580.0,2764800.0,45544800.0,42516000.0,264000.0,2764800.0,9114624.0,323478328.32,26634.4365,24466337.28,347971300.0365,6802560000.0,42240000.0,442368000.0,7287168000.0,7644253924.0365,0.004608,accelergy,cacti,configs/cacti_sram_45nm.csv,10.323425,8.849225,4,45.0,2.03065,0.431177,1188.88,3.192179885,160.0,160.0,2.0443700000000002,0.0,7.6442539240365,15.627683394682501,0.229327617721095
720p,1280,720,128,128,5,128,1024,800.0,os,3933820.0,0.0,39628800,38095200.0,31334400.0,309600.0,6451200.0,39796800.0,36744000.0,288000.0,2764800.0,9114624.0,323478328.32,3196132.38,57088120.32000001,383762581.02000004,5879040000.0,46080000.0,442368000.0,6367488000.0,6760365205.02,0.00241875,accelergy,cacti,configs/cacti_sram_45nm.csv,10.323425,8.849225,4,45.0,2.03065,0.431177,1188.88,3.192179885,160.0,160.0,3.9338200000000003,0.0,6.76036520502,26.594059850811778,0.20281095615060002
720p,1280,720,128,128,5,128,1024,800.0,ws,1927810.0,0.0,39628800,34101780.0,31334400.0,2580.0,2764800.0,45676800.0,42624000.0,288000.0,2764800.0,9114624.0,323478328.32000005,26634.4365,24466337.28,347971300.0365,6819840000.0,46080000.0,442368000.0,7308288000.0,7665373924.036499,0.00241875,accelergy,cacti,configs/cacti_sram_45nm.csv,10.323425,8.849225,4,45.0,2.03065,0.431177,1188.88,3.192179885,160.0,160.0,1.92781,0.0,7.665373924036499,14.777384504496803,0.22996121772109496
720p,1280,720,128,128,5,128,4096,50.0,os,4584250.0,0.0,39628800,38095200.0,31334400.0,309600.0,6451200.0,34365800.0,31337000.0,264000.0,2764800.0,9114624.0,660714024.96,6528194.640000001,110754040.32,777996259.9200001,5013920000.0,42240000.0,442368000.0,5498528000.0,6285638883.92,0.018432,accelergy,cacti,configs/cacti_sram_45nm.csv,21.085900000000002,17.167975,4,45.0,3.18224,0.795423,4302.53,11.948249145600002,160.0,160.0,4.58425,0.0,6.28563888392,28.814940053610258,0.1885691665176
720p,1280,720,128,128,5,128,4096,50.0,ws,4208910.0,0.0,39628800,34101780.0,31334400.0,2580.0,2764800.0,116266800.0,113238000.0,264000.0,2764800.0,9114624.0,660714024.96,54401.622,47466017.279999994,708234443.8620001,18118080000.0,42240000.0,442368000.0,18602688000.0,19320037067.862,0.018432,accelergy,cacti,configs/cacti_sram_45nm.csv,21.085900000000002,17.167975,4,45.0,3.18224,0.795423,4302.53,11.948249145600002,160.0,160.0,4.2089099999999995,0.0,19.320037067862,81.31629721529504,0.57960111203586
720p,1280,720,128,128,5,128,4096,200.0,os,4072720.0,0.0,39628800,38095200.0,31334400.0,309600.0,6451200.0,34370800.0,31342000.0,264000.0,2764800.0,9114624.0,660714024.96,6528194.640000001,110754040.32,777996259.9200001,5014720000.0,42240000.0,442368000.0,5499328000.0,6286438883.92,0.004608,accelergy,cacti,configs/cacti_sram_45nm.csv,21.085900000000002,17.167975,4,45.0,3.18224,0.795423,4302.53,11.948249145600002,160.0,160.0,4.07272,0.0,6.28643888392,25.602905371318663,0.1885931665176
720p,1280,720,128,128,5,128,4096,200.0,ws,2468930.0,0.0,39628800,34101780.0,31334400.0,2580.0,2764800.0,116284800.0,113256000.0,264000.0,2764800.0,9114624.0,660714024.96,54401.622,47466017.279999994,708234443.8620001,18120960000.0,42240000.0,442368000.0,18605568000.0,19322917067.862,0.004608,accelergy,cacti,configs/cacti_sram_45nm.csv,21.085900000000002,17.167975,4,45.0,3.18224,0.795423,4302.53,11.948249145600002,160.0,160.0,2.46893,0.0,19.322917067862,47.70692963635653,0.57968751203586
720p,1280,720,128,128,5,128,4096,800.0,os,3944860.0,0.0,39628800,38095200.0,31334400.0,309600.0,6451200.0,34420800.0,31368000.0,288000.0,2764800.0,9114624.0,660714024.96,6528194.640000001,110754040.32,777996259.9200001,5018880000.0,46080000.0,442368000.0,5507328000.0,6294438883.92,0.00241875,accelergy,cacti,configs/cacti_sram_45nm.csv,21.085900000000002,17.167975,4,45.0,3.18224,0.795423,4302.53,11.948249145600002,160.0,160.0,3.94486,0.0,6.29443888392,24.83068017562065,0.18883316651760002
720p,1280,720,128,128,5,128,4096,800.0,ws,2033890.0,0.0,39628800,34101780.0,31334400.0,2580.0,2764800.0,116332800.0,113280000.0,288000.0,2764800.0,9114624.0,660714024.96,54401.622,47466017.28,708234443.8620001,18124800000.0,46080000.0,442368000.0,18613248000.0,19330597067.862,0.00241875,accelergy,cacti,configs/cacti_sram_45nm.csv,21.085900000000002,17.167975,4,45.0,3.18224,0.795423,4302.53,11.948249145600002,160.0,160.0,2.03389,0.0,19.330597067861998,39.31630807035384,0.57991791203586
720p,1280,720,128,128,7,8,256,50.0,os,10103670.0,0.0,61747200,67622400.0,53452800.0,7718400.0,6451200.0,120594800.0,117800000.0,30000.0,2764800.0,14201856.0,352097602.56000006,50841679.68000001,29729387.52,432668669.76,18848000000.0,4800000.0,442368000.0,19295168000.0,19742038525.76,0.9648,accelergy,cacti,configs/cacti_sram_45nm.csv,6.5870750000000005,4.60835,4,45.0,1.14182,0.729013,270.818,0.82173726504,160.0,160.0,10.103670000000001,0.0,19.742038525759998,199.46704239156554,0.5922611557727999
720p,1280,720,128,128,7,8,256,50.0,ws,8520710.0,0.0,61747200,63594420.0,53452800.0,4020.0,10137600.0,66711600.0,56544000.0,30000.0,10137600.0,14201856.0,352097602.56000006,26480.041500000003,46717608.95999999,398841691.5615,9047040000.0,4800000.0,1622016000.0,10673856000.0,11086899547.5615,0.9648,accelergy,cacti,configs/cacti_sram_45nm.csv,6.5870750000000005,4.60835,4,45.0,1.14182,0.729013,270.818,0.82173726504,160.0,160.0,8.520710000000001,0.0,11.0868995475615,94.46825584390277,0.33260698642684505
720p,1280,720,128,128,7,8,256,200.0,os,9956210.0,0.0,61747200,67622400.0,53452800.0,7718400.0,6451200.0,120800800.0,118000000.0,36000.0,2764800.0,14201856.0,352097602.56000006,50841679.68000001,29729387.519999996,432668669.76,18880000000.0,5760000.0,442368000.0,19328128000.0,19774998525.76,0.9648,accelergy,cacti,configs/cacti_sram_45nm.csv,6.5870750000000005,4.60835,4,45.0,1.14182,0.729013,270.818,0.82173726504,160.0,160.0,9.95621,0.0,19.774998525759997,196.88403807215695,0.5932499557727999
720p,1280,720,128,128,7,8,256,200.0,ws,8359830.0,0.0,61747200,63594420.0,53452800.0,4020.0,10137600.0,66813600.0,56640000.0,36000.0,10137600.0,14201856.0,352097602.56000006,26480.041500000003,46717608.95999999,398841691.5615,9062400000.0,5760000.0,1622016000.0,10690176000.0,11103219547.5615,0.9648,accelergy,cacti,configs/cacti_sram_45nm.csv,6.5870750000000005,4.60835,4,45.0,1.14182,0.729013,270.818,0.82173726504,160.0,160.0,8.35983,0.0,11.103219547561501,92.82102787029108,0.33309658642684503
720p,1280,720,128,128,7,8,256,800.0,os,9919330.0,0.0,61747200,67622400.0,53452800.0,7718400.0,6451200.0,121260800.0,118400000.0,96000.0,2764800.0,14201856.0,352097602.56000006,50841679.68000001,29729387.519999996,432668669.76,18944000000.0,15360000.0,442368000.0,19401728000.0,19848598525.76,0.9648,accelergy,cacti,configs/cacti_sram_45nm.csv,6.5870750000000005,4.60835,4,45.0,1.14182,0.729013,270.818,0.82173726504,160.0,160.0,9.91933,0.0,19.84859852576,196.88479881452696,0.5954579557727999
720p,1280,720,128,128,7,8,256,800.0,ws,8319550.0,0.0,61747200,63594420.0,53452800.0,4020.0,10137600.0,67065600.0,56832000.0,96000.0,10137600.0,14201856.0,352097602.56000006,26480.041500000003,46717608.96,398841691.5615001,9093120000.0,15360000.0,1622016000.0,10730496000.0,11143539547.5615,0.9648,accelergy,cacti,configs/cacti_sram_45nm.csv,6.5870750000000005,4.60835,4,45.0,1.14182,0.729013,270.818,0.82173726504,160.0,160.0,8.31955,0.0,11.1435395475615,92.70923444291527,0.334306186426845
720p,1280,720,128,128,7,8,1024,50.0,os,10411510.0,0.0,61747200,67622400.0,53452800.0,7718400.0,6451200.0,65383300.0,62588500.0,30000.0,2764800.0,14201856.0,551815971.84,79680323.52,57088120.32000001,688584415.6800001,10014160000.0,4800000.0,442368000.0,10461328000.0,11164114271.68,0.9648,accelergy,cacti,configs/cacti_sram_45nm.csv,10.323425,8.849225,4,45.0,2.03065,0.431177,1188.88,3.192179885,160.0,160.0,10.41151,0.0,11.16411427168,116.23528738073904,0.33492342815040005
720p,1280,720,128,128,7,8,1024,50.0,ws,9060910.0,0.0,61747200,63594420.0,53452800.0,4020.0,10137600.0,77900100.0,67732500.0,30000.0,10137600.0,14201856.0,551815971.84,41500.1685,89709903.36,641567375.3685001,10837200000.0,4800000.0,1622016000.0,12464016000.0,13119785231.368502,0.9648,accelergy,cacti,configs/cacti_sram_45nm.csv,10.323425,8.849225,4,45.0,2.03065,0.431177,1188.88,3.192179885,160.0,160.0,9.06091,0.0,13.119785231368501,118.87719320075917,0.3935935569410551
720p,1280,720,128,128,7,8,1024,200.0,os,10033180.0,0.0,61747200,67622400.0,53452800.0,7718400.0,6451200.0,65428800.0,62628000.0,36000.0,2764800.0,14201856.0,551815971.84,79680323.52,57088120.32000001,688584415.6800001,10020480000.0,5760000.0,442368000.0,10468608000.0,11171394271.68,0.9648,accelergy,cacti,configs/cacti_sram_45nm.csv,10.323425,8.849225,4,45.0,2.03065,0.431177,1188.88,3.192179885,160.0,160.0,10.03318,0.0,11.17139427168,112.08460957873434,0.3351418281504
720p,1280,720,128,128,7,8,1024,200.0,ws,8494890.0,0.0,61747200,63594420.0,53452800.0,4020.0,10137600.0,77949600.0,67776000.0,36000.0,10137600.0,14201856.0,551815971.84,41500.1685,89709903.36,641567375.3685001,10844160000.0,5760000.0,1622016000.0,12471936000.0,13127705231.368502,0.9648,accelergy,cacti,configs/cacti_sram_45nm.csv,10.323425,8.849225,4,45.0,2.03065,0.431177,1188.88,3.192179885,160.0,160.0,8.49489,0.0,13.127705231368502,111.51841189289998,0.393831156941055
720p,1280,720,128,128,7,8,1024,800.0,os,9938620.0,0.0,61747200,67622400.0,53452800.0,7718400.0,6451200.0,65652800.0,62792000.0,96000.0,2764800.0,14201856.0,551815971.84,79680323.52000001,57088120.32000001,688584415.68,10046720000.0,15360000.0,442368000.0,10504448000.0,11207234271.68,0.9648,accelergy,cacti,configs/cacti_sram_45nm.csv,10.323425,8.849225,4,45.0,2.03065,0.431177,1188.88,3.192179885,160.0,160.0,9.93862,0.0,11.20723427168,111.38444267720429,0.3362170281504
720p,1280,720,128,128,7,8,1024,800.0,ws,8353370.0,0.0,61747200,63594420.0,53452800.0,4020.0,10137600.0,78177600.0,67944000.0,96000.0,10137600.0,14201856.0,551815971.84,41500.1685,89709903.36,641567375.3685001,10871040000.0,15360000.0,1622016000.0,12508416000.0,13164185231.3685,0.9648,accelergy,cacti,configs/cacti_sram_45nm.csv,10.323425,8.849225,4,45.0,2.03065,0.431177,1188.88,3.192179885,160.0,160.0,8.35337,0.0,13.1641852313685,109.96530998615668,0.39492555694105497
720p,1280,720,128,128,7,8,4096,50.0,os,11031460.0,0.0,61747200,67622400.0,53452800.0,7718400.0,6451200.0,56252300.0,53457500.0,30000.0,2764800.0,14201856.0,1127100395.5200002,162749410.56000003,110754040.32,1400603846.4,8553200000.0,4800000.0,442368000.0,9000368000.0,10415173702.4,0.9648,accelergy,cacti,configs/cacti_sram_45nm.csv,21.085900000000002,17.167975,4,45.0,3.18224,0.795423,4302.53,11.948249145600002,160.0,160.0,11.03146,0.0,10.415173702399999,114.89457209107748,0.312455211072
720p,1280,720,128,128,7,8,4096,50.0,ws,9835990.0,0.0,61747200,63594420.0,53452800.0,4020.0,10137600.0,76525600.0,66358000.0,30000.0,10137600.0,14201856.0,1127100395.5200002,84765.31800000001,174042063.35999998,1301227224.1980002,10617280000.0,4800000.0,1622016000.0,12244096000.0,13559525080.198,0.9648,accelergy,cacti,configs/cacti_sram_45nm.csv,21.085900000000002,17.167975,4,45.0,3.18224,0.795423,4302.53,11.948249145600002,160.0,160.0,9.835989999999999,0.0,13.559525080198,133.37135309357672,0.40678575240594
720p,1280,720,128,128,7,8,4096,200.0,os,10188160.0,0.0,61747200,67622400.0,53452800.0,7718400.0,6451200.0,56270800.0,53470000.0,36000.0,2764800.0,14201856.0,1127100395.5200002,162749410.56000003,110754040.32,1400603846.4,8555200000.0,5760000.0,442368000.0,9003328000.0,10418133702.4,0.9648,accelergy,cacti,configs/cacti_sram_45nm.csv,21.085900000000002,17.167975,4,45.0,3.18224,0.795423,4302.53,11.948249145600002,160.0,160.0,10.18816,0.0,10.4181337024,106.14161306144359,0.312544011072
720p,1280,720,128,128,7,8,4096,200.0,ws,8688610.0,0.0,61747200,63594420.0,53452800.0,4020.0,10137600.0,76539600.0,66366000.0,36000.0,10137600.0,14201856.0,1127100395.5200002,84765.31800000001,174042063.35999998,1301227224.1980002,10618560000.0,5760000.0,1622016000.0,12246336000.0,13561765080.198,0.9648,accelergy,cacti,configs/cacti_sram_45nm.csv,21.085900000000002,17.167975,4,45.0,3.18224,0.795423,4302.53,11.948249145600002,160.0,160.0,8.688609999999999,0.0,13.561765080198,117.83288769345913,0.40685295240594
720p,1280,720,128,128,7,8,4096,800.0,os,9977340.0,0.0,61747200,67622400.0,53452800.0,7718400.0,6451200.0,56372800.0,53512000.0,96000.0,2764800.0,14201856.0,1127100395.5200002,162749410.56000003,110754040.32,1400603846.4,8561920000.0,15360000.0,442368000.0,9019648000.0,10434453702.400002,0.9648,accelergy,cacti,configs/cacti_sram_45nm.csv,21.085900000000002,17.167975,4,45.0,3.18224,0.795423,4302.53,11.948249145600002,160.0,160.0,9.97734,0.0,10.4344537024,104.10809230310362,0.31303361107200006
720p,1280,720,128,128,7,8,4096,800.0,ws,8401730.0,0.0,61747200,63594420.0,53452800.0,4020.0,10137600.0,76609600.0,66376000.0,96000.0,10137600.0,14201856.0,1127100395.5200002,84765.31800000001,174042063.35999998,1301227224.1980002,10620160000.0,15360000.0,1622016000.0,12257536000.0,13572965080.198,0.9648,accelergy,cacti,configs/cacti_sram_45nm.csv,21.085900000000002,17.167975,4,45.0,3.18224,0.795423,4302.53,11.948249145600002,160.0,160.0,8.401729999999999,0.0,13.572965080198,114.03638790325192,0.40718895240594
720p,1280,720,128,128,7,16,256,50.0,os,9757600.0,2764330.0,61747200,63763200.0,53452800.0,3859200.0,6451200.0,350331800.0,347510000.0,57000.0,2764800.0,14201856.0,352097602.56000006,25420839.840000004,29729387.519999996,407247829.91999996,55601600000.0,9120000.0,442368000.0,56053088000.0,56474537685.92,0.2412,accelergy,cacti,configs/cacti_sram_45nm.csv,6.5870750000000005,4.60835,4,45.0,1.14182,0.729013,270.818,0.82173726504,160.0,160.0,9.7576,28.330019676969748,56.47453768592,551.055948924133,1.6942361305776
720p,1280,720,128,128,7,16,256,50.0,ws,4814720.0,0.0,61747200,58986420.0,53452800.0,4020.0,5529600.0,62130600.0,56544000.0,57000.0,5529600.0,14201856.0,352097602.56000006,26480.041500000003,25482332.16,377606414.7615,9047040000.0,9120000.0,884736000.0,9940896000.0,10332704270.761501,0.2412,accelergy,cacti,configs/cacti_sram_45nm.csv,6.5870750000000005,4.60835,4,45.0,1.14182,0.729013,270.818,0.82173726504,160.0,160.0,4.8147199999999994,0.0,10.332704270761502,49.74907790652081,0.309981128122845
720p,1280,720,128,128,7,16,256,200.0,os,6845810.0,0.0,61747200,63763200.0,53452800.0,3859200.0,6451200.0,350924800.0,348100000.0,60000.0,2764800.0,14201856.0,352097602.56000006,25420839.840000004,29729387.52,407247829.92,55696000000.0,9600000.0,442368000.0,56147968000.0,56569417685.92,0.2412,accelergy,cacti,configs/cacti_sram_45nm.csv,6.5870750000000005,4.60835,4,45.0,1.14182,0.729013,270.818,0.82173726504,160.0,160.0,6.84581,0.0,56.56941768592,387.263485288448,1.6970825305775998
720p,1280,720,128,128,7,16,256,200.0,ws,4669940.0,0.0,61747200,58986420.0,53452800.0,4020.0,5529600.0,62229600.0,56640000.0,60000.0,5529600.0,14201856.0,352097602.56000006,26480.041500000003,25482332.16,377606414.7615,9062400000.0,9600000.0,884736000.0,9956736000.0,10348544270.761501,0.2412,accelergy,cacti,configs/cacti_sram_45nm.csv,6.5870750000000005,4.60835,4,45.0,1.14182,0.729013,270.818,0.82173726504,160.0,160.0,4.66994,0.0,10.3485442707615,48.32708083179997,0.310456328122845
720p,1280,720,128,128,7,16,256,800.0,os,6808930.0,0.0,61747200,63763200.0,53452800.0,3859200.0,6451200.0,352140800.0,349280000.0,96000.0,2764800.0,14201856.0,352097602.56000006,25420839.840000004,29729387.519999996,407247829.91999996,55884800000.0,15360000.0,442368000.0,56342528000.0,56763977685.92,0.2412,accelergy,cacti,configs/cacti_sram_45nm.csv,6.5870750000000005,4.60835,4,45.0,1.14182,0.729013,270.818,0.82173726504,160.0,160.0,6.80893,0.0,56.76397768592,386.5019505849913,1.7029193305775998
720p,1280,720,128,128,7,16,256,800.0,ws,4633720.0,0.0,61747200,58986420.0,53452800.0,4020.0,5529600.0,62457600.0,56832000.0,96000.0,5529600.0,14201856.0,352097602.56000006,26480.041500000003,25482332.16,377606414.7615,9093120000.0,15360000.0,884736000.0,9993216000.0,10385024270.761501,0.2412,accelergy,cacti,configs/cacti_sram_45nm.csv,6.5870750000000005,4.60835,4,45.0,1.14182,0.729013,270.818,0.82173726504,160.0,160.0,4.63372,0.0,10.385024270761502,48.12129466391299,0.311550728122845
720p,1280,720,128,128,7,16,1024,50.0,os,7301110.0,0.0,61747200,63763200.0,53452800.0,3859200.0,6451200.0,110259800.0,107438000.0,57000.0,2764800.0,14201856.0,551815971.84,39840161.760000005,57088120.32000001,648744253.9200001,17190080000.0,9120000.0,442368000.0,17641568000.0,18304514109.920002,0.2412,accelergy,cacti,configs/cacti_sram_45nm.csv,10.323425,8.849225,4,45.0,2.03065,0.431177,1188.88,3.192179885,160.0,160.0,7.30111,0.0,18.304514109920003,133.64327101307805,0.5491354232976
720p,1280,720,128,128,7,16,1024,50.0,ws,5284290.0,0.0,61747200,58986420.0,53452800.0,4020.0,5529600.0,73319100.0,67732500.0,57000.0,5529600.0,14201856.0,551815971.84,41500.1685,48932674.56,600790146.5685,10837200000.0,9120000.0,884736000.0,11731056000.0,12346048002.5685,0.2412,accelergy,cacti,configs/cacti_sram_45nm.csv,10.323425,8.849225,4,45.0,2.03065,0.431177,1188.88,3.192179885,160.0,160.0,5.2842899999999995,0.0,12.3460480025685,65.24009799949269,0.370381440077055
720p,1280,720,128,128,7,16,1024,200.0,os,6922780.0,0.0,61747200,63763200.0,53452800.0,3859200.0,6451200.0,110330800.0,107506000.0,60000.0,2764800.0,14201856.0,551815971.84,39840161.760000005,57088120.32000001,648744253.9200001,17200960000.0,9600000.0,442368000.0,17652928000.0,18315874109.920002,0.2412,accelergy,cacti,configs/cacti_sram_45nm.csv,10.323425,8.849225,4,45.0,2.03065,0.431177,1188.88,3.192179885,160.0,160.0,6.9227799999999995,0.0,18.315874109920003,126.79676697067198,0.5494762232976
720p,1280,720,128,128,7,16,1024,200.0,ws,4787350.0,0.0,61747200,58986420.0,53452800.0,4020.0,5529600.0,73365600.0,67776000.0,60000.0,5529600.0,14201856.0,551815971.84,41500.1685,48932674.56,600790146.5685,10844160000.0,9600000.0,884736000.0,11738496000.0,12353488002.5685,0.2412,accelergy,cacti,configs/cacti_sram_45nm.csv,10.323425,8.849225,4,45.0,2.03065,0.431177,1188.88,3.192179885,160.0,160.0,4.78735,0.0,12.3534880025685,59.14047078909631,0.370604640077055
720p,1280,720,128,128,7,16,1024,800.0,os,6828220.0,0.0,61747200,63763200.0,53452800.0,3859200.0,6451200.0,110644800.0,107784000.0,96000.0,2764800.0,14201856.0,551815971.84,39840161.760000005,57088120.32000001,648744253.9200001,17245440000.0,15360000.0,442368000.0,17703168000.0,18366114109.920002,0.2412,accelergy,cacti,configs/cacti_sram_45nm.csv,10.323425,8.849225,4,45.0,2.03065,0.431177,1188.88,3.192179885,160.0,160.0,6.82822,0.0,18.36611410992,125.40786768763795,0.5509834232976001
720p,1280,720,128,128,7,16,1024,800.0,ws,4663100.0,0.0,61747200,58986420.0,53452800.0,4020.0,5529600.0,73569600.0,67944000.0,96000.0,5529600.0,14201856.0,551815971.84,41500.1685,48932674.56,600790146.5685,10871040000.0,15360000.0,884736000.0,11771136000.0,12386128002.5685,0.2412,accelergy,cacti,configs/cacti_sram_45nm.csv,10.323425,8.849225,4,45.0,2.03065,0.431177,1188.88,3.192179885,160.0,160.0,4.6631,0.0,12.386128002568501,57.757753488777176,0.37158384007705497
720p,1280,720,128,128,7,16,4096,50.0,os,7921060.0,0.0,61747200,63763200.0,53452800.0,3859200.0,6451200.0,56279300.0,53457500.0,57000.0,2764800.0,14201856.0,1127100395.5200002,81374705.28000002,110754040.32,1319229141.1200001,8553200000.0,9120000.0,442368000.0,9004688000.0,10338118997.12,0.2412,accelergy,cacti,configs/cacti_sram_45nm.csv,21.085900000000002,17.167975,4,45.0,3.18224,0.795423,4302.53,11.948249145600002,160.0,160.0,7.921060000000001,0.0,10.33811899712,81.88886086332735,0.31014356991360004
720p,1280,720,128,128,7,16,4096,50.0,ws,6101860.0,0.0,61747200,58986420.0,53452800.0,4020.0,5529600.0,74069100.0,68482500.0,57000.0,5529600.0,14201856.0,1127100395.5200002,84765.31800000001,94932034.55999999,1222117195.3980002,10957200000.0,9120000.0,884736000.0,11851056000.0,13087375051.398,0.2412,accelergy,cacti,configs/cacti_sram_45nm.csv,21.085900000000002,17.167975,4,45.0,3.18224,0.795423,4302.53,11.948249145600002,160.0,160.0,6.101859999999999,0.0,13.087375051398,79.85733033112339,0.39262125154194
720p,1280,720,128,128,7,16,4096,200.0,os,7077760.0,0.0,61747200,63763200.0,53452800.0,3859200.0,6451200.0,56294800.0,53470000.0,60000.0,2764800.0,14201856.0,1127100395.5200002,81374705.28000002,110754040.32,1319229141.1200001,8555200000.0,9600000.0,442368000.0,9007168000.0,10340598997.12,0.2412,accelergy,cacti,configs/cacti_sram_45nm.csv,21.085900000000002,17.167975,4,45.0,3.18224,0.795423,4302.53,11.948249145600002,160.0,160.0,7.07776,0.0,10.34059899712,73.18827795785606,0.3102179699136
720p,1280,720,128,128,7,16,4096,200.0,ws,4991710.0,0.0,61747200,58986420.0,53452800.0,4020.0,5529600.0,74083600.0,68494000.0,60000.0,5529600.0,14201856.0,1127100395.5200002,84765.31800000001,94932034.56,1222117195.3980002,10959040000.0,9600000.0,884736000.0,11853376000.0,13089695051.398,0.2412,accelergy,cacti,configs/cacti_sram_45nm.csv,21.085900000000002,17.167975,4,45.0,3.18224,0.795423,4302.53,11.948249145600002,160.0,160.0,4.99171,0.0,13.089695051398001,65.33996168501392,0.39269085154194
720p,1280,720,128,128,7,16,4096,800.0,os,6866940.0,0.0,61747200,63763200.0,53452800.0,3859200.0,6451200.0,56372800.0,53512000.0,96000.0,2764800.0,14201856.0,1127100395.5200002,81374705.28000002,110754040.32,1319229141.1200001,8561920000.0,15360000.0,442368000.0,9019648000.0,10353078997.12,0.2412,accelergy,cacti,configs/cacti_sram_45nm.csv,21.085900000000002,17.167975,4,45.0,3.18224,0.795423,4302.53,11.948249145600002,160.0,160.0,6.8669400000000005,0.0,10.35307899712,71.09397228848323,0.31059236991360006
720p,1280,720,128,128,7,16,4096,800.0,ws,4714140.0,0.0,61747200,58986420.0,53452800.0,4020.0,5529600.0,74145600.0,68520000.0,96000.0,5529600.0,14201856.0,1127100395.5200002,84765.31800000001,94932034.55999999,1222117195.3980002,10963200000.0,15360000.0,884736000.0,11863296000.0,13099615051.398,0.2412,accelergy,cacti,configs/cacti_sram_45nm.csv,21.085900000000002,17.167975,4,45.0,3.18224,0.795423,4302.53,11.948249145600002,160.0,160.0,4.71414,0.0,13.099615051398,61.753419298397375,0.39298845154194
720p,1280,720,128,128,7,32,256,50.0,os,18897930.0,13459860.0,61747200,61833600.0,53452800.0,1929600.0,6451200.0,873420800.0,870542000.0,114000.0,2764800.0,14201856.0,352097602.56000006,12710419.920000002,29729387.52,394537410.0,139286720000.0,18240000.0,442368000.0,139747328000.0,140156067266.0,0.0603,accelergy,cacti,configs/cacti_sram_45nm.csv,6.5870750000000005,4.60835,4,45.0,1.14182,0.729013,270.818,0.82173726504,160.0,160.0,18.89793,71.22399119903608,140.156067266,2648.659548268159,4.20468201798
720p,1280,720,128,128,7,32,256,50.0,ws,2996640.0,0.0,61747200,57143220.0,53452800.0,4020.0,3686400.0,60344400.0,56544000.0,114000.0,3686400.0,14201856.0,352097602.56000006,26480.041500000003,16988221.439999998,369112304.04150003,9047040000.0,18240000.0,589824000.0,9655104000.0,10038418160.0415,0.0603,accelergy,cacti,configs/cacti_sram_45nm.csv,6.5870750000000005,4.60835,4,45.0,1.14182,0.729013,270.818,0.82173726504,160.0,160.0,2.99664,0.0,10.0384181600415,30.081525395106762,0.301152544801245
720p,1280,720,128,128,7,32,256,200.0,os,6372760.0,1082150.0,61747200,61833600.0,53452800.0,1929600.0,6451200.0,874904800.0,872020000.0,120000.0,2764800.0,14201856.0,352097602.56000006,12710419.920000002,29729387.52,394537410.0,139523200000.0,19200000.0,442368000.0,139984768000.0,140393507266.0,0.0603,accelergy,cacti,configs/cacti_sram_45nm.csv,6.5870750000000005,4.60835,4,45.0,1.14182,0.729013,270.818,0.82173726504,160.0,160.0,6.3727599999999995,16.980868571858977,140.393507266,894.6941273644741,4.21180521798
720p,1280,720,128,128,7,32,256,200.0,ws,2835340.0,0.0,61747200,57143220.0,53452800.0,4020.0,3686400.0,60446400.0,56640000.0,120000.0,3686400.0,14201856.0,352097602.56000006,26480.041500000003,16988221.439999998,369112304.04150003,9062400000.0,19200000.0,589824000.0,9671424000.0,10054738160.0415,0.0603,accelergy,cacti,configs/cacti_sram_45nm.csv,6.5870750000000005,4.60835,4,45.0,1.14182,0.729013,270.818,0.82173726504,160.0,160.0,2.83534,0.0,10.0547381600415,28.508601294692067,0.301642144801245
720p,1280,720,128,128,7,32,256,800.0,os,5253730.0,0.0,61747200,61833600.0,53452800.0,1929600.0,6451200.0,877884800.0,874976000.0,144000.0,2764800.0,14201856.0,352097602.56000006,12710419.920000002,29729387.52,394537410.0,139996160000.0,23040000.0,442368000.0,140461568000.0,140870307266.0,0.0603,accelergy,cacti,configs/cacti_sram_45nm.csv,6.5870750000000005,4.60835,4,45.0,1.14182,0.729013,270.818,0.82173726504,160.0,160.0,5.25373,0.0,140.870307266,740.0945593926022,4.22610921798
720p,1280,720,128,128,7,32,256,800.0,ws,2794980.0,0.0,61747200,57143220.0,53452800.0,4020.0,3686400.0,60662400.0,56832000.0,144000.0,3686400.0,14201856.0,352097602.56000006,26480.041500000003,16988221.439999998,369112304.04150003,9093120000.0,23040000.0,589824000.0,9705984000.0,10089298160.0415,0.0603,accelergy,cacti,configs/cacti_sram_45nm.csv,6.5870750000000005,4.60835,4,45.0,1.14182,0.729013,270.818,0.82173726504,160.0,160.0,2.79498,0.0,10.0892981600415,28.19938657135279,0.302678944801245
720p,1280,720,128,128,7,32,1024,50.0,os,5745910.0,0.0,61747200,61833600.0,53452800.0,1929600.0,6451200.0,105595800.0,102717000.0,114000.0,2764800.0,14201856.0,551815971.84,19920080.880000003,57088120.32000001,628824173.04,16434720000.0,18240000.0,442368000.0,16895328000.0,17538354029.04,0.0603,accelergy,cacti,configs/cacti_sram_45nm.csv,10.323425,8.849225,4,45.0,2.03065,0.431177,1188.88,3.192179885,160.0,160.0,5.74591,0.0,17.53835402904,100.77380379900123,0.5261506208712
720p,1280,720,128,128,7,32,1024,50.0,ws,3421800.0,0.0,61747200,57143220.0,53452800.0,4020.0,3686400.0,72254900.0,68454500.0,114000.0,3686400.0,14201856.0,551815971.84,41500.1685,32621783.04,584479255.0485001,10952720000.0,18240000.0,589824000.0,11560784000.0,12159465111.0485,0.0603,accelergy,cacti,configs/cacti_sram_45nm.csv,10.323425,8.849225,4,45.0,2.03065,0.431177,1188.88,3.192179885,160.0,160.0,3.4218,0.0,12.1594651110485,41.60725771698576,0.364783953331455
720p,1280,720,128,128,7,32,1024,200.0,os,5367580.0,0.0,61747200,61833600.0,53452800.0,1929600.0,6451200.0,105666800.0,102782000.0,120000.0,2764800.0,14201856.0,551815971.84,19920080.880000003,57088120.32000001,628824173.04,16445120000.0,19200000.0,442368000.0,16906688000.0,17549714029.04,0.0603,accelergy,cacti,configs/cacti_sram_45nm.csv,10.323425,8.849225,4,45.0,2.03065,0.431177,1188.88,3.192179885,160.0,160.0,5.36758,0.0,17.54971402904,94.19949402799453,0.5264914208712
720p,1280,720,128,128,7,32,1024,200.0,ws,2941660.0,0.0,61747200,57143220.0,53452800.0,4020.0,3686400.0,72304400.0,68498000.0,120000.0,3686400.0,14201856.0,551815971.84,41500.1685,32621783.04,584479255.0485001,10959680000.0,19200000.0,589824000.0,11568704000.0,12167385111.0485,0.0603,accelergy,cacti,configs/cacti_sram_45nm.csv,10.323425,8.849225,4,45.0,2.03065,0.431177,1188.88,3.192179885,160.0,160.0,2.94166,0.0,12.1673851110485,35.79231008576693,0.36502155333145503
720p,1280,720,128,128,7,32,1024,800.0,os,5273020.0,0.0,61747200,61833600.0,53452800.0,1929600.0,6451200.0,105956800.0,103048000.0,144000.0,2764800.0,14201856.0,551815971.84,19920080.880000003,57088120.32000001,628824173.04,16487680000.0,23040000.0,442368000.0,16953088000.0,17596114029.04,0.0603,accelergy,cacti,configs/cacti_sram_45nm.csv,10.323425,8.849225,4,45.0,2.03065,0.431177,1188.88,3.192179885,160.0,160.0,5.27302,0.0,17.596114029040002,92.78466119740851,0.5278834208712
720p,1280,720,128,128,7,32,1024,800.0,ws,2821620.0,0.0,61747200,57143220.0,53452800.0,4020.0,3686400.0,72502400.0,68672000.0,144000.0,3686400.0,14201856.0,551815971.84,41500.1685,32621783.04,584479255.0485001,10987520000.0,23040000.0,589824000.0,11600384000.0,12199065111.0485,0.0603,accelergy,cacti,configs/cacti_sram_45nm.csv,10.323425,8.849225,4,45.0,2.03065,0.431177,1188.88,3.192179885,160.0,160.0,2.82162,0.0,12.1990651110485,34.42112609863666,0.365971953331455
720p,1280,720,128,128,7,32,4096,50.0,os,6365860.0,0.0,61747200,61833600.0,53452800.0,1929600.0,6451200.0,56336300.0,53457500.0,114000.0,2764800.0,14201856.0,1127100395.5200002,40687352.64000001,110754040.32,1278541788.4800003,8553200000.0,18240000.0,442368000.0,9013808000.0,10306551644.48,0.0603,accelergy,cacti,configs/cacti_sram_45nm.csv,21.085900000000002,17.167975,4,45.0,3.18224,0.795423,4302.53,11.948249145600002,160.0,160.0,6.3658600000000005,0.0,10.306551644479999,65.61006485152946,0.30919654933439994
720p,1280,720,128,128,7,32,4096,50.0,ws,4519850.0,0.0,61747200,57143220.0,53452800.0,4020.0,3686400.0,87028900.0,83228500.0,114000.0,3686400.0,14201856.0,1127100395.5200002,84765.31800000001,63288023.04,1190473183.8780003,13316560000.0,18240000.0,589824000.0,13924624000.0,15129299039.878,0.0603,accelergy,cacti,configs/cacti_sram_45nm.csv,21.085900000000002,17.167975,4,45.0,3.18224,0.795423,4302.53,11.948249145600002,160.0,160.0,4.51985,0.0,15.129299039878001,68.38216226539258,0.45387897119634
720p,1280,720,128,128,7,32,4096,200.0,os,5522560.0,0.0,61747200,61833600.0,53452800.0,1929600.0,6451200.0,56354800.0,53470000.0,120000.0,2764800.0,14201856.0,1127100395.5200002,40687352.64000001,110754040.32,1278541788.4800003,8555200000.0,19200000.0,442368000.0,9016768000.0,10309511644.48,0.0603,accelergy,cacti,configs/cacti_sram_45nm.csv,21.085900000000002,17.167975,4,45.0,3.18224,0.795423,4302.53,11.948249145600002,160.0,160.0,5.52256,0.0,10.309511644479999,56.93489662733946,0.30928534933439994
720p,1280,720,128,128,7,32,4096,200.0,ws,3216150.0,0.0,61747200,57143220.0,53452800.0,4020.0,3686400.0,87048400.0,83242000.0,120000.0,3686400.0,14201856.0,1127100395.5200002,84765.31800000001,63288023.03999999,1190473183.8780003,13318720000.0,19200000.0,589824000.0,13927744000.0,15132419039.878,0.0603,accelergy,cacti,configs/cacti_sram_45nm.csv,21.085900000000002,17.167975,4,45.0,3.18224,0.795423,4302.53,11.948249145600002,160.0,160.0,3.2161500000000003,0.0,15.132419039878,48.668129495103635,0.45397257119634005
720p,1280,720,128,128,7,32,4096,800.0,os,5311740.0,0.0,61747200,61833600.0,53452800.0,1929600.0,6451200.0,56420800.0,53512000.0,144000.0,2764800.0,14201856.0,1127100395.5200002,40687352.64000001,110754040.32,1278541788.4800003,8561920000.0,23040000.0,442368000.0,9027328000.0,10320071644.48,0.0603,accelergy,cacti,configs/cacti_sram_45nm.csv,21.085900000000002,17.167975,4,45.0,3.18224,0.795423,4302.53,11.948249145600002,160.0,160.0,5.3117399999999995,0.0,10.320071644479999,54.81753735685018,0.30960214933439995
720p,1280,720,128,128,7,32,4096,800.0,ws,2890200.0,0.0,61747200,57143220.0,53452800.0,4020.0,3686400.0,87110400.0,83280000.0,144000.0,3686400.0,14201856.0,1127100395.5200002,84765.31800000001,63288023.03999999,1190473183.8780003,13324800000.0,23040000.0,589824000.0,13937664000.0,15142339039.878,0.0603,accelergy,cacti,configs/cacti_sram_45nm.csv,21.085900000000002,17.167975,4,45.0,3.18224,0.795423,4302.53,11.948249145600002,160.0,160.0,2.8902,0.0,15.142339039878001,43.7643882930554,0.45427017119634
720p,1280,720,128,128,7,64,256,50.0,os,33593250.0,28932780.0,61747200,60868800.0,53452800.0,964800.0,6451200.0,1615082800.0,1612093000.0,225000.0,2764800.0,14201856.0,352097602.56000006,6355209.960000001,29729387.519999996,388182200.04,257934880000.0,36000000.0,442368000.0,258413248000.0,258815632056.04,0.018432,accelergy,cacti,configs/cacti_sram_45nm.csv,6.5870750000000005,4.60835,4,45.0,1.14182,0.729013,270.818,0.82173726504,160.0,160.0,33.59325,86.12676653792056,258.81563205604,8694.458231566565,7.7644689616812
720p,1280,720,128,128,7,64,256,50.0,ws,2062470.0,0.0,61747200,56221620.0,53452800.0,4020.0,2764800.0,59533800.0,56544000.0,225000.0,2764800.0,14201856.0,352097602.56000006,26480.041500000003,12741166.08,364865248.6815,9047040000.0,36000000.0,442368000.0,9525408000.0,9904475104.6815,0.018432,accelergy,cacti,configs/cacti_sram_45nm.csv,6.5870750000000005,4.60835,4,45.0,1.14182,0.729013,270.818,0.82173726504,160.0,160.0,2.06247,0.0,9.904475104681499,20.427682769152447,0.297134253140445
720p,1280,720,128,128,7,64,256,200.0,os,9900540.0,5387530.0,61747200,60868800.0,53452800.0,964800.0,6451200.0,1617822800.0,1614830000.0,228000.0,2764800.0,14201856.0,352097602.56000006,6355209.960000001,29729387.52,388182200.04,258372800000.0,36480000.0,442368000.0,258851648000.0,259254032056.04,0.015075,accelergy,cacti,configs/cacti_sram_45nm.csv,6.5870750000000005,4.60835,4,45.0,1.14182,0.729013,270.818,0.82173726504,160.0,160.0,9.90054,54.416526775307204,259.25403205604,2566.754914532106,7.7776209616812
720p,1280,720,128,128,7,64,256,200.0,ws,1915010.0,0.0,61747200,56221620.0,53452800.0,4020.0,2764800.0,59632800.0,56640000.0,228000.0,2764800.0,14201856.0,352097602.56000006,26480.041500000003,12741166.08,364865248.6815,9062400000.0,36480000.0,442368000.0,9541248000.0,9920315104.6815,0.015075,accelergy,cacti,configs/cacti_sram_45nm.csv,6.5870750000000005,4.60835,4,45.0,1.14182,0.729013,270.818,0.82173726504,160.0,160.0,1.9150099999999999,0.0,9.9203151046815,18.997502628616118,0.297609453140445
720p,1280,720,128,128,7,64,256,800.0,os,4476130.0,0.0,61747200,60868800.0,53452800.0,964800.0,6451200.0,1623308800.0,1620304000.0,240000.0,2764800.0,14201856.0,352097602.56000006,6355209.960000001,29729387.519999996,388182200.04,259248640000.0,38400000.0,442368000.0,259729408000.0,260131792056.04,0.015075,accelergy,cacti,configs/cacti_sram_45nm.csv,6.5870750000000005,4.60835,4,45.0,1.14182,0.729013,270.818,0.82173726504,160.0,160.0,4.47613,0.0,260.13179205604,1164.3837183758026,7.8039537616812
720p,1280,720,128,128,7,64,256,800.0,ws,1878130.0,0.0,61747200,56221620.0,53452800.0,4020.0,2764800.0,59836800.0,56832000.0,240000.0,2764800.0,14201856.0,352097602.56000006,26480.041500000003,12741166.08,364865248.6815,9093120000.0,38400000.0,442368000.0,9573888000.0,9952955104.6815,0.015075,accelergy,cacti,configs/cacti_sram_45nm.csv,6.5870750000000005,4.60835,4,45.0,1.14182,0.729013,270.818,0.82173726504,160.0,160.0,1.87813,0.0,9.9529551046815,18.692943570755467,0.298588653140445
720p,1280,720,128,128,7,64,1024,50.0,os,7596980.0,2628670.0,61747200,60868800.0,53452800.0,964800.0,6451200.0,275662800.0,272673000.0,225000.0,2764800.0,14201856.0,551815971.84,9960040.440000001,57088120.32000001,618864132.6,43627680000.0,36000000.0,442368000.0,44106048000.0,44739113988.600006,0.018432,accelergy,cacti,configs/cacti_sram_45nm.csv,10.323425,8.849225,4,45.0,2.03065,0.431177,1188.88,3.192179885,160.0,160.0,7.596979999999999,34.60151270636489,44.7391139886,339.88215418911443,1.3421734196580002
720p,1280,720,128,128,7,64,1024,50.0,ws,2487630.0,0.0,61747200,56221620.0,53452800.0,4020.0,2764800.0,71444300.0,68454500.0,225000.0,2764800.0,14201856.0,551815971.84,41500.1685,24466337.28,576323809.2885001,10952720000.0,36000000.0,442368000.0,11431088000.0,12021613665.2885,0.018432,accelergy,cacti,configs/cacti_sram_45nm.csv,10.323425,8.849225,4,45.0,2.03065,0.431177,1188.88,3.192179885,160.0,160.0,2.48763,0.0,12.0216136652885,29.90532680218163,0.360648409958655
720p,1280,720,128,128,7,64,1024,200.0,os,4589980.0,0.0,61747200,60868800.0,53452800.0,964800.0,6451200.0,275838800.0,272846000.0,228000.0,2764800.0,14201856.0,551815971.84,9960040.440000001,57088120.32000001,618864132.6,43655360000.0,36480000.0,442368000.0,44134208000.0,44767273988.600006,0.015075,accelergy,cacti,configs/cacti_sram_45nm.csv,10.323425,8.849225,4,45.0,2.03065,0.431177,1188.88,3.192179885,160.0,160.0,4.58998,0.0,44.7672739886,205.48089226219423,1.3430182196580003
720p,1280,720,128,128,7,64,1024,200.0,ws,2021330.0,0.0,61747200,56221620.0,53452800.0,4020.0,2764800.0,71490800.0,68498000.0,228000.0,2764800.0,14201856.0,551815971.84,41500.1685,24466337.28,576323809.2885001,10959680000.0,36480000.0,442368000.0,11438528000.0,12029053665.2885,0.015075,accelergy,cacti,configs/cacti_sram_45nm.csv,10.323425,8.849225,4,45.0,2.03065,0.431177,1188.88,3.192179885,160.0,160.0,2.02133,0.0,12.0290536652885,24.3146870452576,0.36087160995865497
720p,1280,720,128,128,7,64,1024,800.0,os,4495420.0,0.0,61747200,60868800.0,53452800.0,964800.0,6451200.0,276548800.0,273544000.0,240000.0,2764800.0,14201856.0,551815971.84,9960040.44,57088120.32000001,618864132.6,43767040000.0,38400000.0,442368000.0,44247808000.0,44880873988.6,0.015075,accelergy,cacti,configs/cacti_sram_45nm.csv,10.323425,8.849225,4,45.0,2.03065,0.431177,1188.88,3.192179885,160.0,160.0,4.49542,0.0,44.8808739886,201.75837854583222,1.346426219658
720p,1280,720,128,128,7,64,1024,800.0,ws,1904770.0,0.0,61747200,56221620.0,53452800.0,4020.0,2764800.0,71676800.0,68672000.0,240000.0,2764800.0,14201856.0,551815971.84,41500.1685,24466337.28,576323809.2885001,10987520000.0,38400000.0,442368000.0,11468288000.0,12058813665.2885,0.015075,accelergy,cacti,configs/cacti_sram_45nm.csv,10.323425,8.849225,4,45.0,2.03065,0.431177,1188.88,3.192179885,160.0,160.0,1.90477,0.0,12.0588136652885,22.969266505231577,0.36176440995865494
720p,1280,720,128,128,7,64,4096,50.0,os,5588260.0,0.0,61747200,60868800.0,53452800.0,964800.0,6451200.0,56447300.0,53457500.0,225000.0,2764800.0,14201856.0,1127100395.5200002,20343676.320000004,110754040.32,1258198112.1600003,8553200000.0,36000000.0,442368000.0,9031568000.0,10303967968.16,0.018432,accelergy,cacti,configs/cacti_sram_45nm.csv,21.085900000000002,17.167975,4,45.0,3.18224,0.795423,4302.53,11.948249145600002,160.0,160.0,5.58826,0.0,10.30396796816,57.581252037749806,0.3091190390448
720p,1280,720,128,128,7,64,4096,50.0,ws,4070570.0,0.0,61747200,56221620.0,53452800.0,4020.0,2764800.0,110462800.0,107473000.0,225000.0,2764800.0,14201856.0,1127100395.5200002,84765.31800000001,47466017.28,1174651178.1180003,17195680000.0,36000000.0,442368000.0,17674048000.0,18862901034.118,0.018432,accelergy,cacti,configs/cacti_sram_45nm.csv,21.085900000000002,17.167975,4,45.0,3.18224,0.795423,4302.53,11.948249145600002,160.0,160.0,4.07057,0.0,18.862901034118,76.78275906244971,0.56588703102354
720p,1280,720,128,128,7,64,4096,200.0,os,4744960.0,0.0,61747200,60868800.0,53452800.0,964800.0,6451200.0,56462800.0,53470000.0,228000.0,2764800.0,14201856.0,1127100395.5200002,20343676.320000004,110754040.32,1258198112.1600003,8555200000.0,36480000.0,442368000.0,9034048000.0,10306447968.16,0.015075,accelergy,cacti,configs/cacti_sram_45nm.csv,21.085900000000002,17.167975,4,45.0,3.18224,0.795423,4302.53,11.948249145600002,160.0,160.0,4.744960000000001,0.0,10.30644796816,48.90368335100048,0.3091934390448
720p,1280,720,128,128,7,64,4096,200.0,ws,2417050.0,0.0,61747200,56221620.0,53452800.0,4020.0,2764800.0,110480800.0,107488000.0,228000.0,2764800.0,14201856.0,1127100395.5200002,84765.31800000001,47466017.28,1174651178.1180003,17198080000.0,36480000.0,442368000.0,17676928000.0,18865781034.118,0.015075,accelergy,cacti,configs/cacti_sram_45nm.csv,21.085900000000002,17.167975,4,45.0,3.18224,0.795423,4302.53,11.948249145600002,160.0,160.0,2.41705,0.0,18.865781034118,45.59953604851491,0.56597343102354
720p,1280,720,128,128,7,64,4096,800.0,os,4534140.0,0.0,61747200,60868800.0,53452800.0,964800.0,6451200.0,56516800.0,53512000.0,240000.0,2764800.0,14201856.0,1127100395.5200002,20343676.320000004,110754040.32,1258198112.1600003,8561920000.0,38400000.0,442368000.0,9042688000.0,10315087968.16,0.015075,accelergy,cacti,configs/cacti_sram_45nm.csv,21.085900000000002,17.167975,4,45.0,3.18224,0.795423,4302.53,11.948249145600002,160.0,160.0,4.53414,0.0,10.31508796816,46.770052959952984,0.30945263904479997
720p,1280,720,128,128,7,64,4096,800.0,ws,2003650.0,0.0,61747200,56221620.0,53452800.0,4020.0,2764800.0,110524800.0,107520000.0,240000.0,2764800.0,14201856.0,1127100395.5200002,84765.31800000001,47466017.279999994,1174651178.1180003,17203200000.0,38400000.0,442368000.0,17683968000.0,18872821034.118,0.015075,accelergy,cacti,configs/cacti_sram_45nm.csv,21.085900000000002,17.167975,4,45.0,3.18224,0.795423,4302.53,11.948249145600002,160.0,160.0,2.00365,0.0,18.872821034118,37.81452786501053,0.56618463102354
720p,1280,720,128,128,7,128,256,50.0,os,33584570.0,29312900.0,61747200,60386400.0,53452800.0,482400.0,6451200.0,1615307800.0,1612093000.0,450000.0,2764800.0,14201856.0,352097602.56000006,3177604.9800000004,29729387.519999996,385004595.06000006,257934880000.0,72000000.0,442368000.0,258449248000.0,258848454451.06,0.018432,accelergy,cacti,configs/cacti_sram_45nm.csv,6.5870750000000005,4.60835,4,45.0,1.14182,0.729013,270.818,0.82173726504,160.0,160.0,33.58457,87.28085546428017,258.84845445106,8693.314037903436,7.765453633531799
720p,1280,720,128,128,7,128,256,50.0,ws,2085510.0,0.0,61747200,56221620.0,53452800.0,4020.0,2764800.0,59758800.0,56544000.0,450000.0,2764800.0,14201856.0,352097602.56000006,26480.041500000003,12741166.08,364865248.6815,9047040000.0,72000000.0,442368000.0,9561408000.0,9940475104.6815,0.018432,accelergy,cacti,configs/cacti_sram_45nm.csv,6.5870750000000005,4.60835,4,45.0,1.14182,0.729013,270.818,0.82173726504,160.0,160.0,2.08551,0.0,9.9404751046815,20.730960235564318,0.29821425314044503
720p,1280,720,128,128,7,128,256,200.0,os,9858160.0,5733950.0,61747200,60386400.0,53452800.0,482400.0,6451200.0,1618050800.0,1614830000.0,456000.0,2764800.0,14201856.0,352097602.56000006,3177604.9800000004,29729387.519999996,385004595.06000006,258372800000.0,72960000.0,442368000.0,258888128000.0,259287334451.06,0.004608,accelergy,cacti,configs/cacti_sram_45nm.csv,6.5870750000000005,4.60835,4,45.0,1.14182,0.729013,270.818,0.82173726504,160.0,160.0,9.85816,58.164505343796414,259.28733445106,2556.0960289920617,7.7786200335318
720p,1280,720,128,128,7,128,256,200.0,ws,1938050.0,0.0,61747200,56221620.0,53452800.0,4020.0,2764800.0,59860800.0,56640000.0,456000.0,2764800.0,14201856.0,352097602.56000006,26480.041500000003,12741166.08,364865248.6815,9062400000.0,72960000.0,442368000.0,9577728000.0,9956795104.6815,0.004608,accelergy,cacti,configs/cacti_sram_45nm.csv,6.5870750000000005,4.60835,4,45.0,1.14182,0.729013,270.818,0.82173726504,160.0,160.0,1.93805,0.0,9.956795104681499,19.296766752627978,0.298703853140445
720p,1280,720,128,128,7,128,256,800.0,os,4087330.0,0.0,61747200,60386400.0,53452800.0,482400.0,6451200.0,1623548800.0,1620304000.0,480000.0,2764800.0,14201856.0,352097602.56000006,3177604.9800000004,29729387.52,385004595.06000006,259248640000.0,76800000.0,442368000.0,259767808000.0,260167014451.06,0.00376875,accelergy,cacti,configs/cacti_sram_45nm.csv,6.5870750000000005,4.60835,4,45.0,1.14182,0.729013,270.818,0.82173726504,160.0,160.0,4.08733,0.0,260.16701445105997,1063.3884431762508,7.8050104335318
720p,1280,720,128,128,7,128,256,800.0,ws,1901170.0,0.0,61747200,56221620.0,53452800.0,4020.0,2764800.0,60076800.0,56832000.0,480000.0,2764800.0,14201856.0,352097602.56000006,26480.041500000003,12741166.08,364865248.6815,9093120000.0,76800000.0,442368000.0,9612288000.0,9991355104.6815,0.00376875,accelergy,cacti,configs/cacti_sram_45nm.csv,6.5870750000000005,4.60835,4,45.0,1.14182,0.729013,270.818,0.82173726504,160.0,160.0,1.90117,0.0,9.9913551046815,18.995264584367327,0.299740653140445
720p,1280,720,128,128,7,128,1024,50.0,os,7559410.0,2979900.0,61747200,60386400.0,53452800.0,482400.0,6451200.0,275887800.0,272673000.0,450000.0,2764800.0,14201856.0,551815971.84,4980020.220000001,57088120.32000001,613884112.38,43627680000.0,72000000.0,442368000.0,44142048000.0,44770133968.38,0.018432,accelergy,cacti,configs/cacti_sram_45nm.csv,10.323425,8.849225,4,45.0,2.03065,0.431177,1188.88,3.192179885,160.0,160.0,7.55941,39.419743075187085,44.770133968379994,338.4357984219114,1.3431040190513999
720p,1280,720,128,128,7,128,1024,50.0,ws,2510670.0,0.0,61747200,56221620.0,53452800.0,4020.0,2764800.0,71669300.0,68454500.0,450000.0,2764800.0,14201856.0,551815971.84,41500.1685,24466337.28,576323809.2885001,10952720000.0,72000000.0,442368000.0,11467088000.0,12057613665.2885,0.018432,accelergy,cacti,configs/cacti_sram_45nm.csv,10.323425,8.849225,4,45.0,2.03065,0.431177,1188.88,3.192179885,160.0,160.0,2.51067,0.0,12.0576136652885,30.27268890102988,0.36172840995865496
720p,1280,720,128,128,7,128,1024,200.0,os,4201180.0,0.0,61747200,60386400.0,53452800.0,482400.0,6451200.0,276066800.0,272846000.0,456000.0,2764800.0,14201856.0,551815971.84,4980020.220000001,57088120.32000001,613884112.38,43655360000.0,72960000.0,442368000.0,44170688000.0,44798773968.38,0.004608,accelergy,cacti,configs/cacti_sram_45nm.csv,10.323425,8.849225,4,45.0,2.03065,0.431177,1188.88,3.192179885,160.0,160.0,4.20118,0.0,44.79877396838,188.20771322047867,1.3439632190514
720p,1280,720,128,128,7,128,1024,200.0,ws,2044370.0,0.0,61747200,56221620.0,53452800.0,4020.0,2764800.0,71718800.0,68498000.0,456000.0,2764800.0,14201856.0,551815971.84,41500.1685,24466337.28,576323809.2885001,10959680000.0,72960000.0,442368000.0,11475008000.0,12065533665.2885,0.004608,accelergy,cacti,configs/cacti_sram_45nm.csv,10.323425,8.849225,4,45.0,2.03065,0.431177,1188.88,3.192179885,160.0,160.0,2.0443700000000002,0.0,12.0655336652885,24.666415059305855,0.36196600995865497
720p,1280,720,128,128,7,128,1024,800.0,os,4106620.0,0.0,61747200,60386400.0,53452800.0,482400.0,6451200.0,276788800.0,273544000.0,480000.0,2764800.0,14201856.0,551815971.84,4980020.22,57088120.32000001,613884112.38,43767040000.0,76800000.0,442368000.0,44286208000.0,44914293968.38,0.00376875,accelergy,cacti,configs/cacti_sram_45nm.csv,10.323425,8.849225,4,45.0,2.03065,0.431177,1188.88,3.192179885,160.0,160.0,4.10662,0.0,44.914293968379994,184.44593789642866,1.3474288190513999
720p,1280,720,128,128,7,128,1024,800.0,ws,1927810.0,0.0,61747200,56221620.0,53452800.0,4020.0,2764800.0,71916800.0,68672000.0,480000.0,2764800.0,14201856.0,551815971.84,41500.1685,24466337.28,576323809.2885001,10987520000.0,76800000.0,442368000.0,11506688000.0,12097213665.2885,0.00376875,accelergy,cacti,configs/cacti_sram_45nm.csv,10.323425,8.849225,4,45.0,2.03065,0.431177,1188.88,3.192179885,160.0,160.0,1.92781,0.0,12.0972136652885,23.321129476079822,0.362916409958655
720p,1280,720,128,128,7,128,4096,50.0,os,5199460.0,0.0,61747200,60386400.0,53452800.0,482400.0,6451200.0,56672300.0,53457500.0,450000.0,2764800.0,14201856.0,1127100395.5200002,10171838.160000002,110754040.32,1248026274.0000002,8553200000.0,72000000.0,442368000.0,9067568000.0,10329796130.0,0.018432,accelergy,cacti,configs/cacti_sram_45nm.csv,21.085900000000002,17.167975,4,45.0,3.18224,0.795423,4302.53,11.948249145600002,160.0,160.0,5.19946,0.0,10.32979613,53.7093617860898,0.3098938839
720p,1280,720,128,128,7,128,4096,50.0,ws,4208910.0,0.0,61747200,56221620.0,53452800.0,4020.0,2764800.0,116452800.0,113238000.0,450000.0,2764800.0,14201856.0,1127100395.5200002,84765.31800000001,47466017.279999994,1174651178.1180003,18118080000.0,72000000.0,442368000.0,18632448000.0,19821301034.118,0.018432,accelergy,cacti,configs/cacti_sram_45nm.csv,21.085900000000002,17.167975,4,45.0,3.18224,0.795423,4302.53,11.948249145600002,160.0,160.0,4.2089099999999995,0.0,19.821301034118,83.42607213550959,0.59463903102354
720p,1280,720,128,128,7,128,4096,200.0,os,4356160.0,0.0,61747200,60386400.0,53452800.0,482400.0,6451200.0,56690800.0,53470000.0,456000.0,2764800.0,14201856.0,1127100395.5200002,10171838.160000002,110754040.32,1248026274.0000002,8555200000.0,72960000.0,442368000.0,9070528000.0,10332756130.0,0.004608,accelergy,cacti,configs/cacti_sram_45nm.csv,21.085900000000002,17.167975,4,45.0,3.18224,0.795423,4302.53,11.948249145600002,160.0,160.0,4.35616,0.0,10.33275613,45.011138943260804,0.3099826839
720p,1280,720,128,128,7,128,4096,200.0,ws,2468930.0,0.0,61747200,56221620.0,53452800.0,4020.0,2764800.0,116476800.0,113256000.0,456000.0,2764800.0,14201856.0,1127100395.5200002,84765.31800000001,47466017.279999994,1174651178.1180003,18120960000.0,72960000.0,442368000.0,18636288000.0,19825141034.118,0.004608,accelergy,cacti,configs/cacti_sram_45nm.csv,21.085900000000002,17.167975,4,45.0,3.18224,0.795423,4302.53,11.948249145600002,160.0,160.0,2.46893,0.0,19.825141034118,48.946885453364956,0.5947542310235401
720p,1280,720,128,128,7,128,4096,800.0,os,4145340.0,0.0,61747200,60386400.0,53452800.0,482400.0,6451200.0,56756800.0,53512000.0,480000.0,2764800.0,14201856.0,1127100395.5200002,10171838.160000002,110754040.32,1248026274.0000002,8561920000.0,76800000.0,442368000.0,9081088000.0,10343316130.0,0.00376875,accelergy,cacti,configs/cacti_sram_45nm.csv,21.085900000000002,17.167975,4,45.0,3.18224,0.795423,4302.53,11.948249145600002,160.0,160.0,4.14534,0.0,10.34331613,42.8765620863342,0.3102994839
720p,1280,720,128,128,7,128,4096,800.0,ws,2033890.0,0.0,61747200,56221620.0,53452800.0,4020.0,2764800.0,116524800.0,113280000.0,480000.0,2764800.0,14201856.0,1127100395.5200002,84765.31800000001,47466017.28,1174651178.1180003,18124800000.0,76800000.0,442368000.0,18643968000.0,19832821034.118,0.00376875,accelergy,cacti,configs/cacti_sram_45nm.csv,21.085900000000002,17.167975,4,45.0,3.18224,0.795423,4302.53,11.948249145600002,160.0,160.0,2.03389,0.0,19.832821034118002,40.337776373082264,0.59498463102354
720p,1280,720,128,128,11,8,256,50.0,os,18398070.0,0.0,128102400,142272000.0,119808000.0,16012800.0,6451200.0,350340800.0,347510000.0,66000.0,2764800.0,29463552.0,789184281.6000001,105477514.56000002,29729387.519999996,924391183.6800002,55601600000.0,10560000.0,442368000.0,56054528000.0,57008382735.68001,2.0016000000000003,accelergy,cacti,configs/cacti_sram_45nm.csv,6.5870750000000005,4.60835,4,45.0,1.14182,0.729013,270.818,0.82173726504,160.0,160.0,18.39807,0.0,57.00838273568001,1048.8442161578323,1.7102514820704002
720p,1280,720,128,128,11,8,256,50.0,ws,16804450.0,0.0,128102400,138248340.0,119808000.0,8340.0,18432000.0,141599000.0,123101000.0,66000.0,18432000.0,29463552.0,789184281.6000001,54936.205500000004,84941107.19999999,874180325.0055002,19696160000.0,10560000.0,2949120000.0,22655840000.0,23559483877.0055,2.0016000000000003,accelergy,cacti,configs/cacti_sram_45nm.csv,6.5870750000000005,4.60835,4,45.0,1.14182,0.729013,270.818,0.82173726504,160.0,160.0,16.80445,0.0,23.5594838770055,395.9041688369451,0.706784516310165
720p,1280,720,128,128,11,8,256,200.0,os,18250610.0,0.0,128102400,142272000.0,119808000.0,16012800.0,6451200.0,350936800.0,348100000.0,72000.0,2764800.0,29463552.0,789184281.6000001,105477514.56000002,29729387.52,924391183.6800002,55696000000.0,11520000.0,442368000.0,56149888000.0,57103742735.68,2.0016000000000003,accelergy,cacti,configs/cacti_sram_45nm.csv,6.5870750000000005,4.60835,4,45.0,1.14182,0.729013,270.818,0.82173726504,160.0,160.0,18.25061,0.0,57.10374273568,1042.1781382092288,1.7131122820704
720p,1280,720,128,128,11,8,256,200.0,ws,16660480.0,0.0,128102400,138248340.0,119808000.0,8340.0,18432000.0,141814000.0,123310000.0,72000.0,18432000.0,29463552.0,789184281.6000001,54936.205500000004,84941107.19999999,874180325.0055002,19729600000.0,11520000.0,2949120000.0,22690240000.0,23593883877.0055,2.0016000000000003,accelergy,cacti,configs/cacti_sram_45nm.csv,6.5870750000000005,4.60835,4,45.0,1.14182,0.729013,270.818,0.82173726504,160.0,160.0,16.66048,0.0,23.5938838770055,393.08543045517257,0.7078165163101651
720p,1280,720,128,128,11,8,256,800.0,os,18213730.0,0.0,128102400,142272000.0,119808000.0,16012800.0,6451200.0,352188800.0,349280000.0,144000.0,2764800.0,29463552.0,789184281.6000001,105477514.56000002,29729387.52,924391183.6800002,55884800000.0,23040000.0,442368000.0,56350208000.0,57304062735.68,2.0016000000000003,accelergy,cacti,configs/cacti_sram_45nm.csv,6.5870750000000005,4.60835,4,45.0,1.14182,0.729013,270.818,0.82173726504,160.0,160.0,18.21373,0.0,57.30406273568,1043.720726570737,1.7191218820704
720p,1280,720,128,128,11,8,256,800.0,ws,16624450.0,0.0,128102400,138248340.0,119808000.0,8340.0,18432000.0,142304000.0,123728000.0,144000.0,18432000.0,29463552.0,789184281.6000001,54936.20550000001,84941107.2,874180325.0055002,19796480000.0,23040000.0,2949120000.0,22768640000.0,23672283877.0055,2.0016000000000003,accelergy,cacti,configs/cacti_sram_45nm.csv,6.5870750000000005,4.60835,4,45.0,1.14182,0.729013,270.818,0.82173726504,160.0,160.0,16.62445,0.0,23.6722838770055,393.5386996990841,0.7101685163101651
720p,1280,720,128,128,11,8,1024,50.0,os,18705910.0,0.0,128102400,142272000.0,119808000.0,16012800.0,6451200.0,225933300.0,223102500.0,66000.0,2764800.0,29463552.0,1236828902.4,165306939.84,57088120.32000001,1459223962.5599997,35696400000.0,10560000.0,442368000.0,36149328000.0,37638015514.56,2.0016000000000003,accelergy,cacti,configs/cacti_sram_45nm.csv,10.323425,8.849225,4,45.0,2.03065,0.431177,1188.88,3.192179885,160.0,160.0,18.70591,0.0,37.638015514559996,704.0533307939629,1.1291404654367998
720p,1280,720,128,128,11,8,1024,50.0,ws,17297070.0,0.0,128102400,138248340.0,119808000.0,8340.0,18432000.0,152324500.0,133826500.0,66000.0,18432000.0,29463552.0,1236828902.4,86097.3645,163108915.2,1400023914.9645002,21412240000.0,10560000.0,2949120000.0,24371920000.0,25801407466.9645,2.0016000000000003,accelergy,cacti,configs/cacti_sram_45nm.csv,10.323425,8.849225,4,45.0,2.03065,0.431177,1188.88,3.192179885,160.0,160.0,17.29707,0.0,25.801407466964502,446.2887510546077,0.7740422240089351
720p,1280,720,128,128,11,8,1024,200.0,os,18327580.0,0.0,128102400,142272000.0,119808000.0,16012800.0,6451200.0,226080800.0,223244000.0,72000.0,2764800.0,29463552.0,1236828902.4,165306939.84,57088120.32000001,1459223962.5599997,35719040000.0,11520000.0,442368000.0,36172928000.0,37661615514.56,2.0016000000000003,accelergy,cacti,configs/cacti_sram_45nm.csv,10.323425,8.849225,4,45.0,2.03065,0.431177,1188.88,3.192179885,160.0,160.0,18.32758,0.0,37.66161551456,690.2462712723395,1.1298484654367997
720p,1280,720,128,128,11,8,1024,200.0,ws,16783630.0,0.0,128102400,138248340.0,119808000.0,8340.0,18432000.0,152416000.0,133912000.0,72000.0,18432000.0,29463552.0,1236828902.4,86097.36450000001,163108915.2,1400023914.9645002,21425920000.0,11520000.0,2949120000.0,24386560000.0,25816047466.9645,2.0016000000000003,accelergy,cacti,configs/cacti_sram_45nm.csv,10.323425,8.849225,4,45.0,2.03065,0.431177,1188.88,3.192179885,160.0,160.0,16.783630000000002,0.0,25.816047466964502,433.2869887479695,0.774481424008935
720p,1280,720,128,128,11,8,1024,800.0,os,18233020.0,0.0,128102400,142272000.0,119808000.0,16012800.0,6451200.0,226724800.0,223816000.0,144000.0,2764800.0,29463552.0,1236828902.4,165306939.84,57088120.32000001,1459223962.5599997,35810560000.0,23040000.0,442368000.0,36275968000.0,37764655514.56,2.0016000000000003,accelergy,cacti,configs/cacti_sram_45nm.csv,10.323425,8.849225,4,45.0,2.03065,0.431177,1188.88,3.192179885,160.0,160.0,18.23302,0.0,37.76465551456,688.5637192900828,1.1329396654367998
720p,1280,720,128,128,11,8,1024,800.0,ws,16655250.0,0.0,128102400,138248340.0,119808000.0,8340.0,18432000.0,152824000.0,134248000.0,144000.0,18432000.0,29463552.0,1236828902.4,86097.36450000001,163108915.2,1400023914.9645002,21479680000.0,23040000.0,2949120000.0,24451840000.0,25881327466.9645,2.0016000000000003,accelergy,cacti,configs/cacti_sram_45nm.csv,10.323425,8.849225,4,45.0,2.03065,0.431177,1188.88,3.192179885,160.0,160.0,16.65525,0.0,25.8813274669645,431.0599792941604,0.7764398240089351
720p,1280,720,128,128,11,8,4096,50.0,os,19555030.0,0.0,128102400,142272000.0,119808000.0,16012800.0,6451200.0,171548300.0,168717500.0,66000.0,2764800.0,29463552.0,2526259507.2000003,337644299.52000004,110754040.32,2974657847.0400004,26994800000.0,10560000.0,442368000.0,27447728000.0,30451849399.039997,2.0016000000000003,accelergy,cacti,configs/cacti_sram_45nm.csv,21.085900000000002,17.167975,4,45.0,3.18224,0.795423,4302.53,11.948249145600002,160.0,160.0,19.555030000000002,0.0,30.451849399039997,595.4868285537092,0.9135554819712
720p,1280,720,128,128,11,8,4096,50.0,ws,18408290.0,0.0,128102400,138248340.0,119808000.0,8340.0,18432000.0,193664500.0,175166500.0,66000.0,18432000.0,29463552.0,2526259507.2000003,175856.40600000002,316440115.2,2842875478.8059998,28026640000.0,10560000.0,2949120000.0,30986320000.0,33858659030.806,2.0016000000000003,accelergy,cacti,configs/cacti_sram_45nm.csv,21.085900000000002,17.167975,4,45.0,3.18224,0.795423,4302.53,11.948249145600002,160.0,160.0,18.40829,0.0,33.858659030806,623.2800144501958,1.01575977092418
720p,1280,720,128,128,11,8,4096,200.0,os,18539860.0,0.0,128102400,142272000.0,119808000.0,16012800.0,6451200.0,171584800.0,168748000.0,72000.0,2764800.0,29463552.0,2526259507.2000003,337644299.52000004,110754040.32,2974657847.0400004,26999680000.0,11520000.0,442368000.0,27453568000.0,30457689399.04,2.0016000000000003,accelergy,cacti,configs/cacti_sram_45nm.csv,21.085900000000002,17.167975,4,45.0,3.18224,0.795423,4302.53,11.948249145600002,160.0,160.0,18.539859999999997,0.0,30.45768939904,564.6812973816857,0.9137306819712001
720p,1280,720,128,128,11,8,4096,200.0,ws,17061410.0,0.0,128102400,138248340.0,119808000.0,8340.0,18432000.0,193700000.0,175196000.0,72000.0,18432000.0,29463552.0,2526259507.2000003,175856.40600000002,316440115.2,2842875478.8059998,28031360000.0,11520000.0,2949120000.0,30992000000.0,33864339030.806,2.0016000000000003,accelergy,cacti,configs/cacti_sram_45nm.csv,21.085900000000002,17.167975,4,45.0,3.18224,0.795423,4302.53,11.948249145600002,160.0,160.0,17.06141,0.0,33.864339030806,577.7733725835838,1.01593017092418
720p,1280,720,128,128,11,8,4096,800.0,os,18286060.0,0.0,128102400,142272000.0,119808000.0,16012800.0,6451200.0,171716800.0,168808000.0,144000.0,2764800.0,29463552.0,2526259507.2000003,337644299.52000004,110754040.32,2974657847.0400004,27009280000.0,23040000.0,442368000.0,27474688000.0,30478809399.04,2.0016000000000003,accelergy,cacti,configs/cacti_sram_45nm.csv,21.085900000000002,17.167975,4,45.0,3.18224,0.795423,4302.53,11.948249145600002,160.0,160.0,18.28606,0.0,30.47880939904,557.3373373994093,0.9143642819712001
720p,1280,720,128,128,11,8,4096,800.0,ws,16724640.0,0.0,128102400,138248340.0,119808000.0,8340.0,18432000.0,193816000.0,175240000.0,144000.0,18432000.0,29463552.0,2526259507.2000003,175856.40600000002,316440115.2,2842875478.8059998,28038400000.0,23040000.0,2949120000.0,31010560000.0,33882899030.806,2.0016000000000003,accelergy,cacti,configs/cacti_sram_45nm.csv,21.085900000000002,17.167975,4,45.0,3.18224,0.795423,4302.53,11.948249145600002,160.0,160.0,16.724639999999997,0.0,33.882899030806,566.6792884465792,1.01648697092418
720p,1280,720,128,128,11,16,256,50.0,os,14580750.0,3440280.0,128102400,134265600.0,119808000.0,8006400.0,6451200.0,590123800.0,587233000.0,126000.0,2764800.0,29463552.0,789184281.6000001,52738757.28000001,29729387.519999996,871652426.4000001,93957280000.0,20160000.0,442368000.0,94419808000.0,95320923978.40001,0.5004000000000001,accelergy,cacti,configs/cacti_sram_45nm.csv,6.5870750000000005,4.60835,4,45.0,1.14182,0.729013,270.818,0.82173726504,160.0,160.0,14.58075,23.59467105601564,95.3209239784,1389.8505622980558,2.8596277193520003
720p,1280,720,128,128,11,16,256,50.0,ws,8515220.0,0.0,128102400,129032340.0,119808000.0,8340.0,9216000.0,132443000.0,123101000.0,126000.0,9216000.0,29463552.0,789184281.6000001,54936.205500000004,42470553.599999994,831709771.4055,19696160000.0,20160000.0,1474560000.0,21190880000.0,22052053323.405502,0.5004000000000001,accelergy,cacti,configs/cacti_sram_45nm.csv,6.5870750000000005,4.60835,4,45.0,1.14182,0.729013,270.818,0.82173726504,160.0,160.0,8.515220000000001,0.0,22.052053323405502,187.77808550052902,0.661561599702165
720p,1280,720,128,128,11,16,256,200.0,os,10993010.0,0.0,128102400,134265600.0,119808000.0,8006400.0,6451200.0,591126800.0,588230000.0,132000.0,2764800.0,29463552.0,789184281.6000001,52738757.28000001,29729387.52,871652426.4000001,94116800000.0,21120000.0,442368000.0,94580288000.0,95481403978.4,0.5004000000000001,accelergy,cacti,configs/cacti_sram_45nm.csv,6.5870750000000005,4.60835,4,45.0,1.14182,0.729013,270.818,0.82173726504,160.0,160.0,10.99301,0.0,95.4814039784,1049.6280287485909,2.864442119352
720p,1280,720,128,128,11,16,256,200.0,ws,8368140.0,0.0,128102400,129032340.0,119808000.0,8340.0,9216000.0,132658000.0,123310000.0,132000.0,9216000.0,29463552.0,789184281.6000001,54936.205500000004,42470553.599999994,831709771.4055,19729600000.0,21120000.0,1474560000.0,21225280000.0,22086453323.405502,0.5004000000000001,accelergy,cacti,configs/cacti_sram_45nm.csv,6.5870750000000005,4.60835,4,45.0,1.14182,0.729013,270.818,0.82173726504,160.0,160.0,8.36814,0.0,22.086453323405504,184.82253351372253,0.662593599702165
720p,1280,720,128,128,11,16,256,800.0,os,10956130.0,0.0,128102400,134265600.0,119808000.0,8006400.0,6451200.0,593180800.0,590224000.0,192000.0,2764800.0,29463552.0,789184281.6000001,52738757.28000001,29729387.519999996,871652426.4000001,94435840000.0,30720000.0,442368000.0,94908928000.0,95810043978.40001,0.5004000000000001,accelergy,cacti,configs/cacti_sram_45nm.csv,6.5870750000000005,4.60835,4,45.0,1.14182,0.729013,270.818,0.82173726504,160.0,160.0,10.95613,0.0,95.8100439784,1049.7072971330676,2.8743013193520004
720p,1280,720,128,128,11,16,256,800.0,ws,8331330.0,0.0,128102400,129032340.0,119808000.0,8340.0,9216000.0,133136000.0,123728000.0,192000.0,9216000.0,29463552.0,789184281.6000001,54936.20550000001,42470553.6,831709771.4055,19796480000.0,30720000.0,1474560000.0,21301760000.0,22162933323.4055,0.5004000000000001,accelergy,cacti,configs/cacti_sram_45nm.csv,6.5870750000000005,4.60835,4,45.0,1.14182,0.729013,270.818,0.82173726504,160.0,160.0,8.33133,0.0,22.162933323405497,184.6467112852879,0.664887999702165
720p,1280,720,128,128,11,16,1024,50.0,os,11448310.0,0.0,128102400,134265600.0,119808000.0,8006400.0,6451200.0,131573300.0,128682500.0,126000.0,2764800.0,29463552.0,1236828902.4,82653469.92,57088120.32000001,1376570492.6399999,20589200000.0,20160000.0,442368000.0,21051728000.0,22457762044.64,0.5004000000000001,accelergy,cacti,configs/cacti_sram_45nm.csv,10.323425,8.849225,4,45.0,2.03065,0.431177,1188.88,3.192179885,160.0,160.0,11.44831,0.0,22.45776204464,257.10342179327256,0.6737328613392
720p,1280,720,128,128,11,16,1024,50.0,ws,9055470.0,0.0,128102400,129032340.0,119808000.0,8340.0,9216000.0,143168500.0,133826500.0,126000.0,9216000.0,29463552.0,1236828902.4,86097.3645,81554457.6,1318469457.3645,21412240000.0,20160000.0,1474560000.0,22906960000.0,24254893009.364502,0.5004000000000001,accelergy,cacti,configs/cacti_sram_45nm.csv,10.323425,8.849225,4,45.0,2.03065,0.431177,1188.88,3.192179885,160.0,160.0,9.05547,0.0,24.2548930093645,219.63945599950995,0.727646790280935
720p,1280,720,128,128,11,16,1024,200.0,os,11069980.0,0.0,128102400,134265600.0,119808000.0,8006400.0,6451200.0,131660800.0,128764000.0,132000.0,2764800.0,29463552.0,1236828902.4,82653469.92,57088120.32000001,1376570492.6399999,20602240000.0,21120000.0,442368000.0,21065728000.0,22471762044.64,0.5004000000000001,accelergy,cacti,configs/cacti_sram_45nm.csv,10.323425,8.849225,4,45.0,2.03065,0.431177,1188.88,3.192179885,160.0,160.0,11.06998,0.0,22.47176204464,248.76195639892387,0.6741528613391999
720p,1280,720,128,128,11,16,1024,200.0,ws,8503240.0,0.0,128102400,129032340.0,119808000.0,8340.0,9216000.0,143260000.0,133912000.0,132000.0,9216000.0,29463552.0,1236828902.4,86097.36450000001,81554457.6,1318469457.3645,21425920000.0,21120000.0,1474560000.0,22921600000.0,24269533009.3645,0.5004000000000001,accelergy,cacti,configs/cacti_sram_45nm.csv,10.323425,8.849225,4,45.0,2.03065,0.431177,1188.88,3.192179885,160.0,160.0,8.50324,0.0,24.269533009364498,206.36966386654856,0.7280859902809349
720p,1280,720,128,128,11,16,1024,800.0,os,10975420.0,0.0,128102400,134265600.0,119808000.0,8006400.0,6451200.0,132052800.0,129096000.0,192000.0,2764800.0,29463552.0,1236828902.4,82653469.92,57088120.32000001,1376570492.6399999,20655360000.0,30720000.0,442368000.0,21128448000.0,22534482044.64,0.5004000000000001,accelergy,cacti,configs/cacti_sram_45nm.csv,10.323425,8.849225,4,45.0,2.03065,0.431177,1188.88,3.192179885,160.0,160.0,10.97542,0.0,22.53448204464,247.32540492238275,0.6760344613392
720p,1280,720,128,128,11,16,1024,800.0,ws,8365150.0,0.0,128102400,129032340.0,119808000.0,8340.0,9216000.0,143656000.0,134248000.0,192000.0,9216000.0,29463552.0,1236828902.4,86097.3645,81554457.6,1318469457.3645,21479680000.0,30720000.0,1474560000.0,22984960000.0,24332893009.364502,0.5004000000000001,accelergy,cacti,configs/cacti_sram_45nm.csv,10.323425,8.849225,4,45.0,2.03065,0.431177,1188.88,3.192179885,160.0,160.0,8.36515,0.0,24.3328930093645,203.54829995728545,0.729986790280935
720p,1280,720,128,128,11,16,4096,50.0,os,12297430.0,0.0,128102400,134265600.0,119808000.0,8006400.0,6451200.0,171608300.0,168717500.0,126000.0,2764800.0,29463552.0,2526259507.2000003,168822149.76000002,110754040.32,2805835697.28,26994800000.0,20160000.0,442368000.0,27457328000.0,30292627249.279995,0.5004000000000001,accelergy,cacti,configs/cacti_sram_45nm.csv,21.085900000000002,17.167975,4,45.0,3.18224,0.795423,4302.53,11.948249145600002,160.0,160.0,12.29743,0.0,30.292627249279995,372.5214631141133,0.9087788174784
720p,1280,720,128,128,11,16,4096,50.0,ws,9930690.0,0.0,128102400,129032340.0,119808000.0,8340.0,9216000.0,184508500.0,175166500.0,126000.0,9216000.0,29463552.0,2526259507.2000003,175856.40600000002,158220057.6,2684655421.206,28026640000.0,20160000.0,1474560000.0,29521360000.0,32235478973.206,0.5004000000000001,accelergy,cacti,configs/cacti_sram_45nm.csv,21.085900000000002,17.167975,4,45.0,3.18224,0.795423,4302.53,11.948249145600002,160.0,160.0,9.93069,0.0,32.235478973206,320.1205486844271,0.9670643691961801
720p,1280,720,128,128,11,16,4096,200.0,os,11282260.0,0.0,128102400,134265600.0,119808000.0,8006400.0,6451200.0,171644800.0,168748000.0,132000.0,2764800.0,29463552.0,2526259507.2000003,168822149.76000002,110754040.32,2805835697.28,26999680000.0,21120000.0,442368000.0,27463168000.0,30298467249.28,0.5004000000000001,accelergy,cacti,configs/cacti_sram_45nm.csv,21.085900000000002,17.167975,4,45.0,3.18224,0.795423,4302.53,11.948249145600002,160.0,160.0,11.28226,0.0,30.298467249279998,341.8351851078618,0.9089540174783999
720p,1280,720,128,128,11,16,4096,200.0,ws,8722020.0,0.0,128102400,129032340.0,119808000.0,8340.0,9216000.0,184544000.0,175196000.0,132000.0,9216000.0,29463552.0,2526259507.2000003,175856.40600000002,158220057.6,2684655421.206,28031360000.0,21120000.0,1474560000.0,29527040000.0,32241158973.206,0.5004000000000001,accelergy,cacti,configs/cacti_sram_45nm.csv,21.085900000000002,17.167975,4,45.0,3.18224,0.795423,4302.53,11.948249145600002,160.0,160.0,8.72202,0.0,32.241158973206,281.2080333874822,0.96723476919618
720p,1280,720,128,128,11,16,4096,800.0,os,11028460.0,0.0,128102400,134265600.0,119808000.0,8006400.0,6451200.0,171764800.0,168808000.0,192000.0,2764800.0,29463552.0,2526259507.2000003,168822149.76000002,110754040.32,2805835697.28,27009280000.0,30720000.0,442368000.0,27482368000.0,30317667249.28,0.5004000000000001,accelergy,cacti,configs/cacti_sram_45nm.csv,21.085900000000002,17.167975,4,45.0,3.18224,0.795423,4302.53,11.948249145600002,160.0,160.0,11.02846,0.0,30.31766724928,334.35718055199453,0.9095300174783999
720p,1280,720,128,128,11,16,4096,800.0,ws,8419790.0,0.0,128102400,129032340.0,119808000.0,8340.0,9216000.0,184648000.0,175240000.0,192000.0,9216000.0,29463552.0,2526259507.2000003,175856.40600000002,158220057.6,2684655421.206,28038400000.0,30720000.0,1474560000.0,29543680000.0,32257798973.206,0.5004000000000001,accelergy,cacti,configs/cacti_sram_45nm.csv,21.085900000000002,17.167975,4,45.0,3.18224,0.795423,4302.53,11.948249145600002,160.0,160.0,8.41979,0.0,32.257798973206,271.6038932166102,0.96773396919618
720p,1280,720,128,128,11,32,256,50.0,os,27806370.0,20294700.0,128102400,130262400.0,119808000.0,4003200.0,6451200.0,1319431800.0,1316415000.0,252000.0,2764800.0,29463552.0,789184281.6000001,26369378.640000004,29729387.52,845283047.7600001,210626400000.0,40320000.0,442368000.0,211109088000.0,211983834599.76,0.12510000000000002,accelergy,cacti,configs/cacti_sram_45nm.csv,6.5870750000000005,4.60835,4,45.0,1.14182,0.729013,270.818,0.82173726504,160.0,160.0,27.80637,72.98579426224998,211.98383459976,5894.500938899729,6.359515037992801
720p,1280,720,128,128,11,32,256,50.0,ws,4829120.0,0.0,128102400,125345940.0,119808000.0,8340.0,5529600.0,128882600.0,123101000.0,252000.0,5529600.0,29463552.0,789184281.6000001,54936.205500000004,25482332.16,814721549.9655001,19696160000.0,40320000.0,884736000.0,20621216000.0,21465401101.965504,0.12510000000000002,accelergy,cacti,configs/cacti_sram_45nm.csv,6.5870750000000005,4.60835,4,45.0,1.14182,0.729013,270.818,0.82173726504,160.0,160.0,4.8291200000000005,0.0,21.465401101965504,103.65899776952367,0.643962033058965
720p,1280,720,128,128,11,32,256,200.0,os,8721810.0,1357600.0,128102400,130262400.0,119808000.0,4003200.0,6451200.0,1321678800.0,1318650000.0,264000.0,2764800.0,29463552.0,789184281.6000001,26369378.640000004,29729387.519999996,845283047.7600001,210984000000.0,42240000.0,442368000.0,211468608000.0,212343354599.76,0.12510000000000002,accelergy,cacti,configs/cacti_sram_45nm.csv,6.5870750000000005,4.60835,4,45.0,1.14182,0.729013,270.818,0.82173726504,160.0,160.0,8.72181,15.565576411318293,212.34335459976,1852.0183935817327,6.370300637992801
720p,1280,720,128,128,11,32,256,200.0,ws,4684340.0,0.0,128102400,125345940.0,119808000.0,8340.0,5529600.0,129103600.0,123310000.0,264000.0,5529600.0,29463552.0,789184281.6000001,54936.20550000001,25482332.16,814721549.9655001,19729600000.0,42240000.0,884736000.0,20656576000.0,21500761101.9655,0.12510000000000002,accelergy,cacti,configs/cacti_sram_45nm.csv,6.5870750000000005,4.60835,4,45.0,1.14182,0.729013,270.818,0.82173726504,160.0,160.0,4.684340000000001,0.0,21.5007611019655,100.71687526038109,0.645022833058965
720p,1280,720,128,128,11,32,256,800.0,os,7327330.0,0.0,128102400,130262400.0,119808000.0,4003200.0,6451200.0,1326172800.0,1323120000.0,288000.0,2764800.0,29463552.0,789184281.6000001,26369378.640000004,29729387.52,845283047.7600001,211699200000.0,46080000.0,442368000.0,212187648000.0,213062394599.76,0.12510000000000002,accelergy,cacti,configs/cacti_sram_45nm.csv,6.5870750000000005,4.60835,4,45.0,1.14182,0.729013,270.818,0.82173726504,160.0,160.0,7.32733,0.0,213.06239459976,1561.1784758226595,6.391871837992801
720p,1280,720,128,128,11,32,256,800.0,ws,4648120.0,0.0,128102400,125345940.0,119808000.0,8340.0,5529600.0,129545600.0,123728000.0,288000.0,5529600.0,29463552.0,789184281.6000001,54936.205500000004,25482332.16,814721549.9655001,19796480000.0,46080000.0,884736000.0,20727296000.0,21571481101.965504,0.12510000000000002,accelergy,cacti,configs/cacti_sram_45nm.csv,6.5870750000000005,4.60835,4,45.0,1.14182,0.729013,270.818,0.82173726504,160.0,160.0,4.6481200000000005,0.0,21.571481101965503,100.2668327396679,0.6471444330589651
720p,1280,720,128,128,11,32,1024,50.0,os,10067050.0,2247540.0,128102400,130262400.0,119808000.0,4003200.0,6451200.0,263887300.0,260870500.0,252000.0,2764800.0,29463552.0,1236828902.4,41326734.96,57088120.32000001,1335243757.6799998,41739280000.0,40320000.0,442368000.0,42221968000.0,43586675309.68,0.12510000000000002,accelergy,cacti,configs/cacti_sram_45nm.csv,10.323425,8.849225,4,45.0,2.03065,0.431177,1188.88,3.192179885,160.0,160.0,10.06705,22.325706140329093,43.58667530968,438.789239676314,1.3076002592904
720p,1280,720,128,128,11,32,1024,50.0,ws,5313130.0,0.0,128102400,125345940.0,119808000.0,8340.0,5529600.0,140330100.0,134548500.0,252000.0,5529600.0,29463552.0,1236828902.4,86097.36450000001,48932674.56,1285847674.3245,21527760000.0,40320000.0,884736000.0,22452816000.0,23768127226.3245,0.12510000000000002,accelergy,cacti,configs/cacti_sram_45nm.csv,10.323425,8.849225,4,45.0,2.03065,0.431177,1188.88,3.192179885,160.0,160.0,5.31313,0.0,23.768127226324502,126.2831498100015,0.7130438167897349
720p,1280,720,128,128,11,32,1024,200.0,os,7473930.0,32750.0,128102400,130262400.0,119808000.0,4003200.0,6451200.0,264064800.0,261036000.0,264000.0,2764800.0,29463552.0,1236828902.4,41326734.96,57088120.32000001,1335243757.6799998,41765760000.0,42240000.0,442368000.0,42250368000.0,43615075309.68,0.12510000000000002,accelergy,cacti,configs/cacti_sram_45nm.csv,10.323425,8.849225,4,45.0,2.03065,0.431177,1188.88,3.192179885,160.0,160.0,7.47393,0.43818981446173566,43.61507530968,325.97601980927664,1.3084522592904
720p,1280,720,128,128,11,32,1024,200.0,ws,4805360.0,0.0,128102400,125345940.0,119808000.0,8340.0,5529600.0,140427600.0,134634000.0,264000.0,5529600.0,29463552.0,1236828902.4,86097.3645,48932674.56,1285847674.3245,21541440000.0,42240000.0,884736000.0,22468416000.0,23783727226.3245,0.12510000000000002,accelergy,cacti,configs/cacti_sram_45nm.csv,10.323425,8.849225,4,45.0,2.03065,0.431177,1188.88,3.192179885,160.0,160.0,4.805359999999999,0.0,23.7837272263245,114.2893714642907,0.713511816789735
720p,1280,720,128,128,11,32,1024,800.0,os,7346620.0,0.0,128102400,130262400.0,119808000.0,4003200.0,6451200.0,264756800.0,261704000.0,288000.0,2764800.0,29463552.0,1236828902.4,41326734.96,57088120.32000001,1335243757.6799998,41872640000.0,46080000.0,442368000.0,42361088000.0,43725795309.68,0.12510000000000002,accelergy,cacti,configs/cacti_sram_45nm.csv,10.323425,8.849225,4,45.0,2.03065,0.431177,1188.88,3.192179885,160.0,160.0,7.34662,0.0,43.72579530968,321.23680233800127,1.3117738592903998
720p,1280,720,128,128,11,32,1024,800.0,ws,4678410.0,0.0,128102400,125345940.0,119808000.0,8340.0,5529600.0,140793600.0,134976000.0,288000.0,5529600.0,29463552.0,1236828902.4,86097.3645,48932674.56,1285847674.3245,21596160000.0,46080000.0,884736000.0,22526976000.0,23842287226.3245,0.12510000000000002,accelergy,cacti,configs/cacti_sram_45nm.csv,10.323425,8.849225,4,45.0,2.03065,0.431177,1188.88,3.192179885,160.0,160.0,4.67841,0.0,23.8422872263245,111.54399498250882,0.715268616789735
720p,1280,720,128,128,11,32,4096,50.0,os,8668630.0,0.0,128102400,130262400.0,119808000.0,4003200.0,6451200.0,171734300.0,168717500.0,252000.0,2764800.0,29463552.0,2526259507.2000003,84411074.88000001,110754040.32,2721424622.4000006,26994800000.0,40320000.0,442368000.0,27477488000.0,30228376174.4,0.12510000000000002,accelergy,cacti,configs/cacti_sram_45nm.csv,21.085900000000002,17.167975,4,45.0,3.18224,0.795423,4302.53,11.948249145600002,160.0,160.0,8.66863,0.0,30.2283761744,262.0386085566891,0.906851285232
720p,1280,720,128,128,11,32,4096,50.0,ws,6468830.0,0.0,128102400,125345940.0,119808000.0,8340.0,5529600.0,195694100.0,189912500.0,252000.0,5529600.0,29463552.0,2526259507.2000003,175856.40600000002,94932034.55999999,2621367398.166,30386000000.0,40320000.0,884736000.0,31311056000.0,33961886950.166,0.12510000000000002,accelergy,cacti,configs/cacti_sram_45nm.csv,21.085900000000002,17.167975,4,45.0,3.18224,0.795423,4302.53,11.948249145600002,160.0,160.0,6.46883,0.0,33.961886950166,219.6936731598423,1.01885660850498
720p,1280,720,128,128,11,32,4096,200.0,os,7653460.0,0.0,128102400,130262400.0,119808000.0,4003200.0,6451200.0,171776800.0,168748000.0,264000.0,2764800.0,29463552.0,2526259507.2000003,84411074.88000001,110754040.32,2721424622.4000006,26999680000.0,42240000.0,442368000.0,27484288000.0,30235176174.4,0.12510000000000002,accelergy,cacti,configs/cacti_sram_45nm.csv,21.085900000000002,17.167975,4,45.0,3.18224,0.795423,4302.53,11.948249145600002,160.0,160.0,7.65346,0.0,30.235176174400003,231.40371144372344,0.907055285232
720p,1280,720,128,128,11,32,4096,200.0,ws,5094270.0,0.0,128102400,125345940.0,119808000.0,8340.0,5529600.0,195737600.0,189944000.0,264000.0,5529600.0,29463552.0,2526259507.2000003,175856.40600000002,94932034.55999999,2621367398.166,30391040000.0,42240000.0,884736000.0,31318016000.0,33968846950.166,0.12510000000000002,accelergy,cacti,configs/cacti_sram_45nm.csv,21.085900000000002,17.167975,4,45.0,3.18224,0.795423,4302.53,11.948249145600002,160.0,160.0,5.09427,0.0,33.968846950166004,173.04647795282216,1.01906540850498
720p,1280,720,128,128,11,32,4096,800.0,os,7399660.0,0.0,128102400,130262400.0,119808000.0,4003200.0,6451200.0,171860800.0,168808000.0,288000.0,2764800.0,29463552.0,2526259507.2000003,84411074.88000001,110754040.32,2721424622.4,27009280000.0,46080000.0,442368000.0,27497728000.0,30248616174.4,0.12510000000000002,accelergy,cacti,configs/cacti_sram_45nm.csv,21.085900000000002,17.167975,4,45.0,3.18224,0.795423,4302.53,11.948249145600002,160.0,160.0,7.39966,0.0,30.248616174400002,223.8294751610607,0.907458485232
720p,1280,720,128,128,11,32,4096,800.0,ws,4750590.0,0.0,128102400,125345940.0,119808000.0,8340.0,5529600.0,195817600.0,190000000.0,288000.0,5529600.0,29463552.0,2526259507.2000003,175856.40600000002,94932034.55999999,2621367398.166,30400000000.0,46080000.0,884736000.0,31330816000.0,33981646950.166,0.12510000000000002,accelergy,cacti,configs/cacti_sram_45nm.csv,21.085900000000002,17.167975,4,45.0,3.18224,0.795423,4302.53,11.948249145600002,160.0,160.0,4.75059,0.0,33.981646950166,161.4328721849891,1.01944940850498
720p,1280,720,128,128,11,64,256,50.0,os,46857410.0,41160140.0,128102400,128260800.0,119808000.0,2001600.0,6451200.0,2273860800.0,2270595000.0,501000.0,2764800.0,29463552.0,789184281.6000001,13184689.320000002,29729387.519999996,832098358.44,363295200000.0,80160000.0,442368000.0,363817728000.0,364679289910.43994,0.031275000000000004,accelergy,cacti,configs/cacti_sram_45nm.csv,6.5870750000000005,4.60835,4,45.0,1.14182,0.729013,270.818,0.82173726504,160.0,160.0,46.85741,87.84126139280852,364.67928991043993,17087.927005842346,10.9403786973132
720p,1280,720,128,128,11,64,256,50.0,ws,3383100.0,369180.0,128102400,123502740.0,119808000.0,8340.0,3686400.0,127288400.0,123101000.0,501000.0,3686400.0,29463552.0,789184281.6000001,54936.205500000004,16988221.439999998,806227439.2455001,19696160000.0,80160000.0,589824000.0,20366144000.0,21201834991.2455,0.031275000000000004,accelergy,cacti,configs/cacti_sram_45nm.csv,6.5870750000000005,4.60835,4,45.0,1.14182,0.729013,270.818,0.82173726504,160.0,160.0,3.3830999999999998,10.912476722532588,21.201834991245498,71.72792795888265,0.636055049737365
720p,1280,720,128,128,11,64,256,200.0,os,13308170.0,7758360.0,128102400,128260800.0,119808000.0,2001600.0,6451200.0,2277718800.0,2274450000.0,504000.0,2764800.0,29463552.0,789184281.6000001,13184689.320000002,29729387.52,832098358.4400002,363912000000.0,80640000.0,442368000.0,364435008000.0,365296569910.44,0.031275000000000004,accelergy,cacti,configs/cacti_sram_45nm.csv,6.5870750000000005,4.60835,4,45.0,1.14182,0.729013,270.818,0.82173726504,160.0,160.0,13.308169999999999,58.29772237655515,365.29656991044,4861.428852785019,10.9588970973132
720p,1280,720,128,128,11,64,256,200.0,ws,2852620.0,0.0,128102400,123502740.0,119808000.0,8340.0,3686400.0,127500400.0,123310000.0,504000.0,3686400.0,29463552.0,789184281.6000001,54936.205500000004,16988221.439999998,806227439.2455001,19729600000.0,80640000.0,589824000.0,20400064000.0,21235754991.2455,0.031275000000000004,accelergy,cacti,configs/cacti_sram_45nm.csv,6.5870750000000005,4.60835,4,45.0,1.14182,0.729013,270.818,0.82173726504,160.0,160.0,2.85262,0.0,21.2357549912455,60.577539403126735,0.637072649737365
720p,1280,720,128,128,11,64,256,800.0,os,5670730.0,157800.0,128102400,128260800.0,119808000.0,2001600.0,6451200.0,2285452800.0,2282160000.0,528000.0,2764800.0,29463552.0,789184281.6000001,13184689.320000002,29729387.52,832098358.4400002,365145600000.0,84480000.0,442368000.0,365672448000.0,366534009910.44,0.031275000000000004,accelergy,cacti,configs/cacti_sram_45nm.csv,6.5870750000000005,4.60835,4,45.0,1.14182,0.729013,270.818,0.82173726504,160.0,160.0,5.67073,2.782710515224671,366.53400991044,2078.515406019429,10.9960202973132
720p,1280,720,128,128,11,64,256,800.0,ws,2812260.0,0.0,128102400,123502740.0,119808000.0,8340.0,3686400.0,127942400.0,123728000.0,528000.0,3686400.0,29463552.0,789184281.6000001,54936.205500000004,16988221.439999998,806227439.2455001,19796480000.0,84480000.0,589824000.0,20470784000.0,21306474991.2455,0.031275000000000004,accelergy,cacti,configs/cacti_sram_45nm.csv,6.5870750000000005,4.60835,4,45.0,1.14182,0.729013,270.818,0.82173726504,160.0,160.0,2.81226,0.0,21.306474991245498,59.91934735888007,0.6391942497373649
720p,1280,720,128,128,11,64,1024,50.0,os,17311740.0,11306630.0,128102400,128260800.0,119808000.0,2001600.0,6451200.0,745678300.0,742412500.0,501000.0,2764800.0,29463552.0,1236828902.4,20663367.48,57088120.32000001,1314580390.2,118786000000.0,80160000.0,442368000.0,119308528000.0,120652571942.20001,0.031275000000000004,accelergy,cacti,configs/cacti_sram_45nm.csv,10.323425,8.849225,4,45.0,2.03065,0.431177,1188.88,3.192179885,160.0,160.0,17.31174,65.31192127423355,120.65257194220001,2088.705955794662,3.6195771582660003
720p,1280,720,128,128,11,64,1024,50.0,ws,3805880.0,366800.0,128102400,123502740.0,119808000.0,8340.0,3686400.0,138735900.0,134548500.0,501000.0,3686400.0,29463552.0,1236828902.4,86097.36450000001,32621783.04,1269536782.8045,21527760000.0,80160000.0,589824000.0,22197744000.0,23496744334.804497,0.031275000000000004,accelergy,cacti,configs/cacti_sram_45nm.csv,10.323425,8.849225,4,45.0,2.03065,0.431177,1188.88,3.192179885,160.0,160.0,3.80588,9.637718477723944,23.496744334804497,89.42578932894574,0.7049023300441349
720p,1280,720,128,128,11,64,1024,200.0,os,6114330.0,487550.0,128102400,128260800.0,119808000.0,2001600.0,6451200.0,746152800.0,742884000.0,504000.0,2764800.0,29463552.0,1236828902.4,20663367.48,57088120.32000001,1314580390.2,118861440000.0,80640000.0,442368000.0,119384448000.0,120728491942.20001,0.031275000000000004,accelergy,cacti,configs/cacti_sram_45nm.csv,10.323425,8.849225,4,45.0,2.03065,0.431177,1188.88,3.192179885,160.0,160.0,6.114330000000001,7.973890843313986,120.72849194220001,738.1738401369519,3.6218547582660006
720p,1280,720,128,128,11,64,1024,200.0,ws,2958940.0,0.0,128102400,123502740.0,119808000.0,8340.0,3686400.0,138824400.0,134634000.0,504000.0,3686400.0,29463552.0,1236828902.4,86097.3645,32621783.04,1269536782.8045,21541440000.0,80640000.0,589824000.0,22211904000.0,23510904334.8045,0.031275000000000004,accelergy,cacti,configs/cacti_sram_45nm.csv,10.323425,8.849225,4,45.0,2.03065,0.431177,1188.88,3.192179885,160.0,160.0,2.95894,0.0,23.5109043348045,69.56735527242643,0.705327130044135
720p,1280,720,128,128,11,64,1024,800.0,os,5532220.0,0.0,128102400,128260800.0,119808000.0,2001600.0,6451200.0,748068800.0,744776000.0,528000.0,2764800.0,29463552.0,1236828902.4,20663367.48,57088120.32000001,1314580390.2,119164160000.0,84480000.0,442368000.0,119691008000.0,121035051942.20001,0.031275000000000004,accelergy,cacti,configs/cacti_sram_45nm.csv,10.323425,8.849225,4,45.0,2.03065,0.431177,1188.88,3.192179885,160.0,160.0,5.53222,0.0,121.03505194220001,669.5925350556777,3.6310515582660003
720p,1280,720,128,128,11,64,1024,800.0,ws,2838900.0,0.0,128102400,123502740.0,119808000.0,8340.0,3686400.0,139190400.0,134976000.0,528000.0,3686400.0,29463552.0,1236828902.4,86097.36450000001,32621783.04,1269536782.8045,21596160000.0,84480000.0,589824000.0,22270464000.0,23569464334.804497,0.031275000000000004,accelergy,cacti,configs/cacti_sram_45nm.csv,10.323425,8.849225,4,45.0,2.03065,0.431177,1188.88,3.192179885,160.0,160.0,2.8389,0.0,23.569464334804497,66.91135230007649,0.7070839300441348
720p,1280,720,128,128,11,64,4096,50.0,os,10629030.0,3774800.0,128102400,128260800.0,119808000.0,2001600.0,6451200.0,360713300.0,357447500.0,501000.0,2764800.0,29463552.0,2526259507.2000003,42205537.440000005,110754040.32,2679219084.9600005,57191600000.0,80160000.0,442368000.0,57714128000.0,60422810636.96001,0.031275000000000004,accelergy,cacti,configs/cacti_sram_45nm.csv,21.085900000000002,17.167975,4,45.0,3.18224,0.795423,4302.53,11.948249145600002,160.0,160.0,10.62903,35.514059138039876,60.42281063696001,642.2358669445671,1.8126843191088002
720p,1280,720,128,128,11,64,4096,50.0,ws,5548730.0,469060.0,128102400,123502740.0,119808000.0,8340.0,3686400.0,218344400.0,214157000.0,501000.0,3686400.0,29463552.0,2526259507.2000003,175856.40600000002,63288023.04,2589723386.646,34265120000.0,80160000.0,589824000.0,34935104000.0,37554290938.645996,0.031275000000000004,accelergy,cacti,configs/cacti_sram_45nm.csv,21.085900000000002,17.167975,4,45.0,3.18224,0.795423,4302.53,11.948249145600002,160.0,160.0,5.54873,8.453465928239435,37.554290938646,208.3786207599932,1.1266287281593799
720p,1280,720,128,128,11,64,4096,200.0,os,5839060.0,0.0,128102400,128260800.0,119808000.0,2001600.0,6451200.0,360776800.0,357508000.0,504000.0,2764800.0,29463552.0,2526259507.2000003,42205537.440000005,110754040.32,2679219084.9600005,57201280000.0,80640000.0,442368000.0,57724288000.0,60432970636.96001,0.031275000000000004,accelergy,cacti,configs/cacti_sram_45nm.csv,21.085900000000002,17.167975,4,45.0,3.18224,0.795423,4302.53,11.948249145600002,160.0,160.0,5.83906,0.0,60.43297063696001,352.8717415274477,1.8129891191088003
720p,1280,720,128,128,11,64,4096,200.0,ws,3369080.0,0.0,128102400,123502740.0,119808000.0,8340.0,3686400.0,218380400.0,214190000.0,504000.0,3686400.0,29463552.0,2526259507.2000003,175856.40600000002,63288023.04,2589723386.646,34270400000.0,80640000.0,589824000.0,34940864000.0,37560050938.645996,0.031275000000000004,accelergy,cacti,configs/cacti_sram_45nm.csv,21.085900000000002,17.167975,4,45.0,3.18224,0.795423,4302.53,11.948249145600002,160.0,160.0,3.36908,0.0,37.56005093864599,126.54281641637344,1.12680152815938
720p,1280,720,128,128,11,64,4096,800.0,os,5585260.0,0.0,128102400,128260800.0,119808000.0,2001600.0,6451200.0,360900800.0,357608000.0,528000.0,2764800.0,29463552.0,2526259507.2000003,42205537.440000005,110754040.32,2679219084.9600005,57217280000.0,84480000.0,442368000.0,57744128000.0,60452810636.96001,0.031275000000000004,accelergy,cacti,configs/cacti_sram_45nm.csv,21.085900000000002,17.167975,4,45.0,3.18224,0.795423,4302.53,11.948249145600002,160.0,160.0,5.58526,0.0,60.45281063696001,337.64466513818724,1.8135843191088004
720p,1280,720,128,128,11,64,4096,800.0,ws,2941380.0,0.0,128102400,123502740.0,119808000.0,8340.0,3686400.0,218454400.0,214240000.0,528000.0,3686400.0,29463552.0,2526259507.2000003,175856.40600000002,63288023.03999999,2589723386.6460004,34278400000.0,84480000.0,589824000.0,34952704000.0,37571890938.645996,0.031275000000000004,accelergy,cacti,configs/cacti_sram_45nm.csv,21.085900000000002,17.167975,4,45.0,3.18224,0.795423,4302.53,11.948249145600002,160.0,160.0,2.94138,0.0,37.57189093864599,110.51320856911455,1.12715672815938
720p,1280,720,128,128,11,128,256,50.0,ws,3391650.0,1306140.0,128102400,122581140.0,119808000.0,8340.0,2764800.0,126738800.0,123101000.0,873000.0,2764800.0,29463552.0,789184281.6000001,54936.20550000001,12741166.08,801980383.8855002,19696160000.0,139680000.0,442368000.0,20278208000.0,21109651935.8855,0.018432,accelergy,cacti,configs/cacti_sram_45nm.csv,6.5870750000000005,4.60835,4,45.0,1.14182,0.729013,270.818,0.82173726504,160.0,160.0,3.39165,38.51045951085755,21.109651935885502,71.59655098834605,0.6332895580765651
720p,1280,720,128,128,11,128,256,200.0,ws,1938050.0,0.0,128102400,122581140.0,119808000.0,8340.0,2764800.0,126950800.0,123310000.0,876000.0,2764800.0,29463552.0,789184281.6000001,54936.20550000001,12741166.08,801980383.8855002,19729600000.0,140160000.0,442368000.0,20312128000.0,21143571935.8855,0.007818750000000001,accelergy,cacti,configs/cacti_sram_45nm.csv,6.5870750000000005,4.60835,4,45.0,1.14182,0.729013,270.818,0.82173726504,160.0,160.0,1.93805,0.0,21.1435719358855,40.977299590342895,0.634307158076565
720p,1280,720,128,128,11,128,256,800.0,ws,1901170.0,0.0,128102400,122581140.0,119808000.0,8340.0,2764800.0,127404800.0,123728000.0,912000.0,2764800.0,29463552.0,789184281.6000001,54936.20550000001,12741166.08,801980383.8855002,19796480000.0,145920000.0,442368000.0,20384768000.0,21216211935.8855,0.007818750000000001,accelergy,cacti,configs/cacti_sram_45nm.csv,6.5870750000000005,4.60835,4,45.0,1.14182,0.729013,270.818,0.82173726504,160.0,160.0,1.90117,0.0,21.2162119358855,40.335625646147435,0.6364863580765651
720p,1280,720,128,128,11,128,1024,50.0,os,31869730.0,26771820.0,128102400,127260000.0,119808000.0,1000800.0,6451200.0,1492097300.0,1488330500.0,1002000.0,2764800.0,29463552.0,1236828902.4,10331683.74,57088120.32000001,1304248706.4600003,238132880000.0,160320000.0,442368000.0,238735568000.0,240069280258.46002,0.018432,accelergy,cacti,configs/cacti_sram_45nm.csv,10.323425,8.849225,4,45.0,2.03065,0.431177,1188.88,3.192179885,160.0,160.0,31.86973,84.0039121762249,240.06928025846003,7650.9431431314515,7.202078407753801
720p,1280,720,128,128,11,128,1024,50.0,ws,3781650.0,1270980.0,128102400,122581140.0,119808000.0,8340.0,2764800.0,138315300.0,134548500.0,1002000.0,2764800.0,29463552.0,1236828902.4,86097.36450000001,24466337.28,1261381337.0445,21527760000.0,160320000.0,442368000.0,22130448000.0,23421292889.0445,0.018432,accelergy,cacti,configs/cacti_sram_45nm.csv,10.323425,8.849225,4,45.0,2.03065,0.431177,1188.88,3.192179885,160.0,160.0,3.78165,33.609138867954464,23.421292889044498,88.57113225385513,0.702638786671335
720p,1280,720,128,128,11,128,1024,200.0,os,9505030.0,4785450.0,128102400,127260000.0,119808000.0,1000800.0,6451200.0,1493048800.0,1489276000.0,1008000.0,2764800.0,29463552.0,1236828902.4,10331683.74,57088120.32000001,1304248706.46,238284160000.0,161280000.0,442368000.0,238887808000.0,240221520258.46002,0.007818750000000001,accelergy,cacti,configs/cacti_sram_45nm.csv,10.323425,8.849225,4,45.0,2.03065,0.431177,1188.88,3.192179885,160.0,160.0,9.50503,50.34650074749896,240.22152025846003,2283.3127567022702,7.206645607753801
720p,1280,720,128,128,11,128,1024,200.0,ws,2044370.0,0.0,128102400,122581140.0,119808000.0,8340.0,2764800.0,138406800.0,134634000.0,1008000.0,2764800.0,29463552.0,1236828902.4,86097.3645,24466337.28,1261381337.0445,21541440000.0,161280000.0,442368000.0,22145088000.0,23435932889.0445,0.007818750000000001,accelergy,cacti,configs/cacti_sram_45nm.csv,10.323425,8.849225,4,45.0,2.03065,0.431177,1188.88,3.192179885,160.0,160.0,2.0443700000000002,0.0,23.435932889044498,47.91171812037591,0.7030779866713349
720p,1280,720,128,128,11,128,1024,800.0,os,4625020.0,0.0,128102400,127260000.0,119808000.0,1000800.0,6451200.0,1496884800.0,1493064000.0,1056000.0,2764800.0,29463552.0,1236828902.4,10331683.74,57088120.32000001,1304248706.46,238890240000.0,168960000.0,442368000.0,239501568000.0,240835280258.46002,0.007818750000000001,accelergy,cacti,configs/cacti_sram_45nm.csv,10.323425,8.849225,4,45.0,2.03065,0.431177,1188.88,3.192179885,160.0,160.0,4.625019999999999,0.0,240.83528025846002,1113.8679879009826,7.225058407753801
720p,1280,720,128,128,11,128,1024,800.0,ws,1927810.0,0.0,128102400,122581140.0,119808000.0,8340.0,2764800.0,138796800.0,134976000.0,1056000.0,2764800.0,29463552.0,1236828902.4,86097.36450000001,24466337.28,1261381337.0445,21596160000.0,168960000.0,442368000.0,22207488000.0,23498332889.0445,0.007818750000000001,accelergy,cacti,configs/cacti_sram_45nm.csv,10.323425,8.849225,4,45.0,2.03065,0.431177,1188.88,3.192179885,160.0,160.0,1.92781,0.0,23.498332889044498,45.30032112682888,0.704949986671335
720p,1280,720,128,128,11,128,4096,50.0,os,9721830.0,3774800.0,128102400,127260000.0,119808000.0,1000800.0,6451200.0,361214300.0,357447500.0,1002000.0,2764800.0,29463552.0,2526259507.2000003,21102768.720000003,110754040.32,2658116316.2400002,57191600000.0,160320000.0,442368000.0,57794288000.0,60481867868.24,0.018432,accelergy,cacti,configs/cacti_sram_45nm.csv,21.085900000000002,17.167975,4,45.0,3.18224,0.795423,4302.53,11.948249145600002,160.0,160.0,9.72183,38.82808072142796,60.481867868239995,587.9944374974916,1.8144560360472
720p,1280,720,128,128,11,128,4096,50.0,ws,5534130.0,1325220.0,128102400,122581140.0,119808000.0,8340.0,2764800.0,220806300.0,217039500.0,1002000.0,2764800.0,29463552.0,2526259507.2000003,175856.40600000002,47466017.279999994,2573901380.886,34726320000.0,160320000.0,442368000.0,35329008000.0,37932372932.886,0.018432,accelergy,cacti,configs/cacti_sram_45nm.csv,21.085900000000002,17.167975,4,45.0,3.18224,0.795423,4302.53,11.948249145600002,160.0,160.0,5.53413,23.946311344330546,37.932372932886004,209.92268301907242,1.1379711879865801
720p,1280,720,128,128,11,128,4096,200.0,os,4931860.0,0.0,128102400,127260000.0,119808000.0,1000800.0,6451200.0,361280800.0,357508000.0,1008000.0,2764800.0,29463552.0,2526259507.2000003,21102768.720000003,110754040.32,2658116316.2400002,57201280000.0,161280000.0,442368000.0,57804928000.0,60492507868.24,0.007818750000000001,accelergy,cacti,configs/cacti_sram_45nm.csv,21.085900000000002,17.167975,4,45.0,3.18224,0.795423,4302.53,11.948249145600002,160.0,160.0,4.9318599999999995,0.0,60.49250786824,298.3405798550581,1.8147752360472
720p,1280,720,128,128,11,128,4096,200.0,ws,2468930.0,0.0,128102400,122581140.0,119808000.0,8340.0,2764800.0,220846800.0,217074000.0,1008000.0,2764800.0,29463552.0,2526259507.2000003,175856.40600000002,47466017.279999994,2573901380.886,34731840000.0,161280000.0,442368000.0,35335488000.0,37938852932.886,0.007818750000000001,accelergy,cacti,configs/cacti_sram_45nm.csv,21.085900000000002,17.167975,4,45.0,3.18224,0.795423,4302.53,11.948249145600002,160.0,160.0,2.46893,0.0,37.938852932886,93.66837217159022,1.1381655879865802
720p,1280,720,128,128,11,128,4096,800.0,os,4678060.0,0.0,128102400,127260000.0,119808000.0,1000800.0,6451200.0,361428800.0,357608000.0,1056000.0,2764800.0,29463552.0,2526259507.2000003,21102768.720000003,110754040.32,2658116316.2400002,57217280000.0,168960000.0,442368000.0,57828608000.0,60516187868.24,0.007818750000000001,accelergy,cacti,configs/cacti_sram_45nm.csv,21.085900000000002,17.167975,4,45.0,3.18224,0.795423,4302.53,11.948249145600002,160.0,160.0,4.67806,0.0,60.516187868239996,283.0983578188988,1.8154856360472
720p,1280,720,128,128,11,128,4096,800.0,ws,2033890.0,0.0,128102400,122581140.0,119808000.0,8340.0,2764800.0,220940800.0,217120000.0,1056000.0,2764800.0,29463552.0,2526259507.2000003,175856.40600000002,47466017.28,2573901380.886,34739200000.0,168960000.0,442368000.0,35350528000.0,37953892932.886,0.007818750000000001,accelergy,cacti,configs/cacti_sram_45nm.csv,21.085900000000002,17.167975,4,45.0,3.18224,0.795423,4302.53,11.948249145600002,160.0,160.0,2.03389,0.0,37.953892932886,77.1940432972675,1.13861678798658
hires,2048,2048,128,128,3,8,256,50.0,os,24971264.0,0.0,113246208,119013376.0,75497472.0,14155776.0,29360128.0,253888512.0,241254400.0,51200.0,12582912.0,26046627.840000004,497307510.3744,93245158.1952,135301745.86879998,725854414.4384,38600704000.0,8192000.0,2013265920.0,40622161920.0,41374062962.2784,1.769472,accelergy,cacti,configs/cacti_sram_45nm.csv,6.5870750000000005,4.60835,4,45.0,1.14182,0.729013,270.818,0.82173726504,160.0,160.0,24.971264,0.0,41.374062962278394,1033.1626489836758,1.2412218888683517
hires,2048,2048,128,128,3,8,256,50.0,ws,17604096.0,0.0,113246208,100670208.0,75497472.0,6912.0,25165824.0,115687424.0,90470400.0,51200.0,25165824.0,26046627.840000004,497307510.3744,45529.8624,115972925.0304,613325965.2672,14475264000.0,8192000.0,4026531840.0,18509987840.0,19149360433.1072,1.769472,accelergy,cacti,configs/cacti_sram_45nm.csv,6.5870750000000005,4.60835,4,45.0,1.14182,0.729013,270.818,0.82173726504,160.0,160.0,17.604096,0.0,19.1493604331072,337.1071794030207,0.5744808129932161
hires,2048,2048,128,128,3,8,256,200.0,os,24330240.0,0.0,113246208,119013376.0,75497472.0,14155776.0,29360128.0,254349312.0,241664000.0,102400.0,12582912.0,26046627.840000004,497307510.3744,93245158.1952,135301745.86879998,725854414.4384,38666240000.0,16384000.0,2013265920.0,40695889920.0,41447790962.2784,1.769472,accelergy,cacti,configs/cacti_sram_45nm.csv,6.5870750000000005,4.60835,4,45.0,1.14182,0.729013,270.818,0.82173726504,160.0,160.0,24.33024,0.0,41.4477909622784,1008.4347015820643,1.243433728868352
hires,2048,2048,128,128,3,8,256,200.0,ws,17000448.0,0.0,113246208,100670208.0,75497472.0,6912.0,25165824.0,115892224.0,90624000.0,102400.0,25165824.0,26046627.840000004,497307510.3744,45529.8624,115972925.0304,613325965.2672,14499840000.0,16384000.0,4026531840.0,18542755840.0,19182128433.1072,1.769472,accelergy,cacti,configs/cacti_sram_45nm.csv,6.5870750000000005,4.60835,4,45.0,1.14182,0.729013,270.818,0.82173726504,160.0,160.0,17.000448000000002,0.0,19.182128433107202,326.1047769563605,0.5754638529932161
hires,2048,2048,128,128,3,8,256,800.0,os,24169984.0,0.0,113246208,119013376.0,75497472.0,14155776.0,29360128.0,255475712.0,242483200.0,409600.0,12582912.0,26046627.840000004,497307510.3744,93245158.1952,135301745.86879998,725854414.4384,38797312000.0,65536000.0,2013265920.0,40876113920.0,41628014962.2784,1.769472,accelergy,cacti,configs/cacti_sram_45nm.csv,6.5870750000000005,4.60835,4,45.0,1.14182,0.729013,270.818,0.82173726504,160.0,160.0,24.169984,0.0,41.6280149622784,1006.1484555900295,1.2488404488683518
hires,2048,2048,128,128,3,8,256,800.0,ws,16849408.0,0.0,113246208,100670208.0,75497472.0,6912.0,25165824.0,116506624.0,90931200.0,409600.0,25165824.0,26046627.840000004,497307510.3744,45529.8624,115972925.0304,613325965.2672,14548992000.0,65536000.0,4026531840.0,18641059840.0,19280432433.1072,1.769472,accelergy,cacti,configs/cacti_sram_45nm.csv,6.5870750000000005,4.60835,4,45.0,1.14182,0.729013,270.818,0.82173726504,160.0,160.0,16.849408,0.0,19.2804324331072,324.86387248185594,0.578412972993216
hires,2048,2048,128,128,3,8,1024,50.0,os,25878528.0,0.0,113246208,119013376.0,75497472.0,14155776.0,29360128.0,88154112.0,75520000.0,51200.0,12582912.0,26046627.840000004,779392489.8816,146136091.8528,259814378.7008,1185342960.4352,12083200000.0,8192000.0,2013265920.0,14104657920.0,15316047508.2752,1.769472,accelergy,cacti,configs/cacti_sram_45nm.csv,10.323425,8.849225,4,45.0,2.03065,0.431177,1188.88,3.192179885,160.0,160.0,25.878528000000003,0.0,15.316047508275199,396.35676429223,0.45948142524825597
hires,2048,2048,128,128,3,8,1024,50.0,ws,19719424.0,0.0,113246208,100670208.0,75497472.0,6912.0,25165824.0,146074624.0,120857600.0,51200.0,25165824.0,26046627.840000004,779392489.8816,71355.5136,222698038.8864,1002161884.2816001,19337216000.0,8192000.0,4026531840.0,23371939840.0,24400148352.121597,1.769472,accelergy,cacti,configs/cacti_sram_45nm.csv,10.323425,8.849225,4,45.0,2.03065,0.431177,1188.88,3.192179885,160.0,160.0,19.719424,0.0,24.400148352121597,481.1568710183871,0.7320044505636479
hires,2048,2048,128,128,3,8,1024,200.0,os,24557056.0,0.0,113246208,119013376.0,75497472.0,14155776.0,29360128.0,88256512.0,75571200.0,102400.0,12582912.0,26046627.840000004,779392489.8816,146136091.8528,259814378.7008,1185342960.4352,12091392000.0,16384000.0,2013265920.0,14121041920.0,15332431508.2752,1.769472,accelergy,cacti,configs/cacti_sram_45nm.csv,10.323425,8.849225,4,45.0,2.03065,0.431177,1188.88,3.192179885,160.0,160.0,24.557056,0.0,15.3324315082752,376.5193791648785,0.459972945248256
hires,2048,2048,128,128,3,8,1024,200.0,ws,17529344.0,0.0,113246208,100670208.0,75497472.0,6912.0,25165824.0,146202624.0,120934400.0,102400.0,25165824.0,26046627.840000004,779392489.8816,71355.5136,222698038.8864,1002161884.2816001,19349504000.0,16384000.0,4026531840.0,23392419840.0,24420628352.121597,1.769472,accelergy,cacti,configs/cacti_sram_45nm.csv,10.323425,8.849225,4,45.0,2.03065,0.431177,1188.88,3.192179885,160.0,160.0,17.529344,0.0,24.420628352121597,428.07759508049253,0.732618850563648
hires,2048,2048,128,128,3,8,1024,800.0,os,24226816.0,0.0,113246208,119013376.0,75497472.0,14155776.0,29360128.0,88768512.0,75776000.0,409600.0,12582912.0,26046627.840000004,779392489.8816,146136091.8528,259814378.7008,1185342960.4352,12124160000.0,65536000.0,2013265920.0,14202961920.0,15414351508.2752,1.769472,accelergy,cacti,configs/cacti_sram_45nm.csv,10.323425,8.849225,4,45.0,2.03065,0.431177,1188.88,3.192179885,160.0,160.0,24.226816000000003,0.0,15.4143515082752,373.4406577503058,0.462430545248256
hires,2048,2048,128,128,3,8,1024,800.0,ws,16981760.0,0.0,113246208,100670208.0,75497472.0,6912.0,25165824.0,146817024.0,121241600.0,409600.0,25165824.0,26046627.840000004,779392489.8816,71355.5136,222698038.8864,1002161884.2816001,19398656000.0,65536000.0,4026531840.0,23490723840.0,24518932352.121597,1.769472,accelergy,cacti,configs/cacti_sram_45nm.csv,10.323425,8.849225,4,45.0,2.03065,0.431177,1188.88,3.192179885,160.0,160.0,16.981759999999998,0.0,24.5189323521216,416.3746246599644,0.735567970563648
hires,2048,2048,128,128,3,8,4096,50.0,os,25878528.0,0.0,113246208,119013376.0,75497472.0,14155776.0,29360128.0,88154112.0,75520000.0,51200.0,12582912.0,26046627.840000004,1591932144.8448002,298487277.15840006,504053943.50079995,2394473365.504,12083200000.0,8192000.0,2013265920.0,14104657920.0,16525177913.344002,1.769472,accelergy,cacti,configs/cacti_sram_45nm.csv,21.085900000000002,17.167975,4,45.0,3.18224,0.795423,4302.53,11.948249145600002,160.0,160.0,25.878528000000003,0.0,16.525177913344002,427.6472793354544,0.4957553374003201
hires,2048,2048,128,128,3,8,4096,50.0,ws,19986688.0,0.0,113246208,100670208.0,75497472.0,6912.0,25165824.0,159437824.0,134220800.0,51200.0,25165824.0,26046627.840000004,1591932144.8448002,145745.74080000003,432046237.28639996,2024124127.8720002,21475328000.0,8192000.0,4026531840.0,25510051840.0,27560222595.711998,1.769472,accelergy,cacti,configs/cacti_sram_45nm.csv,21.085900000000002,17.167975,4,45.0,3.18224,0.795423,4302.53,11.948249145600002,160.0,160.0,19.986687999999997,0.0,27.560222595712,550.8375702310458,0.82680667787136
hires,2048,2048,128,128,3,8,4096,200.0,os,24557056.0,0.0,113246208,119013376.0,75497472.0,14155776.0,29360128.0,88256512.0,75571200.0,102400.0,12582912.0,26046627.840000004,1591932144.8448002,298487277.15840006,504053943.50079995,2394473365.504,12091392000.0,16384000.0,2013265920.0,14121041920.0,16541561913.344002,1.769472,accelergy,cacti,configs/cacti_sram_45nm.csv,21.085900000000002,17.167975,4,45.0,3.18224,0.795423,4302.53,11.948249145600002,160.0,160.0,24.557056,0.0,16.541561913344,406.21206223345575,0.4962468574003201
hires,2048,2048,128,128,3,8,4096,200.0,ws,17595904.0,0.0,113246208,100670208.0,75497472.0,6912.0,25165824.0,159514624.0,134246400.0,102400.0,25165824.0,26046627.840000004,1591932144.8448002,145745.74080000003,432046237.28639996,2024124127.8720002,21479424000.0,16384000.0,4026531840.0,25522339840.0,27572510595.711998,1.769472,accelergy,cacti,configs/cacti_sram_45nm.csv,21.085900000000002,17.167975,4,45.0,3.18224,0.795423,4302.53,11.948249145600002,160.0,160.0,17.595903999999997,0.0,27.572510595711996,485.163249481131,0.82717531787136
hires,2048,2048,128,128,3,8,4096,800.0,os,24226816.0,0.0,113246208,119013376.0,75497472.0,14155776.0,29360128.0,88768512.0,75776000.0,409600.0,12582912.0,26046627.840000004,1591932144.8448002,298487277.15840006,504053943.50079995,2394473365.504,12124160000.0,65536000.0,2013265920.0,14202961920.0,16623481913.344002,1.769472,accelergy,cacti,configs/cacti_sram_45nm.csv,21.085900000000002,17.167975,4,45.0,3.18224,0.795423,4302.53,11.948249145600002,160.0,160.0,24.226816000000003,0.0,16.623481913344,402.7340375939131,0.49870445740032004
hires,2048,2048,128,128,3,8,4096,800.0,ws,16998144.0,0.0,113246208,100670208.0,75497472.0,6912.0,25165824.0,159924224.0,134348800.0,409600.0,25165824.0,26046627.840000004,1591932144.8448002,145745.74080000003,432046237.28639996,2024124127.8720002,21495808000.0,65536000.0,4026531840.0,25587875840.0,27638046595.711998,1.769472,accelergy,cacti,configs/cacti_sram_45nm.csv,21.085900000000002,17.167975,4,45.0,3.18224,0.795423,4302.53,11.948249145600002,160.0,160.0,16.998144,0.0,27.638046595711998,469.7954959126223,0.82914139787136
hires,2048,2048,128,128,3,16,256,50.0,os,21301248.0,0.0,113246208,111935488.0,75497472.0,7077888.0,29360128.0,404698112.0,392038400.0,76800.0,12582912.0,26046627.840000004,497307510.3744,46622579.0976,135301745.86879998,679231835.3408,62726144000.0,12288000.0,2013265920.0,64751697920.0,65456976383.1808,0.442368,accelergy,cacti,configs/cacti_sram_45nm.csv,6.5870750000000005,4.60835,4,45.0,1.14182,0.729013,270.818,0.82173726504,160.0,160.0,21.301247999999998,0.0,65.4569763831808,1394.3152872682772,1.9637092914954242
hires,2048,2048,128,128,3,16,256,50.0,ws,9266176.0,0.0,113246208,88087296.0,75497472.0,6912.0,12582912.0,103130112.0,90470400.0,76800.0,12582912.0,26046627.840000004,497307510.3744,45529.8624,57986462.5152,555339502.752,14475264000.0,12288000.0,2013265920.0,16500817920.0,17082204050.592,0.442368,accelergy,cacti,configs/cacti_sram_45nm.csv,6.5870750000000005,4.60835,4,45.0,1.14182,0.729013,270.818,0.82173726504,160.0,160.0,9.266176,0.0,17.082204050592,158.28670920069837,0.5124661215177599
hires,2048,2048,128,128,3,16,256,200.0,os,20660224.0,0.0,113246208,111935488.0,75497472.0,7077888.0,29360128.0,405389312.0,392704000.0,102400.0,12582912.0,26046627.840000004,497307510.3744,46622579.0976,135301745.86879998,679231835.3408,62832640000.0,16384000.0,2013265920.0,64862289920.0,65567568383.1808,0.442368,accelergy,cacti,configs/cacti_sram_45nm.csv,6.5870750000000005,4.60835,4,45.0,1.14182,0.729013,270.818,0.82173726504,160.0,160.0,20.660224000000003,0.0,65.5675683831808,1354.6406499318334,1.967027051495424
hires,2048,2048,128,128,3,16,256,200.0,ws,8625152.0,0.0,113246208,88087296.0,75497472.0,6912.0,12582912.0,103309312.0,90624000.0,102400.0,12582912.0,26046627.840000004,497307510.3744,45529.8624,57986462.5152,555339502.752,14499840000.0,16384000.0,2013265920.0,16529489920.0,17110876050.592,0.442368,accelergy,cacti,configs/cacti_sram_45nm.csv,6.5870750000000005,4.60835,4,45.0,1.14182,0.729013,270.818,0.82173726504,160.0,160.0,8.625152,0.0,17.110876050591997,147.58390678951568,0.5133262815177599
hires,2048,2048,128,128,3,16,256,800.0,os,20499968.0,0.0,113246208,111935488.0,75497472.0,7077888.0,29360128.0,407027712.0,394035200.0,409600.0,12582912.0,26046627.840000004,497307510.3744,46622579.0976,135301745.86879998,679231835.3408,63045632000.0,65536000.0,2013265920.0,65124433920.0,65829712383.1808,0.442368,accelergy,cacti,configs/cacti_sram_45nm.csv,6.5870750000000005,4.60835,4,45.0,1.14182,0.729013,270.818,0.82173726504,160.0,160.0,20.499968,0.0,65.8297123831808,1349.50699730441,1.9748913714954242
hires,2048,2048,128,128,3,16,256,800.0,ws,8464896.0,0.0,113246208,88087296.0,75497472.0,6912.0,12582912.0,103923712.0,90931200.0,409600.0,12582912.0,26046627.840000004,497307510.3744,45529.8624,57986462.5152,555339502.752,14548992000.0,65536000.0,2013265920.0,16627793920.0,17209180050.592,0.442368,accelergy,cacti,configs/cacti_sram_45nm.csv,6.5870750000000005,4.60835,4,45.0,1.14182,0.729013,270.818,0.82173726504,160.0,160.0,8.464896,0.0,17.209180050592,145.67391937353602,0.51627540151776
hires,2048,2048,128,128,3,16,1024,50.0,os,22208512.0,0.0,113246208,111935488.0,75497472.0,7077888.0,29360128.0,88179712.0,75520000.0,76800.0,12582912.0,26046627.840000004,779392489.8816,73068045.9264,259814378.7008,1112274914.5088,12083200000.0,12288000.0,2013265920.0,14108753920.0,15247075462.3488,0.442368,accelergy,cacti,configs/cacti_sram_45nm.csv,10.323425,8.849225,4,45.0,2.03065,0.431177,1188.88,3.192179885,160.0,160.0,22.208512,0.0,15.2470754623488,338.6148583704788,0.45741226387046396
hires,2048,2048,128,128,3,16,1024,50.0,ws,11080192.0,0.0,113246208,88087296.0,75497472.0,6912.0,12582912.0,133517312.0,120857600.0,76800.0,12582912.0,26046627.840000004,779392489.8816,71355.5136,111349019.4432,890812864.8384001,19337216000.0,12288000.0,2013265920.0,21362769920.0,22279629412.6784,0.442368,accelergy,cacti,configs/cacti_sram_45nm.csv,10.323425,8.849225,4,45.0,2.03065,0.431177,1188.88,3.192179885,160.0,160.0,11.080192,0.0,22.2796294126784,246.86257158132392,0.6683888823803519
hires,2048,2048,128,128,3,16,1024,200.0,os,20887040.0,0.0,113246208,111935488.0,75497472.0,7077888.0,29360128.0,88256512.0,75571200.0,102400.0,12582912.0,26046627.840000004,779392489.8816,73068045.9264,259814378.7008,1112274914.5088,12091392000.0,16384000.0,2013265920.0,14121041920.0,15259363462.3488,0.442368,accelergy,cacti,configs/cacti_sram_45nm.csv,10.323425,8.849225,4,45.0,2.03065,0.431177,1188.88,3.192179885,160.0,160.0,20.88704,0.0,15.259363462348801,318.7229350126179,0.457780903870464
hires,2048,2048,128,128,3,16,1024,200.0,ws,9078784.0,0.0,113246208,88087296.0,75497472.0,6912.0,12582912.0,133619712.0,120934400.0,102400.0,12582912.0,26046627.840000004,779392489.8816,71355.5136,111349019.4432,890812864.8384001,19349504000.0,16384000.0,2013265920.0,21379153920.0,22296013412.6784,0.442368,accelergy,cacti,configs/cacti_sram_45nm.csv,10.323425,8.849225,4,45.0,2.03065,0.431177,1188.88,3.192179885,160.0,160.0,9.078783999999999,0.0,22.2960134126784,202.42068983481002,0.668880402380352
hires,2048,2048,128,128,3,16,1024,800.0,os,20556800.0,0.0,113246208,111935488.0,75497472.0,7077888.0,29360128.0,88768512.0,75776000.0,409600.0,12582912.0,26046627.840000004,779392489.8816,73068045.9264,259814378.7008,1112274914.5088,12124160000.0,65536000.0,2013265920.0,14202961920.0,15341283462.3488,0.442368,accelergy,cacti,configs/cacti_sram_45nm.csv,10.323425,8.849225,4,45.0,2.03065,0.431177,1188.88,3.192179885,160.0,160.0,20.5568,0.0,15.3412834623488,315.3676958788118,0.460238503870464
hires,2048,2048,128,128,3,16,1024,800.0,ws,8578560.0,0.0,113246208,88087296.0,75497472.0,6912.0,12582912.0,134234112.0,121241600.0,409600.0,12582912.0,26046627.840000004,779392489.8816,71355.5136,111349019.4432,890812864.8384001,19398656000.0,65536000.0,2013265920.0,21477457920.0,22394317412.6784,0.442368,accelergy,cacti,configs/cacti_sram_45nm.csv,10.323425,8.849225,4,45.0,2.03065,0.431177,1188.88,3.192179885,160.0,160.0,8.578560000000001,0.0,22.394317412678397,192.11099558370643,0.6718295223803519
hires,2048,2048,128,128,3,16,4096,50.0,os,22208512.0,0.0,113246208,111935488.0,75497472.0,7077888.0,29360128.0,88179712.0,75520000.0,76800.0,12582912.0,26046627.840000004,1591932144.8448002,149243638.57920003,504053943.50079995,2245229726.9248,12083200000.0,12288000.0,2013265920.0,14108753920.0,16380030274.7648,0.442368,accelergy,cacti,configs/cacti_sram_45nm.csv,21.085900000000002,17.167975,4,45.0,3.18224,0.795423,4302.53,11.948249145600002,160.0,160.0,22.208512,0.0,16.3800302747648,363.7760989174773,0.49140090824294397
hires,2048,2048,128,128,3,16,4096,50.0,ws,11347456.0,0.0,113246208,88087296.0,75497472.0,6912.0,12582912.0,146880512.0,134220800.0,76800.0,12582912.0,26046627.840000004,1591932144.8448002,145745.74080000003,216023118.64319998,1808101009.2288003,21475328000.0,12288000.0,2013265920.0,23500881920.0,25335029557.0688,0.442368,accelergy,cacti,configs/cacti_sram_45nm.csv,21.085900000000002,17.167975,4,45.0,3.18224,0.795423,4302.53,11.948249145600002,160.0,160.0,11.347456000000001,0.0,25.3350295570688,287.48813315753773,0.7600508867120641
hires,2048,2048,128,128,3,16,4096,200.0,os,20887040.0,0.0,113246208,111935488.0,75497472.0,7077888.0,29360128.0,88256512.0,75571200.0,102400.0,12582912.0,26046627.840000004,1591932144.8448002,149243638.57920003,504053943.50079995,2245229726.9248,12091392000.0,16384000.0,2013265920.0,14121041920.0,16392318274.7648,0.442368,accelergy,cacti,configs/cacti_sram_45nm.csv,21.085900000000002,17.167975,4,45.0,3.18224,0.795423,4302.53,11.948249145600002,160.0,160.0,20.88704,0.0,16.3923182747648,342.38700749774335,0.49176954824294394
hires,2048,2048,128,128,3,16,4096,200.0,ws,9145344.0,0.0,113246208,88087296.0,75497472.0,6912.0,12582912.0,146931712.0,134246400.0,102400.0,12582912.0,26046627.840000004,1591932144.8448002,145745.74080000003,216023118.64319998,1808101009.2288003,21479424000.0,16384000.0,2013265920.0,23509073920.0,25343221557.0688,0.442368,accelergy,cacti,configs/cacti_sram_45nm.csv,21.085900000000002,17.167975,4,45.0,3.18224,0.795423,4302.53,11.948249145600002,160.0,160.0,9.145344,0.0,25.3432215570688,231.77247920760982,0.7602966467120641
hires,2048,2048,128,128,3,16,4096,800.0,os,20556800.0,0.0,113246208,111935488.0,75497472.0,7077888.0,29360128.0,88768512.0,75776000.0,409600.0,12582912.0,26046627.840000004,1591932144.8448002,149243638.57920003,504053943.50079995,2245229726.9248,12124160000.0,65536000.0,2013265920.0,14202961920.0,16474238274.7648,0.442368,accelergy,cacti,configs/cacti_sram_45nm.csv,21.085900000000002,17.167975,4,45.0,3.18224,0.795423,4302.53,11.948249145600002,160.0,160.0,20.5568,0.0,16.4742382747648,338.657621366685,0.49422714824294395
hires,2048,2048,128,128,3,16,4096,800.0,ws,8594944.0,0.0,113246208,88087296.0,75497472.0,6912.0,12582912.0,147341312.0,134348800.0,409600.0,12582912.0,26046627.840000004,1591932144.8448002,145745.74080000003,216023118.64319998,1808101009.2288003,21495808000.0,65536000.0,2013265920.0,23574609920.0,25408757557.0688,0.442368,accelergy,cacti,configs/cacti_sram_45nm.csv,21.085900000000002,17.167975,4,45.0,3.18224,0.795423,4302.53,11.948249145600002,160.0,160.0,8.594944,0.0,25.408757557068803,218.38684831258317,0.7622627267120641
hires,2048,2048,128,128,3,32,256,50.0,os,19466240.0,0.0,113246208,108396544.0,75497472.0,3538944.0,29360128.0,404774912.0,392038400.0,153600.0,12582912.0,26046627.840000004,497307510.3744,23311289.5488,135301745.86879998,655920545.792,62726144000.0,24576000.0,2013265920.0,64763985920.0,65445953093.632,0.110592,accelergy,cacti,configs/cacti_sram_45nm.csv,6.5870750000000005,4.60835,4,45.0,1.14182,0.729013,270.818,0.82173726504,160.0,160.0,19.46624,0.0,65.445953093632,1273.9866299493829,1.9633785928089602
hires,2048,2048,128,128,3,32,256,50.0,ws,9290752.0,0.0,113246208,88087296.0,75497472.0,6912.0,12582912.0,103206912.0,90470400.0,153600.0,12582912.0,26046627.840000004,497307510.3744,45529.8624,57986462.5152,555339502.752,14475264000.0,24576000.0,2013265920.0,16513105920.0,17094492050.592,0.110592,accelergy,cacti,configs/cacti_sram_45nm.csv,6.5870750000000005,4.60835,4,45.0,1.14182,0.729013,270.818,0.82173726504,160.0,160.0,9.290752,0.0,17.094492050592,158.8206862080217,0.51283476151776
hires,2048,2048,128,128,3,32,256,200.0,os,18825216.0,0.0,113246208,108396544.0,75497472.0,3538944.0,29360128.0,405491712.0,392704000.0,204800.0,12582912.0,26046627.840000004,497307510.3744,23311289.5488,135301745.86879998,655920545.792,62832640000.0,32768000.0,2013265920.0,64878673920.0,65560641093.632,0.110592,accelergy,cacti,configs/cacti_sram_45nm.csv,6.5870750000000005,4.60835,4,45.0,1.14182,0.729013,270.818,0.82173726504,160.0,160.0,18.825215999999998,0.0,65.560641093632,1234.1932296860984,1.9668192328089602
hires,2048,2048,128,128,3,32,256,200.0,ws,8649728.0,0.0,113246208,88087296.0,75497472.0,6912.0,12582912.0,103411712.0,90624000.0,204800.0,12582912.0,26046627.840000004,497307510.3744,45529.8624,57986462.5152,555339502.752,14499840000.0,32768000.0,2013265920.0,16545873920.0,17127260050.592,0.110592,accelergy,cacti,configs/cacti_sram_45nm.csv,6.5870750000000005,4.60835,4,45.0,1.14182,0.729013,270.818,0.82173726504,160.0,160.0,8.649728000000001,0.0,17.127260050592,148.14614082288705,0.5138178015177599
hires,2048,2048,128,128,3,32,256,800.0,os,18664960.0,0.0,113246208,108396544.0,75497472.0,3538944.0,29360128.0,407027712.0,394035200.0,409600.0,12582912.0,26046627.840000004,497307510.3744,23311289.5488,135301745.86879998,655920545.792,63045632000.0,65536000.0,2013265920.0,65124433920.0,65806401093.632,0.110592,accelergy,cacti,configs/cacti_sram_45nm.csv,6.5870750000000005,4.60835,4,45.0,1.14182,0.729013,270.818,0.82173726504,160.0,160.0,18.66496,0.0,65.806401093632,1228.2738441565978,1.9741920328089602
hires,2048,2048,128,128,3,32,256,800.0,ws,8489472.0,0.0,113246208,88087296.0,75497472.0,6912.0,12582912.0,103923712.0,90931200.0,409600.0,12582912.0,26046627.840000004,497307510.3744,45529.8624,57986462.5152,555339502.752,14548992000.0,65536000.0,2013265920.0,16627793920.0,17209180050.592,0.110592,accelergy,cacti,configs/cacti_sram_45nm.csv,6.5870750000000005,4.60835,4,45.0,1.14182,0.729013,270.818,0.82173726504,160.0,160.0,8.489472,0.0,17.209180050592,146.09685218245934,0.51627540151776
hires,2048,2048,128,128,3,32,1024,50.0,os,20373504.0,0.0,113246208,108396544.0,75497472.0,3538944.0,29360128.0,88256512.0,75520000.0,153600.0,12582912.0,26046627.840000004,779392489.8816,36534022.9632,259814378.7008,1075740891.5456,12083200000.0,24576000.0,2013265920.0,14121041920.0,15222829439.385601,0.110592,accelergy,cacti,configs/cacti_sram_45nm.csv,10.323425,8.849225,4,45.0,2.03065,0.431177,1188.88,3.192179885,160.0,160.0,20.373504,0.0,15.2228294393856,310.1423764746403,0.4566848831815681
hires,2048,2048,128,128,3,32,1024,50.0,ws,11104768.0,0.0,113246208,88087296.0,75497472.0,6912.0,12582912.0,133594112.0,120857600.0,153600.0,12582912.0,26046627.840000004,779392489.8816,71355.5136,111349019.4432,890812864.8384001,19337216000.0,24576000.0,2013265920.0,21375057920.0,22291917412.6784,0.110592,accelergy,cacti,configs/cacti_sram_45nm.csv,10.323425,8.849225,4,45.0,2.03065,0.431177,1188.88,3.192179885,160.0,160.0,11.104768,0.0,22.291917412678398,247.54657114295387,0.6687575223803519
hires,2048,2048,128,128,3,32,1024,200.0,os,19052032.0,0.0,113246208,108396544.0,75497472.0,3538944.0,29360128.0,88358912.0,75571200.0,204800.0,12582912.0,26046627.840000004,779392489.8816,36534022.9632,259814378.7008,1075740891.5456,12091392000.0,32768000.0,2013265920.0,14137425920.0,15239213439.385601,0.110592,accelergy,cacti,configs/cacti_sram_45nm.csv,10.323425,8.849225,4,45.0,2.03065,0.431177,1188.88,3.192179885,160.0,160.0,19.052032,0.0,15.239213439385601,290.33798210200456,0.45717640318156805
hires,2048,2048,128,128,3,32,1024,200.0,ws,9103360.0,0.0,113246208,88087296.0,75497472.0,6912.0,12582912.0,133722112.0,120934400.0,204800.0,12582912.0,26046627.840000004,779392489.8816,71355.5136,111349019.4432,890812864.8384001,19349504000.0,32768000.0,2013265920.0,21395537920.0,22312397412.6784,0.110592,accelergy,cacti,configs/cacti_sram_45nm.csv,10.323425,8.849225,4,45.0,2.03065,0.431177,1188.88,3.192179885,160.0,160.0,9.10336,0.0,22.312397412678397,203.11778611068002,0.6693719223803519
hires,2048,2048,128,128,3,32,1024,800.0,os,18721792.0,0.0,113246208,108396544.0,75497472.0,3538944.0,29360128.0,88768512.0,75776000.0,409600.0,12582912.0,26046627.840000004,779392489.8816,36534022.9632,259814378.7008,1075740891.5456,12124160000.0,65536000.0,2013265920.0,14202961920.0,15304749439.385601,0.110592,accelergy,cacti,configs/cacti_sram_45nm.csv,10.323425,8.849225,4,45.0,2.03065,0.431177,1188.88,3.192179885,160.0,160.0,18.721792,0.0,15.304749439385601,286.53233561629384,0.45914248318156803
hires,2048,2048,128,128,3,32,1024,800.0,ws,8603136.0,0.0,113246208,88087296.0,75497472.0,6912.0,12582912.0,134234112.0,121241600.0,409600.0,12582912.0,26046627.840000004,779392489.8816,71355.5136,111349019.4432,890812864.8384001,19398656000.0,65536000.0,2013265920.0,21477457920.0,22394317412.6784,0.110592,accelergy,cacti,configs/cacti_sram_45nm.csv,10.323425,8.849225,4,45.0,2.03065,0.431177,1188.88,3.192179885,160.0,160.0,8.603136000000001,0.0,22.394317412678397,192.6613583284404,0.6718295223803519
hires,2048,2048,128,128,3,32,4096,50.0,os,20373504.0,0.0,113246208,108396544.0,75497472.0,3538944.0,29360128.0,88256512.0,75520000.0,153600.0,12582912.0,26046627.840000004,1591932144.8448002,74621819.28960001,504053943.50079995,2170607907.6352005,12083200000.0,24576000.0,2013265920.0,14121041920.0,16317696455.4752,0.110592,accelergy,cacti,configs/cacti_sram_45nm.csv,21.085900000000002,17.167975,4,45.0,3.18224,0.795423,4302.53,11.948249145600002,160.0,160.0,20.373504,0.0,16.3176964554752,332.4486540064098,0.48953089366425606
hires,2048,2048,128,128,3,32,4096,50.0,ws,14056448.0,0.0,113246208,88087296.0,75497472.0,6912.0,12582912.0,281178112.0,268441600.0,153600.0,12582912.0,26046627.840000004,1591932144.8448002,145745.74080000003,216023118.64319998,1808101009.2288003,42950656000.0,24576000.0,2013265920.0,44988497920.0,46822645557.0688,0.110592,accelergy,cacti,configs/cacti_sram_45nm.csv,21.085900000000002,17.167975,4,45.0,3.18224,0.795423,4302.53,11.948249145600002,160.0,160.0,14.056448,0.0,46.8226455570688,658.1600824953687,1.404679366712064
hires,2048,2048,128,128,3,32,4096,200.0,os,19052032.0,0.0,113246208,108396544.0,75497472.0,3538944.0,29360128.0,88358912.0,75571200.0,204800.0,12582912.0,26046627.840000004,1591932144.8448002,74621819.28960001,504053943.50079995,2170607907.6352005,12091392000.0,32768000.0,2013265920.0,14137425920.0,16334080455.4752,0.110592,accelergy,cacti,configs/cacti_sram_45nm.csv,21.085900000000002,17.167975,4,45.0,3.18224,0.795423,4302.53,11.948249145600002,160.0,160.0,19.052032,0.0,16.3340804554752,311.1974235282881,0.49002241366425603
hires,2048,2048,128,128,3,32,4096,200.0,ws,9841152.0,0.0,113246208,88087296.0,75497472.0,6912.0,12582912.0,281280512.0,268492800.0,204800.0,12582912.0,26046627.840000004,1591932144.8448002,145745.74080000003,216023118.64319998,1808101009.2288003,42958848000.0,32768000.0,2013265920.0,45004881920.0,46839029557.0688,0.110592,accelergy,cacti,configs/cacti_sram_45nm.csv,21.085900000000002,17.167975,4,45.0,3.18224,0.795423,4302.53,11.948249145600002,160.0,160.0,9.841152000000001,0.0,46.839029557068805,460.9500094036068,1.405170886712064
hires,2048,2048,128,128,3,32,4096,800.0,os,18721792.0,0.0,113246208,108396544.0,75497472.0,3538944.0,29360128.0,88768512.0,75776000.0,409600.0,12582912.0,26046627.840000004,1591932144.8448002,74621819.28960001,504053943.50079995,2170607907.6352005,12124160000.0,65536000.0,2013265920.0,14202961920.0,16399616455.4752,0.110592,accelergy,cacti,configs/cacti_sram_45nm.csv,21.085900000000002,17.167975,4,45.0,3.18224,0.795423,4302.53,11.948249145600002,160.0,160.0,18.721792,0.0,16.3996164554752,307.030208159184,0.49198849366425607
hires,2048,2048,128,128,3,32,4096,800.0,ws,8787456.0,0.0,113246208,88087296.0,75497472.0,6912.0,12582912.0,281690112.0,268697600.0,409600.0,12582912.0,26046627.840000004,1591932144.8448002,145745.74080000003,216023118.64319998,1808101009.2288003,42991616000.0,65536000.0,2013265920.0,45070417920.0,46904565557.0688,0.110592,accelergy,cacti,configs/cacti_sram_45nm.csv,21.085900000000002,17.167975,4,45.0,3.18224,0.795423,4302.53,11.948249145600002,160.0,160.0,8.787456,0.0,46.9045655570688,412.1718060318576,1.407136966712064
hires,2048,2048,128,128,3,64,256,50.0,os,18548736.0,0.0,113246208,106627072.0,75497472.0,1769472.0,29360128.0,404928512.0,392038400.0,307200.0,12582912.0,26046627.840000004,497307510.3744,11655644.7744,135301745.86879998,644264901.0176,62726144000.0,49152000.0,2013265920.0,64788561920.0,65458873448.857605,0.08388608,accelergy,cacti,configs/cacti_sram_45nm.csv,6.5870750000000005,4.60835,4,45.0,1.14182,0.729013,270.818,0.82173726504,160.0,160.0,18.548735999999998,0.0,65.4588734488576,1214.179362460269,1.963766203465728
hires,2048,2048,128,128,3,64,256,50.0,ws,9339904.0,0.0,113246208,88087296.0,75497472.0,6912.0,12582912.0,103360512.0,90470400.0,307200.0,12582912.0,26046627.840000004,497307510.3744,45529.8624,57986462.5152,555339502.752,14475264000.0,49152000.0,2013265920.0,16537681920.0,17119068050.592,0.08388608,accelergy,cacti,configs/cacti_sram_45nm.csv,6.5870750000000005,4.60835,4,45.0,1.14182,0.729013,270.818,0.82173726504,160.0,160.0,9.339903999999999,0.0,17.119068050592,159.8904521619964,0.5135720415177599
hires,2048,2048,128,128,3,64,256,200.0,os,17907712.0,0.0,113246208,106627072.0,75497472.0,1769472.0,29360128.0,405594112.0,392704000.0,307200.0,12582912.0,26046627.840000004,497307510.3744,11655644.7744,135301745.86879998,644264901.0176,62832640000.0,49152000.0,2013265920.0,64895057920.0,65565369448.857605,0.027648,accelergy,cacti,configs/cacti_sram_45nm.csv,6.5870750000000005,4.60835,4,45.0,1.14182,0.729013,270.818,0.82173726504,160.0,160.0,17.907712,0.0,65.56536944885761,1174.1257532637408,1.966961083465728
hires,2048,2048,128,128,3,64,256,200.0,ws,8698880.0,0.0,113246208,88087296.0,75497472.0,6912.0,12582912.0,103514112.0,90624000.0,307200.0,12582912.0,26046627.840000004,497307510.3744,45529.8624,57986462.5152,555339502.752,14499840000.0,49152000.0,2013265920.0,16562257920.0,17143644050.592,0.027648,accelergy,cacti,configs/cacti_sram_45nm.csv,6.5870750000000005,4.60835,4,45.0,1.14182,0.729013,270.818,0.82173726504,160.0,160.0,8.69888,0.0,17.143644050592,149.13050235881374,0.51430932151776
hires,2048,2048,128,128,3,64,256,800.0,os,17747456.0,0.0,113246208,106627072.0,75497472.0,1769472.0,29360128.0,407027712.0,394035200.0,409600.0,12582912.0,26046627.840000004,497307510.3744,11655644.7744,135301745.86879998,644264901.0176,63045632000.0,65536000.0,2013265920.0,65124433920.0,65794745448.857605,0.027648,accelergy,cacti,configs/cacti_sram_45nm.csv,6.5870750000000005,4.60835,4,45.0,1.14182,0.729013,270.818,0.82173726504,160.0,160.0,17.747456000000003,0.0,65.79474544885761,1167.689349884801,1.973842363465728
hires,2048,2048,128,128,3,64,256,800.0,ws,8538624.0,0.0,113246208,88087296.0,75497472.0,6912.0,12582912.0,103923712.0,90931200.0,409600.0,12582912.0,26046627.840000004,497307510.3744,45529.8624,57986462.5152,555339502.752,14548992000.0,65536000.0,2013265920.0,16627793920.0,17209180050.592,0.027648,accelergy,cacti,configs/cacti_sram_45nm.csv,6.5870750000000005,4.60835,4,45.0,1.14182,0.729013,270.818,0.82173726504,160.0,160.0,8.538624,0.0,17.209180050592,146.94271780030607,0.51627540151776
hires,2048,2048,128,128,3,64,1024,50.0,os,19456000.0,0.0,113246208,106627072.0,75497472.0,1769472.0,29360128.0,88410112.0,75520000.0,307200.0,12582912.0,26046627.840000004,779392489.8816,18267011.4816,259814378.7008,1057473880.064,12083200000.0,49152000.0,2013265920.0,14145617920.0,15229138427.904,0.08388608,accelergy,cacti,configs/cacti_sram_45nm.csv,10.323425,8.849225,4,45.0,2.03065,0.431177,1188.88,3.192179885,160.0,160.0,19.456,0.0,15.229138427904,296.2981172533002,0.45687415283712
hires,2048,2048,128,128,3,64,1024,50.0,ws,11153920.0,0.0,113246208,88087296.0,75497472.0,6912.0,12582912.0,133747712.0,120857600.0,307200.0,12582912.0,26046627.840000004,779392489.8816,71355.5136,111349019.4432,890812864.8384001,19337216000.0,49152000.0,2013265920.0,21399633920.0,22316493412.6784,0.08388608,accelergy,cacti,configs/cacti_sram_45nm.csv,10.323425,8.849225,4,45.0,2.03065,0.431177,1188.88,3.192179885,160.0,160.0,11.15392,0.0,22.316493412678398,248.91638220554182,0.669494802380352
hires,2048,2048,128,128,3,64,1024,200.0,os,18134528.0,0.0,113246208,106627072.0,75497472.0,1769472.0,29360128.0,88461312.0,75571200.0,307200.0,12582912.0,26046627.840000004,779392489.8816,18267011.4816,259814378.7008,1057473880.064,12091392000.0,49152000.0,2013265920.0,14153809920.0,15237330427.904,0.027648,accelergy,cacti,configs/cacti_sram_45nm.csv,10.323425,8.849225,4,45.0,2.03065,0.431177,1188.88,3.192179885,160.0,160.0,18.134528,0.0,15.237330427903998,276.32179529007703,0.45711991283712
hires,2048,2048,128,128,3,64,1024,200.0,ws,9152512.0,0.0,113246208,88087296.0,75497472.0,6912.0,12582912.0,133824512.0,120934400.0,307200.0,12582912.0,26046627.840000004,779392489.8816,71355.5136,111349019.4432,890812864.8384001,19349504000.0,49152000.0,2013265920.0,21411921920.0,22328781412.6784,0.027648,accelergy,cacti,configs/cacti_sram_45nm.csv,10.323425,8.849225,4,45.0,2.03065,0.431177,1188.88,3.192179885,160.0,160.0,9.152512,0.0,22.3287814126784,204.364439824916,0.6698634423803519
hires,2048,2048,128,128,3,64,1024,800.0,os,17804288.0,0.0,113246208,106627072.0,75497472.0,1769472.0,29360128.0,88768512.0,75776000.0,409600.0,12582912.0,26046627.840000004,779392489.8816,18267011.4816,259814378.7008,1057473880.064,12124160000.0,65536000.0,2013265920.0,14202961920.0,15286482427.904,0.027648,accelergy,cacti,configs/cacti_sram_45nm.csv,10.323425,8.849225,4,45.0,2.03065,0.431177,1188.88,3.192179885,160.0,160.0,17.804288,0.0,15.286482427904,272.16493565334207,0.45859447283712
hires,2048,2048,128,128,3,64,1024,800.0,ws,8652288.0,0.0,113246208,88087296.0,75497472.0,6912.0,12582912.0,134234112.0,121241600.0,409600.0,12582912.0,26046627.840000004,779392489.8816,71355.5136,111349019.4432,890812864.8384001,19398656000.0,65536000.0,2013265920.0,21477457920.0,22394317412.6784,0.027648,accelergy,cacti,configs/cacti_sram_45nm.csv,10.323425,8.849225,4,45.0,2.03065,0.431177,1188.88,3.192179885,160.0,160.0,8.652287999999999,0.0,22.394317412678397,193.76208381790832,0.6718295223803519
hires,2048,2048,128,128,3,64,4096,50.0,os,19456000.0,0.0,113246208,106627072.0,75497472.0,1769472.0,29360128.0,88410112.0,75520000.0,307200.0,12582912.0,26046627.840000004,1591932144.8448002,37310909.64480001,504053943.50079995,2133296997.9904,12083200000.0,49152000.0,2013265920.0,14145617920.0,16304961545.830399,0.08388608,accelergy,cacti,configs/cacti_sram_45nm.csv,21.085900000000002,17.167975,4,45.0,3.18224,0.795423,4302.53,11.948249145600002,160.0,160.0,19.456,0.0,16.3049615458304,317.22933183567625,0.48914884637491196
hires,2048,2048,128,128,3,64,4096,50.0,ws,18399744.0,0.0,113246208,88087296.0,75497472.0,6912.0,12582912.0,496038912.0,483148800.0,307200.0,12582912.0,26046627.840000004,1591932144.8448002,145745.74080000003,216023118.64319998,1808101009.2288003,77303808000.0,49152000.0,2013265920.0,79366225920.0,81200373557.0688,0.08388608,accelergy,cacti,configs/cacti_sram_45nm.csv,21.085900000000002,17.167975,4,45.0,3.18224,0.795423,4302.53,11.948249145600002,160.0,160.0,18.399744,0.0,81.2003735570688,1494.0660861544352,2.436011206712064
hires,2048,2048,128,128,3,64,4096,200.0,os,18134528.0,0.0,113246208,106627072.0,75497472.0,1769472.0,29360128.0,88461312.0,75571200.0,307200.0,12582912.0,26046627.840000004,1591932144.8448002,37310909.64480001,504053943.50079995,2133296997.9904,12091392000.0,49152000.0,2013265920.0,14153809920.0,16313153545.830399,0.027648,accelergy,cacti,configs/cacti_sram_45nm.csv,21.085900000000002,17.167975,4,45.0,3.18224,0.795423,4302.53,11.948249145600002,160.0,160.0,18.134528,0.0,16.3131535458304,295.8313397451607,0.489394606374912
hires,2048,2048,128,128,3,64,4096,200.0,ws,10963968.0,0.0,113246208,88087296.0,75497472.0,6912.0,12582912.0,496115712.0,483225600.0,307200.0,12582912.0,26046627.840000004,1591932144.8448002,145745.74080000003,216023118.64319998,1808101009.2288003,77316096000.0,49152000.0,2013265920.0,79378513920.0,81212661557.0688,0.027648,accelergy,cacti,configs/cacti_sram_45nm.csv,21.085900000000002,17.167975,4,45.0,3.18224,0.795423,4302.53,11.948249145600002,160.0,160.0,10.963968,0.0,81.2126615570688,890.4130225065325,2.436379846712064
hires,2048,2048,128,128,3,64,4096,800.0,os,17804288.0,0.0,113246208,106627072.0,75497472.0,1769472.0,29360128.0,88768512.0,75776000.0,409600.0,12582912.0,26046627.840000004,1591932144.8448002,37310909.64480001,504053943.50079995,2133296997.9904,12124160000.0,65536000.0,2013265920.0,14202961920.0,16362305545.830399,0.027648,accelergy,cacti,configs/cacti_sram_45nm.csv,21.085900000000002,17.167975,4,45.0,3.18224,0.795423,4302.53,11.948249145600002,160.0,160.0,17.804288,0.0,16.3623055458304,291.3192002819616,0.490869166374912
hires,2048,2048,128,128,3,64,4096,800.0,ws,9104896.0,0.0,113246208,88087296.0,75497472.0,6912.0,12582912.0,496320512.0,483328000.0,409600.0,12582912.0,26046627.840000004,1591932144.8448002,145745.74080000003,216023118.64319998,1808101009.2288003,77332480000.0,65536000.0,2013265920.0,79411281920.0,81245429557.0688,0.027648,accelergy,cacti,configs/cacti_sram_45nm.csv,21.085900000000002,17.167975,4,45.0,3.18224,0.795423,4302.53,11.948249145600002,160.0,160.0,9.104896,0.0,81.2454295570688,739.7311865924376,2.437362886712064
hires,2048,2048,128,128,3,128,256,50.0,os,18089984.0,0.0,113246208,105742336.0,75497472.0,884736.0,29360128.0,405235712.0,392038400.0,614400.0,12582912.0,26046627.840000004,497307510.3744,5827822.3872,135301745.86879998,638437078.6304,62726144000.0,98304000.0,2013265920.0,64837713920.0,65502197626.4704,0.08388608,accelergy,cacti,configs/cacti_sram_45nm.csv,6.5870750000000005,4.60835,4,45.0,1.14182,0.729013,270.818,0.82173726504,160.0,160.0,18.089984,0.0,65.50219762647039,1184.9337070276874,1.965065928794112
hires,2048,2048,128,128,3,128,256,50.0,ws,9438208.0,0.0,113246208,88087296.0,75497472.0,6912.0,12582912.0,103667712.0,90470400.0,614400.0,12582912.0,26046627.840000004,497307510.3744,45529.8624,57986462.5152,555339502.752,14475264000.0,98304000.0,2013265920.0,16586833920.0,17168220050.592,0.08388608,accelergy,cacti,configs/cacti_sram_45nm.csv,6.5870750000000005,4.60835,4,45.0,1.14182,0.729013,270.818,0.82173726504,160.0,160.0,9.438208,0.0,17.168220050591998,162.03723182725778,0.5150466015177599
hires,2048,2048,128,128,3,128,256,200.0,os,17448960.0,0.0,113246208,105742336.0,75497472.0,884736.0,29360128.0,405901312.0,392704000.0,614400.0,12582912.0,26046627.840000004,497307510.3744,5827822.3872,135301745.86879998,638437078.6304,62832640000.0,98304000.0,2013265920.0,64944209920.0,65608693626.4704,0.02097152,accelergy,cacti,configs/cacti_sram_45nm.csv,6.5870750000000005,4.60835,4,45.0,1.14182,0.729013,270.818,0.82173726504,160.0,160.0,17.44896,0.0,65.6086936264704,1144.8034707405368,1.9682608087941118
hires,2048,2048,128,128,3,128,256,200.0,ws,8797184.0,0.0,113246208,88087296.0,75497472.0,6912.0,12582912.0,103821312.0,90624000.0,614400.0,12582912.0,26046627.840000004,497307510.3744,45529.8624,57986462.5152,555339502.752,14499840000.0,98304000.0,2013265920.0,16611409920.0,17192796050.592,0.02097152,accelergy,cacti,configs/cacti_sram_45nm.csv,6.5870750000000005,4.60835,4,45.0,1.14182,0.729013,270.818,0.82173726504,160.0,160.0,8.797184,0.0,17.192796050591998,151.2481903315311,0.51578388151776
hires,2048,2048,128,128,3,128,256,800.0,os,17288704.0,0.0,113246208,105742336.0,75497472.0,884736.0,29360128.0,407437312.0,394035200.0,819200.0,12582912.0,26046627.840000004,497307510.3744,5827822.3872,135301745.86879998,638437078.6304,63045632000.0,131072000.0,2013265920.0,65189969920.0,65854453626.4704,0.006912,accelergy,cacti,configs/cacti_sram_45nm.csv,6.5870750000000005,4.60835,4,45.0,1.14182,0.729013,270.818,0.82173726504,160.0,160.0,17.288704,0.0,65.8544536264704,1138.5381558297734,1.9756336087941118
hires,2048,2048,128,128,3,128,256,800.0,ws,8636928.0,0.0,113246208,88087296.0,75497472.0,6912.0,12582912.0,104333312.0,90931200.0,819200.0,12582912.0,26046627.840000004,497307510.3744,45529.8624,57986462.5152,555339502.752,14548992000.0,131072000.0,2013265920.0,16693329920.0,17274716050.592,0.006912,accelergy,cacti,configs/cacti_sram_45nm.csv,6.5870750000000005,4.60835,4,45.0,1.14182,0.729013,270.818,0.82173726504,160.0,160.0,8.636928000000001,0.0,17.274716050591998,149.20047874940747,0.51824148151776
hires,2048,2048,128,128,3,128,1024,50.0,os,18997248.0,0.0,113246208,105742336.0,75497472.0,884736.0,29360128.0,88717312.0,75520000.0,614400.0,12582912.0,26046627.840000004,779392489.8816,9133505.7408,259814378.7008,1048340374.3232,12083200000.0,98304000.0,2013265920.0,14194769920.0,15269156922.1632,0.08388608,accelergy,cacti,configs/cacti_sram_45nm.csv,10.323425,8.849225,4,45.0,2.03065,0.431177,1188.88,3.192179885,160.0,160.0,18.997248000000003,0.0,15.2691569221632,290.07196080125107,0.458074707664896
hires,2048,2048,128,128,3,128,1024,50.0,ws,11252224.0,0.0,113246208,88087296.0,75497472.0,6912.0,12582912.0,134054912.0,120857600.0,614400.0,12582912.0,26046627.840000004,779392489.8816,71355.5136,111349019.4432,890812864.8384001,19337216000.0,98304000.0,2013265920.0,21448785920.0,22365645412.6784,0.08388608,accelergy,cacti,configs/cacti_sram_45nm.csv,10.323425,8.849225,4,45.0,2.03065,0.431177,1188.88,3.192179885,160.0,160.0,11.252224,0.0,22.365645412678397,251.66325208802976,0.6709693623803519
hires,2048,2048,128,128,3,128,1024,200.0,os,17675776.0,0.0,113246208,105742336.0,75497472.0,884736.0,29360128.0,88768512.0,75571200.0,614400.0,12582912.0,26046627.840000004,779392489.8816,9133505.7408,259814378.7008,1048340374.3232,12091392000.0,98304000.0,2013265920.0,14202961920.0,15277348922.1632,0.02097152,accelergy,cacti,configs/cacti_sram_45nm.csv,10.323425,8.849225,4,45.0,2.03065,0.431177,1188.88,3.192179885,160.0,160.0,17.675776,0.0,15.2773489221632,270.03899742199815,0.458320467664896
hires,2048,2048,128,128,3,128,1024,200.0,ws,9250816.0,0.0,113246208,88087296.0,75497472.0,6912.0,12582912.0,134131712.0,120934400.0,614400.0,12582912.0,26046627.840000004,779392489.8816,71355.5136,111349019.4432,890812864.8384001,19349504000.0,98304000.0,2013265920.0,21461073920.0,22377933412.6784,0.02097152,accelergy,cacti,configs/cacti_sram_45nm.csv,10.323425,8.849225,4,45.0,2.03065,0.431177,1188.88,3.192179885,160.0,160.0,9.250816,0.0,22.3779334126784,207.01414446093995,0.6713380023803519
hires,2048,2048,128,128,3,128,1024,800.0,os,17345536.0,0.0,113246208,105742336.0,75497472.0,884736.0,29360128.0,89178112.0,75776000.0,819200.0,12582912.0,26046627.840000004,779392489.8816,9133505.7408,259814378.7008,1048340374.3232,12124160000.0,131072000.0,2013265920.0,14268497920.0,15342884922.1632,0.006912,accelergy,cacti,configs/cacti_sram_45nm.csv,10.323425,8.849225,4,45.0,2.03065,0.431177,1188.88,3.192179885,160.0,160.0,17.345536000000003,0.0,15.3428849221632,266.13056276123905,0.460286547664896
hires,2048,2048,128,128,3,128,1024,800.0,ws,8750592.0,0.0,113246208,88087296.0,75497472.0,6912.0,12582912.0,134643712.0,121241600.0,819200.0,12582912.0,26046627.840000004,779392489.8816,71355.5136,111349019.4432,890812864.8384001,19398656000.0,131072000.0,2013265920.0,21542993920.0,22459853412.6784,0.006912,accelergy,cacti,configs/cacti_sram_45nm.csv,10.323425,8.849225,4,45.0,2.03065,0.431177,1188.88,3.192179885,160.0,160.0,8.750592,0.0,22.4598534126784,196.5370135941563,0.673795602380352
hires,2048,2048,128,128,3,128,4096,50.0,os,18997248.0,0.0,113246208,105742336.0,75497472.0,884736.0,29360128.0,88717312.0,75520000.0,614400.0,12582912.0,26046627.840000004,1591932144.8448002,18655454.822400004,504053943.50079995,2114641543.1680002,12083200000.0,98304000.0,2013265920.0,14194769920.0,16335458091.008,0.08388608,accelergy,cacti,configs/cacti_sram_45nm.csv,21.085900000000002,17.167975,4,45.0,3.18224,0.795423,4302.53,11.948249145600002,160.0,160.0,18.997248000000003,0.0,16.335458091008,310.3287485484856,0.49006374273024
hires,2048,2048,128,128,3,128,4096,50.0,ws,18498048.0,0.0,113246208,88087296.0,75497472.0,6912.0,12582912.0,496346112.0,483148800.0,614400.0,12582912.0,26046627.840000004,1591932144.8448002,145745.74080000003,216023118.64319998,1808101009.2288003,77303808000.0,98304000.0,2013265920.0,79415377920.0,81249525557.0688,0.08388608,accelergy,cacti,configs/cacti_sram_45nm.csv,21.085900000000002,17.167975,4,45.0,3.18224,0.795423,4302.53,11.948249145600002,160.0,160.0,18.498048,0.0,81.24952555706881,1502.9576237318856,2.437485766712064
hires,2048,2048,128,128,3,128,4096,200.0,os,17675776.0,0.0,113246208,105742336.0,75497472.0,884736.0,29360128.0,88768512.0,75571200.0,614400.0,12582912.0,26046627.840000004,1591932144.8448002,18655454.822400004,504053943.50079995,2114641543.1680002,12091392000.0,98304000.0,2013265920.0,14202961920.0,16343650091.008,0.02097152,accelergy,cacti,configs/cacti_sram_45nm.csv,21.085900000000002,17.167975,4,45.0,3.18224,0.795423,4302.53,11.948249145600002,160.0,160.0,17.675776,0.0,16.343650091007998,288.886698031037,0.49030950273024
hires,2048,2048,128,128,3,128,4096,200.0,ws,11062272.0,0.0,113246208,88087296.0,75497472.0,6912.0,12582912.0,496422912.0,483225600.0,614400.0,12582912.0,26046627.840000004,1591932144.8448002,145745.74080000003,216023118.64319998,1808101009.2288003,77316096000.0,98304000.0,2013265920.0,79427665920.0,81261813557.0688,0.02097152,accelergy,cacti,configs/cacti_sram_45nm.csv,21.085900000000002,17.167975,4,45.0,3.18224,0.795423,4302.53,11.948249145600002,160.0,160.0,11.062272,0.0,81.2618135570688,898.9402847815827,2.4378544067120638
hires,2048,2048,128,128,3,128,4096,800.0,os,17345536.0,0.0,113246208,105742336.0,75497472.0,884736.0,29360128.0,89178112.0,75776000.0,819200.0,12582912.0,26046627.840000004,1591932144.8448002,18655454.822400004,504053943.50079995,2114641543.1680002,12124160000.0,131072000.0,2013265920.0,14268497920.0,16409186091.008,0.006912,accelergy,cacti,configs/cacti_sram_45nm.csv,21.085900000000002,17.167975,4,45.0,3.18224,0.795423,4302.53,11.948249145600002,160.0,160.0,17.345536000000003,0.0,16.409186091008,284.62612807227856,0.49227558273023997
hires,2048,2048,128,128,3,128,4096,800.0,ws,9203200.0,0.0,113246208,88087296.0,75497472.0,6912.0,12582912.0,496730112.0,483328000.0,819200.0,12582912.0,26046627.840000004,1591932144.8448002,145745.74080000003,216023118.64319998,1808101009.2288003,77332480000.0,131072000.0,2013265920.0,79476817920.0,81310965557.0688,0.006912,accelergy,cacti,configs/cacti_sram_45nm.csv,21.085900000000002,17.167975,4,45.0,3.18224,0.795423,4302.53,11.948249145600002,160.0,160.0,9.2032,0.0,81.3109655570688,748.3210782148157,2.439328966712064
hires,2048,2048,128,128,5,8,256,50.0,os,33359872.0,0.0,180355072,194510848.0,142606336.0,22544384.0,29360128.0,344384512.0,331724800.0,76800.0,12582912.0,41481666.56,939358630.7072,148501548.23680001,135301745.86879998,1223161924.8128002,53075968000.0,12288000.0,2013265920.0,55101521920.0,56366165511.372795,2.818048,accelergy,cacti,configs/cacti_sram_45nm.csv,6.5870750000000005,4.60835,4,45.0,1.14182,0.729013,270.818,0.82173726504,160.0,160.0,33.359871999999996,0.0,56.36616551137279,1880.3680665902107,1.690984965341184
hires,2048,2048,128,128,5,8,256,50.0,ws,25870336.0,0.0,180355072,176171776.0,142606336.0,11008.0,33554432.0,184415232.0,150784000.0,76800.0,33554432.0,41481666.56,939358630.7072,72510.52160000001,154630566.7072,1094061707.936,24125440000.0,12288000.0,5368709120.0,29506437120.0,30641980494.496,2.818048,accelergy,cacti,configs/cacti_sram_45nm.csv,6.5870750000000005,4.60835,4,45.0,1.14182,0.729013,270.818,0.82173726504,160.0,160.0,25.870336,0.0,30.641980494496,792.7183310980578,0.91925941483488
hires,2048,2048,128,128,5,8,256,200.0,os,32718848.0,0.0,180355072,194510848.0,142606336.0,22544384.0,29360128.0,344973312.0,332288000.0,102400.0,12582912.0,41481666.56,939358630.7072,148501548.23680001,135301745.86879998,1223161924.8128002,53166080000.0,16384000.0,2013265920.0,55195729920.0,56460373511.372795,2.818048,accelergy,cacti,configs/cacti_sram_45nm.csv,6.5870750000000005,4.60835,4,45.0,1.14182,0.729013,270.818,0.82173726504,160.0,160.0,32.718848,0.0,56.460373511372794,1847.3183789418329,1.6938112053411838
hires,2048,2048,128,128,5,8,256,200.0,ws,25367040.0,0.0,180355072,176171776.0,142606336.0,11008.0,33554432.0,184696832.0,151040000.0,102400.0,33554432.0,41481666.56,939358630.7072,72510.52160000001,154630566.7072,1094061707.936,24166400000.0,16384000.0,5368709120.0,29551493120.0,30687036494.496,2.818048,accelergy,cacti,configs/cacti_sram_45nm.csv,6.5870750000000005,4.60835,4,45.0,1.14182,0.729013,270.818,0.82173726504,160.0,160.0,25.36704,0.0,30.687036494496,778.4392822373397,0.92061109483488
hires,2048,2048,128,128,5,8,256,800.0,os,32558592.0,0.0,180355072,194510848.0,142606336.0,22544384.0,29360128.0,346406912.0,333414400.0,409600.0,12582912.0,41481666.56,939358630.7072,148501548.23680001,135301745.86879998,1223161924.8128002,53346304000.0,65536000.0,2013265920.0,55425105920.0,56689749511.372795,2.818048,accelergy,cacti,configs/cacti_sram_45nm.csv,6.5870750000000005,4.60835,4,45.0,1.14182,0.729013,270.818,0.82173726504,160.0,160.0,32.558592,0.0,56.689749511372796,1845.738424922986,1.7006924853411838
hires,2048,2048,128,128,5,8,256,800.0,ws,25241088.0,0.0,180355072,176171776.0,142606336.0,11008.0,33554432.0,185516032.0,151552000.0,409600.0,33554432.0,41481666.56,939358630.7072,72510.52160000001,154630566.7072,1094061707.936,24248320000.0,65536000.0,5368709120.0,29682565120.0,30818108494.496,2.818048,accelergy,cacti,configs/cacti_sram_45nm.csv,6.5870750000000005,4.60835,4,45.0,1.14182,0.729013,270.818,0.82173726504,160.0,160.0,25.241087999999998,0.0,30.818108494496,777.8825885031209,0.92454325483488
hires,2048,2048,128,128,5,8,1024,50.0,os,34720512.0,0.0,180355072,194510848.0,142606336.0,22544384.0,29360128.0,171277312.0,158617600.0,76800.0,12582912.0,41481666.56,1472185814.2208,232735257.3952,259814378.7008,1964735450.3168,25378816000.0,12288000.0,2013265920.0,27404369920.0,29410587036.8768,2.818048,accelergy,cacti,configs/cacti_sram_45nm.csv,10.323425,8.849225,4,45.0,2.03065,0.431177,1188.88,3.192179885,160.0,160.0,34.720512,0.0,29.4105870368768,1021.1506401409254,0.8823176111063039
hires,2048,2048,128,128,5,8,1024,50.0,ws,28286976.0,0.0,180355072,176171776.0,142606336.0,11008.0,33554432.0,214917632.0,181286400.0,76800.0,33554432.0,41481666.56,1472185814.2208,113640.2624,296930718.5152,1769230172.9984002,29005824000.0,12288000.0,5368709120.0,34386821120.0,36197532959.558395,2.818048,accelergy,cacti,configs/cacti_sram_45nm.csv,10.323425,8.849225,4,45.0,2.03065,0.431177,1188.88,3.192179885,160.0,160.0,28.286976,0.0,36.197532959558394,1023.9187460862372,1.0859259887867518
hires,2048,2048,128,128,5,8,1024,200.0,os,33059072.0,0.0,180355072,194510848.0,142606336.0,22544384.0,29360128.0,171405312.0,158720000.0,102400.0,12582912.0,41481666.56,1472185814.2208,232735257.3952,259814378.7008,1964735450.3168,25395200000.0,16384000.0,2013265920.0,27424849920.0,29431067036.8768,2.818048,accelergy,cacti,configs/cacti_sram_45nm.csv,10.323425,8.849225,4,45.0,2.03065,0.431177,1188.88,3.192179885,160.0,160.0,33.059072,0.0,29.4310670368768,972.9637642089368,0.8829320111063039
hires,2048,2048,128,128,5,8,1024,200.0,ws,25971200.0,0.0,180355072,176171776.0,142606336.0,11008.0,33554432.0,215058432.0,181401600.0,102400.0,33554432.0,41481666.56,1472185814.2208,113640.2624,296930718.5152,1769230172.9984002,29024256000.0,16384000.0,5368709120.0,34409349120.0,36220060959.558395,2.818048,accelergy,cacti,configs/cacti_sram_45nm.csv,10.323425,8.849225,4,45.0,2.03065,0.431177,1188.88,3.192179885,160.0,160.0,25.9712,0.0,36.220060959558396,940.678447192883,1.0866018287867518
hires,2048,2048,128,128,5,8,1024,800.0,os,32643840.0,0.0,180355072,194510848.0,142606336.0,22544384.0,29360128.0,172122112.0,159129600.0,409600.0,12582912.0,41481666.56,1472185814.2208,232735257.3952,259814378.7008,1964735450.3168,25460736000.0,65536000.0,2013265920.0,27539537920.0,29545755036.8768,2.818048,accelergy,cacti,configs/cacti_sram_45nm.csv,10.323425,8.849225,4,45.0,2.03065,0.431177,1188.88,3.192179885,160.0,160.0,32.64384,0.0,29.545755036876802,964.4869001030004,0.8863726511063039
hires,2048,2048,128,128,5,8,1024,800.0,ws,25392128.0,0.0,180355072,176171776.0,142606336.0,11008.0,33554432.0,215826432.0,181862400.0,409600.0,33554432.0,41481666.56,1472185814.2208,113640.2624,296930718.5152,1769230172.9984002,29097984000.0,65536000.0,5368709120.0,34532229120.0,36342940959.558395,2.818048,accelergy,cacti,configs/cacti_sram_45nm.csv,10.323425,8.849225,4,45.0,2.03065,0.431177,1188.88,3.192179885,160.0,160.0,25.392128,0.0,36.3429409595584,922.8246087415497,1.090288228786752
hires,2048,2048,128,128,5,8,4096,50.0,os,35609088.0,0.0,180355072,194510848.0,142606336.0,22544384.0,29360128.0,155277312.0,142617600.0,76800.0,12582912.0,41481666.56,3006982940.2624,475368626.5856,504053943.50079995,3986405510.3488,22818816000.0,12288000.0,2013265920.0,24844369920.0,28872257096.9088,2.818048,accelergy,cacti,configs/cacti_sram_45nm.csv,21.085900000000002,17.167975,4,45.0,3.18224,0.795423,4302.53,11.948249145600002,160.0,160.0,35.609088,0.0,28.872257096908797,1028.11474372245,0.8661677129072639
hires,2048,2048,128,128,5,8,4096,50.0,ws,29896448.0,0.0,180355072,176171776.0,142606336.0,11008.0,33554432.0,234962432.0,201331200.0,76800.0,33554432.0,41481666.56,3006982940.2624,232113.5872,576061649.7152,3583276703.5648007,32212992000.0,12288000.0,5368709120.0,37593989120.0,41218747490.1248,2.818048,accelergy,cacti,configs/cacti_sram_45nm.csv,21.085900000000002,17.167975,4,45.0,3.18224,0.795423,4302.53,11.948249145600002,160.0,160.0,29.896448,0.0,41.2187474901248,1232.2941409636464,1.2365624247037441
hires,2048,2048,128,128,5,8,4096,200.0,os,33281024.0,0.0,180355072,194510848.0,142606336.0,22544384.0,29360128.0,155328512.0,142643200.0,102400.0,12582912.0,41481666.56,3006982940.2624,475368626.5856,504053943.50079995,3986405510.3488,22822912000.0,16384000.0,2013265920.0,24852561920.0,28880449096.9088,2.818048,accelergy,cacti,configs/cacti_sram_45nm.csv,21.085900000000002,17.167975,4,45.0,3.18224,0.795423,4302.53,11.948249145600002,160.0,160.0,33.281024,0.0,28.880449096908798,961.170919525,0.8664134729072639
hires,2048,2048,128,128,5,8,4096,200.0,ws,26373376.0,0.0,180355072,176171776.0,142606336.0,11008.0,33554432.0,235026432.0,201369600.0,102400.0,33554432.0,41481666.56,3006982940.2624,232113.5872,576061649.7152,3583276703.5648007,32219136000.0,16384000.0,5368709120.0,37604229120.0,41228987490.1248,2.818048,accelergy,cacti,configs/cacti_sram_45nm.csv,21.085900000000002,17.167975,4,45.0,3.18224,0.795423,4302.53,11.948249145600002,160.0,160.0,26.373376,0.0,41.2289874901248,1087.3475891763576,1.236869624703744
hires,2048,2048,128,128,5,8,4096,800.0,os,32699136.0,0.0,180355072,194510848.0,142606336.0,22544384.0,29360128.0,155738112.0,142745600.0,409600.0,12582912.0,41481666.56,3006982940.2624,475368626.5856,504053943.50079995,3986405510.3488,22839296000.0,65536000.0,2013265920.0,24918097920.0,28945985096.9088,2.818048,accelergy,cacti,configs/cacti_sram_45nm.csv,21.085900000000002,17.167975,4,45.0,3.18224,0.795423,4302.53,11.948249145600002,160.0,160.0,32.699135999999996,0.0,28.9459850969088,946.5087033377939,0.8683795529072639
hires,2048,2048,128,128,5,8,4096,800.0,ws,25492480.0,0.0,180355072,176171776.0,142606336.0,11008.0,33554432.0,235487232.0,201523200.0,409600.0,33554432.0,41481666.56,3006982940.2624,232113.5872,576061649.7152,3583276703.5648007,32243712000.0,65536000.0,5368709120.0,37677957120.0,41302715490.1248,2.818048,accelergy,cacti,configs/cacti_sram_45nm.csv,21.085900000000002,17.167975,4,45.0,3.18224,0.795423,4302.53,11.948249145600002,160.0,160.0,25.49248,0.0,41.302715490124804,1052.9086485776968,1.2390814647037443
hires,2048,2048,128,128,5,16,256,50.0,os,49517568.0,24022016.0,180355072,183238656.0,142606336.0,11272192.0,29360128.0,2108621312.0,2095897600.0,140800.0,12582912.0,41481666.56,939358630.7072,74250774.11840001,135301745.86879998,1148911150.6944003,335343616000.0,22528000.0,2013265920.0,337379409920.0,338569802737.2544,0.704512,accelergy,cacti,configs/cacti_sram_45nm.csv,6.5870750000000005,4.60835,4,45.0,1.14182,0.729013,270.818,0.82173726504,160.0,160.0,49.517568,48.512107864425005,338.5698027372544,16765.15322978858,10.157094082117633
hires,2048,2048,128,128,5,16,256,50.0,ws,13556224.0,0.0,180355072,159394560.0,142606336.0,11008.0,16777216.0,167702016.0,150784000.0,140800.0,16777216.0,41481666.56,939358630.7072,72510.52160000001,77315283.3536,1016746424.5824001,24125440000.0,22528000.0,2684354560.0,26832322560.0,27890550651.1424,0.704512,accelergy,cacti,configs/cacti_sram_45nm.csv,6.5870750000000005,4.60835,4,45.0,1.14182,0.729013,270.818,0.82173726504,160.0,160.0,13.556224,0.0,27.890550651142398,378.09055211023224,0.836716519534272
hires,2048,2048,128,128,5,16,256,200.0,os,25174272.0,319744.0,180355072,183238656.0,142606336.0,11272192.0,29360128.0,2112192512.0,2099456000.0,153600.0,12582912.0,41481666.56,939358630.7072,74250774.11840001,135301745.86879998,1148911150.6944003,335912960000.0,24576000.0,2013265920.0,337950801920.0,339141194737.2544,0.704512,accelergy,cacti,configs/cacti_sram_45nm.csv,6.5870750000000005,4.60835,4,45.0,1.14182,0.729013,270.818,0.82173726504,160.0,160.0,25.174272000000002,1.2701221310391815,339.1411947372544,8537.632682720612,10.174235842117632
hires,2048,2048,128,128,5,16,256,200.0,ws,12852224.0,0.0,180355072,159394560.0,142606336.0,11008.0,16777216.0,167970816.0,151040000.0,153600.0,16777216.0,41481666.56,939358630.7072,72510.52160000001,77315283.3536,1016746424.5824001,24166400000.0,24576000.0,2684354560.0,26875330560.0,27933558651.1424,0.704512,accelergy,cacti,configs/cacti_sram_45nm.csv,6.5870750000000005,4.60835,4,45.0,1.14182,0.729013,270.818,0.82173726504,160.0,160.0,12.852224000000001,0.0,27.9335586511424,359.00835290162,0.838006759534272
hires,2048,2048,128,128,5,16,256,800.0,os,24694272.0,0.0,180355072,183238656.0,142606336.0,11272192.0,29360128.0,2119565312.0,2106572800.0,409600.0,12582912.0,41481666.56,939358630.7072,74250774.11840001,135301745.86879998,1148911150.6944003,337051648000.0,65536000.0,2013265920.0,339130449920.0,340320842737.2544,0.704512,accelergy,cacti,configs/cacti_sram_45nm.csv,6.5870750000000005,4.60835,4,45.0,1.14182,0.729013,270.818,0.82173726504,160.0,160.0,24.694271999999998,0.0,340.3208427372544,8403.975457822984,10.209625282117633
hires,2048,2048,128,128,5,16,256,800.0,ws,12676096.0,0.0,180355072,159394560.0,142606336.0,11008.0,16777216.0,168738816.0,151552000.0,409600.0,16777216.0,41481666.56,939358630.7072,72510.52160000001,77315283.3536,1016746424.5824001,24248320000.0,65536000.0,2684354560.0,26998210560.0,28056438651.1424,0.704512,accelergy,cacti,configs/cacti_sram_45nm.csv,6.5870750000000005,4.60835,4,45.0,1.14182,0.729013,270.818,0.82173726504,160.0,160.0,12.676096,0.0,28.0564386511424,355.64610975999153,0.8416931595342719
hires,2048,2048,128,128,5,16,1024,50.0,os,26856192.0,0.0,180355072,183238656.0,142606336.0,11272192.0,29360128.0,171341312.0,158617600.0,140800.0,12582912.0,41481666.56,1472185814.2208,116367628.6976,259814378.7008,1848367821.6192,25378816000.0,22528000.0,2013265920.0,27414609920.0,29304459408.1792,0.704512,accelergy,cacti,configs/cacti_sram_45nm.csv,10.323425,8.849225,4,45.0,2.03065,0.431177,1188.88,3.192179885,160.0,160.0,26.856192,0.0,29.3044594081792,787.0061883222669,0.879133782245376
hires,2048,2048,128,128,5,16,1024,50.0,ws,15370240.0,0.0,180355072,159394560.0,142606336.0,11008.0,16777216.0,198204416.0,181286400.0,140800.0,16777216.0,41481666.56,1472185814.2208,113640.2624,148465359.2576,1620764813.7408,29005824000.0,22528000.0,2684354560.0,31712706560.0,33374953040.3008,0.704512,accelergy,cacti,configs/cacti_sram_45nm.csv,10.323425,8.849225,4,45.0,2.03065,0.431177,1188.88,3.192179885,160.0,160.0,15.37024,0.0,33.3749530403008,512.981038218153,1.001248591209024
hires,2048,2048,128,128,5,16,1024,200.0,os,25194752.0,0.0,180355072,183238656.0,142606336.0,11272192.0,29360128.0,171456512.0,158720000.0,153600.0,12582912.0,41481666.56,1472185814.2208,116367628.6976,259814378.7008,1848367821.6192,25395200000.0,24576000.0,2013265920.0,27433041920.0,29322891408.1792,0.704512,accelergy,cacti,configs/cacti_sram_45nm.csv,10.323425,8.849225,4,45.0,2.03065,0.431177,1188.88,3.192179885,160.0,160.0,25.194752,0.0,29.3228914081792,738.7829769520057,0.879686742245376
hires,2048,2048,128,128,5,16,1024,200.0,ws,13305856.0,0.0,180355072,159394560.0,142606336.0,11008.0,16777216.0,198332416.0,181401600.0,153600.0,16777216.0,41481666.56,1472185814.2208,113640.2624,148465359.2576,1620764813.7408,29024256000.0,24576000.0,2684354560.0,31733186560.0,33395433040.3008,0.704512,accelergy,cacti,configs/cacti_sram_45nm.csv,10.323425,8.849225,4,45.0,2.03065,0.431177,1188.88,3.192179885,160.0,160.0,13.305856,0.0,33.3954330403008,444.35482309188467,1.001862991209024
hires,2048,2048,128,128,5,16,1024,800.0,os,24779520.0,0.0,180355072,183238656.0,142606336.0,11272192.0,29360128.0,172122112.0,159129600.0,409600.0,12582912.0,41481666.56,1472185814.2208,116367628.6976,259814378.7008,1848367821.6192,25460736000.0,65536000.0,2013265920.0,27539537920.0,29429387408.1792,0.704512,accelergy,cacti,configs/cacti_sram_45nm.csv,10.323425,8.849225,4,45.0,2.03065,0.431177,1188.88,3.192179885,160.0,160.0,24.779519999999998,0.0,29.4293874081792,729.2460938687245,0.882881622245376
hires,2048,2048,128,128,5,16,1024,800.0,ws,12789760.0,0.0,180355072,159394560.0,142606336.0,11008.0,16777216.0,199049216.0,181862400.0,409600.0,16777216.0,41481666.56,1472185814.2208,113640.2624,148465359.2576,1620764813.7408,29097984000.0,65536000.0,2684354560.0,31847874560.0,33510121040.3008,0.704512,accelergy,cacti,configs/cacti_sram_45nm.csv,10.323425,8.849225,4,45.0,2.03065,0.431177,1188.88,3.192179885,160.0,160.0,12.789760000000001,0.0,33.5101210403008,428.58640567639765,1.005303631209024
hires,2048,2048,128,128,5,16,4096,50.0,os,27744768.0,0.0,180355072,183238656.0,142606336.0,11272192.0,29360128.0,155341312.0,142617600.0,140800.0,12582912.0,41481666.56,3006982940.2624,237684313.2928,504053943.50079995,3748721197.0559998,22818816000.0,22528000.0,2013265920.0,24854609920.0,28644812783.615997,0.704512,accelergy,cacti,configs/cacti_sram_45nm.csv,21.085900000000002,17.167975,4,45.0,3.18224,0.795423,4302.53,11.948249145600002,160.0,160.0,27.744768,0.0,28.644812783615997,794.7436850848601,0.85934438350848
hires,2048,2048,128,128,5,16,4096,50.0,ws,16979712.0,0.0,180355072,159394560.0,142606336.0,11008.0,16777216.0,218249216.0,201331200.0,140800.0,16777216.0,41481666.56,3006982940.2624,232113.5872,288030824.8576,3295245878.7072005,32212992000.0,22528000.0,2684354560.0,34919874560.0,38256602105.2672,0.704512,accelergy,cacti,configs/cacti_sram_45nm.csv,21.085900000000002,17.167975,4,45.0,3.18224,0.795423,4302.53,11.948249145600002,160.0,160.0,16.979712,0.0,38.2566021052672,649.5860858460306,1.1476980631580158
hires,2048,2048,128,128,5,16,4096,200.0,os,25416704.0,0.0,180355072,183238656.0,142606336.0,11272192.0,29360128.0,155379712.0,142643200.0,153600.0,12582912.0,41481666.56,3006982940.2624,237684313.2928,504053943.50079995,3748721197.0559998,22822912000.0,24576000.0,2013265920.0,24860753920.0,28650956783.615997,0.704512,accelergy,cacti,configs/cacti_sram_45nm.csv,21.085900000000002,17.167975,4,45.0,3.18224,0.795423,4302.53,11.948249145600002,160.0,160.0,25.416704,0.0,28.650956783615996,728.2128878859598,0.85952870350848
hires,2048,2048,128,128,5,16,4096,200.0,ws,13708032.0,0.0,180355072,159394560.0,142606336.0,11008.0,16777216.0,218300416.0,201369600.0,153600.0,16777216.0,41481666.56,3006982940.2624,232113.5872,288030824.8576,3295245878.7072005,32219136000.0,24576000.0,2684354560.0,34928066560.0,38264794105.2672,0.704512,accelergy,cacti,configs/cacti_sram_45nm.csv,21.085900000000002,17.167975,4,45.0,3.18224,0.795423,4302.53,11.948249145600002,160.0,160.0,13.708032,0.0,38.2647941052672,524.5350220684142,1.147943823158016
hires,2048,2048,128,128,5,16,4096,800.0,os,24834816.0,0.0,180355072,183238656.0,142606336.0,11272192.0,29360128.0,155738112.0,142745600.0,409600.0,12582912.0,41481666.56,3006982940.2624,237684313.2928,504053943.50079995,3748721197.0559998,22839296000.0,65536000.0,2013265920.0,24918097920.0,28708300783.615997,0.704512,accelergy,cacti,configs/cacti_sram_45nm.csv,21.085900000000002,17.167975,4,45.0,3.18224,0.795423,4302.53,11.948249145600002,160.0,160.0,24.834816,0.0,28.708300783615996,712.9653676337591,0.86124902350848
hires,2048,2048,128,128,5,16,4096,800.0,ws,12890112.0,0.0,180355072,159394560.0,142606336.0,11008.0,16777216.0,218710016.0,201523200.0,409600.0,16777216.0,41481666.56,3006982940.2624,232113.5872,288030824.8576,3295245878.7072005,32243712000.0,65536000.0,2684354560.0,34993602560.0,38330330105.2672,0.704512,accelergy,cacti,configs/cacti_sram_45nm.csv,21.085900000000002,17.167975,4,45.0,3.18224,0.795423,4302.53,11.948249145600002,160.0,160.0,12.890112,0.0,38.330330105267194,494.08224805386595,1.1499099031580158
hires,2048,2048,128,128,5,32,256,50.0,os,325241856.0,303678464.0,180355072,177602560.0,142606336.0,5636096.0,29360128.0,15950733312.0,15937868800.0,281600.0,12582912.0,41481666.56,939358630.7072,37125387.059200004,135301745.86879998,1111785763.6352,2550059008000.0,45056000.0,2013265920.0,2552117329920.0,2553270597350.195,0.176128,accelergy,cacti,configs/cacti_sram_45nm.csv,6.5870750000000005,4.60835,4,45.0,1.14182,0.729013,270.818,0.82173726504,160.0,160.0,325.241856,93.37004398351483,2553.2705973501947,830430.467952406,76.59811792050584
hires,2048,2048,128,128,5,32,256,50.0,ws,9290752.0,0.0,180355072,155200256.0,142606336.0,11008.0,12582912.0,163648512.0,150784000.0,281600.0,12582912.0,41481666.56,939358630.7072,72510.52160000001,57986462.5152,997417603.7440001,24125440000.0,45056000.0,2013265920.0,26183761920.0,27222661190.304,0.176128,accelergy,cacti,configs/cacti_sram_45nm.csv,6.5870750000000005,4.60835,4,45.0,1.14182,0.729013,270.818,0.82173726504,160.0,160.0,9.290752,0.0,27.222661190304002,252.91899389913928,0.81667983570912
hires,2048,2048,128,128,5,32,256,200.0,os,88629248.0,67706880.0,180355072,177602560.0,142606336.0,5636096.0,29360128.0,15977818112.0,15964928000.0,307200.0,12582912.0,41481666.56,939358630.7072,37125387.059200004,135301745.86879998,1111785763.6352,2554388480000.0,49152000.0,2013265920.0,2556450897920.0,2557604165350.195,0.176128,accelergy,cacti,configs/cacti_sram_45nm.csv,6.5870750000000005,4.60835,4,45.0,1.14182,0.729013,270.818,0.82173726504,160.0,160.0,88.62924799999999,76.39338201312505,2557.6041653501948,226678.53385665538,76.72812496050584
hires,2048,2048,128,128,5,32,256,200.0,ws,8649728.0,0.0,180355072,155200256.0,142606336.0,11008.0,12582912.0,163930112.0,151040000.0,307200.0,12582912.0,41481666.56,939358630.7072,72510.52160000001,57986462.5152,997417603.7440001,24166400000.0,49152000.0,2013265920.0,26228817920.0,27267717190.304,0.176128,accelergy,cacti,configs/cacti_sram_45nm.csv,6.5870750000000005,4.60835,4,45.0,1.14182,0.729013,270.818,0.82173726504,160.0,160.0,8.649728000000001,0.0,27.267717190304,235.8583368770539,0.81803151570912
hires,2048,2048,128,128,5,32,256,800.0,os,29469952.0,8707840.0,180355072,177602560.0,142606336.0,5636096.0,29360128.0,16032038912.0,16019046400.0,409600.0,12582912.0,41481666.56,939358630.7072,37125387.059200004,135301745.86879998,1111785763.6352,2563047424000.0,65536000.0,2013265920.0,2565126225920.0,2566279493350.195,0.176128,accelergy,cacti,configs/cacti_sram_45nm.csv,6.5870750000000005,4.60835,4,45.0,1.14182,0.729013,270.818,0.82173726504,160.0,160.0,29.469952,29.548198789058087,2566.279493350195,75628.13348761457,76.98838480050584
hires,2048,2048,128,128,5,32,256,800.0,ws,8489472.0,0.0,180355072,155200256.0,142606336.0,11008.0,12582912.0,164544512.0,151552000.0,409600.0,12582912.0,41481666.56,939358630.7072,72510.52160000001,57986462.5152,997417603.7440001,24248320000.0,65536000.0,2013265920.0,26327121920.0,27366021190.304,0.176128,accelergy,cacti,configs/cacti_sram_45nm.csv,6.5870750000000005,4.60835,4,45.0,1.14182,0.729013,270.818,0.82173726504,160.0,160.0,8.489472,0.0,27.366021190304,232.32307064649245,0.8209806357091199
hires,2048,2048,128,128,5,32,1024,50.0,os,22924032.0,0.0,180355072,177602560.0,142606336.0,5636096.0,29360128.0,171482112.0,158617600.0,281600.0,12582912.0,41481666.56,1472185814.2208,58183814.3488,259814378.7008,1790184007.2704,25378816000.0,45056000.0,2013265920.0,27437137920.0,29268803593.8304,0.176128,accelergy,cacti,configs/cacti_sram_45nm.csv,10.323425,8.849225,4,45.0,2.03065,0.431177,1188.88,3.192179885,160.0,160.0,22.924032,0.0,29.2688035938304,670.9589901866831,0.878064107814912
hires,2048,2048,128,128,5,32,1024,50.0,ws,11104768.0,0.0,180355072,155200256.0,142606336.0,11008.0,12582912.0,194150912.0,181286400.0,281600.0,12582912.0,41481666.56,1472185814.2208,113640.2624,111349019.4432,1583648473.9264002,29005824000.0,45056000.0,2013265920.0,31064145920.0,32689276060.4864,0.176128,accelergy,cacti,configs/cacti_sram_45nm.csv,10.323425,8.849225,4,45.0,2.03065,0.431177,1188.88,3.192179885,160.0,160.0,11.104768,0.0,32.6892760604864,363.0068267396554,0.980678281814592
hires,2048,2048,128,128,5,32,1024,200.0,os,21262592.0,0.0,180355072,177602560.0,142606336.0,5636096.0,29360128.0,171610112.0,158720000.0,307200.0,12582912.0,41481666.56,1472185814.2208,58183814.3488,259814378.7008,1790184007.2704,25395200000.0,49152000.0,2013265920.0,27457617920.0,29289283593.8304,0.176128,accelergy,cacti,configs/cacti_sram_45nm.csv,10.323425,8.849225,4,45.0,2.03065,0.431177,1188.88,3.192179885,160.0,160.0,21.262592,0.0,29.289283593830397,622.7660870279095,0.878678507814912
hires,2048,2048,128,128,5,32,1024,200.0,ws,9103360.0,0.0,180355072,155200256.0,142606336.0,11008.0,12582912.0,194291712.0,181401600.0,307200.0,12582912.0,41481666.56,1472185814.2208,113640.2624,111349019.4432,1583648473.9264002,29024256000.0,49152000.0,2013265920.0,31086673920.0,32711804060.4864,0.176128,accelergy,cacti,configs/cacti_sram_45nm.csv,10.323425,8.849225,4,45.0,2.03065,0.431177,1188.88,3.192179885,160.0,160.0,9.10336,0.0,32.7118040604864,297.7873286120695,0.981354121814592
hires,2048,2048,128,128,5,32,1024,800.0,os,20847360.0,0.0,180355072,177602560.0,142606336.0,5636096.0,29360128.0,172122112.0,159129600.0,409600.0,12582912.0,41481666.56,1472185814.2208,58183814.3488,259814378.7008,1790184007.2704,25460736000.0,65536000.0,2013265920.0,27539537920.0,29371203593.8304,0.176128,accelergy,cacti,configs/cacti_sram_45nm.csv,10.323425,8.849225,4,45.0,2.03065,0.431177,1188.88,3.192179885,160.0,160.0,20.84736,0.0,29.371203593830398,612.312054953876,0.881136107814912
hires,2048,2048,128,128,5,32,1024,800.0,ws,8603136.0,0.0,180355072,155200256.0,142606336.0,11008.0,12582912.0,194854912.0,181862400.0,409600.0,12582912.0,41481666.56,1472185814.2208,113640.2624,111349019.4432,1583648473.9264002,29097984000.0,65536000.0,2013265920.0,31176785920.0,32801916060.4864,0.176128,accelergy,cacti,configs/cacti_sram_45nm.csv,10.323425,8.849225,4,45.0,2.03065,0.431177,1188.88,3.192179885,160.0,160.0,8.603136000000001,0.0,32.8019160604864,282.19934492894873,0.9840574818145921
hires,2048,2048,128,128,5,32,4096,50.0,os,23812608.0,0.0,180355072,177602560.0,142606336.0,5636096.0,29360128.0,155482112.0,142617600.0,281600.0,12582912.0,41481666.56,3006982940.2624,118842156.6464,504053943.50079995,3629879040.4096003,22818816000.0,45056000.0,2013265920.0,24877137920.0,28548498626.969597,0.176128,accelergy,cacti,configs/cacti_sram_45nm.csv,21.085900000000002,17.167975,4,45.0,3.18224,0.795423,4302.53,11.948249145600002,160.0,160.0,23.812607999999997,0.0,28.548498626969597,679.8142067925652,0.8564549588090878
hires,2048,2048,128,128,5,32,4096,50.0,ws,14056448.0,0.0,180355072,155200256.0,142606336.0,11008.0,12582912.0,281306112.0,268441600.0,281600.0,12582912.0,41481666.56,3006982940.2624,232113.5872,216023118.64319998,3223238172.4928,42950656000.0,45056000.0,2013265920.0,45008977920.0,48273697759.052795,0.176128,accelergy,cacti,configs/cacti_sram_45nm.csv,21.085900000000002,17.167975,4,45.0,3.18224,0.795423,4302.53,11.948249145600002,160.0,160.0,14.056448,0.0,48.273697759052794,678.5567223178421,1.448210932771584
hires,2048,2048,128,128,5,32,4096,200.0,os,21484544.0,0.0,180355072,177602560.0,142606336.0,5636096.0,29360128.0,155533312.0,142643200.0,307200.0,12582912.0,41481666.56,3006982940.2624,118842156.6464,504053943.50079995,3629879040.4096003,22822912000.0,49152000.0,2013265920.0,24885329920.0,28556690626.969597,0.176128,accelergy,cacti,configs/cacti_sram_45nm.csv,21.085900000000002,17.167975,4,45.0,3.18224,0.795423,4302.53,11.948249145600002,160.0,160.0,21.484544,0.0,28.556690626969598,613.5274762695159,0.8567007188090879
hires,2048,2048,128,128,5,32,4096,200.0,ws,9841152.0,0.0,180355072,155200256.0,142606336.0,11008.0,12582912.0,281382912.0,268492800.0,307200.0,12582912.0,41481666.56,3006982940.2624,232113.5872,216023118.64319998,3223238172.4928,42958848000.0,49152000.0,2013265920.0,45021265920.0,48285985759.052795,0.176128,accelergy,cacti,configs/cacti_sram_45nm.csv,21.085900000000002,17.167975,4,45.0,3.18224,0.795423,4302.53,11.948249145600002,160.0,160.0,9.841152000000001,0.0,48.28598575905279,475.18972532467393,1.448579572771584
hires,2048,2048,128,128,5,32,4096,800.0,os,20902656.0,0.0,180355072,177602560.0,142606336.0,5636096.0,29360128.0,155738112.0,142745600.0,409600.0,12582912.0,41481666.56,3006982940.2624,118842156.6464,504053943.50079995,3629879040.4096003,22839296000.0,65536000.0,2013265920.0,24918097920.0,28589458626.969597,0.176128,accelergy,cacti,configs/cacti_sram_45nm.csv,21.085900000000002,17.167975,4,45.0,3.18224,0.795423,4302.53,11.948249145600002,160.0,160.0,20.902656,0.0,28.5894586269696,597.5956189057779,0.8576837588090879
hires,2048,2048,128,128,5,32,4096,800.0,ws,8787456.0,0.0,180355072,155200256.0,142606336.0,11008.0,12582912.0,281690112.0,268697600.0,409600.0,12582912.0,41481666.56,3006982940.2624,232113.5872,216023118.64319998,3223238172.4928,42991616000.0,65536000.0,2013265920.0,45070417920.0,48335137759.052795,0.176128,accelergy,cacti,configs/cacti_sram_45nm.csv,21.085900000000002,17.167975,4,45.0,3.18224,0.795423,4302.53,11.948249145600002,160.0,160.0,8.787456,0.0,48.3351377590528,424.7428963116151,1.450054132771584
hires,2048,2048,128,128,5,64,256,50.0,os,324837376.0,305240064.0,180355072,174784512.0,142606336.0,2818048.0,29360128.0,15951014912.0,15937868800.0,563200.0,12582912.0,41481666.56,939358630.7072,18562693.529600002,135301745.86879998,1093223070.1056,2550059008000.0,90112000.0,2013265920.0,2552162385920.0,2553297090656.6655,0.08388608,accelergy,cacti,configs/cacti_sram_45nm.csv,6.5870750000000005,4.60835,4,45.0,1.14182,0.729013,270.818,0.82173726504,160.0,160.0,324.837376,93.96703906387916,2553.2970906566657,829406.3270773455,76.59891271969997
hires,2048,2048,128,128,5,64,256,50.0,ws,9339904.0,0.0,180355072,155200256.0,142606336.0,11008.0,12582912.0,163930112.0,150784000.0,563200.0,12582912.0,41481666.56,939358630.7072,72510.52160000001,57986462.5152,997417603.7440001,24125440000.0,90112000.0,2013265920.0,26228817920.0,27267717190.304,0.08388608,accelergy,cacti,configs/cacti_sram_45nm.csv,6.5870750000000005,4.60835,4,45.0,1.14182,0.729013,270.818,0.82173726504,160.0,160.0,9.339903999999999,0.0,27.267717190304,254.67786085658906,0.81803151570912
hires,2048,2048,128,128,5,64,256,200.0,os,88210688.0,69254400.0,180355072,174784512.0,142606336.0,2818048.0,29360128.0,15978074112.0,15964928000.0,563200.0,12582912.0,41481666.56,939358630.7072,18562693.529600002,135301745.86879998,1093223070.1056,2554388480000.0,90112000.0,2013265920.0,2556491857920.0,2557626562656.6655,0.044032,accelergy,cacti,configs/cacti_sram_45nm.csv,6.5870750000000005,4.60835,4,45.0,1.14182,0.729013,270.818,0.82173726504,160.0,160.0,88.21068799999999,78.51021409106343,2557.6265626566656,225609.99873901956,76.72879687969997
hires,2048,2048,128,128,5,64,256,200.0,ws,8698880.0,0.0,180355072,155200256.0,142606336.0,11008.0,12582912.0,164186112.0,151040000.0,563200.0,12582912.0,41481666.56,939358630.7072,72510.52160000001,57986462.5152,997417603.7440001,24166400000.0,90112000.0,2013265920.0,26269777920.0,27308677190.304,0.044032,accelergy,cacti,configs/cacti_sram_45nm.csv,6.5870750000000005,4.60835,4,45.0,1.14182,0.729013,270.818,0.82173726504,160.0,160.0,8.69888,0.0,27.308677190304,237.55490583719168,0.81926031570912
hires,2048,2048,128,128,5,64,256,800.0,os,29021696.0,10225664.0,180355072,174784512.0,142606336.0,2818048.0,29360128.0,16032243712.0,16019046400.0,614400.0,12582912.0,41481666.56,939358630.7072,18562693.529600002,135301745.86879998,1093223070.1056,2563047424000.0,98304000.0,2013265920.0,2565158993920.0,2566293698656.6655,0.044032,accelergy,cacti,configs/cacti_sram_45nm.csv,6.5870750000000005,4.60835,4,45.0,1.14182,0.729013,270.818,0.82173726504,160.0,160.0,29.021696,35.23455004145864,2566.2936986566656,74478.19556912936,76.98881095969998
hires,2048,2048,128,128,5,64,256,800.0,ws,8538624.0,0.0,180355072,155200256.0,142606336.0,11008.0,12582912.0,164749312.0,151552000.0,614400.0,12582912.0,41481666.56,939358630.7072,72510.52160000001,57986462.5152,997417603.7440001,24248320000.0,98304000.0,2013265920.0,26359889920.0,27398789190.304,0.044032,accelergy,cacti,configs/cacti_sram_45nm.csv,6.5870750000000005,4.60835,4,45.0,1.14182,0.729013,270.818,0.82173726504,160.0,160.0,8.538624,0.0,27.398789190304,233.94795895127032,0.82196367570912
hires,2048,2048,128,128,5,64,1024,50.0,os,20957952.0,0.0,180355072,174784512.0,142606336.0,2818048.0,29360128.0,171763712.0,158617600.0,563200.0,12582912.0,41481666.56,1472185814.2208,29091907.1744,259814378.7008,1761092100.0960002,25378816000.0,90112000.0,2013265920.0,27482193920.0,29284767686.656,0.08388608,accelergy,cacti,configs/cacti_sram_45nm.csv,10.323425,8.849225,4,45.0,2.03065,0.431177,1188.88,3.192179885,160.0,160.0,20.957952,0.0,29.284767686655996,613.7487555080874,0.87854303059968
hires,2048,2048,128,128,5,64,1024,50.0,ws,11153920.0,0.0,180355072,155200256.0,142606336.0,11008.0,12582912.0,194432512.0,181286400.0,563200.0,12582912.0,41481666.56,1472185814.2208,113640.2624,111349019.4432,1583648473.9264002,29005824000.0,90112000.0,2013265920.0,31109201920.0,32734332060.4864,0.08388608,accelergy,cacti,configs/cacti_sram_45nm.csv,10.323425,8.849225,4,45.0,2.03065,0.431177,1188.88,3.192179885,160.0,160.0,11.15392,0.0,32.7343320604864,365.11612105610044,0.982029961814592
hires,2048,2048,128,128,5,64,1024,200.0,os,19296512.0,0.0,180355072,174784512.0,142606336.0,2818048.0,29360128.0,171866112.0,158720000.0,563200.0,12582912.0,41481666.56,1472185814.2208,29091907.1744,259814378.7008,1761092100.0960002,25395200000.0,90112000.0,2013265920.0,27498577920.0,29301151686.656,0.044032,accelergy,cacti,configs/cacti_sram_45nm.csv,10.323425,8.849225,4,45.0,2.03065,0.431177,1188.88,3.192179885,160.0,160.0,19.296512,0.0,29.301151686656,565.4100251353777,0.8790345505996799
hires,2048,2048,128,128,5,64,1024,200.0,ws,9152512.0,0.0,180355072,155200256.0,142606336.0,11008.0,12582912.0,194547712.0,181401600.0,563200.0,12582912.0,41481666.56,1472185814.2208,113640.2624,111349019.4432,1583648473.9264002,29024256000.0,90112000.0,2013265920.0,31127633920.0,32752764060.4864,0.044032,accelergy,cacti,configs/cacti_sram_45nm.csv,10.323425,8.849225,4,45.0,2.03065,0.431177,1188.88,3.192179885,160.0,160.0,9.152512,0.0,32.7527640604864,299.7700660967705,0.9825829218145921
hires,2048,2048,128,128,5,64,1024,800.0,os,18881280.0,0.0,180355072,174784512.0,142606336.0,2818048.0,29360128.0,172326912.0,159129600.0,614400.0,12582912.0,41481666.56,1472185814.2208,29091907.1744,259814378.7008,1761092100.0960002,25460736000.0,98304000.0,2013265920.0,27572305920.0,29374879686.656,0.044032,accelergy,cacti,configs/cacti_sram_45nm.csv,10.323425,8.849225,4,45.0,2.03065,0.431177,1188.88,3.192179885,160.0,160.0,18.88128,0.0,29.374879686655998,554.6353283300641,0.8812463905996799
hires,2048,2048,128,128,5,64,1024,800.0,ws,8652288.0,0.0,180355072,155200256.0,142606336.0,11008.0,12582912.0,195059712.0,181862400.0,614400.0,12582912.0,41481666.56,1472185814.2208,113640.2624,111349019.4432,1583648473.9264002,29097984000.0,98304000.0,2013265920.0,31209553920.0,32834684060.4864,0.044032,accelergy,cacti,configs/cacti_sram_45nm.csv,10.323425,8.849225,4,45.0,2.03065,0.431177,1188.88,3.192179885,160.0,160.0,8.652287999999999,0.0,32.8346840604864,284.09514288033773,0.985040521814592
hires,2048,2048,128,128,5,64,4096,50.0,os,21846528.0,0.0,180355072,174784512.0,142606336.0,2818048.0,29360128.0,155763712.0,142617600.0,563200.0,12582912.0,41481666.56,3006982940.2624,59421078.3232,504053943.50079995,3570457962.0864,22818816000.0,90112000.0,2013265920.0,24922193920.0,28534133548.6464,0.08388608,accelergy,cacti,configs/cacti_sram_45nm.csv,21.085900000000002,17.167975,4,45.0,3.18224,0.795423,4302.53,11.948249145600002,160.0,160.0,21.846528,0.0,28.534133548646402,623.371747526243,0.8560240064593919
hires,2048,2048,128,128,5,64,4096,50.0,ws,18399744.0,0.0,180355072,155200256.0,142606336.0,11008.0,12582912.0,496294912.0,483148800.0,563200.0,12582912.0,41481666.56,3006982940.2624,232113.5872,216023118.64319998,3223238172.4928,77303808000.0,90112000.0,2013265920.0,79407185920.0,82671905759.0528,0.08388608,accelergy,cacti,configs/cacti_sram_45nm.csv,21.085900000000002,17.167975,4,45.0,3.18224,0.795423,4302.53,11.948249145600002,160.0,160.0,18.399744,0.0,82.67190575905279,1521.141901958697,2.480157172771584
hires,2048,2048,128,128,5,64,4096,200.0,os,19518464.0,0.0,180355072,174784512.0,142606336.0,2818048.0,29360128.0,155789312.0,142643200.0,563200.0,12582912.0,41481666.56,3006982940.2624,59421078.3232,504053943.50079995,3570457962.0864,22822912000.0,90112000.0,2013265920.0,24926289920.0,28538229548.6464,0.044032,accelergy,cacti,configs/cacti_sram_45nm.csv,21.085900000000002,17.167975,4,45.0,3.18224,0.795423,4302.53,11.948249145600002,160.0,160.0,19.518463999999998,0.0,28.5382295486464,557.0224060689909,0.856146886459392
hires,2048,2048,128,128,5,64,4096,200.0,ws,10963968.0,0.0,180355072,155200256.0,142606336.0,11008.0,12582912.0,496371712.0,483225600.0,563200.0,12582912.0,41481666.56,3006982940.2624,232113.5872,216023118.64319998,3223238172.4928,77316096000.0,90112000.0,2013265920.0,79419473920.0,82684193759.0528,0.044032,accelergy,cacti,configs/cacti_sram_45nm.csv,21.085900000000002,17.167975,4,45.0,3.18224,0.795423,4302.53,11.948249145600002,160.0,160.0,10.963968,0.0,82.68419375905279,906.5468544800544,2.480525812771584
hires,2048,2048,128,128,5,64,4096,800.0,os,18936576.0,0.0,180355072,174784512.0,142606336.0,2818048.0,29360128.0,155942912.0,142745600.0,614400.0,12582912.0,41481666.56,3006982940.2624,59421078.3232,504053943.50079995,3570457962.0864,22839296000.0,98304000.0,2013265920.0,24950865920.0,28562805548.6464,0.044032,accelergy,cacti,configs/cacti_sram_45nm.csv,21.085900000000002,17.167975,4,45.0,3.18224,0.795423,4302.53,11.948249145600002,160.0,160.0,18.936576,0.0,28.562805548646402,540.8817380451643,0.8568841664593919
hires,2048,2048,128,128,5,64,4096,800.0,ws,9104896.0,0.0,180355072,155200256.0,142606336.0,11008.0,12582912.0,496525312.0,483328000.0,614400.0,12582912.0,41481666.56,3006982940.2624,232113.5872,216023118.64319998,3223238172.4928,77332480000.0,98304000.0,2013265920.0,79444049920.0,82708769759.0528,0.044032,accelergy,cacti,configs/cacti_sram_45nm.csv,21.085900000000002,17.167975,4,45.0,3.18224,0.795423,4302.53,11.948249145600002,160.0,160.0,9.104896,0.0,82.7087697590528,753.0547469441208,2.481263092771584
hires,2048,2048,128,128,5,128,256,50.0,os,156796160.0,138181888.0,180355072,173375488.0,142606336.0,1409024.0,29360128.0,7567987712.0,7554278400.0,1126400.0,12582912.0,41481666.56,939358630.7072,9281346.764800001,135301745.86879998,1083941723.3408003,1208684544000.0,180224000.0,2013265920.0,1210878033920.0,1212003457309.901,0.08388608,accelergy,cacti,configs/cacti_sram_45nm.csv,6.5870750000000005,4.60835,4,45.0,1.14182,0.729013,270.818,0.82173726504,160.0,160.0,156.79616,88.12836232724067,1212.0034573099008,190037.48801291635,36.36010371929702
hires,2048,2048,128,128,5,128,256,50.0,ws,9438208.0,0.0,180355072,155200256.0,142606336.0,11008.0,12582912.0,164493312.0,150784000.0,1126400.0,12582912.0,41481666.56,939358630.7072,72510.52160000001,57986462.5152,997417603.7440001,24125440000.0,180224000.0,2013265920.0,26318929920.0,27357829190.304,0.08388608,accelergy,cacti,configs/cacti_sram_45nm.csv,6.5870750000000005,4.60835,4,45.0,1.14182,0.729013,270.818,0.82173726504,160.0,160.0,9.438208,0.0,27.357829190304003,258.20888232656074,0.82073487570912
hires,2048,2048,128,128,5,128,256,200.0,os,45871360.0,27898112.0,180355072,173375488.0,142606336.0,1409024.0,29360128.0,7580813312.0,7567104000.0,1126400.0,12582912.0,41481666.56,939358630.7072,9281346.764800001,135301745.86879998,1083941723.3408003,1210736640000.0,180224000.0,2013265920.0,1212930129920.0,1214055553309.901,0.02097152,accelergy,cacti,configs/cacti_sram_45nm.csv,6.5870750000000005,4.60835,4,45.0,1.14182,0.729013,270.818,0.82173726504,160.0,160.0,45.87136,60.81814884058375,1214.055553309901,55690.379345877656,36.421666599297026
hires,2048,2048,128,128,5,128,256,200.0,ws,8797184.0,0.0,180355072,155200256.0,142606336.0,11008.0,12582912.0,164749312.0,151040000.0,1126400.0,12582912.0,41481666.56,939358630.7072,72510.52160000001,57986462.5152,997417603.7440001,24166400000.0,180224000.0,2013265920.0,26359889920.0,27398789190.304,0.02097152,accelergy,cacti,configs/cacti_sram_45nm.csv,6.5870750000000005,4.60835,4,45.0,1.14182,0.729013,270.818,0.82173726504,160.0,160.0,8.797184,0.0,27.398789190304,241.0321898843153,0.82196367570912
hires,2048,2048,128,128,5,128,256,800.0,os,18163456.0,350464.0,180355072,173375488.0,142606336.0,1409024.0,29360128.0,7606566912.0,7592755200.0,1228800.0,12582912.0,41481666.56,939358630.7072,9281346.764800001,135301745.86879998,1083941723.3408003,1214840832000.0,196608000.0,2013265920.0,1217050705920.0,1218176129309.901,0.011008,accelergy,cacti,configs/cacti_sram_45nm.csv,6.5870750000000005,4.60835,4,45.0,1.14182,0.729013,270.818,0.82173726504,160.0,160.0,18.163456,1.9295006412876494,1218.176129309901,22126.288524970696,36.545283879297024
hires,2048,2048,128,128,5,128,256,800.0,ws,8636928.0,0.0,180355072,155200256.0,142606336.0,11008.0,12582912.0,165363712.0,151552000.0,1228800.0,12582912.0,41481666.56,939358630.7072,72510.52160000001,57986462.5152,997417603.7440001,24248320000.0,196608000.0,2013265920.0,26458193920.0,27497093190.304,0.011008,accelergy,cacti,configs/cacti_sram_45nm.csv,6.5870750000000005,4.60835,4,45.0,1.14182,0.729013,270.818,0.82173726504,160.0,160.0,8.636928000000001,0.0,27.497093190304,237.49041409394596,0.82491279570912
hires,2048,2048,128,128,5,128,1024,50.0,os,19974912.0,0.0,180355072,173375488.0,142606336.0,1409024.0,29360128.0,172326912.0,158617600.0,1126400.0,12582912.0,41481666.56,1472185814.2208,14545953.5872,259814378.7008,1746546146.5088,25378816000.0,180224000.0,2013265920.0,27572305920.0,29360333733.0688,0.08388608,accelergy,cacti,configs/cacti_sram_45nm.csv,10.323425,8.849225,4,45.0,2.03065,0.431177,1188.88,3.192179885,160.0,160.0,19.974912,0.0,29.360333733068803,586.4700826086809,0.8808100119920641
hires,2048,2048,128,128,5,128,1024,50.0,ws,11252224.0,0.0,180355072,155200256.0,142606336.0,11008.0,12582912.0,194995712.0,181286400.0,1126400.0,12582912.0,41481666.56,1472185814.2208,113640.2624,111349019.4432,1583648473.9264002,29005824000.0,180224000.0,2013265920.0,31199313920.0,32824444060.4864,0.08388608,accelergy,cacti,configs/cacti_sram_45nm.csv,10.323425,8.849225,4,45.0,2.03065,0.431177,1188.88,3.192179885,160.0,160.0,11.252224,0.0,32.8244440604864,369.3479972440625,0.984733321814592
hires,2048,2048,128,128,5,128,1024,200.0,os,18313472.0,0.0,180355072,173375488.0,142606336.0,1409024.0,29360128.0,172429312.0,158720000.0,1126400.0,12582912.0,41481666.56,1472185814.2208,14545953.5872,259814378.7008,1746546146.5088,25395200000.0,180224000.0,2013265920.0,27588689920.0,29376717733.0688,0.02097152,accelergy,cacti,configs/cacti_sram_45nm.csv,10.323425,8.849225,4,45.0,2.03065,0.431177,1188.88,3.192179885,160.0,160.0,18.313472,0.0,29.3767177330688,537.989697656459,0.8813015319920641
hires,2048,2048,128,128,5,128,1024,200.0,ws,9250816.0,0.0,180355072,155200256.0,142606336.0,11008.0,12582912.0,195110912.0,181401600.0,1126400.0,12582912.0,41481666.56,1472185814.2208,113640.2624,111349019.4432,1583648473.9264002,29024256000.0,180224000.0,2013265920.0,31217745920.0,32842876060.4864,0.02097152,accelergy,cacti,configs/cacti_sram_45nm.csv,10.323425,8.849225,4,45.0,2.03065,0.431177,1188.88,3.192179885,160.0,160.0,9.250816,0.0,32.842876060486404,303.8234033463646,0.985286281814592
hires,2048,2048,128,128,5,128,1024,800.0,os,17898240.0,0.0,180355072,173375488.0,142606336.0,1409024.0,29360128.0,172941312.0,159129600.0,1228800.0,12582912.0,41481666.56,1472185814.2208,14545953.5872,259814378.7008,1746546146.5088,25460736000.0,196608000.0,2013265920.0,27670609920.0,29458637733.0688,0.011008,accelergy,cacti,configs/cacti_sram_45nm.csv,10.323425,8.849225,4,45.0,2.03065,0.431177,1188.88,3.192179885,160.0,160.0,17.898239999999998,0.0,29.4586377330688,527.2577682195213,0.8837591319920641
hires,2048,2048,128,128,5,128,1024,800.0,ws,8750592.0,0.0,180355072,155200256.0,142606336.0,11008.0,12582912.0,195674112.0,181862400.0,1228800.0,12582912.0,41481666.56,1472185814.2208,113640.2624,111349019.4432,1583648473.9264002,29097984000.0,196608000.0,2013265920.0,31307857920.0,32932988060.4864,0.011008,accelergy,cacti,configs/cacti_sram_45nm.csv,10.323425,8.849225,4,45.0,2.03065,0.431177,1188.88,3.192179885,160.0,160.0,8.750592,0.0,32.9329880604864,288.1831418581878,0.987989641814592
hires,2048,2048,128,128,5,128,4096,50.0,os,20863488.0,0.0,180355072,173375488.0,142606336.0,1409024.0,29360128.0,156326912.0,142617600.0,1126400.0,12582912.0,41481666.56,3006982940.2624,29710539.1616,504053943.50079995,3540747422.9248004,22818816000.0,180224000.0,2013265920.0,25012305920.0,28594535009.4848,0.08388608,accelergy,cacti,configs/cacti_sram_45nm.csv,21.085900000000002,17.167975,4,45.0,3.18224,0.795423,4302.53,11.948249145600002,160.0,160.0,20.863488,0.0,28.594535009484797,596.5817380359659,0.8578360502845439
hires,2048,2048,128,128,5,128,4096,50.0,ws,18498048.0,0.0,180355072,155200256.0,142606336.0,11008.0,12582912.0,496858112.0,483148800.0,1126400.0,12582912.0,41481666.56,3006982940.2624,232113.5872,216023118.64319998,3223238172.4928,77303808000.0,180224000.0,2013265920.0,79497297920.0,82762017759.0528,0.08388608,accelergy,cacti,configs/cacti_sram_45nm.csv,21.085900000000002,17.167975,4,45.0,3.18224,0.795423,4302.53,11.948249145600002,160.0,160.0,18.498048,0.0,82.7620177590528,1530.9357770838112,2.482860532771584
hires,2048,2048,128,128,5,128,4096,200.0,os,18535424.0,0.0,180355072,173375488.0,142606336.0,1409024.0,29360128.0,156352512.0,142643200.0,1126400.0,12582912.0,41481666.56,3006982940.2624,29710539.1616,504053943.50079995,3540747422.9248004,22822912000.0,180224000.0,2013265920.0,25016401920.0,28598631009.4848,0.02097152,accelergy,cacti,configs/cacti_sram_45nm.csv,21.085900000000002,17.167975,4,45.0,3.18224,0.795423,4302.53,11.948249145600002,160.0,160.0,18.535424000000003,0.0,28.598631009484798,530.0877515803488,0.857958930284544
hires,2048,2048,128,128,5,128,4096,200.0,ws,11062272.0,0.0,180355072,155200256.0,142606336.0,11008.0,12582912.0,496934912.0,483225600.0,1126400.0,12582912.0,41481666.56,3006982940.2624,232113.5872,216023118.64319998,3223238172.4928,77316096000.0,180224000.0,2013265920.0,79509585920.0,82774305759.0528,0.02097152,accelergy,cacti,configs/cacti_sram_45nm.csv,21.085900000000002,17.167975,4,45.0,3.18224,0.795423,4302.53,11.948249145600002,160.0,160.0,11.062272,0.0,82.7743057590528,915.6718849178085,2.483229172771584
hires,2048,2048,128,128,5,128,4096,800.0,os,17953536.0,0.0,180355072,173375488.0,142606336.0,1409024.0,29360128.0,156557312.0,142745600.0,1228800.0,12582912.0,41481666.56,3006982940.2624,29710539.1616,504053943.50079995,3540747422.9248004,22839296000.0,196608000.0,2013265920.0,25049169920.0,28631399009.4848,0.011008,accelergy,cacti,configs/cacti_sram_45nm.csv,21.085900000000002,17.167975,4,45.0,3.18224,0.795423,4302.53,11.948249145600002,160.0,160.0,17.953536,0.0,28.6313990094848,514.0348528471496,0.858941970284544
hires,2048,2048,128,128,5,128,4096,800.0,ws,9203200.0,0.0,180355072,155200256.0,142606336.0,11008.0,12582912.0,497139712.0,483328000.0,1228800.0,12582912.0,41481666.56,3006982940.2624,232113.5872,216023118.64319998,3223238172.4928,77332480000.0,196608000.0,2013265920.0,79542353920.0,82807073759.0528,0.011008,accelergy,cacti,configs/cacti_sram_45nm.csv,21.085900000000002,17.167975,4,45.0,3.18224,0.795423,4302.53,11.948249145600002,160.0,160.0,9.2032,0.0,82.8070737590528,762.0900612193147,2.4842122127715838
hires,2048,2048,128,128,7,8,256,50.0,os,45942784.0,0.0,281018368,307757056.0,243269632.0,35127296.0,29360128.0,555533312.0,542822400.0,128000.0,12582912.0,64634224.64000001,1602435311.2064002,231386133.2992,135301745.86879998,1969123190.3744,86851584000.0,20480000.0,2013265920.0,88885329920.0,90919087335.0144,4.390912,accelergy,cacti,configs/cacti_sram_45nm.csv,6.5870750000000005,4.60835,4,45.0,1.14182,0.729013,270.818,0.82173726504,160.0,160.0,45.942784,0.0,90.91908733501441,4177.075990909703,2.727572620050432
hires,2048,2048,128,128,7,8,256,50.0,ws,38721792.0,0.0,281018368,289424128.0,243269632.0,17152.0,46137344.0,302598144.0,256332800.0,128000.0,46137344.0,64634224.64000001,1602435311.2064002,112981.5104,212617029.22239998,1815165321.9392,41013248000.0,20480000.0,7381975040.0,48415703040.0,50295502586.5792,4.390912,accelergy,cacti,configs/cacti_sram_45nm.csv,6.5870750000000005,4.60835,4,45.0,1.14182,0.729013,270.818,0.82173726504,160.0,160.0,38.721792,0.0,50.295502586579204,1947.531989692982,1.508865077597376
hires,2048,2048,128,128,7,8,256,200.0,os,45301760.0,0.0,281018368,307757056.0,243269632.0,35127296.0,29360128.0,556480512.0,543744000.0,153600.0,12582912.0,64634224.64000001,1602435311.2064002,231386133.2992,135301745.86879998,1969123190.3744,86999040000.0,24576000.0,2013265920.0,89036881920.0,91070639335.0144,4.390912,accelergy,cacti,configs/cacti_sram_45nm.csv,6.5870750000000005,4.60835,4,45.0,1.14182,0.729013,270.818,0.82173726504,160.0,160.0,45.30176,0.0,91.0706393350144,4125.6602462013825,2.7321191800504323
hires,2048,2048,128,128,7,8,256,200.0,ws,38029824.0,0.0,281018368,289424128.0,243269632.0,17152.0,46137344.0,303058944.0,256768000.0,153600.0,46137344.0,64634224.64000001,1602435311.2064002,112981.5104,212617029.22239998,1815165321.9392,41082880000.0,24576000.0,7381975040.0,48489431040.0,50369230586.5792,4.390912,accelergy,cacti,configs/cacti_sram_45nm.csv,6.5870750000000005,4.60835,4,45.0,1.14182,0.729013,270.818,0.82173726504,160.0,160.0,38.029824,0.0,50.3692305865792,1915.5329742230235,1.511076917597376
hires,2048,2048,128,128,7,8,256,800.0,os,45141504.0,0.0,281018368,307757056.0,243269632.0,35127296.0,29360128.0,558579712.0,545587200.0,409600.0,12582912.0,64634224.64000001,1602435311.2064002,231386133.2992,135301745.86879998,1969123190.3744,87293952000.0,65536000.0,2013265920.0,89372753920.0,91406511335.0144,4.390912,accelergy,cacti,configs/cacti_sram_45nm.csv,6.5870750000000005,4.60835,4,45.0,1.14182,0.729013,270.818,0.82173726504,160.0,160.0,45.141504,0.0,91.4065113350144,4126.227397055598,2.742195340050432
hires,2048,2048,128,128,7,8,256,800.0,ws,37856512.0,0.0,281018368,289424128.0,243269632.0,17152.0,46137344.0,304185344.0,257638400.0,409600.0,46137344.0,64634224.64000001,1602435311.2064002,112981.5104,212617029.22239998,1815165321.9392,41222144000.0,65536000.0,7381975040.0,48669655040.0,50549454586.5792,4.390912,accelergy,cacti,configs/cacti_sram_45nm.csv,6.5870750000000005,4.60835,4,45.0,1.14182,0.729013,270.818,0.82173726504,160.0,160.0,37.856512,0.0,50.5494545865792,1913.6260341502907,1.516483637597376
hires,2048,2048,128,128,7,8,1024,50.0,os,47303424.0,0.0,281018368,307757056.0,243269632.0,35127296.0,29360128.0,292186112.0,279475200.0,128000.0,12582912.0,64634224.64000001,2511375800.7296,362634005.7088,259814378.7008,3133824185.1392,44716032000.0,20480000.0,2013265920.0,46749777920.0,49948236329.7792,4.390912,accelergy,cacti,configs/cacti_sram_45nm.csv,10.323425,8.849225,4,45.0,2.03065,0.431177,1188.88,3.192179885,160.0,160.0,47.303424,0.0,49.9482363297792,2362.722601159749,1.498447089893376
hires,2048,2048,128,128,7,8,1024,50.0,ws,41138432.0,0.0,281018368,289424128.0,243269632.0,17152.0,46137344.0,348409344.0,302144000.0,128000.0,46137344.0,64634224.64000001,2511375800.7296,177067.3856,408279737.9584,2919832606.0736003,48343040000.0,20480000.0,7381975040.0,55745495040.0,58729961870.7136,4.390912,accelergy,cacti,configs/cacti_sram_45nm.csv,10.323425,8.849225,4,45.0,2.03065,0.431177,1188.88,3.192179885,160.0,160.0,41.138432,0.0,58.7299618707136,2416.058542780944,1.761898856121408
hires,2048,2048,128,128,7,8,1024,200.0,os,45641984.0,0.0,281018368,307757056.0,243269632.0,35127296.0,29360128.0,292390912.0,279654400.0,153600.0,12582912.0,64634224.64000001,2511375800.7296,362634005.7088,259814378.7008,3133824185.1392,44744704000.0,24576000.0,2013265920.0,46782545920.0,49981004329.7792,4.390912,accelergy,cacti,configs/cacti_sram_45nm.csv,10.323425,8.849225,4,45.0,2.03065,0.431177,1188.88,3.192179885,160.0,160.0,45.641983999999994,0.0,49.981004329779196,2281.2321999237124,1.4994301298933759
hires,2048,2048,128,128,7,8,1024,200.0,ws,38633984.0,0.0,281018368,289424128.0,243269632.0,17152.0,46137344.0,348626944.0,302336000.0,153600.0,46137344.0,64634224.64000001,2511375800.7296,177067.3856,408279737.9584,2919832606.0736003,48373760000.0,24576000.0,7381975040.0,55780311040.0,58764777870.7136,4.390912,accelergy,cacti,configs/cacti_sram_45nm.csv,10.323425,8.849225,4,45.0,2.03065,0.431177,1188.88,3.192179885,160.0,160.0,38.633984000000005,0.0,58.7647778707136,2270.3174880207034,1.762943336121408
hires,2048,2048,128,128,7,8,1024,800.0,os,45226752.0,0.0,281018368,307757056.0,243269632.0,35127296.0,29360128.0,293363712.0,280371200.0,409600.0,12582912.0,64634224.64000001,2511375800.7296,362634005.7088,259814378.7008,3133824185.1392,44859392000.0,65536000.0,2013265920.0,46938193920.0,50136652329.7792,4.390912,accelergy,cacti,configs/cacti_sram_45nm.csv,10.323425,8.849225,4,45.0,2.03065,0.431177,1188.88,3.192179885,160.0,160.0,45.226752000000005,0.0,50.136652329779196,2267.517941029146,1.504099569893376
hires,2048,2048,128,128,7,8,1024,800.0,ws,38007808.0,0.0,281018368,289424128.0,243269632.0,17152.0,46137344.0,349650944.0,303104000.0,409600.0,46137344.0,64634224.64000001,2511375800.7296,177067.3856,408279737.9584,2919832606.0736003,48496640000.0,65536000.0,7381975040.0,55944151040.0,58928617870.7136,4.390912,accelergy,cacti,configs/cacti_sram_45nm.csv,10.323425,8.849225,4,45.0,2.03065,0.431177,1188.88,3.192179885,160.0,160.0,38.007808,0.0,58.9286178707136,2239.747593735451,1.7678585361214079
hires,2048,2048,128,128,7,8,4096,50.0,os,50205440.0,0.0,281018368,307757056.0,243269632.0,35127296.0,29360128.0,256000512.0,243289600.0,128000.0,12582912.0,64634224.64000001,5129559133.388801,740690650.7264,504053943.50079995,6374303727.616,38926336000.0,20480000.0,2013265920.0,40960081920.0,47399019872.256004,4.390912,accelergy,cacti,configs/cacti_sram_45nm.csv,21.085900000000002,17.167975,4,45.0,3.18224,0.795423,4302.53,11.948249145600002,160.0,160.0,50.205439999999996,0.0,47.399019872256005,2379.6886482553564,1.42197059616768
hires,2048,2048,128,128,7,8,4096,50.0,ws,44761344.0,0.0,281018368,289424128.0,243269632.0,17152.0,46137344.0,348268544.0,302003200.0,128000.0,46137344.0,64634224.64000001,5129559133.388801,361665.3568,792084768.3583999,5922005567.104,48320512000.0,20480000.0,7381975040.0,55722967040.0,61709606831.743996,4.390912,accelergy,cacti,configs/cacti_sram_45nm.csv,21.085900000000002,17.167975,4,45.0,3.18224,0.795423,4302.53,11.948249145600002,160.0,160.0,44.761344,0.0,61.709606831744,2762.2049395004433,1.8512882049523198
hires,2048,2048,128,128,7,8,4096,200.0,os,46367488.0,0.0,281018368,307757056.0,243269632.0,35127296.0,29360128.0,256090112.0,243353600.0,153600.0,12582912.0,64634224.64000001,5129559133.388801,740690650.7264,504053943.50079995,6374303727.616,38936576000.0,24576000.0,2013265920.0,40974417920.0,47413355872.256004,4.390912,accelergy,cacti,configs/cacti_sram_45nm.csv,21.085900000000002,17.167975,4,45.0,3.18224,0.795423,4302.53,11.948249145600002,160.0,160.0,46.367488,0.0,47.413355872256005,2198.43820944656,1.4224006761676802
hires,2048,2048,128,128,7,8,4096,200.0,ws,39539456.0,0.0,281018368,289424128.0,243269632.0,17152.0,46137344.0,348319744.0,302028800.0,153600.0,46137344.0,64634224.64000001,5129559133.388801,361665.3568,792084768.3583999,5922005567.104,48324608000.0,24576000.0,7381975040.0,55731159040.0,61717798831.743996,4.390912,accelergy,cacti,configs/cacti_sram_45nm.csv,21.085900000000002,17.167975,4,45.0,3.18224,0.795423,4302.53,11.948249145600002,160.0,160.0,39.539456,0.0,61.717798831744,2440.2881913245933,1.85153396495232
hires,2048,2048,128,128,7,8,4096,800.0,os,45408000.0,0.0,281018368,307757056.0,243269632.0,35127296.0,29360128.0,256499712.0,243507200.0,409600.0,12582912.0,64634224.64000001,5129559133.388801,740690650.7264,504053943.50079995,6374303727.616,38961152000.0,65536000.0,2013265920.0,41039953920.0,47478891872.256004,4.390912,accelergy,cacti,configs/cacti_sram_45nm.csv,21.085900000000002,17.167975,4,45.0,3.18224,0.795423,4302.53,11.948249145600002,160.0,160.0,45.407999999999994,0.0,47.47889187225601,2155.9215221354007,1.4243667561676803
hires,2048,2048,128,128,7,8,4096,800.0,ws,38233856.0,0.0,281018368,289424128.0,243269632.0,17152.0,46137344.0,348626944.0,302080000.0,409600.0,46137344.0,64634224.64000001,5129559133.388801,361665.3568,792084768.3583999,5922005567.104,48332800000.0,65536000.0,7381975040.0,55780311040.0,61766950831.743996,4.390912,accelergy,cacti,configs/cacti_sram_45nm.csv,21.085900000000002,17.167975,4,45.0,3.18224,0.795423,4302.53,11.948249145600002,160.0,160.0,38.233855999999996,0.0,61.766950831744,2361.58870365998,1.8530085249523198
hires,2048,2048,128,128,7,16,256,50.0,os,45640192.0,13853184.0,281018368,290193408.0,243269632.0,17563648.0,29360128.0,1656371712.0,1643545600.0,243200.0,12582912.0,64634224.64000001,1602435311.2064002,115693066.6496,135301745.86879998,1853430123.7248,262967296000.0,38912000.0,2013265920.0,265019473920.0,266937538268.3648,1.097728,accelergy,cacti,configs/cacti_sram_45nm.csv,6.5870750000000005,4.60835,4,45.0,1.14182,0.729013,270.818,0.82173726504,160.0,160.0,45.640192000000006,30.3530362010747,266.9375382683648,12183.080498575519,8.008126148050945
hires,2048,2048,128,128,7,16,256,50.0,ws,21834752.0,0.0,281018368,268452608.0,243269632.0,17152.0,25165824.0,281741824.0,256332800.0,243200.0,25165824.0,64634224.64000001,1602435311.2064002,112981.5104,115972925.0304,1718521217.7472,41013248000.0,38912000.0,4026531840.0,45078691840.0,46861847282.38721,1.097728,accelergy,cacti,configs/cacti_sram_45nm.csv,6.5870750000000005,4.60835,4,45.0,1.14182,0.729013,270.818,0.82173726504,160.0,160.0,21.834751999999998,0.0,46.86184728238721,1023.2168136727986,1.405855418471616
hires,2048,2048,128,128,7,16,256,200.0,os,31145984.0,0.0,281018368,290193408.0,243269632.0,17563648.0,29360128.0,1659174912.0,1646336000.0,256000.0,12582912.0,64634224.64000001,1602435311.2064002,115693066.6496,135301745.86879998,1853430123.7248,263413760000.0,40960000.0,2013265920.0,265467985920.0,267386050268.3648,1.097728,accelergy,cacti,configs/cacti_sram_45nm.csv,6.5870750000000005,4.60835,4,45.0,1.14182,0.729013,270.818,0.82173726504,160.0,160.0,31.145984000000002,0.0,267.3860502683648,8328.001643481686,8.021581508050945
hires,2048,2048,128,128,7,16,256,200.0,ws,21231104.0,0.0,281018368,268452608.0,243269632.0,17152.0,25165824.0,282189824.0,256768000.0,256000.0,25165824.0,64634224.64000001,1602435311.2064002,112981.5104,115972925.0304,1718521217.7472,41082880000.0,40960000.0,4026531840.0,45150371840.0,46933527282.38721,1.097728,accelergy,cacti,configs/cacti_sram_45nm.csv,6.5870750000000005,4.60835,4,45.0,1.14182,0.729013,270.818,0.82173726504,160.0,160.0,21.231104000000002,0.0,46.93352728238721,996.4505988192003,1.4080058184716162
hires,2048,2048,128,128,7,16,256,800.0,os,30985728.0,0.0,281018368,290193408.0,243269632.0,17563648.0,29360128.0,1664909312.0,1651916800.0,409600.0,12582912.0,64634224.64000001,1602435311.2064002,115693066.6496,135301745.86879998,1853430123.7248,264306688000.0,65536000.0,2013265920.0,266385489920.0,268303554268.3648,1.097728,accelergy,cacti,configs/cacti_sram_45nm.csv,6.5870750000000005,4.60835,4,45.0,1.14182,0.729013,270.818,0.82173726504,160.0,160.0,30.985728,0.0,268.3035542683648,8313.58095399279,8.049106628050945
hires,2048,2048,128,128,7,16,256,800.0,ws,21080064.0,0.0,281018368,268452608.0,243269632.0,17152.0,25165824.0,283213824.0,257638400.0,409600.0,25165824.0,64634224.64000001,1602435311.2064002,112981.5104,115972925.0304,1718521217.7472,41222144000.0,65536000.0,4026531840.0,45314211840.0,47097367282.38721,1.097728,accelergy,cacti,configs/cacti_sram_45nm.csv,6.5870750000000005,4.60835,4,45.0,1.14182,0.729013,270.818,0.82173726504,160.0,160.0,21.080064,0.0,47.097367282387204,992.8155165442283,1.412921018471616
hires,2048,2048,128,128,7,16,1024,50.0,os,33147648.0,0.0,281018368,290193408.0,243269632.0,17563648.0,29360128.0,473587712.0,460761600.0,243200.0,12582912.0,64634224.64000001,2511375800.7296,181317002.8544,259814378.7008,2952507182.2848,73721856000.0,38912000.0,2013265920.0,75774033920.0,78791175326.9248,1.097728,accelergy,cacti,configs/cacti_sram_45nm.csv,10.323425,8.849225,4,45.0,2.03065,0.431177,1188.88,3.192179885,160.0,160.0,33.147648000000004,0.0,78.7911753269248,2611.7421452431886,2.3637352598077443
hires,2048,2048,128,128,7,16,1024,50.0,ws,23950080.0,0.0,281018368,268452608.0,243269632.0,17152.0,25165824.0,327553024.0,302144000.0,243200.0,25165824.0,64634224.64000001,2511375800.7296,177067.3856,222698038.8864,2734250907.0016003,48343040000.0,38912000.0,4026531840.0,52408483840.0,55207368971.6416,1.097728,accelergy,cacti,configs/cacti_sram_45nm.csv,10.323425,8.849225,4,45.0,2.03065,0.431177,1188.88,3.192179885,160.0,160.0,23.95008,0.0,55.2073689716416,1322.220903460334,1.656221069149248
hires,2048,2048,128,128,7,16,1024,200.0,os,31486208.0,0.0,281018368,290193408.0,243269632.0,17563648.0,29360128.0,473894912.0,461056000.0,256000.0,12582912.0,64634224.64000001,2511375800.7296,181317002.8544,259814378.7008,2952507182.2848,73768960000.0,40960000.0,2013265920.0,75823185920.0,78840327326.9248,1.097728,accelergy,cacti,configs/cacti_sram_45nm.csv,10.323425,8.849225,4,45.0,2.03065,0.431177,1188.88,3.192179885,160.0,160.0,31.486208,0.0,78.84032732692481,2482.3829450036387,2.365209819807744
hires,2048,2048,128,128,7,16,1024,200.0,ws,21760000.0,0.0,281018368,268452608.0,243269632.0,17152.0,25165824.0,327757824.0,302336000.0,256000.0,25165824.0,64634224.64000001,2511375800.7296,177067.3856,222698038.8864,2734250907.0016003,48373760000.0,40960000.0,4026531840.0,52441251840.0,55240136971.6416,1.097728,accelergy,cacti,configs/cacti_sram_45nm.csv,10.323425,8.849225,4,45.0,2.03065,0.431177,1188.88,3.192179885,160.0,160.0,21.76,0.0,55.240136971641604,1202.0253805029213,1.657204109149248
hires,2048,2048,128,128,7,16,1024,800.0,os,31070976.0,0.0,281018368,290193408.0,243269632.0,17563648.0,29360128.0,475226112.0,462233600.0,409600.0,12582912.0,64634224.64000001,2511375800.7296,181317002.8544,259814378.7008,2952507182.2848,73957376000.0,65536000.0,2013265920.0,76036177920.0,79053319326.9248,1.097728,accelergy,cacti,configs/cacti_sram_45nm.csv,10.323425,8.849225,4,45.0,2.03065,0.431177,1188.88,3.192179885,160.0,160.0,31.070976,0.0,79.05331932692481,2456.263787527217,2.3715995798077443
hires,2048,2048,128,128,7,16,1024,800.0,ws,21212416.0,0.0,281018368,268452608.0,243269632.0,17152.0,25165824.0,328679424.0,303104000.0,409600.0,25165824.0,64634224.64000001,2511375800.7296,177067.3856,222698038.8864,2734250907.0016003,48496640000.0,65536000.0,4026531840.0,52588707840.0,55387592971.6416,1.097728,accelergy,cacti,configs/cacti_sram_45nm.csv,10.323425,8.849225,4,45.0,2.03065,0.431177,1188.88,3.192179885,160.0,160.0,21.212416,0.0,55.3875929716416,1174.904663353138,1.6616277891492481
hires,2048,2048,128,128,7,16,4096,50.0,os,36049664.0,0.0,281018368,290193408.0,243269632.0,17563648.0,29360128.0,256115712.0,243289600.0,243200.0,12582912.0,64634224.64000001,5129559133.388801,370345325.3632,504053943.50079995,6003958402.2528,38926336000.0,38912000.0,2013265920.0,40978513920.0,47047106546.8928,1.097728,accelergy,cacti,configs/cacti_sram_45nm.csv,21.085900000000002,17.167975,4,45.0,3.18224,0.795423,4302.53,11.948249145600002,160.0,160.0,36.049664,0.0,47.0471065468928,1696.0323831876856,1.411413196406784
hires,2048,2048,128,128,7,16,4096,50.0,ws,27706624.0,0.0,281018368,268452608.0,243269632.0,17152.0,25165824.0,334093824.0,308684800.0,243200.0,25165824.0,64634224.64000001,5129559133.388801,361665.3568,432046237.28639996,5561967036.032001,49389568000.0,38912000.0,4026531840.0,53455011840.0,59081613100.672,1.097728,accelergy,cacti,configs/cacti_sram_45nm.csv,21.085900000000002,17.167975,4,45.0,3.18224,0.795423,4302.53,11.948249145600002,160.0,160.0,27.706623999999998,0.0,59.081613100671994,1636.9520394937929,1.77244839302016
hires,2048,2048,128,128,7,16,4096,200.0,os,32211712.0,0.0,281018368,290193408.0,243269632.0,17563648.0,29360128.0,256192512.0,243353600.0,256000.0,12582912.0,64634224.64000001,5129559133.388801,370345325.3632,504053943.50079995,6003958402.2528,38936576000.0,40960000.0,2013265920.0,40990801920.0,47059394546.8928,1.097728,accelergy,cacti,configs/cacti_sram_45nm.csv,21.085900000000002,17.167975,4,45.0,3.18224,0.795423,4302.53,11.948249145600002,160.0,160.0,32.211712000000006,0.0,47.0593945468928,1515.8636640388816,1.411781836406784
hires,2048,2048,128,128,7,16,4096,200.0,ws,22699008.0,0.0,281018368,268452608.0,243269632.0,17152.0,25165824.0,334157824.0,308736000.0,256000.0,25165824.0,64634224.64000001,5129559133.388801,361665.3568,432046237.28639996,5561967036.032001,49397760000.0,40960000.0,4026531840.0,53465251840.0,59091853100.672,1.097728,accelergy,cacti,configs/cacti_sram_45nm.csv,21.085900000000002,17.167975,4,45.0,3.18224,0.795423,4302.53,11.948249145600002,160.0,160.0,22.699008,0.0,59.091853100672,1341.3264462669783,1.77275559302016
hires,2048,2048,128,128,7,16,4096,800.0,os,31252224.0,0.0,281018368,290193408.0,243269632.0,17563648.0,29360128.0,256499712.0,243507200.0,409600.0,12582912.0,64634224.64000001,5129559133.388801,370345325.3632,504053943.50079995,6003958402.2528,38961152000.0,65536000.0,2013265920.0,41039953920.0,47108546546.8928,1.097728,accelergy,cacti,configs/cacti_sram_45nm.csv,21.085900000000002,17.167975,4,45.0,3.18224,0.795423,4302.53,11.948249145600002,160.0,160.0,31.252224000000002,0.0,47.108546546892796,1472.2468489979203,1.413256396406784
hires,2048,2048,128,128,7,16,4096,800.0,ws,21446912.0,0.0,281018368,268452608.0,243269632.0,17152.0,25165824.0,334413824.0,308838400.0,409600.0,25165824.0,64634224.64000001,5129559133.388801,361665.3568,432046237.28639996,5561967036.032001,49414144000.0,65536000.0,4026531840.0,53506211840.0,59132813100.672,1.097728,accelergy,cacti,configs/cacti_sram_45nm.csv,21.085900000000002,17.167975,4,45.0,3.18224,0.795423,4302.53,11.948249145600002,160.0,160.0,21.446911999999998,0.0,59.132813100671996,1268.2162388825593,1.77398439302016
hires,2048,2048,128,128,7,32,256,50.0,os,88690688.0,63981568.0,281018368,281411584.0,243269632.0,8781824.0,29360128.0,4129472512.0,4116403200.0,486400.0,12582912.0,64634224.64000001,1602435311.2064002,57846533.3248,135301745.86879998,1795583590.4,658624512000.0,77824000.0,2013265920.0,660715601920.0,662575819735.04,0.274432,accelergy,cacti,configs/cacti_sram_45nm.csv,6.5870750000000005,4.60835,4,45.0,1.14182,0.729013,270.818,0.82173726504,160.0,160.0,88.69068800000001,72.14011915208054,662.57581973504,58764.30530446468,19.877274592051204
hires,2048,2048,128,128,7,32,256,50.0,ws,13593088.0,0.0,281018368,260064000.0,243269632.0,17152.0,16777216.0,273596416.0,256332800.0,486400.0,16777216.0,64634224.64000001,1602435311.2064002,112981.5104,77315283.3536,1679863576.0704002,41013248000.0,77824000.0,2684354560.0,43775426560.0,45519924360.7104,0.274432,accelergy,cacti,configs/cacti_sram_45nm.csv,6.5870750000000005,4.60835,4,45.0,1.14182,0.729013,270.818,0.82173726504,160.0,160.0,13.593088,0.0,45.519924360710405,618.7563375884803,1.365597730821312
hires,2048,2048,128,128,7,32,256,200.0,os,29608704.0,5540608.0,281018368,281411584.0,243269632.0,8781824.0,29360128.0,4136486912.0,4123392000.0,512000.0,12582912.0,64634224.64000001,1602435311.2064002,57846533.3248,135301745.86879998,1795583590.4,659742720000.0,81920000.0,2013265920.0,661837905920.0,663698123735.04,0.274432,accelergy,cacti,configs/cacti_sram_45nm.csv,6.5870750000000005,4.60835,4,45.0,1.14182,0.729013,270.818,0.82173726504,160.0,160.0,29.608704,18.712767705064024,663.69812373504,19651.241291026174,19.910943712051203
hires,2048,2048,128,128,7,32,256,200.0,ws,12889088.0,0.0,281018368,260064000.0,243269632.0,17152.0,16777216.0,274057216.0,256768000.0,512000.0,16777216.0,64634224.64000001,1602435311.2064002,112981.5104,77315283.3536,1679863576.0704002,41082880000.0,81920000.0,2684354560.0,43849154560.0,45593652360.7104,0.274432,accelergy,cacti,configs/cacti_sram_45nm.csv,6.5870750000000005,4.60835,4,45.0,1.14182,0.729013,270.818,0.82173726504,160.0,160.0,12.889088,0.0,45.5936523607104,587.660597518604,1.367809570821312
hires,2048,2048,128,128,7,32,256,800.0,os,23907840.0,0.0,281018368,281411584.0,243269632.0,8781824.0,29360128.0,4150566912.0,4137369600.0,614400.0,12582912.0,64634224.64000001,1602435311.2064002,57846533.3248,135301745.86879998,1795583590.4,661979136000.0,98304000.0,2013265920.0,664090705920.0,665950923735.04,0.274432,accelergy,cacti,configs/cacti_sram_45nm.csv,6.5870750000000005,4.60835,4,45.0,1.14182,0.729013,270.818,0.82173726504,160.0,160.0,23.90784,0.0,665.9509237350401,15921.44813250954,19.978527712051203
hires,2048,2048,128,128,7,32,256,800.0,ws,12712960.0,0.0,281018368,260064000.0,243269632.0,17152.0,16777216.0,275030016.0,257638400.0,614400.0,16777216.0,64634224.64000001,1602435311.2064002,112981.5104,77315283.3536,1679863576.0704002,41222144000.0,98304000.0,2684354560.0,44004802560.0,45749300360.7104,0.274432,accelergy,cacti,configs/cacti_sram_45nm.csv,6.5870750000000005,4.60835,4,45.0,1.14182,0.729013,270.818,0.82173726504,160.0,160.0,12.71296,0.0,45.7493003607104,581.6090255136969,1.372479010821312
hires,2048,2048,128,128,7,32,1024,50.0,os,26069760.0,0.0,281018368,281411584.0,243269632.0,8781824.0,29360128.0,473830912.0,460761600.0,486400.0,12582912.0,64634224.64000001,2511375800.7296,90658501.4272,259814378.7008,2861848680.8576,73721856000.0,77824000.0,2013265920.0,75812945920.0,78739428825.4976,0.274432,accelergy,cacti,configs/cacti_sram_45nm.csv,10.323425,8.849225,4,45.0,2.03065,0.431177,1188.88,3.192179885,160.0,160.0,26.069760000000002,0.0,78.7394288254976,2052.7180120178045,2.3621828647649283
hires,2048,2048,128,128,7,32,1024,50.0,ws,15407104.0,0.0,281018368,260064000.0,243269632.0,17152.0,16777216.0,319407616.0,302144000.0,486400.0,16777216.0,64634224.64000001,2511375800.7296,177067.3856,148465359.2576,2660018227.3728004,48343040000.0,77824000.0,2684354560.0,51105218560.0,53829871012.0128,0.274432,accelergy,cacti,configs/cacti_sram_45nm.csv,10.323425,8.849225,4,45.0,2.03065,0.431177,1188.88,3.192179885,160.0,160.0,15.407104,0.0,53.8298710120128,829.3624209886665,1.614896130360384
hires,2048,2048,128,128,7,32,1024,200.0,os,24408320.0,0.0,281018368,281411584.0,243269632.0,8781824.0,29360128.0,474150912.0,461056000.0,512000.0,12582912.0,64634224.64000001,2511375800.7296,90658501.4272,259814378.7008,2861848680.8576,73768960000.0,81920000.0,2013265920.0,75864145920.0,78790628825.4976,0.274432,accelergy,cacti,configs/cacti_sram_45nm.csv,10.323425,8.849225,4,45.0,2.03065,0.431177,1188.88,3.192179885,160.0,160.0,24.40832,0.0,78.7906288254976,1923.1468813739698,2.363718864764928
hires,2048,2048,128,128,7,32,1024,200.0,ws,13342720.0,0.0,281018368,260064000.0,243269632.0,17152.0,16777216.0,319625216.0,302336000.0,512000.0,16777216.0,64634224.64000001,2511375800.7296,177067.3856,148465359.2576,2660018227.3728004,48373760000.0,81920000.0,2684354560.0,51140034560.0,53864687012.0128,0.274432,accelergy,cacti,configs/cacti_sram_45nm.csv,10.323425,8.849225,4,45.0,2.03065,0.431177,1188.88,3.192179885,160.0,160.0,13.34272,0.0,53.8646870120128,718.7014366889234,1.615940610360384
hires,2048,2048,128,128,7,32,1024,800.0,os,23993088.0,0.0,281018368,281411584.0,243269632.0,8781824.0,29360128.0,475430912.0,462233600.0,614400.0,12582912.0,64634224.64000001,2511375800.7296,90658501.4272,259814378.7008,2861848680.8576,73957376000.0,98304000.0,2013265920.0,76068945920.0,78995428825.4976,0.274432,accelergy,cacti,configs/cacti_sram_45nm.csv,10.323425,8.849225,4,45.0,2.03065,0.431177,1188.88,3.192179885,160.0,160.0,23.993088,0.0,78.9954288254976,1895.3442754079006,2.369862864764928
hires,2048,2048,128,128,7,32,1024,800.0,ws,12826624.0,0.0,281018368,260064000.0,243269632.0,17152.0,16777216.0,320495616.0,303104000.0,614400.0,16777216.0,64634224.64000001,2511375800.7296,177067.3856,148465359.2576,2660018227.3728004,48496640000.0,98304000.0,2684354560.0,51279298560.0,54003951012.0128,0.274432,accelergy,cacti,configs/cacti_sram_45nm.csv,10.323425,8.849225,4,45.0,2.03065,0.431177,1188.88,3.192179885,160.0,160.0,12.826624,0.0,54.0039510120128,692.6883741455077,1.620118530360384
hires,2048,2048,128,128,7,32,4096,50.0,os,28971776.0,0.0,281018368,281411584.0,243269632.0,8781824.0,29360128.0,256358912.0,243289600.0,486400.0,12582912.0,64634224.64000001,5129559133.388801,185172662.6816,504053943.50079995,5818785739.5712,38926336000.0,77824000.0,2013265920.0,41017425920.0,46900845884.211205,0.274432,accelergy,cacti,configs/cacti_sram_45nm.csv,21.085900000000002,17.167975,4,45.0,3.18224,0.795423,4302.53,11.948249145600002,160.0,160.0,28.971776000000002,0.0,46.90084588421121,1358.8008011678892,1.407025376526336
hires,2048,2048,128,128,7,32,4096,50.0,ws,20505856.0,0.0,281018368,260064000.0,243269632.0,17152.0,16777216.0,393058816.0,375795200.0,486400.0,16777216.0,64634224.64000001,5129559133.388801,361665.3568,288030824.8576,5417951623.6032,60127232000.0,77824000.0,2684354560.0,62889410560.0,68371996408.243195,0.274432,accelergy,cacti,configs/cacti_sram_45nm.csv,21.085900000000002,17.167975,4,45.0,3.18224,0.795423,4302.53,11.948249145600002,160.0,160.0,20.505855999999998,0.0,68.37199640824319,1402.026312779952,2.051159892247296
hires,2048,2048,128,128,7,32,4096,200.0,os,25133824.0,0.0,281018368,281411584.0,243269632.0,8781824.0,29360128.0,256448512.0,243353600.0,512000.0,12582912.0,64634224.64000001,5129559133.388801,185172662.6816,504053943.50079995,5818785739.5712,38936576000.0,81920000.0,2013265920.0,41031761920.0,46915181884.211205,0.274432,accelergy,cacti,configs/cacti_sram_45nm.csv,21.085900000000002,17.167975,4,45.0,3.18224,0.795423,4302.53,11.948249145600002,160.0,160.0,25.133824,0.0,46.91518188421121,1179.157924405753,1.4074554565263362
hires,2048,2048,128,128,7,32,4096,200.0,ws,14617344.0,0.0,281018368,260064000.0,243269632.0,17152.0,16777216.0,393148416.0,375859200.0,512000.0,16777216.0,64634224.64000001,5129559133.388801,361665.3568,288030824.8576,5417951623.6032,60137472000.0,81920000.0,2684354560.0,62903746560.0,68386332408.243195,0.274432,accelergy,cacti,configs/cacti_sram_45nm.csv,21.085900000000002,17.167975,4,45.0,3.18224,0.795423,4302.53,11.948249145600002,160.0,160.0,14.617344000000001,0.0,68.38633240824319,999.6265457096392,2.051589972247296
hires,2048,2048,128,128,7,32,4096,800.0,os,24174336.0,0.0,281018368,281411584.0,243269632.0,8781824.0,29360128.0,256704512.0,243507200.0,614400.0,12582912.0,64634224.64000001,5129559133.388801,185172662.6816,504053943.50079995,5818785739.5712,38961152000.0,98304000.0,2013265920.0,41072721920.0,46956141884.211205,0.274432,accelergy,cacti,configs/cacti_sram_45nm.csv,21.085900000000002,17.167975,4,45.0,3.18224,0.795423,4302.53,11.948249145600002,160.0,160.0,24.174336,0.0,46.956141884211206,1135.1335511725947,1.4086842565263362
hires,2048,2048,128,128,7,32,4096,800.0,ws,13145088.0,0.0,281018368,260064000.0,243269632.0,17152.0,16777216.0,393404416.0,376012800.0,614400.0,16777216.0,64634224.64000001,5129559133.388801,361665.3568,288030824.8576,5417951623.6032,60162048000.0,98304000.0,2684354560.0,62944706560.0,68427292408.243195,0.274432,accelergy,cacti,configs/cacti_sram_45nm.csv,21.085900000000002,17.167975,4,45.0,3.18224,0.795423,4302.53,11.948249145600002,160.0,160.0,13.145088,0.0,68.42729240824319,899.4827803080886,2.0528187722472957
hires,2048,2048,128,128,7,64,256,50.0,os,161933056.0,140762880.0,281018368,277020672.0,243269632.0,4390912.0,29360128.0,7824154112.0,7810611200.0,960000.0,12582912.0,64634224.64000001,1602435311.2064002,28923266.6624,135301745.86879998,1766660323.7375998,1249697792000.0,153600000.0,2013265920.0,1251864657920.0,1253695952468.3777,0.08388608,accelergy,cacti,configs/cacti_sram_45nm.csv,6.5870750000000005,4.60835,4,45.0,1.14182,0.729013,270.818,0.82173726504,160.0,160.0,161.933056,86.92658773758953,1253.6959524683778,203014.81687803514,37.61087857405133
hires,2048,2048,128,128,7,64,256,50.0,ws,9339904.0,0.0,281018368,255869696.0,243269632.0,17152.0,12582912.0,269875712.0,256332800.0,960000.0,12582912.0,64634224.64000001,1602435311.2064002,112981.5104,57986462.5152,1660534755.2319999,41013248000.0,153600000.0,2013265920.0,43180113920.0,44905282899.871994,0.08388608,accelergy,cacti,configs/cacti_sram_45nm.csv,6.5870750000000005,4.60835,4,45.0,1.14182,0.729013,270.818,0.82173726504,160.0,160.0,9.339903999999999,0.0,44.90528289987199,419.41103137764594,1.34715848699616
hires,2048,2048,128,128,7,64,256,200.0,os,47295744.0,26766592.0,281018368,277020672.0,243269632.0,4390912.0,29360128.0,7837427712.0,7823872000.0,972800.0,12582912.0,64634224.64000001,1602435311.2064002,28923266.6624,135301745.86879998,1766660323.7375998,1251819520000.0,155648000.0,2013265920.0,1253988433920.0,1255819728468.3777,0.068608,accelergy,cacti,configs/cacti_sram_45nm.csv,6.5870750000000005,4.60835,4,45.0,1.14182,0.729013,270.818,0.82173726504,160.0,160.0,47.295744,56.59408170003627,1255.8197284683777,59394.9283877899,37.67459185405133
hires,2048,2048,128,128,7,64,256,200.0,ws,8698880.0,0.0,281018368,255869696.0,243269632.0,17152.0,12582912.0,270323712.0,256768000.0,972800.0,12582912.0,64634224.64000001,1602435311.2064002,112981.5104,57986462.5152,1660534755.2319999,41082880000.0,155648000.0,2013265920.0,43251793920.0,44976962899.871994,0.068608,accelergy,cacti,configs/cacti_sram_45nm.csv,6.5870750000000005,4.60835,4,45.0,1.14182,0.729013,270.818,0.82173726504,160.0,160.0,8.69888,0.0,44.97696289987199,391.24920303043854,1.3493088869961598
hires,2048,2048,128,128,7,64,256,800.0,os,20368896.0,0.0,281018368,277020672.0,243269632.0,4390912.0,29360128.0,7864000512.0,7850393600.0,1024000.0,12582912.0,64634224.64000001,1602435311.2064002,28923266.6624,135301745.86879998,1766660323.7375998,1256062976000.0,163840000.0,2013265920.0,1258240081920.0,1260071376468.3777,0.068608,accelergy,cacti,configs/cacti_sram_45nm.csv,6.5870750000000005,4.60835,4,45.0,1.14182,0.729013,270.818,0.82173726504,160.0,160.0,20.368896,0.0,1260.0713764683776,25666.26281986123,37.80214129405133
hires,2048,2048,128,128,7,64,256,800.0,ws,8538624.0,0.0,281018368,255869696.0,243269632.0,17152.0,12582912.0,271245312.0,257638400.0,1024000.0,12582912.0,64634224.64000001,1602435311.2064002,112981.5104,57986462.5152,1660534755.2319999,41222144000.0,163840000.0,2013265920.0,43399249920.0,45124418899.871994,0.068608,accelergy,cacti,configs/cacti_sram_45nm.csv,6.5870750000000005,4.60835,4,45.0,1.14182,0.729013,270.818,0.82173726504,160.0,160.0,8.538624,0.0,45.12441889987199,385.3004462045006,1.35373256699616
hires,2048,2048,128,128,7,64,1024,50.0,os,35551744.0,13020928.0,281018368,277020672.0,243269632.0,4390912.0,29360128.0,1320307712.0,1306764800.0,960000.0,12582912.0,64634224.64000001,2511375800.7296,45329250.7136,259814378.7008,2816519430.144,209082368000.0,153600000.0,2013265920.0,211249233920.0,214130387574.784,0.08388608,accelergy,cacti,configs/cacti_sram_45nm.csv,10.323425,8.849225,4,45.0,2.03065,0.431177,1188.88,3.192179885,160.0,160.0,35.55174400000001,36.625286230683926,214.130387574784,7612.7087216795035,6.42391162724352
hires,2048,2048,128,128,7,64,1024,50.0,ws,11153920.0,0.0,281018368,255869696.0,243269632.0,17152.0,12582912.0,315686912.0,302144000.0,960000.0,12582912.0,64634224.64000001,2511375800.7296,177067.3856,111349019.4432,2622901887.5584,48343040000.0,153600000.0,2013265920.0,50509905920.0,53197442032.1984,0.08388608,accelergy,cacti,configs/cacti_sram_45nm.csv,10.323425,8.849225,4,45.0,2.03065,0.431177,1188.88,3.192179885,160.0,160.0,11.15392,0.0,53.1974420321984,593.3600126317784,1.5959232609659522
hires,2048,2048,128,128,7,64,1024,200.0,os,20869376.0,0.0,281018368,277020672.0,243269632.0,4390912.0,29360128.0,1321152512.0,1307596800.0,972800.0,12582912.0,64634224.64000001,2511375800.7296,45329250.7136,259814378.7008,2816519430.144,209215488000.0,155648000.0,2013265920.0,211384401920.0,214265555574.784,0.068608,accelergy,cacti,configs/cacti_sram_45nm.csv,10.323425,8.849225,4,45.0,2.03065,0.431177,1188.88,3.192179885,160.0,160.0,20.869376,0.0,214.265555574784,4471.588443139063,6.42796666724352
hires,2048,2048,128,128,7,64,1024,200.0,ws,9152512.0,0.0,281018368,255869696.0,243269632.0,17152.0,12582912.0,315891712.0,302336000.0,972800.0,12582912.0,64634224.64000001,2511375800.7296,177067.3856,111349019.4432,2622901887.5584,48373760000.0,155648000.0,2013265920.0,50542673920.0,53230210032.1984,0.068608,accelergy,cacti,configs/cacti_sram_45nm.csv,10.323425,8.849225,4,45.0,2.03065,0.431177,1188.88,3.192179885,160.0,160.0,9.152512,0.0,53.2302100321984,487.1901360822162,1.596906300965952
hires,2048,2048,128,128,7,64,1024,800.0,os,20454144.0,0.0,281018368,277020672.0,243269632.0,4390912.0,29360128.0,1324531712.0,1310924800.0,1024000.0,12582912.0,64634224.64000001,2511375800.7296,45329250.7136,259814378.7008,2816519430.144,209747968000.0,163840000.0,2013265920.0,211925073920.0,214806227574.784,0.068608,accelergy,cacti,configs/cacti_sram_45nm.csv,10.323425,8.849225,4,45.0,2.03065,0.431177,1188.88,3.192179885,160.0,160.0,20.454144,0.0,214.806227574784,4393.677510911402,6.444186827243519
hires,2048,2048,128,128,7,64,1024,800.0,ws,8652288.0,0.0,281018368,255869696.0,243269632.0,17152.0,12582912.0,316710912.0,303104000.0,1024000.0,12582912.0,64634224.64000001,2511375800.7296,177067.3856,111349019.4432,2622901887.5584,48496640000.0,163840000.0,2013265920.0,50673745920.0,53361282032.1984,0.068608,accelergy,cacti,configs/cacti_sram_45nm.csv,10.323425,8.849225,4,45.0,2.03065,0.431177,1188.88,3.192179885,160.0,160.0,8.652287999999999,0.0,53.3612820321984,461.6971801918058,1.600838460965952
hires,2048,2048,128,128,7,64,4096,50.0,os,25432832.0,0.0,281018368,277020672.0,243269632.0,4390912.0,29360128.0,256832512.0,243289600.0,960000.0,12582912.0,64634224.64000001,5129559133.388801,92586331.3408,504053943.50079995,5726199408.2304,38926336000.0,153600000.0,2013265920.0,41093201920.0,46884035552.8704,0.08388608,accelergy,cacti,configs/cacti_sram_45nm.csv,21.085900000000002,17.167975,4,45.0,3.18224,0.795423,4302.53,11.948249145600002,160.0,160.0,25.432831999999998,0.0,46.8840355528704,1192.39379969818,1.406521066586112
hires,2048,2048,128,128,7,64,4096,50.0,ws,18399744.0,0.0,281018368,255869696.0,243269632.0,17152.0,12582912.0,496691712.0,483148800.0,960000.0,12582912.0,64634224.64000001,5129559133.388801,361665.3568,216023118.64319998,5345943917.388801,77303808000.0,153600000.0,2013265920.0,79470673920.0,84881252062.02881,0.08388608,accelergy,cacti,configs/cacti_sram_45nm.csv,21.085900000000002,17.167975,4,45.0,3.18224,0.795423,4302.53,11.948249145600002,160.0,160.0,18.399744,0.0,84.8812520620288,1561.793308340802,2.546437561860864
hires,2048,2048,128,128,7,64,4096,200.0,os,21594880.0,0.0,281018368,277020672.0,243269632.0,4390912.0,29360128.0,256909312.0,243353600.0,972800.0,12582912.0,64634224.64000001,5129559133.388801,92586331.3408,504053943.50079995,5726199408.2304,38936576000.0,155648000.0,2013265920.0,41105489920.0,46896323552.8704,0.068608,accelergy,cacti,configs/cacti_sram_45nm.csv,21.085900000000002,17.167975,4,45.0,3.18224,0.795423,4302.53,11.948249145600002,160.0,160.0,21.59488,0.0,46.8963235528704,1012.72047956541,1.4068897065861121
hires,2048,2048,128,128,7,64,4096,200.0,ws,10963968.0,0.0,281018368,255869696.0,243269632.0,17152.0,12582912.0,496781312.0,483225600.0,972800.0,12582912.0,64634224.64000001,5129559133.388801,361665.3568,216023118.64319998,5345943917.388801,77316096000.0,155648000.0,2013265920.0,79485009920.0,84895588062.02881,0.068608,accelergy,cacti,configs/cacti_sram_45nm.csv,21.085900000000002,17.167975,4,45.0,3.18224,0.795423,4302.53,11.948249145600002,160.0,160.0,10.963968,0.0,84.8955880620288,930.7925108532659,2.5468676418608642
hires,2048,2048,128,128,7,64,4096,800.0,os,20635392.0,0.0,281018368,277020672.0,243269632.0,4390912.0,29360128.0,257114112.0,243507200.0,1024000.0,12582912.0,64634224.64000001,5129559133.388801,92586331.3408,504053943.50079995,5726199408.2304,38961152000.0,163840000.0,2013265920.0,41138257920.0,46929091552.8704,0.068608,accelergy,cacti,configs/cacti_sram_45nm.csv,21.085900000000002,17.167975,4,45.0,3.18224,0.795423,4302.53,11.948249145600002,160.0,160.0,20.635392,0.0,46.929091552870396,968.4002003973693,1.407872746586112
hires,2048,2048,128,128,7,64,4096,800.0,ws,9104896.0,0.0,281018368,255869696.0,243269632.0,17152.0,12582912.0,496934912.0,483328000.0,1024000.0,12582912.0,64634224.64000001,5129559133.388801,361665.3568,216023118.64319998,5345943917.388801,77332480000.0,163840000.0,2013265920.0,79509585920.0,84920164062.02881,0.068608,accelergy,cacti,configs/cacti_sram_45nm.csv,21.085900000000002,17.167975,4,45.0,3.18224,0.795423,4302.53,11.948249145600002,160.0,160.0,9.104896,0.0,84.9201640620288,773.1892620877098,2.5476049218608643
hires,2048,2048,128,128,7,128,256,50.0,os,161908992.0,142508288.0,281018368,274825216.0,243269632.0,2195456.0,29360128.0,7825114112.0,7810611200.0,1920000.0,12582912.0,64634224.64000001,1602435311.2064002,14461633.3312,135301745.86879998,1752198690.4064,1249697792000.0,307200000.0,2013265920.0,1252018257920.0,1253835090835.0464,0.08388608,accelergy,cacti,configs/cacti_sram_45nm.csv,6.5870750000000005,4.60835,4,45.0,1.14182,0.729013,270.818,0.82173726504,160.0,160.0,161.908992,88.0175253021154,1253.8350908350465,203007.17569133083,37.61505272505139
hires,2048,2048,128,128,7,128,256,50.0,ws,9438208.0,0.0,281018368,255869696.0,243269632.0,17152.0,12582912.0,270835712.0,256332800.0,1920000.0,12582912.0,64634224.64000001,1602435311.2064002,112981.5104,57986462.5152,1660534755.2319999,41013248000.0,307200000.0,2013265920.0,43333713920.0,45058882899.871994,0.08388608,accelergy,cacti,configs/cacti_sram_45nm.csv,6.5870750000000005,4.60835,4,45.0,1.14182,0.729013,270.818,0.82173726504,160.0,160.0,9.438208,0.0,45.058882899871996,425.2751090566351,1.3517664869961599
hires,2048,2048,128,128,7,128,256,200.0,os,47099136.0,28339456.0,281018368,274825216.0,243269632.0,2195456.0,29360128.0,7838400512.0,7823872000.0,1945600.0,12582912.0,64634224.64000001,1602435311.2064002,14461633.3312,135301745.86879998,1752198690.4064,1251819520000.0,311296000.0,2013265920.0,1254144081920.0,1255960914835.0464,0.02097152,accelergy,cacti,configs/cacti_sram_45nm.csv,6.5870750000000005,4.60835,4,45.0,1.14182,0.729013,270.818,0.82173726504,160.0,160.0,47.099136,60.169800142406004,1255.9609148350464,59154.67393850027,37.67882744505139
hires,2048,2048,128,128,7,128,256,200.0,ws,8797184.0,0.0,281018368,255869696.0,243269632.0,17152.0,12582912.0,271296512.0,256768000.0,1945600.0,12582912.0,64634224.64000001,1602435311.2064002,112981.5104,57986462.5152,1660534755.2319999,41082880000.0,311296000.0,2013265920.0,43407441920.0,45132610899.871994,0.02097152,accelergy,cacti,configs/cacti_sram_45nm.csv,6.5870750000000005,4.60835,4,45.0,1.14182,0.729013,270.818,0.82173726504,160.0,160.0,8.797184,0.0,45.13261089987199,397.0398824865795,1.3539783269961598
hires,2048,2048,128,128,7,128,256,800.0,os,18599424.0,0.0,281018368,274825216.0,243269632.0,2195456.0,29360128.0,7865024512.0,7850393600.0,2048000.0,12582912.0,64634224.64000001,1602435311.2064002,14461633.3312,135301745.86879998,1752198690.4064,1256062976000.0,327680000.0,2013265920.0,1258403921920.0,1260220754835.0464,0.017152,accelergy,cacti,configs/cacti_sram_45nm.csv,6.5870750000000005,4.60835,4,45.0,1.14182,0.729013,270.818,0.82173726504,160.0,160.0,18.599424,0.0,1260.2207548350464,23439.380152777077,37.80662264505139
hires,2048,2048,128,128,7,128,256,800.0,ws,8636928.0,0.0,281018368,255869696.0,243269632.0,17152.0,12582912.0,272269312.0,257638400.0,2048000.0,12582912.0,64634224.64000001,1602435311.2064002,112981.5104,57986462.5152,1660534755.2319999,41222144000.0,327680000.0,2013265920.0,43563089920.0,45288258899.871994,0.017152,accelergy,cacti,configs/cacti_sram_45nm.csv,6.5870750000000005,4.60835,4,45.0,1.14182,0.729013,270.818,0.82173726504,160.0,160.0,8.636928000000001,0.0,45.28825889987199,391.1514313635536,1.3586477669961599
hires,2048,2048,128,128,7,128,1024,50.0,os,35396608.0,14635264.0,281018368,274825216.0,243269632.0,2195456.0,29360128.0,1321267712.0,1306764800.0,1920000.0,12582912.0,64634224.64000001,2511375800.7296,22664625.3568,259814378.7008,2793854804.7872,209082368000.0,307200000.0,2013265920.0,211402833920.0,214261322949.42722,0.08388608,accelergy,cacti,configs/cacti_sram_45nm.csv,10.323425,8.849225,4,45.0,2.03065,0.431177,1188.88,3.192179885,160.0,160.0,35.396608,41.34651546272457,214.2613229494272,7584.124058002279,6.427839688482816
hires,2048,2048,128,128,7,128,1024,50.0,ws,11252224.0,0.0,281018368,255869696.0,243269632.0,17152.0,12582912.0,316646912.0,302144000.0,1920000.0,12582912.0,64634224.64000001,2511375800.7296,177067.3856,111349019.4432,2622901887.5584,48343040000.0,307200000.0,2013265920.0,50663505920.0,53351042032.1984,0.08388608,accelergy,cacti,configs/cacti_sram_45nm.csv,10.323425,8.849225,4,45.0,2.03065,0.431177,1188.88,3.192179885,160.0,160.0,11.252224,0.0,53.3510420321984,600.3178755797117,1.600531260965952
hires,2048,2048,128,128,7,128,1024,200.0,os,19099904.0,0.0,281018368,274825216.0,243269632.0,2195456.0,29360128.0,1322125312.0,1307596800.0,1945600.0,12582912.0,64634224.64000001,2511375800.7296,22664625.3568,259814378.7008,2793854804.7872,209215488000.0,311296000.0,2013265920.0,211540049920.0,214398538949.42722,0.02097152,accelergy,cacti,configs/cacti_sram_45nm.csv,10.323425,8.849225,4,45.0,2.03065,0.431177,1188.88,3.192179885,160.0,160.0,19.099904000000002,0.0,214.3985389494272,4094.991511674321,6.431956168482817
hires,2048,2048,128,128,7,128,1024,200.0,ws,9250816.0,0.0,281018368,255869696.0,243269632.0,17152.0,12582912.0,316864512.0,302336000.0,1945600.0,12582912.0,64634224.64000001,2511375800.7296,177067.3856,111349019.4432,2622901887.5584,48373760000.0,311296000.0,2013265920.0,50698321920.0,53385858032.1984,0.02097152,accelergy,cacti,configs/cacti_sram_45nm.csv,10.323425,8.849225,4,45.0,2.03065,0.431177,1188.88,3.192179885,160.0,160.0,9.250816,0.0,53.3858580321984,493.86274965798947,1.6015757409659521
hires,2048,2048,128,128,7,128,1024,800.0,os,18684672.0,0.0,281018368,274825216.0,243269632.0,2195456.0,29360128.0,1325555712.0,1310924800.0,2048000.0,12582912.0,64634224.64000001,2511375800.7296,22664625.3568,259814378.7008,2793854804.7872,209747968000.0,327680000.0,2013265920.0,212088913920.0,214947402949.42722,0.017152,accelergy,cacti,configs/cacti_sram_45nm.csv,10.323425,8.849225,4,45.0,2.03065,0.431177,1188.88,3.192179885,160.0,160.0,18.684672,0.0,214.94740294942721,4016.22172136188,6.4484220884828165
hires,2048,2048,128,128,7,128,1024,800.0,ws,8750592.0,0.0,281018368,255869696.0,243269632.0,17152.0,12582912.0,317734912.0,303104000.0,2048000.0,12582912.0,64634224.64000001,2511375800.7296,177067.3856,111349019.4432,2622901887.5584,48496640000.0,327680000.0,2013265920.0,50837585920.0,53525122032.1984,0.017152,accelergy,cacti,configs/cacti_sram_45nm.csv,10.323425,8.849225,4,45.0,2.03065,0.431177,1188.88,3.192179885,160.0,160.0,8.750592,0.0,53.525122032198404,468.37650465397905,1.6057536609659522
hires,2048,2048,128,128,7,128,4096,50.0,os,23663360.0,0.0,281018368,274825216.0,243269632.0,2195456.0,29360128.0,257792512.0,243289600.0,1920000.0,12582912.0,64634224.64000001,5129559133.388801,46293165.6704,504053943.50079995,5679906242.56,38926336000.0,307200000.0,2013265920.0,41246801920.0,46991342387.2,0.08388608,accelergy,cacti,configs/cacti_sram_45nm.csv,21.085900000000002,17.167975,4,45.0,3.18224,0.795423,4302.53,11.948249145600002,160.0,160.0,23.66336,0.0,46.9913423872,1111.973051791573,1.409740271616
hires,2048,2048,128,128,7,128,4096,50.0,ws,18498048.0,0.0,281018368,255869696.0,243269632.0,17152.0,12582912.0,497651712.0,483148800.0,1920000.0,12582912.0,64634224.64000001,5129559133.388801,361665.3568,216023118.64319998,5345943917.388801,77303808000.0,307200000.0,2013265920.0,79624273920.0,85034852062.02881,0.08388608,accelergy,cacti,configs/cacti_sram_45nm.csv,21.085900000000002,17.167975,4,45.0,3.18224,0.795423,4302.53,11.948249145600002,160.0,160.0,18.498048,0.0,85.0348520620288,1572.9787751163078,2.5510455618608643
hires,2048,2048,128,128,7,128,4096,200.0,os,19825408.0,0.0,281018368,274825216.0,243269632.0,2195456.0,29360128.0,257882112.0,243353600.0,1945600.0,12582912.0,64634224.64000001,5129559133.388801,46293165.6704,504053943.50079995,5679906242.56,38936576000.0,311296000.0,2013265920.0,41261137920.0,47005678387.2,0.02097152,accelergy,cacti,configs/cacti_sram_45nm.csv,21.085900000000002,17.167975,4,45.0,3.18224,0.795423,4302.53,11.948249145600002,160.0,160.0,19.825408,0.0,47.0056783872,931.9067523430219,1.410170351616
hires,2048,2048,128,128,7,128,4096,200.0,ws,11062272.0,0.0,281018368,255869696.0,243269632.0,17152.0,12582912.0,497754112.0,483225600.0,1945600.0,12582912.0,64634224.64000001,5129559133.388801,361665.3568,216023118.64319998,5345943917.388801,77316096000.0,311296000.0,2013265920.0,79640657920.0,85051236062.02881,0.02097152,accelergy,cacti,configs/cacti_sram_45nm.csv,21.085900000000002,17.167975,4,45.0,3.18224,0.795423,4302.53,11.948249145600002,160.0,160.0,11.062272,0.0,85.0512360620288,940.8599072543716,2.5515370818608645
hires,2048,2048,128,128,7,128,4096,800.0,os,18865920.0,0.0,281018368,274825216.0,243269632.0,2195456.0,29360128.0,258138112.0,243507200.0,2048000.0,12582912.0,64634224.64000001,5129559133.388801,46293165.6704,504053943.50079995,5679906242.56,38961152000.0,327680000.0,2013265920.0,41302097920.0,47046638387.2,0.017152,accelergy,cacti,configs/cacti_sram_45nm.csv,21.085900000000002,17.167975,4,45.0,3.18224,0.795423,4302.53,11.948249145600002,160.0,160.0,18.865920000000003,0.0,47.0466383872,887.5781160818443,1.411399151616
hires,2048,2048,128,128,7,128,4096,800.0,ws,9203200.0,0.0,281018368,255869696.0,243269632.0,17152.0,12582912.0,497958912.0,483328000.0,2048000.0,12582912.0,64634224.64000001,5129559133.388801,361665.3568,216023118.64319998,5345943917.388801,77332480000.0,327680000.0,2013265920.0,79673425920.0,85084004062.02881,0.017152,accelergy,cacti,configs/cacti_sram_45nm.csv,21.085900000000002,17.167975,4,45.0,3.18224,0.795423,4302.53,11.948249145600002,160.0,160.0,9.2032,0.0,85.08400406202881,783.0451061836636,2.5525201218608644
hires,2048,2048,128,128,11,8,256,50.0,os,83691520.0,0.0,583008256,647495680.0,545259520.0,72876032.0,29360128.0,1656410112.0,1643545600.0,281600.0,12582912.0,134091898.88000001,3591665352.7040005,480039888.48640007,135301745.86879998,4207006987.0592003,262967296000.0,45056000.0,2013265920.0,265025617920.0,269366716805.9392,9.109504,accelergy,cacti,configs/cacti_sram_45nm.csv,6.5870750000000005,4.60835,4,45.0,1.14182,0.729013,270.818,0.82173726504,160.0,160.0,83.69152000000001,0.0,269.36671680593923,22543.7099668986,8.081001504178175
hires,2048,2048,128,128,11,8,256,50.0,ws,76371712.0,0.0,583008256,629181184.0,545259520.0,35584.0,83886080.0,642068480.0,557900800.0,281600.0,83886080.0,134091898.88000001,3591665352.7040005,234394.47680000003,386576416.768,3978476163.9488006,89264128000.0,45056000.0,13421772800.0,102730956800.0,106843524862.8288,9.109504,accelergy,cacti,configs/cacti_sram_45nm.csv,6.5870750000000005,4.60835,4,45.0,1.14182,0.729013,270.818,0.82173726504,160.0,160.0,76.37171199999999,0.0,106.8435248628288,8159.8229098888,3.2053057458848637
hires,2048,2048,128,128,11,8,256,200.0,os,83050496.0,0.0,583008256,647495680.0,545259520.0,72876032.0,29360128.0,1659226112.0,1646336000.0,307200.0,12582912.0,134091898.88000001,3591665352.7040005,480039888.48640007,135301745.86879998,4207006987.0592003,263413760000.0,49152000.0,2013265920.0,265476177920.0,269817276805.9392,9.109504,accelergy,cacti,configs/cacti_sram_45nm.csv,6.5870750000000005,4.60835,4,45.0,1.14182,0.729013,270.818,0.82173726504,160.0,160.0,83.050496,0.0,269.81727680593923,22408.458668102547,8.094518304178175
hires,2048,2048,128,128,11,8,256,200.0,ws,75791872.0,0.0,583008256,629181184.0,545259520.0,35584.0,83886080.0,643041280.0,558848000.0,307200.0,83886080.0,134091898.88000001,3591665352.7040005,234394.47680000003,386576416.768,3978476163.9488006,89415680000.0,49152000.0,13421772800.0,102886604800.0,106999172862.8288,9.109504,accelergy,cacti,configs/cacti_sram_45nm.csv,6.5870750000000005,4.60835,4,45.0,1.14182,0.729013,270.818,0.82173726504,160.0,160.0,75.791872,0.0,106.9991728628288,8109.6676137253935,3.209975185884864
hires,2048,2048,128,128,11,8,256,800.0,os,82890240.0,0.0,583008256,647495680.0,545259520.0,72876032.0,29360128.0,1665114112.0,1651916800.0,614400.0,12582912.0,134091898.88000001,3591665352.7040005,480039888.48640007,135301745.86879998,4207006987.0592003,264306688000.0,98304000.0,2013265920.0,266418257920.0,270759356805.9392,9.109504,accelergy,cacti,configs/cacti_sram_45nm.csv,6.5870750000000005,4.60835,4,45.0,1.14182,0.729013,270.818,0.82173726504,160.0,160.0,82.89024,0.0,270.7593568059392,22443.308067889935,8.122780704178176
hires,2048,2048,128,128,11,8,256,800.0,ws,75646720.0,0.0,583008256,629181184.0,545259520.0,35584.0,83886080.0,645242880.0,560742400.0,614400.0,83886080.0,134091898.88000001,3591665352.7040005,234394.47680000003,386576416.768,3978476163.9488006,89718784000.0,98304000.0,13421772800.0,103238860800.0,107351428862.8288,9.109504,accelergy,cacti,configs/cacti_sram_45nm.csv,6.5870750000000005,4.60835,4,45.0,1.14182,0.729013,270.818,0.82173726504,160.0,160.0,75.64672,0.0,107.3514288628288,8120.783480786328,3.220542865884864
hires,2048,2048,128,128,11,8,1024,50.0,os,85052160.0,0.0,583008256,647495680.0,545259520.0,72876032.0,29360128.0,1077914112.0,1065049600.0,281600.0,12582912.0,134091898.88000001,5628945760.256,752330250.6496,259814378.7008,6641090389.6064,170407936000.0,45056000.0,2013265920.0,172466257920.0,179241440208.4864,9.109504,accelergy,cacti,configs/cacti_sram_45nm.csv,10.323425,8.849225,4,45.0,2.03065,0.431177,1188.88,3.192179885,160.0,160.0,85.05216,0.0,179.24144020848638,15244.871651242616,5.377243206254592
hires,2048,2048,128,128,11,8,1024,50.0,ws,78484480.0,0.0,583008256,629181184.0,545259520.0,35584.0,83886080.0,688455680.0,604288000.0,281600.0,83886080.0,134091898.88000001,5628945760.256,367348.7552,742326796.2880001,6371639905.2992,96686080000.0,45056000.0,13421772800.0,110152908800.0,116658640604.1792,9.109504,accelergy,cacti,configs/cacti_sram_45nm.csv,10.323425,8.849225,4,45.0,2.03065,0.431177,1188.88,3.192179885,160.0,160.0,78.48447999999999,0.0,116.6586406041792,9155.89274532589,3.499759218125376
hires,2048,2048,128,128,11,8,1024,200.0,os,83390720.0,0.0,583008256,647495680.0,545259520.0,72876032.0,29360128.0,1078618112.0,1065728000.0,307200.0,12582912.0,134091898.88000001,5628945760.256,752330250.6496,259814378.7008,6641090389.6064,170516480000.0,49152000.0,2013265920.0,172578897920.0,179354080208.4864,9.109504,accelergy,cacti,configs/cacti_sram_45nm.csv,10.323425,8.849225,4,45.0,2.03065,0.431177,1188.88,3.192179885,160.0,160.0,83.39072,0.0,179.35408020848638,14956.46588352343,5.3806224062545915
hires,2048,2048,128,128,11,8,1024,200.0,ws,76320000.0,0.0,583008256,629181184.0,545259520.0,35584.0,83886080.0,688865280.0,604672000.0,307200.0,83886080.0,134091898.88000001,5628945760.256,367348.7552,742326796.2880001,6371639905.2992,96747520000.0,49152000.0,13421772800.0,110218444800.0,116724176604.1792,9.109504,accelergy,cacti,configs/cacti_sram_45nm.csv,10.323425,8.849225,4,45.0,2.03065,0.431177,1188.88,3.192179885,160.0,160.0,76.32,0.0,116.7241766041792,8908.389158430957,3.501725298125376
hires,2048,2048,128,128,11,8,1024,800.0,os,82975488.0,0.0,583008256,647495680.0,545259520.0,72876032.0,29360128.0,1081638912.0,1068441600.0,614400.0,12582912.0,134091898.88000001,5628945760.256,752330250.6496,259814378.7008,6641090389.6064,170950656000.0,98304000.0,2013265920.0,173062225920.0,179837408208.4864,9.109504,accelergy,cacti,configs/cacti_sram_45nm.csv,10.323425,8.849225,4,45.0,2.03065,0.431177,1188.88,3.192179885,160.0,160.0,82.975488,0.0,179.83740820848638,14922.096706754362,5.395122246254592
hires,2048,2048,128,128,11,8,1024,800.0,ws,75778816.0,0.0,583008256,629181184.0,545259520.0,35584.0,83886080.0,690708480.0,606208000.0,614400.0,83886080.0,134091898.88000001,5628945760.256,367348.7552,742326796.2880001,6371639905.2992,96993280000.0,98304000.0,13421772800.0,110513356800.0,117019088604.1792,9.109504,accelergy,cacti,configs/cacti_sram_45nm.csv,10.323425,8.849225,4,45.0,2.03065,0.431177,1188.88,3.192179885,160.0,160.0,75.77881599999999,0.0,117.0190886041792,8867.567983823792,3.5105726581253758
hires,2048,2048,128,128,11,8,4096,50.0,os,88675072.0,0.0,583008256,647495680.0,545259520.0,72876032.0,29360128.0,775347712.0,762483200.0,281600.0,12582912.0,134091898.88000001,11497287712.768002,1536656723.1488004,504053943.50079995,13537998379.417603,121997312000.0,45056000.0,2013265920.0,124055633920.0,137727724198.2976,9.109504,accelergy,cacti,configs/cacti_sram_45nm.csv,21.085900000000002,17.167975,4,45.0,3.18224,0.795423,4302.53,11.948249145600002,160.0,160.0,88.675072,0.0,137.7277241982976,12213.015859680183,4.131831725948929
hires,2048,2048,128,128,11,8,4096,50.0,ws,83449344.0,0.0,583008256,629181184.0,545259520.0,35584.0,83886080.0,876001280.0,791833600.0,281600.0,83886080.0,134091898.88000001,11497287712.768002,750320.6656000002,1440154124.2879999,12938192157.721603,126693376000.0,45056000.0,13421772800.0,140160204800.0,153232488856.6016,9.109504,accelergy,cacti,configs/cacti_sram_45nm.csv,21.085900000000002,17.167975,4,45.0,3.18224,0.795423,4302.53,11.948249145600002,160.0,160.0,83.449344,0.0,153.2324888566016,12787.150674570714,4.596974665698048
hires,2048,2048,128,128,11,8,4096,200.0,os,84296448.0,0.0,583008256,647495680.0,545259520.0,72876032.0,29360128.0,775514112.0,762624000.0,307200.0,12582912.0,134091898.88000001,11497287712.768002,1536656723.1488004,504053943.50079995,13537998379.417603,122019840000.0,49152000.0,2013265920.0,124082257920.0,137754348198.2976,9.109504,accelergy,cacti,configs/cacti_sram_45nm.csv,21.085900000000002,17.167975,4,45.0,3.18224,0.795423,4302.53,11.948249145600002,160.0,160.0,84.296448,0.0,137.7543481982976,11612.202249671687,4.132630445948928
hires,2048,2048,128,128,11,8,4096,200.0,ws,77561088.0,0.0,583008256,629181184.0,545259520.0,35584.0,83886080.0,876154880.0,791961600.0,307200.0,83886080.0,134091898.88000001,11497287712.768002,750320.6656000002,1440154124.2879999,12938192157.721603,126713856000.0,49152000.0,13421772800.0,140184780800.0,153257064856.6016,9.109504,accelergy,cacti,configs/cacti_sram_45nm.csv,21.085900000000002,17.167975,4,45.0,3.18224,0.795423,4302.53,11.948249145600002,160.0,160.0,77.561088,0.0,153.2570648566016,11886.784693964584,4.597711945698048
hires,2048,2048,128,128,11,8,4096,800.0,os,83201792.0,0.0,583008256,647495680.0,545259520.0,72876032.0,29360128.0,776077312.0,762880000.0,614400.0,12582912.0,134091898.88000001,11497287712.768002,1536656723.1488004,504053943.50079995,13537998379.417603,122060800000.0,98304000.0,2013265920.0,124172369920.0,137844460198.2976,9.109504,accelergy,cacti,configs/cacti_sram_45nm.csv,21.085900000000002,17.167975,4,45.0,3.18224,0.795423,4302.53,11.948249145600002,160.0,160.0,83.201792,0.0,137.8444601982976,11468.906105771037,4.135333805948928
hires,2048,2048,128,128,11,8,4096,800.0,ws,76088832.0,0.0,583008256,629181184.0,545259520.0,35584.0,83886080.0,876666880.0,792166400.0,614400.0,83886080.0,134091898.88000001,11497287712.768002,750320.6656000002,1440154124.2879999,12938192157.721603,126746624000.0,98304000.0,13421772800.0,140266700800.0,153338984856.6016,9.109504,accelergy,cacti,configs/cacti_sram_45nm.csv,21.085900000000002,17.167975,4,45.0,3.18224,0.795423,4302.53,11.948249145600002,160.0,160.0,76.088832,0.0,153.3389848566016,11667.384257804502,4.600169545698048
hires,2048,2048,128,128,11,16,256,50.0,os,67479296.0,16817920.0,583008256,611057664.0,545259520.0,36438016.0,29360128.0,2757389312.0,2744268800.0,537600.0,12582912.0,134091898.88000001,3591665352.7040005,240019944.24320003,135301745.86879998,3966987042.8160005,439083008000.0,86016000.0,2013265920.0,441182289920.0,445283368861.696,2.277376,accelergy,cacti,configs/cacti_sram_45nm.csv,6.5870750000000005,4.60835,4,45.0,1.14182,0.729013,270.818,0.82173726504,160.0,160.0,67.47929599999999,24.92308159231537,445.283368861696,30047.40825129556,13.358501065850879
hires,2048,2048,128,128,11,16,256,50.0,ws,38693120.0,0.0,583008256,587238144.0,545259520.0,35584.0,41943040.0,600381440.0,557900800.0,537600.0,41943040.0,134091898.88000001,3591665352.7040005,234394.47680000003,193288208.384,3785187955.5648003,89264128000.0,86016000.0,6710886400.0,96061030400.0,99980310254.44481,2.277376,accelergy,cacti,configs/cacti_sram_45nm.csv,6.5870750000000005,4.60835,4,45.0,1.14182,0.729013,270.818,0.82173726504,160.0,160.0,38.69312,0.0,99.9803102544448,3868.5501423124633,2.999409307633344
hires,2048,2048,128,128,11,16,256,200.0,os,50020352.0,0.0,583008256,611057664.0,545259520.0,36438016.0,29360128.0,2762074112.0,2748928000.0,563200.0,12582912.0,134091898.88000001,3591665352.7040005,240019944.24320003,135301745.86879998,3966987042.8160005,439828480000.0,90112000.0,2013265920.0,441931857920.0,446032936861.696,2.277376,accelergy,cacti,configs/cacti_sram_45nm.csv,6.5870750000000005,4.60835,4,45.0,1.14182,0.729013,270.818,0.82173726504,160.0,160.0,50.020351999999995,0.0,446.032936861696,22310.72450541581,13.380988105850879
hires,2048,2048,128,128,11,16,256,200.0,ws,38063872.0,0.0,583008256,587238144.0,545259520.0,35584.0,41943040.0,601354240.0,558848000.0,563200.0,41943040.0,134091898.88000001,3591665352.7040005,234394.47680000003,193288208.384,3785187955.5648003,89415680000.0,90112000.0,6710886400.0,96216678400.0,100135958254.44481,2.277376,accelergy,cacti,configs/cacti_sram_45nm.csv,6.5870750000000005,4.60835,4,45.0,1.14182,0.729013,270.818,0.82173726504,160.0,160.0,38.063871999999996,0.0,100.13595825444482,3811.5622975945307,3.0040787476333444
hires,2048,2048,128,128,11,16,256,800.0,os,49860096.0,0.0,583008256,611057664.0,545259520.0,36438016.0,29360128.0,2771648512.0,2758246400.0,819200.0,12582912.0,134091898.88000001,3591665352.7040005,240019944.24320003,135301745.86879998,3966987042.8160005,441319424000.0,131072000.0,2013265920.0,443463761920.0,447564840861.696,2.277376,accelergy,cacti,configs/cacti_sram_45nm.csv,6.5870750000000005,4.60835,4,45.0,1.14182,0.729013,270.818,0.82173726504,160.0,160.0,49.860096,0.0,447.564840861696,22315.625931588886,13.42694522585088
hires,2048,2048,128,128,11,16,256,800.0,ws,37906432.0,0.0,583008256,587238144.0,545259520.0,35584.0,41943040.0,603504640.0,560742400.0,819200.0,41943040.0,134091898.88000001,3591665352.7040005,234394.47680000003,193288208.384,3785187955.5648003,89718784000.0,131072000.0,6710886400.0,96560742400.0,100480022254.44481,2.277376,accelergy,cacti,configs/cacti_sram_45nm.csv,6.5870750000000005,4.60835,4,45.0,1.14182,0.729013,270.818,0.82173726504,160.0,160.0,37.906431999999995,0.0,100.4800222544448,3808.8391309465983,3.0144006676333444
hires,2048,2048,128,128,11,16,1024,50.0,os,52022016.0,0.0,583008256,611057664.0,545259520.0,36438016.0,29360128.0,594739712.0,581619200.0,537600.0,12582912.0,134091898.88000001,5628945760.256,376165125.3248,259814378.7008,6264925264.2816,93059072000.0,86016000.0,2013265920.0,95158353920.0,101557371083.1616,2.277376,accelergy,cacti,configs/cacti_sram_45nm.csv,10.323425,8.849225,4,45.0,2.03065,0.431177,1188.88,3.192179885,160.0,160.0,52.022016,0.0,101.55737108316161,5283.2191834061705,3.046721132494848
hires,2048,2048,128,128,11,16,1024,50.0,ws,41110016.0,0.0,583008256,587238144.0,545259520.0,35584.0,41943040.0,646768640.0,604288000.0,537600.0,41943040.0,134091898.88000001,5628945760.256,367348.7552,371163398.14400005,6000476507.155199,96686080000.0,86016000.0,6710886400.0,103482982400.0,109617550806.0352,2.277376,accelergy,cacti,configs/cacti_sram_45nm.csv,10.323425,8.849225,4,45.0,2.03065,0.431177,1188.88,3.192179885,160.0,160.0,41.110016,0.0,109.6175508060352,4506.37926751692,3.288526524181056
hires,2048,2048,128,128,11,16,1024,200.0,os,50360576.0,0.0,583008256,611057664.0,545259520.0,36438016.0,29360128.0,595136512.0,581990400.0,563200.0,12582912.0,134091898.88000001,5628945760.256,376165125.3248,259814378.7008,6264925264.2816,93118464000.0,90112000.0,2013265920.0,95221841920.0,101620859083.1616,2.277376,accelergy,cacti,configs/cacti_sram_45nm.csv,10.323425,8.849225,4,45.0,2.03065,0.431177,1188.88,3.192179885,160.0,160.0,50.360575999999995,0.0,101.6208590831616,5117.68499704285,3.048625772494848
hires,2048,2048,128,128,11,16,1024,200.0,ws,38668288.0,0.0,583008256,587238144.0,545259520.0,35584.0,41943040.0,647178240.0,604672000.0,563200.0,41943040.0,134091898.88000001,5628945760.256,367348.7552,371163398.14400005,6000476507.155199,96747520000.0,90112000.0,6710886400.0,103548518400.0,109683086806.0352,2.277376,accelergy,cacti,configs/cacti_sram_45nm.csv,10.323425,8.849225,4,45.0,2.03065,0.431177,1188.88,3.192179885,160.0,160.0,38.668288000000004,0.0,109.6830868060352,4241.25718934477,3.2904926041810563
hires,2048,2048,128,128,11,16,1024,800.0,os,49945344.0,0.0,583008256,611057664.0,545259520.0,36438016.0,29360128.0,596877312.0,583475200.0,819200.0,12582912.0,134091898.88000001,5628945760.256,376165125.3248,259814378.7008,6264925264.2816,93356032000.0,131072000.0,2013265920.0,95500369920.0,101899387083.1616,2.277376,accelergy,cacti,configs/cacti_sram_45nm.csv,10.323425,8.849225,4,45.0,2.03065,0.431177,1188.88,3.192179885,160.0,160.0,49.945344000000006,0.0,101.8993870831616,5089.399941257663,3.056981612494848
hires,2048,2048,128,128,11,16,1024,800.0,ws,38057728.0,0.0,583008256,587238144.0,545259520.0,35584.0,41943040.0,648970240.0,606208000.0,819200.0,41943040.0,134091898.88000001,5628945760.256,367348.7552,371163398.14400005,6000476507.155199,96993280000.0,131072000.0,6710886400.0,103835238400.0,109969806806.0352,2.277376,accelergy,cacti,configs/cacti_sram_45nm.csv,10.323425,8.849225,4,45.0,2.03065,0.431177,1188.88,3.192179885,160.0,160.0,38.057728,0.0,109.96980680603521,4185.200995636636,3.2990942041810563
hires,2048,2048,128,128,11,16,4096,50.0,os,55644928.0,0.0,583008256,611057664.0,545259520.0,36438016.0,29360128.0,775603712.0,762483200.0,537600.0,12582912.0,134091898.88000001,11497287712.768002,768328361.5744002,504053943.50079995,12769670017.843203,121997312000.0,86016000.0,2013265920.0,124096593920.0,137000355836.7232,2.277376,accelergy,cacti,configs/cacti_sram_45nm.csv,21.085900000000002,17.167975,4,45.0,3.18224,0.795423,4302.53,11.948249145600002,160.0,160.0,55.644928,0.0,137.0003558367232,7623.374936508842,4.110010675101696
hires,2048,2048,128,128,11,16,4096,50.0,ws,44866560.0,0.0,583008256,587238144.0,545259520.0,35584.0,41943040.0,834314240.0,791833600.0,537600.0,41943040.0,134091898.88000001,11497287712.768002,750320.6656000002,720077062.1439999,12218115095.577602,126693376000.0,86016000.0,6710886400.0,133490278400.0,145842485394.4576,2.277376,accelergy,cacti,configs/cacti_sram_45nm.csv,21.085900000000002,17.167975,4,45.0,3.18224,0.795423,4302.53,11.948249145600002,160.0,160.0,44.86656,0.0,145.8424853944576,6543.450621499556,4.375274561833728
hires,2048,2048,128,128,11,16,4096,200.0,os,51266304.0,0.0,583008256,611057664.0,545259520.0,36438016.0,29360128.0,775770112.0,762624000.0,563200.0,12582912.0,134091898.88000001,11497287712.768002,768328361.5744002,504053943.50079995,12769670017.843203,122019840000.0,90112000.0,2013265920.0,124123217920.0,137026979836.7232,2.277376,accelergy,cacti,configs/cacti_sram_45nm.csv,21.085900000000002,17.167975,4,45.0,3.18224,0.795423,4302.53,11.948249145600002,160.0,160.0,51.266304,0.0,137.0269798367232,7024.866804511322,4.110809395101696
hires,2048,2048,128,128,11,16,4096,200.0,ws,39607296.0,0.0,583008256,587238144.0,545259520.0,35584.0,41943040.0,834467840.0,791961600.0,563200.0,41943040.0,134091898.88000001,11497287712.768002,750320.6656000002,720077062.1439999,12218115095.577602,126713856000.0,90112000.0,6710886400.0,133514854400.0,145867061394.4576,2.277376,accelergy,cacti,configs/cacti_sram_45nm.csv,21.085900000000002,17.167975,4,45.0,3.18224,0.795423,4302.53,11.948249145600002,160.0,160.0,39.607296,0.0,145.8670613944576,5777.399877300455,4.376011841833728
hires,2048,2048,128,128,11,16,4096,800.0,os,50171648.0,0.0,583008256,611057664.0,545259520.0,36438016.0,29360128.0,776282112.0,762880000.0,819200.0,12582912.0,134091898.88000001,11497287712.768002,768328361.5744002,504053943.50079995,12769670017.843203,122060800000.0,131072000.0,2013265920.0,124205137920.0,137108899836.7232,2.277376,accelergy,cacti,configs/cacti_sram_45nm.csv,21.085900000000002,17.167975,4,45.0,3.18224,0.795423,4302.53,11.948249145600002,160.0,160.0,50.171648,0.0,137.1088998367232,6878.979460275334,4.1132669951016965
hires,2048,2048,128,128,11,16,4096,800.0,ws,38292224.0,0.0,583008256,587238144.0,545259520.0,35584.0,41943040.0,834928640.0,792166400.0,819200.0,41943040.0,134091898.88000001,11497287712.768002,750320.6656000002,720077062.1439999,12218115095.577602,126746624000.0,131072000.0,6710886400.0,133588582400.0,145940789394.4576,2.277376,accelergy,cacti,configs/cacti_sram_45nm.csv,21.085900000000002,17.167975,4,45.0,3.18224,0.795423,4302.53,11.948249145600002,160.0,160.0,38.292224,0.0,145.94078939445762,5588.397398229396,4.378223681833728
hires,2048,2048,128,128,11,32,256,50.0,os,131982080.0,97835776.0,583008256,592838656.0,545259520.0,18219008.0,29360128.0,6301350912.0,6287692800.0,1075200.0,12582912.0,134091898.88000001,3591665352.7040005,120009972.12160002,135301745.86879998,3846977070.694401,1006030848000.0,172032000.0,2013265920.0,1008216145920.0,1012197214889.5745,0.569344,accelergy,cacti,configs/cacti_sram_45nm.csv,6.5870750000000005,4.60835,4,45.0,1.14182,0.729013,270.818,0.82173726504,160.0,160.0,131.98208,74.12807556904694,1012.1972148895744,133591.893791333,30.365916446687233
hires,2048,2048,128,128,11,32,256,50.0,ws,21896192.0,0.0,583008256,570460928.0,545259520.0,35584.0,25165824.0,584141824.0,557900800.0,1075200.0,25165824.0,134091898.88000001,3591665352.7040005,234394.47680000003,115972925.0304,3707872672.2112,89264128000.0,172032000.0,4026531840.0,93462691840.0,97304656411.0912,0.569344,accelergy,cacti,configs/cacti_sram_45nm.csv,6.5870750000000005,4.60835,4,45.0,1.14182,0.729013,270.818,0.82173726504,160.0,160.0,21.896192,0.0,97.3046564110912,2130.6014392712837,2.919139692332736
hires,2048,2048,128,128,11,32,256,200.0,os,40456192.0,6950912.0,583008256,592838656.0,545259520.0,18219008.0,29360128.0,6312077312.0,6298368000.0,1126400.0,12582912.0,134091898.88000001,3591665352.7040005,120009972.12160002,135301745.86879998,3846977070.694401,1007738880000.0,180224000.0,2013265920.0,1009932369920.0,1013913438889.5745,0.569344,accelergy,cacti,configs/cacti_sram_45nm.csv,6.5870750000000005,4.60835,4,45.0,1.14182,0.729013,270.818,0.82173726504,160.0,160.0,40.456192,17.18133036347069,1013.9134388895744,41019.07675509689,30.417403166687233
hires,2048,2048,128,128,11,32,256,200.0,ws,21292544.0,0.0,583008256,570460928.0,545259520.0,35584.0,25165824.0,585140224.0,558848000.0,1126400.0,25165824.0,134091898.88000001,3591665352.7040005,234394.47680000003,115972925.0304,3707872672.2112,89415680000.0,180224000.0,4026531840.0,93622435840.0,97464400411.0912,0.569344,accelergy,cacti,configs/cacti_sram_45nm.csv,6.5870750000000005,4.60835,4,45.0,1.14182,0.729013,270.818,0.82173726504,160.0,160.0,21.292544,0.0,97.4644004110912,2075.2650341867775,2.923932012332736
hires,2048,2048,128,128,11,32,256,800.0,os,33345024.0,0.0,583008256,592838656.0,545259520.0,18219008.0,29360128.0,6333530112.0,6319718400.0,1228800.0,12582912.0,134091898.88000001,3591665352.7040005,120009972.12160002,135301745.86879998,3846977070.694401,1011154944000.0,196608000.0,2013265920.0,1013364817920.0,1017345886889.5745,0.569344,accelergy,cacti,configs/cacti_sram_45nm.csv,6.5870750000000005,4.60835,4,45.0,1.14182,0.729013,270.818,0.82173726504,160.0,160.0,33.345024,0.0,1017.3458868895744,33923.42301463415,30.520376606687233
hires,2048,2048,128,128,11,32,256,800.0,ws,21141504.0,0.0,583008256,570460928.0,545259520.0,35584.0,25165824.0,587137024.0,560742400.0,1228800.0,25165824.0,134091898.88000001,3591665352.7040005,234394.47680000003,115972925.0304,3707872672.2112,89718784000.0,196608000.0,4026531840.0,93941923840.0,97783888411.0912,0.569344,accelergy,cacti,configs/cacti_sram_45nm.csv,6.5870750000000005,4.60835,4,45.0,1.14182,0.729013,270.818,0.82173726504,160.0,160.0,21.141503999999998,0.0,97.7838884110912,2067.2984679786377,2.933516652332736
hires,2048,2048,128,128,11,32,1024,50.0,os,44737024.0,9230080.0,583008256,592838656.0,545259520.0,18219008.0,29360128.0,1078707712.0,1065049600.0,1075200.0,12582912.0,134091898.88000001,5628945760.256,188082562.6624,259814378.7008,6076842701.6192,170407936000.0,172032000.0,2013265920.0,172593233920.0,178804168520.4992,0.569344,accelergy,cacti,configs/cacti_sram_45nm.csv,10.323425,8.849225,4,45.0,2.03065,0.431177,1188.88,3.192179885,160.0,160.0,44.737024,20.631859642697737,178.80416852049922,7999.166378401617,5.364125055614976
hires,2048,2048,128,128,11,32,1024,50.0,ws,24011520.0,0.0,583008256,570460928.0,545259520.0,35584.0,25165824.0,630529024.0,604288000.0,1075200.0,25165824.0,134091898.88000001,5628945760.256,367348.7552,222698038.8864,5852011147.897599,96686080000.0,172032000.0,4026531840.0,100884643840.0,106870746886.7776,0.569344,accelergy,cacti,configs/cacti_sram_45nm.csv,10.323425,8.849225,4,45.0,2.03065,0.431177,1188.88,3.192179885,160.0,160.0,24.01152,0.0,106.87074688677761,2566.1290762867984,3.206122406603328
hires,2048,2048,128,128,11,32,1024,200.0,os,34013184.0,167680.0,583008256,592838656.0,545259520.0,18219008.0,29360128.0,1079437312.0,1065728000.0,1126400.0,12582912.0,134091898.88000001,5628945760.256,188082562.6624,259814378.7008,6076842701.6192,170516480000.0,180224000.0,2013265920.0,172709969920.0,178920904520.4992,0.569344,accelergy,cacti,configs/cacti_sram_45nm.csv,10.323425,8.849225,4,45.0,2.03065,0.431177,1188.88,3.192179885,160.0,160.0,34.013184,0.49298530828516374,178.9209045204992,6085.669646902171,5.367627135614977
hires,2048,2048,128,128,11,32,1024,200.0,ws,21821440.0,0.0,583008256,570460928.0,545259520.0,35584.0,25165824.0,630964224.0,604672000.0,1126400.0,25165824.0,134091898.88000001,5628945760.256,367348.7552,222698038.8864,5852011147.897599,96747520000.0,180224000.0,4026531840.0,100954275840.0,106940378886.7776,0.569344,accelergy,cacti,configs/cacti_sram_45nm.csv,10.323425,8.849225,4,45.0,2.03065,0.431177,1188.88,3.192179885,160.0,160.0,21.821440000000003,0.0,106.94037888677761,2333.593061455085,3.208211366603328
hires,2048,2048,128,128,11,32,1024,800.0,os,33430272.0,0.0,583008256,592838656.0,545259520.0,18219008.0,29360128.0,1082253312.0,1068441600.0,1228800.0,12582912.0,134091898.88000001,5628945760.256,188082562.6624,259814378.7008,6076842701.6192,170950656000.0,196608000.0,2013265920.0,173160529920.0,179371464520.4992,0.569344,accelergy,cacti,configs/cacti_sram_45nm.csv,10.323425,8.849225,4,45.0,2.03065,0.431177,1188.88,3.192179885,160.0,160.0,33.430271999999995,0.0,179.37146452049922,5996.436847958637,5.381143935614976
hires,2048,2048,128,128,11,32,1024,800.0,ws,21273856.0,0.0,583008256,570460928.0,545259520.0,35584.0,25165824.0,632602624.0,606208000.0,1228800.0,25165824.0,134091898.88000001,5628945760.256,367348.7552,222698038.8864,5852011147.897599,96993280000.0,196608000.0,4026531840.0,101216419840.0,107202522886.7776,0.569344,accelergy,cacti,configs/cacti_sram_45nm.csv,10.323425,8.849225,4,45.0,2.03065,0.431177,1188.88,3.192179885,160.0,160.0,21.273856000000002,0.0,107.2025228867776,2280.6110347300114,3.216075686603328
hires,2048,2048,128,128,11,32,4096,50.0,os,39129856.0,0.0,583008256,592838656.0,545259520.0,18219008.0,29360128.0,776141312.0,762483200.0,1075200.0,12582912.0,134091898.88000001,11497287712.768002,384164180.7872001,504053943.50079995,12385505837.056002,121997312000.0,172032000.0,2013265920.0,124182609920.0,136702207655.93599,0.569344,accelergy,cacti,configs/cacti_sram_45nm.csv,21.085900000000002,17.167975,4,45.0,3.18224,0.795423,4302.53,11.948249145600002,160.0,160.0,39.129856,0.0,136.70220765593598,5349.137700458872,4.1010662296780795
hires,2048,2048,128,128,11,32,4096,50.0,ws,29110272.0,0.0,583008256,570460928.0,545259520.0,35584.0,25165824.0,885185024.0,858944000.0,1075200.0,25165824.0,134091898.88000001,11497287712.768002,750320.6656000002,432046237.28639996,11930084270.720001,137431040000.0,172032000.0,4026531840.0,141629603840.0,153693780009.6,0.569344,accelergy,cacti,configs/cacti_sram_45nm.csv,21.085900000000002,17.167975,4,45.0,3.18224,0.795423,4302.53,11.948249145600002,160.0,160.0,29.110272,0.0,153.6937800096,4474.067740787618,4.610813400288
hires,2048,2048,128,128,11,32,4096,200.0,os,34751232.0,0.0,583008256,592838656.0,545259520.0,18219008.0,29360128.0,776333312.0,762624000.0,1126400.0,12582912.0,134091898.88000001,11497287712.768002,384164180.7872001,504053943.50079995,12385505837.056002,122019840000.0,180224000.0,2013265920.0,124213329920.0,136732927655.93599,0.569344,accelergy,cacti,configs/cacti_sram_45nm.csv,21.085900000000002,17.167975,4,45.0,3.18224,0.795423,4302.53,11.948249145600002,160.0,160.0,34.751232,0.0,136.73292765593598,4751.637691010647,4.101987829678079
hires,2048,2048,128,128,11,32,4096,200.0,ws,23096064.0,0.0,583008256,570460928.0,545259520.0,35584.0,25165824.0,885377024.0,859084800.0,1126400.0,25165824.0,134091898.88000001,11497287712.768002,750320.6656000002,432046237.28639996,11930084270.720001,137453568000.0,180224000.0,4026531840.0,141660323840.0,153724500009.6,0.569344,accelergy,cacti,configs/cacti_sram_45nm.csv,21.085900000000002,17.167975,4,45.0,3.18224,0.795423,4302.53,11.948249145600002,160.0,160.0,23.096064,0.0,153.7245000096,3550.430890589722,4.611735000288
hires,2048,2048,128,128,11,32,4096,800.0,os,33656576.0,0.0,583008256,592838656.0,545259520.0,18219008.0,29360128.0,776691712.0,762880000.0,1228800.0,12582912.0,134091898.88000001,11497287712.768002,384164180.7872001,504053943.50079995,12385505837.056002,122060800000.0,196608000.0,2013265920.0,124270673920.0,136790271655.93599,0.569344,accelergy,cacti,configs/cacti_sram_45nm.csv,21.085900000000002,17.167975,4,45.0,3.18224,0.795423,4302.53,11.948249145600002,160.0,160.0,33.656576,0.0,136.79027165593598,4603.892174048656,4.10370814967808
hires,2048,2048,128,128,11,32,4096,800.0,ws,21592320.0,0.0,583008256,570460928.0,545259520.0,35584.0,25165824.0,885735424.0,859340800.0,1228800.0,25165824.0,134091898.88000001,11497287712.768002,750320.6656000002,432046237.28639996,11930084270.720001,137494528000.0,196608000.0,4026531840.0,141717667840.0,153781844009.6,0.569344,accelergy,cacti,configs/cacti_sram_45nm.csv,21.085900000000002,17.167975,4,45.0,3.18224,0.795423,4302.53,11.948249145600002,160.0,160.0,21.59232,0.0,153.7818440096,3320.5067860453664,4.613455320288
hires,2048,2048,128,128,11,64,256,50.0,os,223361536.0,197472768.0,583008256,583729152.0,545259520.0,9109504.0,29360128.0,10871168512.0,10856448000.0,2137600.0,12582912.0,134091898.88000001,3591665352.7040005,60004986.06080001,135301745.86879998,3786972084.6336007,1737031680000.0,342016000.0,2013265920.0,1739386961920.0,1743308025903.5137,0.142336,accelergy,cacti,configs/cacti_sram_45nm.csv,6.5870750000000005,4.60835,4,45.0,1.14182,0.729013,270.818,0.82173726504,160.0,160.0,223.361536,88.4094779863978,1743.3080259035137,389387.95838693663,52.2992407771054
hires,2048,2048,128,128,11,64,256,50.0,ws,15348224.0,1681408.0,583008256,562072320.0,545259520.0,35584.0,16777216.0,576815616.0,557900800.0,2137600.0,16777216.0,134091898.88000001,3591665352.7040005,234394.47680000003,77315283.3536,3669215030.5344,89264128000.0,342016000.0,2684354560.0,92290498560.0,96093805489.4144,0.142336,accelergy,cacti,configs/cacti_sram_45nm.csv,6.5870750000000005,4.60835,4,45.0,1.14182,0.729013,270.818,0.82173726504,160.0,160.0,15.348224,10.955065550255195,96.0938054894144,1474.8692516639617,2.8828141646824323
hires,2048,2048,128,128,11,64,256,200.0,os,63051008.0,37803264.0,583008256,583729152.0,545259520.0,9109504.0,29360128.0,10889613312.0,10874880000.0,2150400.0,12582912.0,134091898.88000001,3591665352.7040005,60004986.06080001,135301745.86879998,3786972084.6336007,1739980800000.0,344064000.0,2013265920.0,1742338129920.0,1746259193903.5137,0.142336,accelergy,cacti,configs/cacti_sram_45nm.csv,6.5870750000000005,4.60835,4,45.0,1.14182,0.729013,270.818,0.82173726504,160.0,160.0,63.051008,59.95663701363823,1746.2591939035137,110103.40240488401,52.38777581710541
hires,2048,2048,128,128,11,64,256,200.0,ws,12962816.0,0.0,583008256,562072320.0,545259520.0,35584.0,16777216.0,577775616.0,558848000.0,2150400.0,16777216.0,134091898.88000001,3591665352.7040005,234394.47680000003,77315283.3536,3669215030.5344,89415680000.0,344064000.0,2684354560.0,92444098560.0,96247405489.4144,0.142336,accelergy,cacti,configs/cacti_sram_45nm.csv,6.5870750000000005,4.60835,4,45.0,1.14182,0.729013,270.818,0.82173726504,160.0,160.0,12.962816,0.0,96.2474054894144,1247.637407836669,2.887422164682432
hires,2048,2048,128,128,11,64,256,800.0,os,25895424.0,807936.0,583008256,583729152.0,545259520.0,9109504.0,29360128.0,10926579712.0,10911744000.0,2252800.0,12582912.0,134091898.88000001,3591665352.7040005,60004986.06080001,135301745.86879998,3786972084.6336007,1745879040000.0,360448000.0,2013265920.0,1748252753920.0,1752173817903.5137,0.142336,accelergy,cacti,configs/cacti_sram_45nm.csv,6.5870750000000005,4.60835,4,45.0,1.14182,0.729013,270.818,0.82173726504,160.0,160.0,25.895424,3.1199952547600684,1752.1738179035137,45373.283936310276,52.565214537105405
hires,2048,2048,128,128,11,64,256,800.0,ws,12786688.0,0.0,583008256,562072320.0,545259520.0,35584.0,16777216.0,579772416.0,560742400.0,2252800.0,16777216.0,134091898.88000001,3591665352.7040005,234394.47680000003,77315283.3536,3669215030.5344,89718784000.0,360448000.0,2684354560.0,92763586560.0,96566893489.4144,0.142336,accelergy,cacti,configs/cacti_sram_45nm.csv,6.5870750000000005,4.60835,4,45.0,1.14182,0.729013,270.818,0.82173726504,160.0,160.0,12.786688,0.0,96.5668934894144,1234.7707381783732,2.897006804682432
hires,2048,2048,128,128,11,64,1024,50.0,os,83141376.0,55891968.0,583008256,583729152.0,545259520.0,9109504.0,29360128.0,3617779712.0,3603059200.0,2137600.0,12582912.0,134091898.88000001,5628945760.256,94041281.3312,259814378.7008,5982801420.288,576489472000.0,342016000.0,2013265920.0,578844753920.0,584961647239.1681,0.142336,accelergy,cacti,configs/cacti_sram_45nm.csv,10.323425,8.849225,4,45.0,2.03065,0.431177,1188.88,3.192179885,160.0,160.0,83.14137600000001,67.22521407391669,584.9616472391681,48634.51625869104,17.54884941717504
hires,2048,2048,128,128,11,64,1024,50.0,ws,17134080.0,1653248.0,583008256,562072320.0,545259520.0,35584.0,16777216.0,623202816.0,604288000.0,2137600.0,16777216.0,134091898.88000001,5628945760.256,367348.7552,148465359.2576,5777778468.2688,96686080000.0,342016000.0,2684354560.0,99712450560.0,105624320927.1488,0.142336,accelergy,cacti,configs/cacti_sram_45nm.csv,10.323425,8.849225,4,45.0,2.03065,0.431177,1188.88,3.192179885,160.0,160.0,17.13408,9.648886896757807,105.6243209271488,1809.7755647114418,3.168729627814464
hires,2048,2048,128,128,11,64,1024,200.0,os,28084224.0,2496256.0,583008256,583729152.0,545259520.0,9109504.0,29360128.0,3620083712.0,3605350400.0,2150400.0,12582912.0,134091898.88000001,5628945760.256,94041281.3312,259814378.7008,5982801420.288,576856064000.0,344064000.0,2013265920.0,579213393920.0,585330287239.1681,0.142336,accelergy,cacti,configs/cacti_sram_45nm.csv,10.323425,8.849225,4,45.0,2.03065,0.431177,1188.88,3.192179885,160.0,160.0,28.084224000000003,8.888463501786624,585.3302872391681,16438.54690080914,17.559908617175044
hires,2048,2048,128,128,11,64,1024,200.0,ws,13416448.0,0.0,583008256,562072320.0,545259520.0,35584.0,16777216.0,623599616.0,604672000.0,2150400.0,16777216.0,134091898.88000001,5628945760.256,367348.7552,148465359.2576,5777778468.2688,96747520000.0,344064000.0,2684354560.0,99775938560.0,105687808927.1488,0.142336,accelergy,cacti,configs/cacti_sram_45nm.csv,10.323425,8.849225,4,45.0,2.03065,0.431177,1188.88,3.192179885,160.0,160.0,13.416447999999999,0.0,105.68780892714881,1417.9549927050277,3.1706342678144637
hires,2048,2048,128,128,11,64,1024,800.0,os,25172736.0,0.0,583008256,583729152.0,545259520.0,9109504.0,29360128.0,3629350912.0,3614515200.0,2252800.0,12582912.0,134091898.88000001,5628945760.256,94041281.3312,259814378.7008,5982801420.288,578322432000.0,360448000.0,2013265920.0,580696145920.0,586813039239.1681,0.142336,accelergy,cacti,configs/cacti_sram_45nm.csv,10.323425,8.849225,4,45.0,2.03065,0.431177,1188.88,3.192179885,160.0,160.0,25.172736,0.0,586.8130392391681,14771.68971812522,17.604391177175042
hires,2048,2048,128,128,11,64,1024,800.0,ws,12900352.0,0.0,583008256,562072320.0,545259520.0,35584.0,16777216.0,625238016.0,606208000.0,2252800.0,16777216.0,134091898.88000001,5628945760.256,367348.7552,148465359.2576,5777778468.2688,96993280000.0,360448000.0,2684354560.0,100038082560.0,105949952927.1488,0.142336,accelergy,cacti,configs/cacti_sram_45nm.csv,10.323425,8.849225,4,45.0,2.03065,0.431177,1188.88,3.192179885,160.0,160.0,12.900352,0.0,105.9499529271488,1366.7916871436498,3.178498587814464
hires,2048,2048,128,128,11,64,4096,50.0,os,50199296.0,19326976.0,583008256,583729152.0,545259520.0,9109504.0,29360128.0,1743501312.0,1728780800.0,2137600.0,12582912.0,134091898.88000001,11497287712.768002,192082090.39360005,504053943.50079995,12193423746.662401,276604928000.0,342016000.0,2013265920.0,278960209920.0,291287725565.5424,0.142336,accelergy,cacti,configs/cacti_sram_45nm.csv,21.085900000000002,17.167975,4,45.0,3.18224,0.795423,4302.53,11.948249145600002,160.0,160.0,50.199296,38.50049211845521,291.2877255655424,14622.43875683143,8.738631766966272
hires,2048,2048,128,128,11,64,4096,50.0,ws,24791040.0,2064384.0,583008256,562072320.0,545259520.0,35584.0,16777216.0,985212416.0,966297600.0,2137600.0,16777216.0,134091898.88000001,11497287712.768002,750320.6656000002,288030824.8576,11786068858.291203,154607616000.0,342016000.0,2684354560.0,157633986560.0,169554147317.1712,0.142336,accelergy,cacti,configs/cacti_sram_45nm.csv,21.085900000000002,17.167975,4,45.0,3.18224,0.795423,4302.53,11.948249145600002,160.0,160.0,24.79104,8.327137546468402,169.5541473171712,4203.423648305884,5.086624419515136
hires,2048,2048,128,128,11,64,4096,200.0,os,26493696.0,0.0,583008256,583729152.0,545259520.0,9109504.0,29360128.0,1743808512.0,1729075200.0,2150400.0,12582912.0,134091898.88000001,11497287712.768002,192082090.39360005,504053943.50079995,12193423746.662401,276652032000.0,344064000.0,2013265920.0,279009361920.0,291336877565.5424,0.142336,accelergy,cacti,configs/cacti_sram_45nm.csv,21.085900000000002,17.167975,4,45.0,3.18224,0.795423,4302.53,11.948249145600002,160.0,160.0,26.493696,0.0,291.3368775655424,7718.5906678107,8.740106326966272
hires,2048,2048,128,128,11,64,4096,200.0,ws,15227904.0,0.0,583008256,562072320.0,545259520.0,35584.0,16777216.0,985378816.0,966451200.0,2150400.0,16777216.0,134091898.88000001,11497287712.768002,750320.6656000002,288030824.8576,11786068858.291203,154632192000.0,344064000.0,2684354560.0,157660610560.0,169580771317.1712,0.142336,accelergy,cacti,configs/cacti_sram_45nm.csv,21.085900000000002,17.167975,4,45.0,3.18224,0.795423,4302.53,11.948249145600002,160.0,160.0,15.227904,0.0,169.5807713171712,2582.359705863837,5.087423139515136
hires,2048,2048,128,128,11,64,4096,800.0,os,25399040.0,0.0,583008256,583729152.0,545259520.0,9109504.0,29360128.0,1744371712.0,1729536000.0,2252800.0,12582912.0,134091898.88000001,11497287712.768002,192082090.39360005,504053943.50079995,12193423746.662401,276725760000.0,360448000.0,2013265920.0,279099473920.0,291426989565.5424,0.142336,accelergy,cacti,configs/cacti_sram_45nm.csv,21.085900000000002,17.167975,4,45.0,3.18224,0.795423,4302.53,11.948249145600002,160.0,160.0,25.399040000000003,0.0,291.42698956554244,7401.965765054796,8.742809686966272
hires,2048,2048,128,128,11,64,4096,800.0,ws,13352960.0,0.0,583008256,562072320.0,545259520.0,35584.0,16777216.0,985686016.0,966656000.0,2252800.0,16777216.0,134091898.88000001,11497287712.768002,750320.6656000002,288030824.8576,11786068858.291203,154664960000.0,360448000.0,2684354560.0,157709762560.0,169629923317.1712,0.142336,accelergy,cacti,configs/cacti_sram_45nm.csv,21.085900000000002,17.167975,4,45.0,3.18224,0.795423,4302.53,11.948249145600002,160.0,160.0,13.352960000000001,0.0,169.6299233171712,2265.0615808572547,5.088897699515136
hires,2048,2048,128,128,11,128,256,50.0,ws,15366656.0,5928448.0,583008256,557878016.0,545259520.0,35584.0,12582912.0,574208512.0,557900800.0,3724800.0,12582912.0,134091898.88000001,3591665352.7040005,234394.47680000003,57986462.5152,3649886209.696,89264128000.0,595968000.0,2013265920.0,91873361920.0,95657340028.576,0.08388608,accelergy,cacti,configs/cacti_sram_45nm.csv,6.5870750000000005,4.60835,4,45.0,1.14182,0.729013,270.818,0.82173726504,160.0,160.0,15.366655999999999,38.579948688901474,95.657340028576,1469.9334380941575,2.86972020085728
hires,2048,2048,128,128,11,128,256,200.0,ws,8797184.0,0.0,583008256,557878016.0,545259520.0,35584.0,12582912.0,575168512.0,558848000.0,3737600.0,12582912.0,134091898.88000001,3591665352.7040005,234394.47680000003,57986462.5152,3649886209.696,89415680000.0,598016000.0,2013265920.0,92026961920.0,95810940028.576,0.035584,accelergy,cacti,configs/cacti_sram_45nm.csv,6.5870750000000005,4.60835,4,45.0,1.14182,0.729013,270.818,0.82173726504,160.0,160.0,8.797184,0.0,95.810940028576,842.8664686443483,2.8743282008572804
hires,2048,2048,128,128,11,128,256,800.0,ws,8636928.0,0.0,583008256,557878016.0,545259520.0,35584.0,12582912.0,577216512.0,560742400.0,3891200.0,12582912.0,134091898.88000001,3591665352.7040005,234394.47680000003,57986462.5152,3649886209.696,89718784000.0,622592000.0,2013265920.0,92354641920.0,96138620028.576,0.035584,accelergy,cacti,configs/cacti_sram_45nm.csv,6.5870750000000005,4.60835,4,45.0,1.14182,0.729013,270.818,0.82173726504,160.0,160.0,8.636928000000001,0.0,96.138620028576,830.342339206169,2.88415860085728
hires,2048,2048,128,128,11,128,1024,50.0,os,152794368.0,129673728.0,583008256,579174400.0,545259520.0,4554752.0,29360128.0,7185216512.0,7168358400.0,4275200.0,12582912.0,134091898.88000001,5628945760.256,47020640.6656,259814378.7008,5935780779.6224,1146937344000.0,684032000.0,2013265920.0,1149634641920.0,1155704514598.5024,0.08388608,accelergy,cacti,configs/cacti_sram_45nm.csv,10.323425,8.849225,4,45.0,2.03065,0.431177,1188.88,3.192179885,160.0,160.0,152.79436800000002,84.86813335947042,1155.7045145985023,176585.14090282496,34.67113543795507
hires,2048,2048,128,128,11,128,1024,50.0,ws,16927744.0,5675520.0,583008256,557878016.0,545259520.0,35584.0,12582912.0,621146112.0,604288000.0,4275200.0,12582912.0,134091898.88000001,5628945760.256,367348.7552,111349019.4432,5740662128.454399,96686080000.0,684032000.0,2013265920.0,99383377920.0,105258131947.3344,0.08388608,accelergy,cacti,configs/cacti_sram_45nm.csv,10.323425,8.849225,4,45.0,2.03065,0.431177,1188.88,3.192179885,160.0,160.0,16.927744,33.52791724638558,105.25813194733439,1781.782711522698,3.1577439584200317
hires,2048,2048,128,128,11,128,1024,200.0,os,45164544.0,23705344.0,583008256,579174400.0,545259520.0,4554752.0,29360128.0,7189798912.0,7172915200.0,4300800.0,12582912.0,134091898.88000001,5628945760.256,47020640.6656,259814378.7008,5935780779.6224,1147666432000.0,688128000.0,2013265920.0,1150367825920.0,1156437698598.5024,0.035584,accelergy,cacti,configs/cacti_sram_45nm.csv,10.323425,8.849225,4,45.0,2.03065,0.431177,1188.88,3.192179885,160.0,160.0,45.164544,52.48662313517435,1156.4376985985025,52229.9813216108,34.69313095795508
hires,2048,2048,128,128,11,128,1024,200.0,ws,9250816.0,0.0,583008256,557878016.0,545259520.0,35584.0,12582912.0,621555712.0,604672000.0,4300800.0,12582912.0,134091898.88000001,5628945760.256,367348.7552,111349019.4432,5740662128.454399,96747520000.0,688128000.0,2013265920.0,99448913920.0,105323667947.3344,0.035584,accelergy,cacti,configs/cacti_sram_45nm.csv,10.323425,8.849225,4,45.0,2.03065,0.431177,1188.88,3.192179885,160.0,160.0,9.250816,0.0,105.3236679473344,974.3298726258882,3.1597100384200316
hires,2048,2048,128,128,11,128,1024,800.0,os,21043968.0,0.0,583008256,579174400.0,545259520.0,4554752.0,29360128.0,7208230912.0,7191142400.0,4505600.0,12582912.0,134091898.88000001,5628945760.256,47020640.6656,259814378.7008,5935780779.6224,1150582784000.0,720896000.0,2013265920.0,1153316945920.0,1159386818598.5024,0.035584,accelergy,cacti,configs/cacti_sram_45nm.csv,10.323425,8.849225,4,45.0,2.03065,0.431177,1188.88,3.192179885,160.0,160.0,21.043968,0.0,1159.3868185985025,24398.099110208692,34.78160455795508
hires,2048,2048,128,128,11,128,1024,800.0,ws,8750592.0,0.0,583008256,557878016.0,545259520.0,35584.0,12582912.0,623296512.0,606208000.0,4505600.0,12582912.0,134091898.88000001,5628945760.256,367348.7552,111349019.4432,5740662128.454399,96993280000.0,720896000.0,2013265920.0,99727441920.0,105602195947.3344,0.035584,accelergy,cacti,configs/cacti_sram_45nm.csv,10.323425,8.849225,4,45.0,2.03065,0.431177,1188.88,3.192179885,160.0,160.0,8.750592,0.0,105.6021959473344,924.0817310391767,3.1680658784200317
hires,2048,2048,128,128,11,128,4096,50.0,os,46070528.0,19326976.0,583008256,579174400.0,545259520.0,4554752.0,29360128.0,1745638912.0,1728780800.0,4275200.0,12582912.0,134091898.88000001,11497287712.768002,96041045.19680002,504053943.50079995,12097382701.465603,276604928000.0,684032000.0,2013265920.0,279302225920.0,291533700520.34564,0.08388608,accelergy,cacti,configs/cacti_sram_45nm.csv,21.085900000000002,17.167975,4,45.0,3.18224,0.795423,4302.53,11.948249145600002,160.0,160.0,46.070527999999996,41.950845451565044,291.53370052034563,13431.111512766196,8.74601101561037
hires,2048,2048,128,128,11,128,4096,50.0,ws,24168448.0,5670400.0,583008256,557878016.0,545259520.0,35584.0,12582912.0,983155712.0,966297600.0,4275200.0,12582912.0,134091898.88000001,11497287712.768002,750320.6656000002,216023118.64319998,11714061152.076801,154607616000.0,684032000.0,2013265920.0,157304913920.0,169153066970.9568,0.08388608,accelergy,cacti,configs/cacti_sram_45nm.csv,21.085900000000002,17.167975,4,45.0,3.18224,0.795423,4302.53,11.948249145600002,160.0,160.0,24.168447999999998,23.46199474620795,169.1530669709568,4088.167103128086,5.074592009128703
hires,2048,2048,128,128,11,128,4096,200.0,os,22364928.0,0.0,583008256,579174400.0,545259520.0,4554752.0,29360128.0,1745958912.0,1729075200.0,4300800.0,12582912.0,134091898.88000001,11497287712.768002,96041045.19680002,504053943.50079995,12097382701.465603,276652032000.0,688128000.0,2013265920.0,279353425920.0,291584900520.34564,0.035584,accelergy,cacti,configs/cacti_sram_45nm.csv,21.085900000000002,17.167975,4,45.0,3.18224,0.795423,4302.53,11.948249145600002,160.0,160.0,22.364928,0.0,291.5849005203456,6521.275306024692,8.747547015610369
hires,2048,2048,128,128,11,128,4096,200.0,ws,11062272.0,0.0,583008256,557878016.0,545259520.0,35584.0,12582912.0,983334912.0,966451200.0,4300800.0,12582912.0,134091898.88000001,11497287712.768002,750320.6656000002,216023118.64319998,11714061152.076801,154632192000.0,688128000.0,2013265920.0,157333585920.0,169181738970.9568,0.035584,accelergy,cacti,configs/cacti_sram_45nm.csv,21.085900000000002,17.167975,4,45.0,3.18224,0.795423,4302.53,11.948249145600002,160.0,160.0,11.062272,0.0,169.1817389709568,1871.534413929724,5.075452169128703
hires,2048,2048,128,128,11,128,4096,800.0,os,21270272.0,0.0,583008256,579174400.0,545259520.0,4554752.0,29360128.0,1746624512.0,1729536000.0,4505600.0,12582912.0,134091898.88000001,11497287712.768002,96041045.19680002,504053943.50079995,12097382701.465603,276725760000.0,720896000.0,2013265920.0,279459921920.0,291691396520.34564,0.035584,accelergy,cacti,configs/cacti_sram_45nm.csv,21.085900000000002,17.167975,4,45.0,3.18224,0.795423,4302.53,11.948249145600002,160.0,160.0,21.270272,0.0,291.6913965203456,6204.355344047604,8.75074189561037
hires,2048,2048,128,128,11,128,4096,800.0,ws,9203200.0,0.0,583008256,557878016.0,545259520.0,35584.0,12582912.0,983744512.0,966656000.0,4505600.0,12582912.0,134091898.88000001,11497287712.768002,750320.6656000002,216023118.64319998,11714061152.076801,154664960000.0,720896000.0,2013265920.0,157399121920.0,169247274970.9568,0.035584,accelergy,cacti,configs/cacti_sram_45nm.csv,21.085900000000002,17.167975,4,45.0,3.18224,0.795423,4302.53,11.948249145600002,160.0,160.0,9.2032,0.0,169.2472749709568,1557.6165210127097,5.077418249128703
