resolution,frame_width,frame_height,tile_width,tile_height,gaussian_kernel,array_size,sram_budget_kb,bandwidth_gbps,dataflow,stage_op,stage_cycles,stage_energy_mj,energy_backend,total_cycles,total_energy_mj,latency_share_pct,energy_share_pct
1080p,1920,1080,128,128,3,8,256,50.0,is,gaussian,12164985.0,0.31345934999999997,accelergy_plugin,24790035.0,0.6974210999999999,49.07207674373997,44.945492758965855
1080p,1920,1080,128,128,3,8,256,50.0,is,sobel,12625050.0,0.38396175,accelergy_plugin,24790035.0,0.6974210999999999,50.92792325626002,55.05450724103416
1080p,1920,1080,128,128,3,8,256,50.0,os,gaussian,6161880.0,0.2905677,accelergy_plugin,12365265.0,0.635049,49.832171004826826,45.7551622000822
1080p,1920,1080,128,128,3,8,256,50.0,os,sobel,6203385.0,0.3444813,accelergy_plugin,12365265.0,0.635049,50.16782899517317,54.2448377999178
1080p,1920,1080,128,128,3,8,256,50.0,ws,gaussian,4394925.0,0.22413342,accelergy_plugin,8731515.0,0.50011656,50.334048558583476,44.81623643896134
1080p,1920,1080,128,128,3,8,256,50.0,ws,sobel,4336590.0,0.27598314,accelergy_plugin,8731515.0,0.50011656,49.665951441416524,55.183763561038646
1080p,1920,1080,128,128,3,8,256,200.0,is,gaussian,11983515.0,0.3136386,accelergy_plugin,24470910.0,0.6977796,48.970451037578904,44.94808962600798
1080p,1920,1080,128,128,3,8,256,200.0,is,sobel,12487395.0,0.384141,accelergy_plugin,24470910.0,0.6977796,51.02954896242109,55.051910373992015
1080p,1920,1080,128,128,3,8,256,200.0,os,gaussian,6011535.0,0.2906802,accelergy_plugin,12033450.0,0.635274,49.956870224249904,45.75666562774488
1080p,1920,1080,128,128,3,8,256,200.0,os,sobel,6021915.0,0.3445938,accelergy_plugin,12033450.0,0.635274,50.043129775750096,54.24333437225513
1080p,1920,1080,128,128,3,8,256,200.0,ws,gaussian,4213455.0,0.22418591999999998,accelergy_plugin,8412390.0,0.50022156,50.08630127704493,44.81732454714667
1080p,1920,1080,128,128,3,8,256,200.0,ws,sobel,4198935.0,0.27603563999999997,accelergy_plugin,8412390.0,0.50022156,49.91369872295507,55.18267545285334
1080p,1920,1080,128,128,3,8,256,800.0,is,gaussian,11938110.0,0.3140376,accelergy_plugin,24391050.0,0.6985775999999999,48.9446333798668,44.95386053031188
1080p,1920,1080,128,128,3,8,256,800.0,is,sobel,12452940.0,0.38454,accelergy_plugin,24391050.0,0.6985775999999999,51.0553666201332,55.04613946968813
1080p,1920,1080,128,128,3,8,256,800.0,os,gaussian,5973975.0,0.2909592,accelergy_plugin,11950485.0,0.635832,49.98939373590277,45.760389536858796
1080p,1920,1080,128,128,3,8,256,800.0,os,sobel,5976510.0,0.3448728,accelergy_plugin,11950485.0,0.635832,50.010606264097234,54.239610463141204
1080p,1920,1080,128,128,3,8,256,800.0,ws,gaussian,4168050.0,0.22434492,accelergy_plugin,8332530.0,0.50053956,50.02142206508707,44.820617175593476
1080p,1920,1080,128,128,3,8,256,800.0,ws,sobel,4164480.0,0.27619464000000005,accelergy_plugin,8332530.0,0.50053956,49.97857793491293,55.17938282440653
1080p,1920,1080,128,128,3,8,1024,50.0,is,gaussian,12379320.0,0.2384766,accelergy_plugin,25359945.0,0.5474555999999999,48.81445917962361,43.56090247318687
1080p,1920,1080,128,128,3,8,1024,50.0,is,sobel,12980625.0,0.30897899999999995,accelergy_plugin,25359945.0,0.5474555999999999,51.18554082037639,56.43909752681313
1080p,1920,1080,128,128,3,8,1024,50.0,os,gaussian,6376215.0,0.25092495,accelergy_plugin,12793935.0,0.5557635000000001,49.837794236097025,45.149591507898585
1080p,1920,1080,128,128,3,8,1024,50.0,os,sobel,6417720.0,0.30483855000000004,accelergy_plugin,12793935.0,0.5557635000000001,50.162205763902975,54.85040849210141
1080p,1920,1080,128,128,3,8,1024,50.0,ws,gaussian,4836825.0,0.23120892,accelergy_plugin,9756555.0,0.5142675600000001,49.575131796007916,44.9588770483598
1080p,1920,1080,128,128,3,8,1024,50.0,ws,sobel,4919730.0,0.28305864000000003,accelergy_plugin,9756555.0,0.5142675600000001,50.42486820399209,55.04112295164019
1080p,1920,1080,128,128,3,8,1024,200.0,is,gaussian,12037095.0,0.23850960000000002,accelergy_plugin,24613350.0,0.5475216,48.90474071997514,43.56167866254044
1080p,1920,1080,128,128,3,8,1024,200.0,is,sobel,12576255.0,0.309012,accelergy_plugin,24613350.0,0.5475216,51.09525928002486,56.43832133745956
1080p,1920,1080,128,128,3,8,1024,200.0,os,gaussian,6065115.0,0.2509512,accelergy_plugin,12140610.0,0.555816,49.95725091243356,45.15004965672093
1080p,1920,1080,128,128,3,8,1024,200.0,os,sobel,6075495.0,0.3048648,accelergy_plugin,12140610.0,0.555816,50.04274908756644,54.849950343279076
1080p,1920,1080,128,128,3,8,1024,200.0,ws,gaussian,4323960.0,0.23124192,accelergy_plugin,8668680.0,0.51433356,49.88025858608231,44.95952393229017
1080p,1920,1080,128,128,3,8,1024,200.0,ws,sobel,4344720.0,0.28309164,accelergy_plugin,8668680.0,0.51433356,50.11974141391769,55.04047606770983
1080p,1920,1080,128,128,3,8,1024,800.0,is,gaussian,11951535.0,0.2386416,accelergy_plugin,24426660.0,0.5477856000000001,48.92824070093906,43.56478154956975
1080p,1920,1080,128,128,3,8,1024,800.0,is,sobel,12475125.0,0.30914400000000003,accelergy_plugin,24426660.0,0.5477856000000001,51.07175929906095,56.435218450430234
1080p,1920,1080,128,128,3,8,1024,800.0,os,gaussian,5987400.0,0.2510832,accelergy_plugin,11977335.0,0.55608,49.989417512326405,45.15235217954251
1080p,1920,1080,128,128,3,8,1024,800.0,os,sobel,5989935.0,0.3049968,accelergy_plugin,11977335.0,0.55608,50.010582487673595,54.84764782045749
1080p,1920,1080,128,128,3,8,1024,800.0,ws,gaussian,4195740.0,0.23140091999999998,accelergy_plugin,8396670.0,0.51465156,49.96909489118901,44.96263841112227
1080p,1920,1080,128,128,3,8,1024,800.0,ws,sobel,4200930.0,0.28325064,accelergy_plugin,8396670.0,0.51465156,50.030905108811,55.03736158887772
1080p,1920,1080,128,128,3,8,4096,50.0,is,gaussian,12379320.0,0.2384766,accelergy_plugin,25359945.0,0.5474555999999999,48.81445917962361,43.56090247318687
1080p,1920,1080,128,128,3,8,4096,50.0,is,sobel,12980625.0,0.30897899999999995,accelergy_plugin,25359945.0,0.5474555999999999,51.18554082037639,56.43909752681313
1080p,1920,1080,128,128,3,8,4096,50.0,os,gaussian,6376215.0,0.25092495,accelergy_plugin,12793935.0,0.5557635000000001,49.837794236097025,45.149591507898585
1080p,1920,1080,128,128,3,8,4096,50.0,os,sobel,6417720.0,0.30483855000000004,accelergy_plugin,12793935.0,0.5557635000000001,50.162205763902975,54.85040849210141
1080p,1920,1080,128,128,3,8,4096,50.0,ws,gaussian,4899465.0,0.23434092,accelergy_plugin,9881835.0,0.52053156,49.580518193230304,45.019541178252474
1080p,1920,1080,128,128,3,8,4096,50.0,ws,sobel,4982370.0,0.28619064,accelergy_plugin,9881835.0,0.52053156,50.419481806769696,54.980458821747526
1080p,1920,1080,128,128,3,8,4096,200.0,is,gaussian,12037095.0,0.23850960000000002,accelergy_plugin,24613350.0,0.5475216,48.90474071997514,43.56167866254044
1080p,1920,1080,128,128,3,8,4096,200.0,is,sobel,12576255.0,0.309012,accelergy_plugin,24613350.0,0.5475216,51.09525928002486,56.43832133745956
1080p,1920,1080,128,128,3,8,4096,200.0,os,gaussian,6065115.0,0.2509512,accelergy_plugin,12140610.0,0.555816,49.95725091243356,45.15004965672093
1080p,1920,1080,128,128,3,8,4096,200.0,os,sobel,6075495.0,0.3048648,accelergy_plugin,12140610.0,0.555816,50.04274908756644,54.849950343279076
1080p,1920,1080,128,128,3,8,4096,200.0,ws,gaussian,4339560.0,0.23436192,accelergy_plugin,8699880.0,0.52057356,49.88068800948979,45.01994300286784
1080p,1920,1080,128,128,3,8,4096,200.0,ws,sobel,4360320.0,0.28621164,accelergy_plugin,8699880.0,0.52057356,50.11931199051022,54.980056997132166
1080p,1920,1080,128,128,3,8,4096,800.0,is,gaussian,11951535.0,0.2386416,accelergy_plugin,24426660.0,0.5477856000000001,48.92824070093906,43.56478154956975
1080p,1920,1080,128,128,3,8,4096,800.0,is,sobel,12475125.0,0.30914400000000003,accelergy_plugin,24426660.0,0.5477856000000001,51.07175929906095,56.435218450430234
1080p,1920,1080,128,128,3,8,4096,800.0,os,gaussian,5987400.0,0.2510832,accelergy_plugin,11977335.0,0.55608,49.989417512326405,45.15235217954251
1080p,1920,1080,128,128,3,8,4096,800.0,os,sobel,5989935.0,0.3049968,accelergy_plugin,11977335.0,0.55608,50.010582487673595,54.84764782045749
1080p,1920,1080,128,128,3,8,4096,800.0,ws,gaussian,4199580.0,0.23447292,accelergy_plugin,8404350.0,0.5207955599999999,49.96912313266344,45.022065856321824
1080p,1920,1080,128,128,3,8,4096,800.0,ws,sobel,4204770.0,0.28632263999999996,accelergy_plugin,8404350.0,0.5207955599999999,50.03087686733656,54.97793414367818
1080p,1920,1080,128,128,3,16,256,50.0,is,gaussian,6291480.0,0.28753934999999997,accelergy_plugin,12754065.0,0.6196611000000001,49.32921386240387,46.40267881911579
1080p,1920,1080,128,128,3,16,256,50.0,is,sobel,6462585.0,0.33212175000000005,accelergy_plugin,12754065.0,0.6196611000000001,50.67078613759614,53.597321180884194
1080p,1920,1080,128,128,3,16,256,50.0,os,gaussian,5254680.0,0.31658325000000004,accelergy_plugin,10550865.0,0.6777489000000001,49.80330996558102,46.710994293019134
1080p,1920,1080,128,128,3,16,256,50.0,os,sobel,5296185.0,0.36116565,accelergy_plugin,10550865.0,0.6777489000000001,50.19669003441898,53.28900570698085
1080p,1920,1080,128,128,3,16,256,50.0,ws,gaussian,2280090.0,0.20755137,accelergy_plugin,4601685.0,0.45036366000000005,49.549023890161976,46.08528361280303
1080p,1920,1080,128,128,3,16,256,50.0,ws,sobel,2321595.0,0.24281229000000001,accelergy_plugin,4601685.0,0.45036366000000005,50.45097610983803,53.91471638719696
1080p,1920,1080,128,128,3,16,256,200.0,is,gaussian,6141135.0,0.2877186,accelergy_plugin,12422250.0,0.6200196,49.43657549960756,46.404758817301904
1080p,1920,1080,128,128,3,16,256,200.0,is,sobel,6281115.0,0.33230099999999996,accelergy_plugin,12422250.0,0.6200196,50.56342450039244,53.59524118269808
1080p,1920,1080,128,128,3,16,256,200.0,os,gaussian,5104335.0,0.316749,accelergy_plugin,10219050.0,0.6780804,49.949212500183485,46.712602222391325
1080p,1920,1080,128,128,3,16,256,200.0,os,sobel,5114715.0,0.36133139999999997,accelergy_plugin,10219050.0,0.6780804,50.050787499816515,53.28739777760867
1080p,1920,1080,128,128,3,16,256,200.0,ws,gaussian,2129745.0,0.20759712,accelergy_plugin,4269870.0,0.45045515999999997,49.87845063198645,46.08607880082892
1080p,1920,1080,128,128,3,16,256,200.0,ws,sobel,2140125.0,0.24285804,accelergy_plugin,4269870.0,0.45045515999999997,50.121549368013554,53.91392119917108
1080p,1920,1080,128,128,3,16,256,800.0,is,gaussian,6103575.0,0.2881176,accelergy_plugin,12339285.0,0.6208176,49.464575945850996,46.40938014643915
1080p,1920,1080,128,128,3,16,256,800.0,is,sobel,6235710.0,0.3327,accelergy_plugin,12339285.0,0.6208176,50.535424054149004,53.59061985356085
1080p,1920,1080,128,128,3,16,256,800.0,os,gaussian,5066775.0,0.317148,accelergy_plugin,10136085.0,0.6788784,49.98749517195248,46.71646645408073
1080p,1920,1080,128,128,3,16,256,800.0,os,sobel,5069310.0,0.3617304,accelergy_plugin,10136085.0,0.6788784,50.01250482804751,53.28353354591927
1080p,1920,1080,128,128,3,16,256,800.0,ws,gaussian,2092185.0,0.20775612000000002,accelergy_plugin,4186905.0,0.45077316,49.969727041812504,46.08883989454918
1080p,1920,1080,128,128,3,16,256,800.0,ws,sobel,2094720.0,0.24301704,accelergy_plugin,4186905.0,0.45077316,50.030272958187496,53.91116010545082
1080p,1920,1080,128,128,3,16,1024,50.0,is,gaussian,6505815.0,0.21255659999999998,accelergy_plugin,13182735.0,0.4696956,49.351026171731434,45.25411777329828
1080p,1920,1080,128,128,3,16,1024,50.0,is,sobel,6676920.0,0.257139,accelergy_plugin,13182735.0,0.4696956,50.64897382826856,54.745882226701724
1080p,1920,1080,128,128,3,16,1024,50.0,os,gaussian,5469015.0,0.2416005,accelergy_plugin,10979535.0,0.5277834,49.8109892632065,45.77644920245692
1080p,1920,1080,128,128,3,16,1024,50.0,os,sobel,5510520.0,0.2861829,accelergy_plugin,10979535.0,0.5277834,50.18901073679349,54.22355079754308
1080p,1920,1080,128,128,3,16,1024,50.0,ws,gaussian,2721990.0,0.21462687,accelergy_plugin,5485485.0,0.46451465999999997,49.62168340629862,46.20454174686328
1080p,1920,1080,128,128,3,16,1024,50.0,ws,sobel,2763495.0,0.24988779,accelergy_plugin,5485485.0,0.46451465999999997,50.37831659370138,53.79545825313673
1080p,1920,1080,128,128,3,16,1024,200.0,is,gaussian,6194715.0,0.2125896,accelergy_plugin,12529410.0,0.4697616,49.441394287520325,45.254784554548515
1080p,1920,1080,128,128,3,16,1024,200.0,is,sobel,6334695.0,0.257172,accelergy_plugin,12529410.0,0.4697616,50.558605712479675,54.74521544545148
1080p,1920,1080,128,128,3,16,1024,200.0,os,gaussian,5157915.0,0.24162,accelergy_plugin,10326210.0,0.5278224,49.949739546261405,45.776761274246795
1080p,1920,1080,128,128,3,16,1024,200.0,os,sobel,5168295.0,0.28620239999999997,accelergy_plugin,10326210.0,0.5278224,50.050260453738595,54.2232387257532
1080p,1920,1080,128,128,3,16,1024,200.0,ws,gaussian,2240250.0,0.21465312,accelergy_plugin,4490880.0,0.46456716,49.88443244976486,46.204970665597635
1080p,1920,1080,128,128,3,16,1024,200.0,ws,sobel,2250630.0,0.24991403999999998,accelergy_plugin,4490880.0,0.46456716,50.11556755023514,53.795029334402365
1080p,1920,1080,128,128,3,16,1024,800.0,is,gaussian,6117000.0,0.2127216,accelergy_plugin,12366135.0,0.47002560000000004,49.4657384866007,45.257449806989236
1080p,1920,1080,128,128,3,16,1024,800.0,is,sobel,6249135.0,0.25730400000000003,accelergy_plugin,12366135.0,0.47002560000000004,50.534261513399294,54.742550193010764
1080p,1920,1080,128,128,3,16,1024,800.0,os,gaussian,5080200.0,0.24175200000000002,accelergy_plugin,10162935.0,0.5280864000000001,49.987528209124626,45.77887254812848
1080p,1920,1080,128,128,3,16,1024,800.0,os,sobel,5082735.0,0.2863344,accelergy_plugin,10162935.0,0.5280864000000001,50.01247179087537,54.221127451871496
1080p,1920,1080,128,128,3,16,1024,800.0,ws,gaussian,2119875.0,0.21481212,accelergy_plugin,4242285.0,0.46488515999999996,49.97012223365474,46.20756661709744
1080p,1920,1080,128,128,3,16,1024,800.0,ws,sobel,2122410.0,0.25007303999999997,accelergy_plugin,4242285.0,0.46488515999999996,50.02987776634525,53.79243338290256
1080p,1920,1080,128,128,3,16,4096,50.0,is,gaussian,6505815.0,0.21255659999999998,accelergy_plugin,13182735.0,0.4696956,49.351026171731434,45.25411777329828
1080p,1920,1080,128,128,3,16,4096,50.0,is,sobel,6676920.0,0.257139,accelergy_plugin,13182735.0,0.4696956,50.64897382826856,54.745882226701724
1080p,1920,1080,128,128,3,16,4096,50.0,os,gaussian,5469015.0,0.2416005,accelergy_plugin,10979535.0,0.5277834,49.8109892632065,45.77644920245692
1080p,1920,1080,128,128,3,16,4096,50.0,os,sobel,5510520.0,0.2861829,accelergy_plugin,10979535.0,0.5277834,50.18901073679349,54.22355079754308
1080p,1920,1080,128,128,3,16,4096,50.0,ws,gaussian,2784630.0,0.21775887,accelergy_plugin,5610765.0,0.47077865999999996,49.630130650633205,46.255042656351506
1080p,1920,1080,128,128,3,16,4096,50.0,ws,sobel,2826135.0,0.25301978999999997,accelergy_plugin,5610765.0,0.47077865999999996,50.3698693493668,53.744957343648494
1080p,1920,1080,128,128,3,16,4096,200.0,is,gaussian,6194715.0,0.2125896,accelergy_plugin,12529410.0,0.4697616,49.441394287520325,45.254784554548515
1080p,1920,1080,128,128,3,16,4096,200.0,is,sobel,6334695.0,0.257172,accelergy_plugin,12529410.0,0.4697616,50.558605712479675,54.74521544545148
1080p,1920,1080,128,128,3,16,4096,200.0,os,gaussian,5157915.0,0.24162,accelergy_plugin,10326210.0,0.5278224,49.949739546261405,45.776761274246795
1080p,1920,1080,128,128,3,16,4096,200.0,os,sobel,5168295.0,0.28620239999999997,accelergy_plugin,10326210.0,0.5278224,50.050260453738595,54.2232387257532
1080p,1920,1080,128,128,3,16,4096,200.0,ws,gaussian,2255850.0,0.21777312000000001,accelergy_plugin,4522080.0,0.47080716,49.885229805753106,46.25526935486708
1080p,1920,1080,128,128,3,16,4096,200.0,ws,sobel,2266230.0,0.25303404,accelergy_plugin,4522080.0,0.47080716,50.114770194246894,53.74473064513293
1080p,1920,1080,128,128,3,16,4096,800.0,is,gaussian,6117000.0,0.2127216,accelergy_plugin,12366135.0,0.47002560000000004,49.4657384866007,45.257449806989236
1080p,1920,1080,128,128,3,16,4096,800.0,is,sobel,6249135.0,0.25730400000000003,accelergy_plugin,12366135.0,0.47002560000000004,50.534261513399294,54.742550193010764
1080p,1920,1080,128,128,3,16,4096,800.0,os,gaussian,5080200.0,0.24175200000000002,accelergy_plugin,10162935.0,0.5280864000000001,49.987528209124626,45.77887254812848
1080p,1920,1080,128,128,3,16,4096,800.0,os,sobel,5082735.0,0.2863344,accelergy_plugin,10162935.0,0.5280864000000001,50.01247179087537,54.221127451871496
1080p,1920,1080,128,128,3,16,4096,800.0,ws,gaussian,2123715.0,0.21788412,accelergy_plugin,4249965.0,0.47102915999999995,49.970176224980676,46.25703427787783
1080p,1920,1080,128,128,3,16,4096,800.0,ws,sobel,2126250.0,0.25314504,accelergy_plugin,4249965.0,0.47102915999999995,50.029823775019324,53.74296572212217
1080p,1920,1080,128,128,3,32,256,50.0,is,gaussian,6356280.0,0.28287375,accelergy_plugin,12818865.0,0.60567105,49.585357205961685,46.704188684600325
1080p,1920,1080,128,128,3,32,256,50.0,is,sobel,6462585.0,0.3227973,accelergy_plugin,12818865.0,0.60567105,50.41464279403832,53.295811315399675
1080p,1920,1080,128,128,3,32,256,50.0,os,gaussian,4801080.0,0.3119379,accelergy_plugin,9643665.0,0.6637926,49.78480691728715,46.993277719576874
1080p,1920,1080,128,128,3,32,256,50.0,os,sobel,4842585.0,0.35185469999999996,accelergy_plugin,9643665.0,0.6637926,50.21519308271285,53.00672228042313
1080p,1920,1080,128,128,3,32,256,50.0,ws,gaussian,2286570.0,0.20757162,accelergy_plugin,4614645.0,0.45040416,49.550290434042054,46.08563562112748
1080p,1920,1080,128,128,3,32,256,50.0,ws,sobel,2328075.0,0.24283253999999999,accelergy_plugin,4614645.0,0.45040416,50.449709565957946,53.91436437887251
1080p,1920,1080,128,128,3,32,256,100.0,is,gaussian,6256005.0,0.28288050000000003,accelergy_plugin,12597570.0,0.6056778,49.66041069825371,46.704782641860085
1080p,1920,1080,128,128,3,32,256,100.0,is,sobel,6341565.0,0.3227973,accelergy_plugin,12597570.0,0.6056778,50.33958930174629,53.29521735813992
1080p,1920,1080,128,128,3,32,256,100.0,ws,gaussian,2186295.0,0.20757162,accelergy_plugin,4393350.0,0.45040416,49.76373382498549,46.08563562112748
1080p,1920,1080,128,128,3,32,256,100.0,ws,sobel,2207055.0,0.24283253999999999,accelergy_plugin,4393350.0,0.45040416,50.23626617501451,53.91436437887251
1080p,1920,1080,128,128,3,32,256,200.0,is,gaussian,6205935.0,0.283053,accelergy_plugin,12487050.0,0.6060228000000001,49.6989681309837,46.70665856136105
1080p,1920,1080,128,128,3,32,256,200.0,is,sobel,6281115.0,0.32296980000000003,accelergy_plugin,12487050.0,0.6060228000000001,50.3010318690163,53.29334143863894
1080p,1920,1080,128,128,3,32,256,200.0,os,gaussian,4650735.0,0.3121104,accelergy_plugin,9311850.0,0.6641376,49.94426456611737,46.99483962359607
1080p,1920,1080,128,128,3,32,256,200.0,os,sobel,4661115.0,0.3520272,accelergy_plugin,9311850.0,0.6641376,50.05573543388263,53.00516037640393
1080p,1920,1080,128,128,3,32,256,200.0,ws,gaussian,2136225.0,0.20762412,accelergy_plugin,4282830.0,0.45050916,49.87881844481336,46.086547940556855
1080p,1920,1080,128,128,3,32,256,200.0,ws,sobel,2146605.0,0.24288504000000002,accelergy_plugin,4282830.0,0.45050916,50.121181555186645,53.913452059443145
1080p,1920,1080,128,128,3,32,256,800.0,is,gaussian,6168375.0,0.283452,accelergy_plugin,12404085.0,0.6068207999999999,49.72857731948789,46.71098947168588
1080p,1920,1080,128,128,3,32,256,800.0,is,sobel,6235710.0,0.3233688,accelergy_plugin,12404085.0,0.6068207999999999,50.2714226805121,53.28901052831413
1080p,1920,1080,128,128,3,32,256,800.0,os,gaussian,4613175.0,0.3124824,accelergy_plugin,9228885.0,0.6648816,49.986265946536335,46.99820238671066
1080p,1920,1080,128,128,3,32,256,800.0,os,sobel,4615710.0,0.3523992,accelergy_plugin,9228885.0,0.6648816,50.013734053463665,53.00179761328935
1080p,1920,1080,128,128,3,32,256,800.0,ws,gaussian,2098665.0,0.20775612000000002,accelergy_plugin,4199865.0,0.45077316,49.96982045851473,46.08883989454918
1080p,1920,1080,128,128,3,32,256,800.0,ws,sobel,2101200.0,0.24301704,accelergy_plugin,4199865.0,0.45077316,50.03017954148527,53.91116010545082
1080p,1920,1080,128,128,3,32,512,50.0,is,gaussian,6499335.0,0.218463,accelergy_plugin,13104975.0,0.47684954999999996,49.59440975660007,45.813821151765794
1080p,1920,1080,128,128,3,32,512,50.0,is,sobel,6605640.0,0.25838655,accelergy_plugin,13104975.0,0.47684954999999996,50.405590243399935,54.18617884823421
1080p,1920,1080,128,128,3,32,512,50.0,ws,gaussian,2445600.0,0.21463962,accelergy_plugin,4932705.0,0.46454016,49.57928763224235,46.204750090928634
1080p,1920,1080,128,128,3,32,512,50.0,ws,sobel,2487105.0,0.24990054,accelergy_plugin,4932705.0,0.46454016,50.420712367757645,53.79524990907137
1080p,1920,1080,128,128,3,32,512,100.0,is,gaussian,6327540.0,0.2184705,accelergy_plugin,12740640.0,0.4768578,49.664224089213725,45.81460133398259
1080p,1920,1080,128,128,3,32,512,100.0,is,sobel,6413100.0,0.2583873,accelergy_plugin,12740640.0,0.4768578,50.335775910786275,54.18539866601741
1080p,1920,1080,128,128,3,32,512,100.0,ws,gaussian,2265810.0,0.21463962,accelergy_plugin,4552380.0,0.46454016,49.771987399997364,46.204750090928634
1080p,1920,1080,128,128,3,32,512,100.0,ws,sobel,2286570.0,0.24990054,accelergy_plugin,4552380.0,0.46454016,50.228012600002636,53.79524990907137
1080p,1920,1080,128,128,3,32,1024,50.0,is,gaussian,6570615.0,0.207891,accelergy_plugin,13247535.0,0.45570555,49.598774413504096,45.619589228175954
1080p,1920,1080,128,128,3,32,1024,50.0,is,sobel,6676920.0,0.24781455,accelergy_plugin,13247535.0,0.45570555,50.401225586495904,54.38041077182404
1080p,1920,1080,128,128,3,32,1024,50.0,os,gaussian,5015415.0,0.23695515,accelergy_plugin,10072335.0,0.5138271000000001,49.79396535162899,46.11573620776326
1080p,1920,1080,128,128,3,32,1024,50.0,os,sobel,5056920.0,0.27687195000000003,accelergy_plugin,10072335.0,0.5138271000000001,50.20603464837101,53.88426379223672
1080p,1920,1080,128,128,3,32,1024,50.0,ws,gaussian,2762880.0,0.21636761999999998,accelergy_plugin,5567265.0,0.46799616,49.627240664850696,46.232776781758204
1080p,1920,1080,128,128,3,32,1024,50.0,ws,sobel,2804385.0,0.25162854,accelergy_plugin,5567265.0,0.46799616,50.37275933514931,53.76722321824179
1080p,1920,1080,128,128,3,32,1024,100.0,is,gaussian,6363180.0,0.2078985,accelergy_plugin,12811920.0,0.45571380000000006,49.66609220163723,45.62040912520094
1080p,1920,1080,128,128,3,32,1024,100.0,is,sobel,6448740.0,0.24781530000000002,accelergy_plugin,12811920.0,0.45571380000000006,50.33390779836277,54.37959087479904
1080p,1920,1080,128,128,3,32,1024,100.0,ws,gaussian,2424510.0,0.21637362,accelergy_plugin,4869780.0,0.46800815999999995,49.78684868720969,46.232873375541146
1080p,1920,1080,128,128,3,32,1024,100.0,ws,sobel,2445270.0,0.25163453999999996,accelergy_plugin,4869780.0,0.46800815999999995,50.213151312790316,53.76712662445885
1080p,1920,1080,128,128,3,32,1024,200.0,is,gaussian,6259515.0,0.207924,accelergy_plugin,12594210.0,0.45576479999999997,49.70152951237116,45.62089920064033
1080p,1920,1080,128,128,3,32,1024,200.0,is,sobel,6334695.0,0.2478408,accelergy_plugin,12594210.0,0.45576479999999997,50.29847048762884,54.37910079935967
1080p,1920,1080,128,128,3,32,1024,200.0,os,gaussian,4704315.0,0.23698139999999998,accelergy_plugin,9419010.0,0.5138796,49.944898667694375,46.1161330397237
1080p,1920,1080,128,128,3,32,1024,200.0,os,sobel,4714695.0,0.2768982,accelergy_plugin,9419010.0,0.5138796,50.05510133230563,53.88386696027629
1080p,1920,1080,128,128,3,32,1024,200.0,ws,gaussian,2255325.0,0.21639912,accelergy_plugin,4521030.0,0.46805916000000003,49.885203150609485,46.23328384386281
1080p,1920,1080,128,128,3,32,1024,200.0,ws,sobel,2265705.0,0.25166004000000003,accelergy_plugin,4521030.0,0.46805916000000003,50.11479684939052,53.766716156137186
1080p,1920,1080,128,128,3,32,1024,800.0,is,gaussian,6181800.0,0.208056,accelergy_plugin,12430935.0,0.4560288,49.72916357458228,45.62343430941203
1080p,1920,1080,128,128,3,32,1024,800.0,is,sobel,6249135.0,0.24797280000000002,accelergy_plugin,12430935.0,0.4560288,50.27083642541772,54.37656569058797
1080p,1920,1080,128,128,3,32,1024,800.0,os,gaussian,4626600.0,0.2370864,accelergy_plugin,9255735.0,0.5140896,49.986305787708915,46.117719557057754
1080p,1920,1080,128,128,3,32,1024,800.0,os,sobel,4629135.0,0.2770032,accelergy_plugin,9255735.0,0.5140896,50.013694212291085,53.882280442942246
1080p,1920,1080,128,128,3,32,1024,800.0,ws,gaussian,2128500.0,0.21652812,accelergy_plugin,4259535.0,0.46831716,49.97024323077519,46.23535896058132
1080p,1920,1080,128,128,3,32,1024,800.0,ws,sobel,2131035.0,0.25178904,accelergy_plugin,4259535.0,0.46831716,50.02975676922481,53.76464103941867
1080p,1920,1080,128,128,3,32,2048,50.0,is,gaussian,6570615.0,0.207891,accelergy_plugin,13247535.0,0.45570555,49.598774413504096,45.619589228175954
1080p,1920,1080,128,128,3,32,2048,50.0,is,sobel,6676920.0,0.24781455,accelergy_plugin,13247535.0,0.45570555,50.401225586495904,54.38041077182404
1080p,1920,1080,128,128,3,32,2048,50.0,ws,gaussian,3329400.0,0.24469362,accelergy_plugin,6700305.0,0.52464816,49.690275293438134,46.63956507538309
1080p,1920,1080,128,128,3,32,2048,50.0,ws,sobel,3370905.0,0.27995454000000003,accelergy_plugin,6700305.0,0.52464816,50.309724706561866,53.360434924616904
1080p,1920,1080,128,128,3,32,2048,100.0,is,gaussian,6363180.0,0.2078985,accelergy_plugin,12811920.0,0.45571380000000006,49.66609220163723,45.62040912520094
1080p,1920,1080,128,128,3,32,2048,100.0,is,sobel,6448740.0,0.24781530000000002,accelergy_plugin,12811920.0,0.45571380000000006,50.33390779836277,54.37959087479904
1080p,1920,1080,128,128,3,32,2048,100.0,ws,gaussian,2707710.0,0.24469362,accelergy_plugin,5436180.0,0.52464816,49.80905709523967,46.63956507538309
1080p,1920,1080,128,128,3,32,2048,100.0,ws,sobel,2728470.0,0.27995454000000003,accelergy_plugin,5436180.0,0.52464816,50.19094290476033,53.360434924616904
1080p,1920,1080,128,128,3,32,4096,50.0,is,gaussian,6570615.0,0.207891,accelergy_plugin,13247535.0,0.45570555,49.598774413504096,45.619589228175954
1080p,1920,1080,128,128,3,32,4096,50.0,is,sobel,6676920.0,0.24781455,accelergy_plugin,13247535.0,0.45570555,50.401225586495904,54.38041077182404
1080p,1920,1080,128,128,3,32,4096,50.0,os,gaussian,5015415.0,0.23695515,accelergy_plugin,10072335.0,0.5138271000000001,49.79396535162899,46.11573620776326
1080p,1920,1080,128,128,3,32,4096,50.0,os,sobel,5056920.0,0.27687195000000003,accelergy_plugin,10072335.0,0.5138271000000001,50.20603464837101,53.88426379223672
1080p,1920,1080,128,128,3,32,4096,50.0,ws,gaussian,3454680.0,0.25095762,accelergy_plugin,6950865.0,0.53717616,49.701440036599756,46.71793699854439
1080p,1920,1080,128,128,3,32,4096,50.0,ws,sobel,3496185.0,0.28621854,accelergy_plugin,6950865.0,0.53717616,50.29855996340024,53.28206300145561
1080p,1920,1080,128,128,3,32,4096,100.0,is,gaussian,6363180.0,0.2078985,accelergy_plugin,12811920.0,0.45571380000000006,49.66609220163723,45.62040912520094
1080p,1920,1080,128,128,3,32,4096,100.0,is,sobel,6448740.0,0.24781530000000002,accelergy_plugin,12811920.0,0.45571380000000006,50.33390779836277,54.37959087479904
1080p,1920,1080,128,128,3,32,4096,100.0,ws,gaussian,2770350.0,0.25095762,accelergy_plugin,5561460.0,0.53717616,49.81335836273209,46.71793699854439
1080p,1920,1080,128,128,3,32,4096,100.0,ws,sobel,2791110.0,0.28621854,accelergy_plugin,5561460.0,0.53717616,50.18664163726791,53.28206300145561
1080p,1920,1080,128,128,3,32,4096,200.0,is,gaussian,6259515.0,0.207924,accelergy_plugin,12594210.0,0.45576479999999997,49.70152951237116,45.62089920064033
1080p,1920,1080,128,128,3,32,4096,200.0,is,sobel,6334695.0,0.2478408,accelergy_plugin,12594210.0,0.45576479999999997,50.29847048762884,54.37910079935967
1080p,1920,1080,128,128,3,32,4096,200.0,os,gaussian,4704315.0,0.23698139999999998,accelergy_plugin,9419010.0,0.5138796,49.944898667694375,46.1161330397237
1080p,1920,1080,128,128,3,32,4096,200.0,os,sobel,4714695.0,0.2768982,accelergy_plugin,9419010.0,0.5138796,50.05510133230563,53.88386696027629
1080p,1920,1080,128,128,3,32,4096,200.0,ws,gaussian,2428245.0,0.25098312,accelergy_plugin,4866870.0,0.53722716,49.89336061986451,46.7182485710514
1080p,1920,1080,128,128,3,32,4096,200.0,ws,sobel,2438625.0,0.28624404,accelergy_plugin,4866870.0,0.53722716,50.10663938013549,53.281751428948596
1080p,1920,1080,128,128,3,32,4096,800.0,is,gaussian,6181800.0,0.208056,accelergy_plugin,12430935.0,0.4560288,49.72916357458228,45.62343430941203
1080p,1920,1080,128,128,3,32,4096,800.0,is,sobel,6249135.0,0.24797280000000002,accelergy_plugin,12430935.0,0.4560288,50.27083642541772,54.37656569058797
1080p,1920,1080,128,128,3,32,4096,800.0,os,gaussian,4626600.0,0.2370864,accelergy_plugin,9255735.0,0.5140896,49.986305787708915,46.117719557057754
1080p,1920,1080,128,128,3,32,4096,800.0,os,sobel,4629135.0,0.2770032,accelergy_plugin,9255735.0,0.5140896,50.013694212291085,53.882280442942246
1080p,1920,1080,128,128,3,32,4096,800.0,ws,gaussian,2171700.0,0.25108812,accelergy_plugin,4345935.0,0.5374371600000001,49.97083481460261,46.719530893621126
1080p,1920,1080,128,128,3,32,4096,800.0,ws,sobel,2174235.0,0.28634904,accelergy_plugin,4345935.0,0.5374371600000001,50.02916518539738,53.28046910637887
1080p,1920,1080,128,128,3,48,256,50.0,is,gaussian,6390750.0,0.28132503000000003,accelergy_plugin,12866295.0,0.60102489,49.67047623266838,46.80755068230203
1080p,1920,1080,128,128,3,48,256,50.0,is,sobel,6475545.0,0.31969986,accelergy_plugin,12866295.0,0.60102489,50.32952376733162,53.19244931769798
1080p,1920,1080,128,128,3,48,256,50.0,ws,gaussian,2293050.0,0.20759186999999998,accelergy_plugin,4627605.0,0.45044466,49.55154988379518,46.085987566152966
1080p,1920,1080,128,128,3,48,256,50.0,ws,sobel,2334555.0,0.24285279,accelergy_plugin,4627605.0,0.45044466,50.448450116204825,53.914012433847034
1080p,1920,1080,128,128,3,48,256,100.0,is,gaussian,6290475.0,0.28133178000000003,accelergy_plugin,12645000.0,0.60103164,49.746737841043895,46.80814807020809
1080p,1920,1080,128,128,3,48,256,100.0,is,sobel,6354525.0,0.31969986,accelergy_plugin,12645000.0,0.60103164,50.25326215895611,53.19185192979192
1080p,1920,1080,128,128,3,48,256,100.0,ws,gaussian,2192775.0,0.20759862,accelergy_plugin,4406310.0,0.45045816,49.764428739693756,46.08610486709798
1080p,1920,1080,128,128,3,48,256,100.0,ws,sobel,2213535.0,0.24285953999999998,accelergy_plugin,4406310.0,0.45045816,50.235571260306244,53.91389513290202
1080p,1920,1080,128,128,3,48,512,50.0,is,gaussian,6533880.0,0.21691803,accelergy_plugin,13152555.0,0.47221089000000005,49.6776481831857,45.9366851958878
1080p,1920,1080,128,128,3,48,512,50.0,is,sobel,6618675.0,0.25529286,accelergy_plugin,13152555.0,0.47221089000000005,50.322351816814304,54.0633148041122
1080p,1920,1080,128,128,3,48,512,50.0,ws,gaussian,2452080.0,0.21465987,accelergy_plugin,4945665.0,0.46458066,49.580390099208095,46.20508094331779
1080p,1920,1080,128,128,3,48,512,50.0,ws,sobel,2493585.0,0.24992079,accelergy_plugin,4945665.0,0.46458066,50.419609900791905,53.79491905668221
1080p,1920,1080,128,128,3,48,512,100.0,is,gaussian,6362040.0,0.21692477999999998,accelergy_plugin,12788130.0,0.47221764,49.74957245508139,45.937457990768834
1080p,1920,1080,128,128,3,48,512,100.0,is,sobel,6426090.0,0.25529286,accelergy_plugin,12788130.0,0.47221764,50.25042754491861,54.06254200923117
1080p,1920,1080,128,128,3,48,512,100.0,ws,gaussian,2272290.0,0.21466662,accelergy_plugin,4565340.0,0.46459416,49.77263467781151,46.20519121462913
1080p,1920,1080,128,128,3,48,512,100.0,ws,sobel,2293050.0,0.24992754,accelergy_plugin,4565340.0,0.46459416,50.22736532218849,53.794808785370876
1080p,1920,1080,128,128,3,48,1024,50.0,is,gaussian,6605760.0,0.20637603000000002,accelergy_plugin,13296315.0,0.45112689,49.68113345690141,45.74678091124207
1080p,1920,1080,128,128,3,48,1024,50.0,is,sobel,6690555.0,0.24475086,accelergy_plugin,13296315.0,0.45112689,50.31886654309859,54.25321908875793
1080p,1920,1080,128,128,3,48,1024,50.0,ws,gaussian,2771355.0,0.21648762000000002,accelergy_plugin,5584215.0,0.46823616,49.62837211676126,46.23470771672141
1080p,1920,1080,128,128,3,48,1024,50.0,ws,sobel,2812860.0,0.25174854,accelergy_plugin,5584215.0,0.46823616,50.37162788323874,53.7652922832786
1080p,1920,1080,128,128,3,48,1024,100.0,is,gaussian,6398040.0,0.20638878,accelergy_plugin,12860130.0,0.45114564,49.75097452358569,45.74770577412651
1080p,1920,1080,128,128,3,48,1024,100.0,is,sobel,6462090.0,0.24475686,accelergy_plugin,12860130.0,0.45114564,50.24902547641431,54.252294225873484
1080p,1920,1080,128,128,3,48,1024,100.0,ws,gaussian,2431995.0,0.21650112,accelergy_plugin,4884750.0,0.46826316,49.787501919238444,46.23492482304181
1080p,1920,1080,128,128,3,48,1024,100.0,ws,sobel,2452755.0,0.25176204,accelergy_plugin,4884750.0,0.46826316,50.212498080761556,53.76507517695819
1080p,1920,1080,128,128,3,48,2048,50.0,is,gaussian,6605760.0,0.20637603000000002,accelergy_plugin,13296315.0,0.45112689,49.68113345690141,45.74678091124207
1080p,1920,1080,128,128,3,48,2048,50.0,is,sobel,6690555.0,0.24475086,accelergy_plugin,13296315.0,0.45112689,50.31886654309859,54.25321908875793
1080p,1920,1080,128,128,3,48,2048,50.0,ws,gaussian,3370290.0,0.24643437,accelergy_plugin,6782085.0,0.5281296600000001,49.694010027889654,46.66171750323585
1080p,1920,1080,128,128,3,48,2048,50.0,ws,sobel,3411795.0,0.28169529,accelergy_plugin,6782085.0,0.5281296600000001,50.305989972110346,53.33828249676414
1080p,1920,1080,128,128,3,48,2048,100.0,is,gaussian,6398040.0,0.20638878,accelergy_plugin,12860130.0,0.45114564,49.75097452358569,45.74770577412651
1080p,1920,1080,128,128,3,48,2048,100.0,is,sobel,6462090.0,0.24475686,accelergy_plugin,12860130.0,0.45114564,50.24902547641431,54.252294225873484
1080p,1920,1080,128,128,3,48,2048,100.0,ws,gaussian,2731395.0,0.24644112,accelergy_plugin,5483550.0,0.52814316,49.810706567825584,46.66180283391345
1080p,1920,1080,128,128,3,48,2048,100.0,ws,sobel,2752155.0,0.28170204,accelergy_plugin,5483550.0,0.52814316,50.18929343217441,53.338197166086566
1080p,1920,1080,128,128,3,48,4096,50.0,is,gaussian,6605760.0,0.20637603000000002,accelergy_plugin,13296315.0,0.45112689,49.68113345690141,45.74678091124207
1080p,1920,1080,128,128,3,48,4096,50.0,is,sobel,6690555.0,0.24475086,accelergy_plugin,13296315.0,0.45112689,50.31886654309859,54.25321908875793
1080p,1920,1080,128,128,3,48,4096,50.0,ws,gaussian,4124730.0,0.28415637,accelergy_plugin,8290965.0,0.60357366,49.74969741157996,47.078987840523055
1080p,1920,1080,128,128,3,48,4096,50.0,ws,sobel,4166235.0,0.31941729,accelergy_plugin,8290965.0,0.60357366,50.25030258842005,52.921012159476945
1080p,1920,1080,128,128,3,48,4096,100.0,is,gaussian,6398040.0,0.20638878,accelergy_plugin,12860130.0,0.45114564,49.75097452358569,45.74770577412651
1080p,1920,1080,128,128,3,48,4096,100.0,is,sobel,6462090.0,0.24475686,accelergy_plugin,12860130.0,0.45114564,50.24902547641431,54.252294225873484
1080p,1920,1080,128,128,3,48,4096,100.0,ws,gaussian,3108675.0,0.28416912,accelergy_plugin,6238110.0,0.6035991599999999,49.83360344719795,47.079111243295976
1080p,1920,1080,128,128,3,48,4096,100.0,ws,sobel,3129435.0,0.31943003999999997,accelergy_plugin,6238110.0,0.6035991599999999,50.16639655280205,52.920888756704045
1080p,1920,1080,128,128,3,64,256,50.0,is,gaussian,6388680.0,0.2805477,accelergy_plugin,12851265.0,0.59868615,49.71246021306074,46.86056291764892
1080p,1920,1080,128,128,3,64,256,50.0,is,sobel,6462585.0,0.31813845,accelergy_plugin,12851265.0,0.59868615,50.28753978693926,53.13943708235108
1080p,1920,1080,128,128,3,64,256,50.0,os,gaussian,4574280.0,0.3096456,accelergy_plugin,9190065.0,0.6568752,49.77418549270326,47.13918260272271
1080p,1920,1080,128,128,3,64,256,50.0,os,sobel,4615785.0,0.34722959999999997,accelergy_plugin,9190065.0,0.6568752,50.22581450729674,52.86081739727728
1080p,1920,1080,128,128,3,64,256,50.0,ws,gaussian,2299530.0,0.20761212,accelergy_plugin,4640565.0,0.45048516000000005,49.552802298858005,46.08633944789658
1080p,1920,1080,128,128,3,64,256,50.0,ws,sobel,2341035.0,0.24287304,accelergy_plugin,4640565.0,0.45048516000000005,50.447197701142,53.91366055210342
1080p,1920,1080,128,128,3,64,256,100.0,is,gaussian,6288405.0,0.2805477,accelergy_plugin,12629970.0,0.5986929,49.78954819370117,46.860034585344174
1080p,1920,1080,128,128,3,64,256,100.0,is,sobel,6341565.0,0.31814519999999996,accelergy_plugin,12629970.0,0.5986929,50.21045180629883,53.13996541465582
1080p,1920,1080,128,128,3,64,256,100.0,ws,gaussian,2199255.0,0.20761212,accelergy_plugin,4419270.0,0.45048516000000005,49.76511957857293,46.08633944789658
1080p,1920,1080,128,128,3,64,256,100.0,ws,sobel,2220015.0,0.24287304,accelergy_plugin,4419270.0,0.45048516000000005,50.234880421427064,53.91366055210342
1080p,1920,1080,128,128,3,64,256,200.0,is,gaussian,6238335.0,0.2807202,accelergy_plugin,12519450.0,0.5990244,49.82914584905886,46.86289907389415
1080p,1920,1080,128,128,3,64,256,200.0,is,sobel,6281115.0,0.31830420000000004,accelergy_plugin,12519450.0,0.5990244,50.17085415094114,53.13710092610585
1080p,1920,1080,128,128,3,64,256,200.0,os,gaussian,4423935.0,0.3098046,accelergy_plugin,8858250.0,0.6571932,49.94141054948776,47.140566883528315
1080p,1920,1080,128,128,3,64,256,200.0,os,sobel,4434315.0,0.3473886,accelergy_plugin,8858250.0,0.6571932,50.05858945051224,52.85943311647168
1080p,1920,1080,128,128,3,64,256,200.0,ws,gaussian,2149185.0,0.20765112,accelergy_plugin,4308750.0,0.45056315999999996,49.87954743255004,46.08701696783199
1080p,1920,1080,128,128,3,64,256,200.0,ws,sobel,2159565.0,0.24291204,accelergy_plugin,4308750.0,0.45056315999999996,50.12045256744996,53.912983032168015
1080p,1920,1080,128,128,3,64,256,800.0,is,gaussian,6200775.0,0.2811192,accelergy_plugin,12436485.0,0.5998224000000001,49.85954632679571,46.86707265350543
1080p,1920,1080,128,128,3,64,256,800.0,is,sobel,6235710.0,0.3187032,accelergy_plugin,12436485.0,0.5998224000000001,50.14045367320429,53.13292734649456
1080p,1920,1080,128,128,3,64,256,800.0,os,gaussian,4386375.0,0.3101496,accelergy_plugin,8775285.0,0.6578832,49.98555602467612,47.14356590957179
1080p,1920,1080,128,128,3,64,256,800.0,os,sobel,4388910.0,0.3477336,accelergy_plugin,8775285.0,0.6578832,50.01444397532387,52.85643409042821
1080p,1920,1080,128,128,3,64,256,800.0,ws,gaussian,2111625.0,0.20775612000000002,accelergy_plugin,4225785.0,0.45077316,49.970005572929054,46.08883989454918
1080p,1920,1080,128,128,3,64,256,800.0,ws,sobel,2114160.0,0.24301704,accelergy_plugin,4225785.0,0.45077316,50.029994427070946,53.91116010545082
1080p,1920,1080,128,128,3,64,512,50.0,is,gaussian,6531735.0,0.21613695,accelergy_plugin,13137375.0,0.46986465,49.71872234750093,45.99983207930198
1080p,1920,1080,128,128,3,64,512,50.0,is,sobel,6605640.0,0.2537277,accelergy_plugin,13137375.0,0.46986465,50.28127765249907,54.00016792069802
1080p,1920,1080,128,128,3,64,512,50.0,ws,gaussian,2458560.0,0.21468012,accelergy_plugin,4958625.0,0.46462116,49.58148680329729,46.2054117380276
1080p,1920,1080,128,128,3,64,512,50.0,ws,sobel,2500065.0,0.24994104,accelergy_plugin,4958625.0,0.46462116,50.41851319670272,53.7945882619724
1080p,1920,1080,128,128,3,64,512,100.0,is,gaussian,6359940.0,0.2161377,accelergy_plugin,12773040.0,0.4698729,49.791905450855865,45.99918403466129
1080p,1920,1080,128,128,3,64,512,100.0,is,sobel,6413100.0,0.2537352,accelergy_plugin,12773040.0,0.4698729,50.208094549144135,54.00081596533871
1080p,1920,1080,128,128,3,64,512,100.0,ws,gaussian,2278770.0,0.21468012,accelergy_plugin,4578300.0,0.46462116,49.77327829106874,46.2054117380276
1080p,1920,1080,128,128,3,64,512,100.0,ws,sobel,2299530.0,0.24994104,accelergy_plugin,4578300.0,0.46462116,50.226721708931265,53.7945882619724
1080p,1920,1080,128,128,3,64,1024,50.0,is,gaussian,6603015.0,0.20556495,accelergy_plugin,13279935.0,0.44872065,49.72174186093532,45.81134164429473
1080p,1920,1080,128,128,3,64,1024,50.0,is,sobel,6676920.0,0.2431557,accelergy_plugin,13279935.0,0.44872065,50.27825813906469,54.188658355705265
1080p,1920,1080,128,128,3,64,1024,50.0,os,gaussian,4788615.0,0.23466285,accelergy_plugin,9618735.0,0.5069097,49.78424917621704,46.29283085330583
1080p,1920,1080,128,128,3,64,1024,50.0,os,sobel,4830120.0,0.27224685000000004,accelergy_plugin,9618735.0,0.5069097,50.215750823782955,53.70716914669418
1080p,1920,1080,128,128,3,64,1024,50.0,ws,gaussian,2777835.0,0.21650787,accelergy_plugin,5597175.0,0.46827665999999996,49.62923260394753,46.235033366813546
1080p,1920,1080,128,128,3,64,1024,50.0,ws,sobel,2819340.0,0.25176878999999996,accelergy_plugin,5597175.0,0.46827665999999996,50.37076739605247,53.764966633186454
1080p,1920,1080,128,128,3,64,1024,100.0,is,gaussian,6395580.0,0.2055657,accelergy_plugin,12844320.0,0.4487289,49.79306027878471,45.81066652939001
1080p,1920,1080,128,128,3,64,1024,100.0,is,sobel,6448740.0,0.2431632,accelergy_plugin,12844320.0,0.4487289,50.20693972121529,54.18933347060998
1080p,1920,1080,128,128,3,64,1024,100.0,ws,gaussian,2438475.0,0.21651462000000002,accelergy_plugin,4897710.0,0.46829016,49.78806421776708,46.235141904327016
1080p,1920,1080,128,128,3,64,1024,100.0,ws,sobel,2459235.0,0.25177554,accelergy_plugin,4897710.0,0.46829016,50.21193578223292,53.764858095673
1080p,1920,1080,128,128,3,64,1024,200.0,is,gaussian,6291915.0,0.2055912,accelergy_plugin,12626610.0,0.4487664,49.83059586064668,45.812520723476624
1080p,1920,1080,128,128,3,64,1024,200.0,is,sobel,6334695.0,0.24317519999999998,accelergy_plugin,12626610.0,0.4487664,50.16940413935331,54.187479276523376
1080p,1920,1080,128,128,3,64,1024,200.0,os,gaussian,4477515.0,0.23467559999999998,accelergy_plugin,8965410.0,0.5069352,49.942110846018196,46.29301733239277
1080p,1920,1080,128,128,3,64,1024,200.0,os,sobel,4487895.0,0.27225960000000005,accelergy_plugin,8965410.0,0.5069352,50.057889153981804,53.70698266760723
1080p,1920,1080,128,128,3,64,1024,200.0,ws,gaussian,2268795.0,0.21652812,accelergy_plugin,4547970.0,0.46831716,49.88588315226354,46.23535896058132
1080p,1920,1080,128,128,3,64,1024,200.0,ws,sobel,2279175.0,0.25178904,accelergy_plugin,4547970.0,0.46831716,50.11411684773647,53.76464103941867
1080p,1920,1080,128,128,3,64,1024,800.0,is,gaussian,6214200.0,0.2057232,accelergy_plugin,12463335.0,0.4490304,49.85984890881935,45.81498268268696
1080p,1920,1080,128,128,3,64,1024,800.0,is,sobel,6249135.0,0.2433072,accelergy_plugin,12463335.0,0.4490304,50.14015109118065,54.18501731731303
1080p,1920,1080,128,128,3,64,1024,800.0,os,gaussian,4399800.0,0.2347536,accelergy_plugin,8802135.0,0.5070912,49.98560008452495,46.29415773730643
1080p,1920,1080,128,128,3,64,1024,800.0,os,sobel,4402335.0,0.27233759999999996,accelergy_plugin,8802135.0,0.5070912,50.01439991547505,53.70584226269357
1080p,1920,1080,128,128,3,64,1024,800.0,ws,gaussian,2141595.0,0.21663612000000002,accelergy_plugin,4285725.0,0.46853316,49.970425073937314,46.23709451002359
1080p,1920,1080,128,128,3,64,1024,800.0,ws,sobel,2144130.0,0.25189704,accelergy_plugin,4285725.0,0.46853316,50.02957492606268,53.76290548997642
1080p,1920,1080,128,128,3,64,2048,50.0,is,gaussian,6603015.0,0.20556495,accelergy_plugin,13279935.0,0.44872065,49.72174186093532,45.81134164429473
1080p,1920,1080,128,128,3,64,2048,50.0,is,sobel,6676920.0,0.2431557,accelergy_plugin,13279935.0,0.44872065,50.27825813906469,54.188658355705265
1080p,1920,1080,128,128,3,64,2048,50.0,ws,gaussian,3411180.0,0.24817512,accelergy_plugin,6863865.0,0.53161116,49.697655766831076,46.68357978037933
1080p,1920,1080,128,128,3,64,2048,50.0,ws,sobel,3452685.0,0.28343604,accelergy_plugin,6863865.0,0.53161116,50.30234423316892,53.316420219620674
1080p,1920,1080,128,128,3,64,2048,100.0,is,gaussian,6395580.0,0.2055657,accelergy_plugin,12844320.0,0.4487289,49.79306027878471,45.81066652939001
1080p,1920,1080,128,128,3,64,2048,100.0,is,sobel,6448740.0,0.2431632,accelergy_plugin,12844320.0,0.4487289,50.20693972121529,54.18933347060998
1080p,1920,1080,128,128,3,64,2048,100.0,ws,gaussian,2755080.0,0.24817512,accelergy_plugin,5530920.0,0.53161116,49.81232778633572,46.68357978037933
1080p,1920,1080,128,128,3,64,2048,100.0,ws,sobel,2775840.0,0.28343604,accelergy_plugin,5530920.0,0.53161116,50.18767221366427,53.316420219620674
1080p,1920,1080,128,128,3,64,4096,50.0,is,gaussian,6603015.0,0.20556495,accelergy_plugin,13279935.0,0.44872065,49.72174186093532,45.81134164429473
1080p,1920,1080,128,128,3,64,4096,50.0,is,sobel,6676920.0,0.2431557,accelergy_plugin,13279935.0,0.44872065,50.27825813906469,54.188658355705265
1080p,1920,1080,128,128,3,64,4096,50.0,os,gaussian,4788615.0,0.23466285,accelergy_plugin,9618735.0,0.5069097,49.78424917621704,46.29283085330583
1080p,1920,1080,128,128,3,64,4096,50.0,os,sobel,4830120.0,0.27224685000000004,accelergy_plugin,9618735.0,0.5069097,50.215750823782955,53.70716914669418
1080p,1920,1080,128,128,3,64,4096,50.0,ws,gaussian,4542900.0,0.30476112,accelergy_plugin,9127305.0,0.64478316,49.77263277604945,47.265676107297836
1080p,1920,1080,128,128,3,64,4096,50.0,ws,sobel,4584405.0,0.34002203999999997,accelergy_plugin,9127305.0,0.64478316,50.227367223950544,52.73432389270215
1080p,1920,1080,128,128,3,64,4096,100.0,is,gaussian,6395580.0,0.2055657,accelergy_plugin,12844320.0,0.4487289,49.79306027878471,45.81066652939001
1080p,1920,1080,128,128,3,64,4096,100.0,is,sobel,6448740.0,0.2431632,accelergy_plugin,12844320.0,0.4487289,50.20693972121529,54.18933347060998
1080p,1920,1080,128,128,3,64,4096,100.0,ws,gaussian,3321000.0,0.30476712,accelergy_plugin,6662760.0,0.6447951599999999,49.84420870630189,47.2657269946009
1080p,1920,1080,128,128,3,64,4096,100.0,ws,sobel,3341760.0,0.34002804,accelergy_plugin,6662760.0,0.6447951599999999,50.1557912936981,52.73427300539911
1080p,1920,1080,128,128,3,64,4096,200.0,is,gaussian,6291915.0,0.2055912,accelergy_plugin,12626610.0,0.4487664,49.83059586064668,45.812520723476624
1080p,1920,1080,128,128,3,64,4096,200.0,is,sobel,6334695.0,0.24317519999999998,accelergy_plugin,12626610.0,0.4487664,50.16940413935331,54.187479276523376
1080p,1920,1080,128,128,3,64,4096,200.0,os,gaussian,4477515.0,0.23467559999999998,accelergy_plugin,8965410.0,0.5069352,49.942110846018196,46.29301733239277
1080p,1920,1080,128,128,3,64,4096,200.0,os,sobel,4487895.0,0.27225960000000005,accelergy_plugin,8965410.0,0.5069352,50.057889153981804,53.70698266760723
1080p,1920,1080,128,128,3,64,4096,200.0,ws,gaussian,2710050.0,0.30477911999999996,accelergy_plugin,5430480.0,0.64481916,49.90442833782649,47.26582876352495
1080p,1920,1080,128,128,3,64,4096,200.0,ws,sobel,2720430.0,0.34004004,accelergy_plugin,5430480.0,0.64481916,50.09557166217351,52.73417123647505
1080p,1920,1080,128,128,3,64,4096,800.0,is,gaussian,6214200.0,0.2057232,accelergy_plugin,12463335.0,0.4490304,49.85984890881935,45.81498268268696
1080p,1920,1080,128,128,3,64,4096,800.0,is,sobel,6249135.0,0.2433072,accelergy_plugin,12463335.0,0.4490304,50.14015109118065,54.18501731731303
1080p,1920,1080,128,128,3,64,4096,800.0,os,gaussian,4399800.0,0.2347536,accelergy_plugin,8802135.0,0.5070912,49.98560008452495,46.29415773730643
1080p,1920,1080,128,128,3,64,4096,800.0,os,sobel,4402335.0,0.27233759999999996,accelergy_plugin,8802135.0,0.5070912,50.01439991547505,53.70584226269357
1080p,1920,1080,128,128,3,64,4096,800.0,ws,gaussian,2251845.0,0.30483612000000004,accelergy_plugin,4506225.0,0.64493316,49.97187224339664,47.26631206247792
1080p,1920,1080,128,128,3,64,4096,800.0,ws,sobel,2254380.0,0.34009703999999996,accelergy_plugin,4506225.0,0.64493316,50.02812775660337,52.73368793752208
1080p,1920,1080,128,128,3,96,256,50.0,is,gaussian,6412395.0,0.27977334000000004,accelergy_plugin,12887940.0,0.59636982,49.755003514913945,46.91272606652027
1080p,1920,1080,128,128,3,96,256,50.0,is,sobel,6475545.0,0.31659647999999996,accelergy_plugin,12887940.0,0.59636982,50.244996485086055,53.087273933479715
1080p,1920,1080,128,128,3,96,256,50.0,ws,gaussian,2312490.0,0.20765261999999998,accelergy_plugin,4666485.0,0.45056616,49.555286259357956,46.08704302160641
1080p,1920,1080,128,128,3,96,256,50.0,ws,sobel,2353995.0,0.24291354,accelergy_plugin,4666485.0,0.45056616,50.444713740642044,53.91295697839359
1080p,1920,1080,128,128,3,96,256,100.0,is,gaussian,6312120.0,0.27977334000000004,accelergy_plugin,12666645.0,0.59636982,49.832611555782925,46.91272606652027
1080p,1920,1080,128,128,3,96,256,100.0,is,sobel,6354525.0,0.31659647999999996,accelergy_plugin,12666645.0,0.59636982,50.167388444217075,53.087273933479715
1080p,1920,1080,128,128,3,96,256,100.0,ws,gaussian,2212215.0,0.20765261999999998,accelergy_plugin,4445190.0,0.45056616,49.76648917144149,46.08704302160641
1080p,1920,1080,128,128,3,96,256,100.0,ws,sobel,2232975.0,0.24291354,accelergy_plugin,4445190.0,0.45056616,50.233510828558515,53.91295697839359
1080p,1920,1080,128,128,3,96,512,50.0,is,gaussian,6555525.0,0.21536634,accelergy_plugin,13174200.0,0.46755582,49.76032700277816,46.06216643822335
1080p,1920,1080,128,128,3,96,512,50.0,is,sobel,6618675.0,0.25218948,accelergy_plugin,13174200.0,0.46755582,50.23967299722184,53.93783356177665
1080p,1920,1080,128,128,3,96,512,50.0,ws,gaussian,2471520.0,0.21472062,accelergy_plugin,4984545.0,0.46470216,49.58366310265029,46.20607315446952
1080p,1920,1080,128,128,3,96,512,50.0,ws,sobel,2513025.0,0.24998154,accelergy_plugin,4984545.0,0.46470216,50.41633689734971,53.79392684553048
1080p,1920,1080,128,128,3,96,512,100.0,is,gaussian,6383685.0,0.21536634,accelergy_plugin,12809775.0,0.46755582,49.83448187029046,46.06216643822335
1080p,1920,1080,128,128,3,96,512,100.0,is,sobel,6426090.0,0.25218948,accelergy_plugin,12809775.0,0.46755582,50.16551812970954,53.93783356177665
1080p,1920,1080,128,128,3,96,512,100.0,ws,gaussian,2291730.0,0.21472062,accelergy_plugin,4604220.0,0.46470216,49.77455464769277,46.20607315446952
1080p,1920,1080,128,128,3,96,512,100.0,ws,sobel,2312490.0,0.24998154,accelergy_plugin,4604220.0,0.46470216,50.22544535230723,53.79392684553048
1080p,1920,1080,128,128,3,96,1024,50.0,is,gaussian,6627405.0,0.20482434,accelergy_plugin,13317960.0,0.44647181999999996,49.762914140003424,45.87620781979029
1080p,1920,1080,128,128,3,96,1024,50.0,is,sobel,6690555.0,0.24164748,accelergy_plugin,13317960.0,0.44647181999999996,50.237085859996576,54.12379218020972
1080p,1920,1080,128,128,3,96,1024,50.0,ws,gaussian,2790795.0,0.21654837000000002,accelergy_plugin,5623095.0,0.46835766,49.630941678915256,46.23568449803939
1080p,1920,1080,128,128,3,96,1024,50.0,ws,sobel,2832300.0,0.25180929,accelergy_plugin,5623095.0,0.46835766,50.36905832108474,53.764315501960624
1080p,1920,1080,128,128,3,96,1024,100.0,is,gaussian,6419685.0,0.20483034,accelergy_plugin,12881775.0,0.44648382,49.835406999423604,45.87631865360765
1080p,1920,1080,128,128,3,96,1024,100.0,is,sobel,6462090.0,0.24165348,accelergy_plugin,12881775.0,0.44648382,50.164593000576396,54.12368134639235
1080p,1920,1080,128,128,3,96,1024,100.0,ws,gaussian,2451435.0,0.21655512,accelergy_plugin,4923630.0,0.46837116,49.78917993431675,46.235792998014645
1080p,1920,1080,128,128,3,96,1024,100.0,ws,sobel,2472195.0,0.25181604,accelergy_plugin,4923630.0,0.46837116,50.21082006568325,53.764207001985355
1080p,1920,1080,128,128,3,96,2048,50.0,is,gaussian,6627405.0,0.20482434,accelergy_plugin,13317960.0,0.44647181999999996,49.762914140003424,45.87620781979029
1080p,1920,1080,128,128,3,96,2048,50.0,is,sobel,6690555.0,0.24164748,accelergy_plugin,13317960.0,0.44647181999999996,50.237085859996576,54.12379218020972
1080p,1920,1080,128,128,3,96,2048,50.0,ws,gaussian,3428130.0,0.24841512,accelergy_plugin,6897765.0,0.53209116,49.69914167850021,46.68657152657826
1080p,1920,1080,128,128,3,96,2048,50.0,ws,sobel,3469635.0,0.28367603999999996,accelergy_plugin,6897765.0,0.53209116,50.30085832149979,53.31342847342173
1080p,1920,1080,128,128,3,96,2048,100.0,is,gaussian,6419685.0,0.20483034,accelergy_plugin,12881775.0,0.44648382,49.835406999423604,45.87631865360765
1080p,1920,1080,128,128,3,96,2048,100.0,is,sobel,6462090.0,0.24165348,accelergy_plugin,12881775.0,0.44648382,50.164593000576396,54.12368134639235
1080p,1920,1080,128,128,3,96,2048,100.0,ws,gaussian,2770035.0,0.24841512,accelergy_plugin,5560830.0,0.53209116,49.81333721764557,46.68657152657826
1080p,1920,1080,128,128,3,96,2048,100.0,ws,sobel,2790795.0,0.28367603999999996,accelergy_plugin,5560830.0,0.53209116,50.18666278235443,53.31342847342173
1080p,1920,1080,128,128,3,96,4096,50.0,is,gaussian,6627405.0,0.20482434,accelergy_plugin,13317960.0,0.44647181999999996,49.762914140003424,45.87620781979029
1080p,1920,1080,128,128,3,96,4096,50.0,is,sobel,6690555.0,0.24164748,accelergy_plugin,13317960.0,0.44647181999999996,50.237085859996576,54.12379218020972
1080p,1920,1080,128,128,3,96,4096,50.0,ws,gaussian,4624665.0,0.30824187,accelergy_plugin,9290835.0,0.65174466,49.77663471582479,47.29488232400707
1080p,1920,1080,128,128,3,96,4096,50.0,ws,sobel,4666170.0,0.34350279,accelergy_plugin,9290835.0,0.65174466,50.223365284175216,52.70511767599293
1080p,1920,1080,128,128,3,96,4096,100.0,is,gaussian,6419685.0,0.20483034,accelergy_plugin,12881775.0,0.44648382,49.835406999423604,45.87631865360765
1080p,1920,1080,128,128,3,96,4096,100.0,is,sobel,6462090.0,0.24165348,accelergy_plugin,12881775.0,0.44648382,50.164593000576396,54.12368134639235
1080p,1920,1080,128,128,3,96,4096,100.0,ws,gaussian,3368370.0,0.30824862,accelergy_plugin,6757500.0,0.65175816,49.84639289678135,47.294938355662474
1080p,1920,1080,128,128,3,96,4096,100.0,ws,sobel,3389130.0,0.34350954,accelergy_plugin,6757500.0,0.65175816,50.15360710321865,52.705061644337526
1080p,1920,1080,128,128,3,128,256,50.0,is,gaussian,6404880.0,0.27938805,accelergy_plugin,12867465.0,0.59521395,49.77577168463252,46.93909643750789
1080p,1920,1080,128,128,3,128,256,50.0,is,sobel,6462585.0,0.31582590000000005,accelergy_plugin,12867465.0,0.59521395,50.22422831536748,53.06090356249212
1080p,1920,1080,128,128,3,128,256,50.0,os,gaussian,4460880.0,0.3085602,accelergy_plugin,8963265.0,0.653538,49.768471645098074,47.21381159167486
1080p,1920,1080,128,128,3,128,256,50.0,os,sobel,4502385.0,0.3449778,accelergy_plugin,8963265.0,0.653538,50.231528354901926,52.78618840832515
1080p,1920,1080,128,128,3,128,256,50.0,ws,gaussian,2325450.0,0.20769312,accelergy_plugin,4692405.0,0.45064716,49.557742777957145,46.08774634239346
1080p,1920,1080,128,128,3,128,256,50.0,ws,sobel,2366955.0,0.24295403999999998,accelergy_plugin,4692405.0,0.45064716,50.442257222042855,53.912253657606534
1080p,1920,1080,128,128,3,128,256,100.0,is,gaussian,6304605.0,0.2793948,accelergy_plugin,12646170.0,0.5952207,49.853868799802626,46.93969816573919
1080p,1920,1080,128,128,3,128,256,100.0,is,sobel,6341565.0,0.31582590000000005,accelergy_plugin,12646170.0,0.5952207,50.146131200197374,53.060301834260805
1080p,1920,1080,128,128,3,128,256,100.0,ws,gaussian,2225175.0,0.20769312,accelergy_plugin,4471110.0,0.45064716,49.7678428846528,46.08774634239346
1080p,1920,1080,128,128,3,128,256,100.0,ws,sobel,2245935.0,0.24295403999999998,accelergy_plugin,4471110.0,0.45064716,50.2321571153472,53.912253657606534
1080p,1920,1080,128,128,3,128,256,200.0,is,gaussian,6254535.0,0.2795538,accelergy_plugin,12535650.0,0.5955522,49.893982362302715,46.9402682082276
1080p,1920,1080,128,128,3,128,256,200.0,is,sobel,6281115.0,0.3159984,accelergy_plugin,12535650.0,0.5955522,50.106017637697285,53.059731791772414
1080p,1920,1080,128,128,3,128,256,200.0,os,gaussian,4310535.0,0.30871919999999997,accelergy_plugin,8631450.0,0.653856,49.93987105295171,47.21516664219644
1080p,1920,1080,128,128,3,128,256,200.0,os,sobel,4320915.0,0.3451368,accelergy_plugin,8631450.0,0.653856,50.0601289470483,52.784833357803564
1080p,1920,1080,128,128,3,128,256,200.0,ws,gaussian,2175105.0,0.20773212000000002,accelergy_plugin,4360590.0,0.45072516,49.88097940874973,46.088423375344746
1080p,1920,1080,128,128,3,128,256,200.0,ws,sobel,2185485.0,0.24299304,accelergy_plugin,4360590.0,0.45072516,50.11902059125026,53.911576624655254
1080p,1920,1080,128,128,3,128,256,800.0,is,gaussian,6216975.0,0.2799528,accelergy_plugin,12452685.0,0.5963232,49.924775259311545,46.94648807894779
1080p,1920,1080,128,128,3,128,256,800.0,is,sobel,6235710.0,0.3163704,accelergy_plugin,12452685.0,0.5963232,50.07522474068845,53.0535119210522
1080p,1920,1080,128,128,3,128,256,800.0,os,gaussian,4272975.0,0.3090912,accelergy_plugin,8548485.0,0.6546000000000001,49.98517281132271,47.21833180568286
1080p,1920,1080,128,128,3,128,256,800.0,os,sobel,4275510.0,0.3455088,accelergy_plugin,8548485.0,0.6546000000000001,50.01482718867729,52.781668194317135
1080p,1920,1080,128,128,3,128,256,800.0,ws,gaussian,2137545.0,0.20786411999999999,accelergy_plugin,4277625.0,0.45098916,49.97036907162269,46.090713133770215
1080p,1920,1080,128,128,3,128,256,800.0,ws,sobel,2140080.0,0.24312504000000001,accelergy_plugin,4277625.0,0.45098916,50.02963092837731,53.90928686622978
1080p,1920,1080,128,128,3,128,512,50.0,is,gaussian,6547935.0,0.2149773,accelergy_plugin,13153575.0,0.46639244999999996,49.780648987062456,46.09364924324998
1080p,1920,1080,128,128,3,128,512,50.0,is,sobel,6605640.0,0.25141515,accelergy_plugin,13153575.0,0.46639244999999996,50.21935101293755,53.90635075675003
1080p,1920,1080,128,128,3,128,512,50.0,ws,gaussian,2484480.0,0.21476112,accelergy_plugin,5010465.0,0.46478316,49.585816885259156,46.206734340374986
1080p,1920,1080,128,128,3,128,512,50.0,ws,sobel,2525985.0,0.25002204,accelergy_plugin,5010465.0,0.46478316,50.41418311474085,53.79326565962502
1080p,1920,1080,128,128,3,128,512,100.0,is,gaussian,6376140.0,0.21498479999999998,accelergy_plugin,12789240.0,0.46640069999999995,49.85550353265714,46.09444196803307
1080p,1920,1080,128,128,3,128,512,100.0,is,sobel,6413100.0,0.25141589999999997,accelergy_plugin,12789240.0,0.46640069999999995,50.14449646734286,53.90555803196694
1080p,1920,1080,128,128,3,128,512,100.0,ws,gaussian,2304690.0,0.21476112,accelergy_plugin,4630140.0,0.46478316,49.775816713965455,46.206734340374986
1080p,1920,1080,128,128,3,128,512,100.0,ws,sobel,2325450.0,0.25002204,accelergy_plugin,4630140.0,0.46478316,50.22418328603455,53.79326565962502
1080p,1920,1080,128,128,3,128,1024,50.0,is,gaussian,6619215.0,0.2044053,accelergy_plugin,13296135.0,0.44524845,49.78300084949498,45.90814409348309
1080p,1920,1080,128,128,3,128,1024,50.0,is,sobel,6676920.0,0.24084315,accelergy_plugin,13296135.0,0.44524845,50.21699915050502,54.091855906516905
1080p,1920,1080,128,128,3,128,1024,50.0,os,gaussian,4675215.0,0.23357745000000002,accelergy_plugin,9391935.0,0.5035725,49.77903914369083,46.38407577856218
1080p,1920,1080,128,128,3,128,1024,50.0,os,sobel,4716720.0,0.26999505,accelergy_plugin,9391935.0,0.5035725,50.22096085630916,53.61592422143783
1080p,1920,1080,128,128,3,128,1024,50.0,ws,gaussian,2803755.0,0.21658887,accelergy_plugin,5649015.0,0.46843866,49.63263507000778,46.236335404084706
1080p,1920,1080,128,128,3,128,1024,50.0,ws,sobel,2845260.0,0.25184979,accelergy_plugin,5649015.0,0.46843866,50.36736492999222,53.763664595915294
1080p,1920,1080,128,128,3,128,1024,100.0,is,gaussian,6411780.0,0.20441279999999998,accelergy_plugin,12860520.0,0.44525669999999995,49.85630441070812,45.908977899714934
1080p,1920,1080,128,128,3,128,1024,100.0,is,sobel,6448740.0,0.2408439,accelergy_plugin,12860520.0,0.44525669999999995,50.14369558929188,54.09102210028508
1080p,1920,1080,128,128,3,128,1024,100.0,ws,gaussian,2464395.0,0.21659562,accelergy_plugin,4949550.0,0.46845216,49.79028396520896,46.236443866541244
1080p,1920,1080,128,128,3,128,1024,100.0,ws,sobel,2485155.0,0.25185654,accelergy_plugin,4949550.0,0.46845216,50.20971603479104,53.763556133458756
1080p,1920,1080,128,128,3,128,1024,200.0,is,gaussian,6308115.0,0.2044248,accelergy_plugin,12642810.0,0.4452942,49.89488096396292,45.90780656922996
1080p,1920,1080,128,128,3,128,1024,200.0,is,sobel,6334695.0,0.24086939999999998,accelergy_plugin,12642810.0,0.4452942,50.10511903603708,54.09219343077004
1080p,1920,1080,128,128,3,128,1024,200.0,os,gaussian,4364115.0,0.2335902,accelergy_plugin,8738610.0,0.503598,49.94060840339596,46.38425887314882
1080p,1920,1080,128,128,3,128,1024,200.0,os,sobel,4374495.0,0.2700078,accelergy_plugin,8738610.0,0.503598,50.059391596604044,53.61574112685118
1080p,1920,1080,128,128,3,128,1024,200.0,ws,gaussian,2294715.0,0.21660912000000002,accelergy_plugin,4599810.0,0.46847916,49.88716925264304,46.236660772701185
1080p,1920,1080,128,128,3,128,1024,200.0,ws,sobel,2305095.0,0.25187004,accelergy_plugin,4599810.0,0.46847916,50.11283074735695,53.76333922729882
1080p,1920,1080,128,128,3,128,1024,800.0,is,gaussian,6230400.0,0.2045568,accelergy_plugin,12479535.0,0.4455312,49.92493710703163,45.91301349939129
1080p,1920,1080,128,128,3,128,1024,800.0,is,sobel,6249135.0,0.2409744,accelergy_plugin,12479535.0,0.4455312,50.07506289296837,54.08698650060872
1080p,1920,1080,128,128,3,128,1024,800.0,os,gaussian,4286400.0,0.23369520000000002,accelergy_plugin,8575335.0,0.503808,49.98521923633304,46.38576600609756
1080p,1920,1080,128,128,3,128,1024,800.0,os,sobel,4288935.0,0.2701128,accelergy_plugin,8575335.0,0.503808,50.014780763666955,53.61423399390244
1080p,1920,1080,128,128,3,128,1024,800.0,ws,gaussian,2167515.0,0.21674411999999998,accelergy_plugin,4337565.0,0.46874916,49.97077853588362,46.238828459980596
1080p,1920,1080,128,128,3,128,1024,800.0,ws,sobel,2170050.0,0.25200504,accelergy_plugin,4337565.0,0.46874916,50.02922146411639,53.761171540019404
1080p,1920,1080,128,128,3,128,2048,50.0,is,gaussian,6619215.0,0.2044053,accelergy_plugin,13296135.0,0.44524845,49.78300084949498,45.90814409348309
1080p,1920,1080,128,128,3,128,2048,50.0,is,sobel,6676920.0,0.24084315,accelergy_plugin,13296135.0,0.44524845,50.21699915050502,54.091855906516905
1080p,1920,1080,128,128,3,128,2048,50.0,ws,gaussian,3441090.0,0.24845562000000002,accelergy_plugin,6923685.0,0.53217216,49.70026799312794,46.68707585154399
1080p,1920,1080,128,128,3,128,2048,50.0,ws,sobel,3482595.0,0.28371654,accelergy_plugin,6923685.0,0.53217216,50.29973200687207,53.31292414845602
1080p,1920,1080,128,128,3,128,2048,100.0,is,gaussian,6411780.0,0.20441279999999998,accelergy_plugin,12860520.0,0.44525669999999995,49.85630441070812,45.908977899714934
1080p,1920,1080,128,128,3,128,2048,100.0,is,sobel,6448740.0,0.2408439,accelergy_plugin,12860520.0,0.44525669999999995,50.14369558929188,54.09102210028508
1080p,1920,1080,128,128,3,128,2048,100.0,ws,gaussian,2782995.0,0.24845562000000002,accelergy_plugin,5586750.0,0.53217216,49.81420324875822,46.68707585154399
1080p,1920,1080,128,128,3,128,2048,100.0,ws,sobel,2803755.0,0.28371654,accelergy_plugin,5586750.0,0.53217216,50.185796751241774,53.31292414845602
1080p,1920,1080,128,128,3,128,4096,50.0,is,gaussian,6619215.0,0.2044053,accelergy_plugin,13296135.0,0.44524845,49.78300084949498,45.90814409348309
1080p,1920,1080,128,128,3,128,4096,50.0,is,sobel,6676920.0,0.24084315,accelergy_plugin,13296135.0,0.44524845,50.21699915050502,54.091855906516905
1080p,1920,1080,128,128,3,128,4096,50.0,os,gaussian,4675215.0,0.23357745000000002,accelergy_plugin,9391935.0,0.5035725,49.77903914369083,46.38407577856218
1080p,1920,1080,128,128,3,128,4096,50.0,os,sobel,4716720.0,0.26999505,accelergy_plugin,9391935.0,0.5035725,50.22096085630916,53.61592422143783
1080p,1920,1080,128,128,3,128,4096,50.0,ws,gaussian,4706445.0,0.31172337,accelergy_plugin,9454395.0,0.6587076599999999,49.78049891082401,47.323477307065176
1080p,1920,1080,128,128,3,128,4096,50.0,ws,sobel,4747950.0,0.34698429,accelergy_plugin,9454395.0,0.6587076599999999,50.21950108917599,52.67652269293484
1080p,1920,1080,128,128,3,128,4096,100.0,is,gaussian,6411780.0,0.20441279999999998,accelergy_plugin,12860520.0,0.44525669999999995,49.85630441070812,45.908977899714934
1080p,1920,1080,128,128,3,128,4096,100.0,is,sobel,6448740.0,0.2408439,accelergy_plugin,12860520.0,0.44525669999999995,50.14369558929188,54.09102210028508
1080p,1920,1080,128,128,3,128,4096,100.0,ws,gaussian,3415740.0,0.31173012,accelergy_plugin,6852240.0,0.65872116,49.84851668943294,47.32353216040608
1080p,1920,1080,128,128,3,128,4096,100.0,ws,sobel,3436500.0,0.34699104000000003,accelergy_plugin,6852240.0,0.65872116,50.15148331056706,52.67646783959392
1080p,1920,1080,128,128,3,128,4096,200.0,is,gaussian,6308115.0,0.2044248,accelergy_plugin,12642810.0,0.4452942,49.89488096396292,45.90780656922996
1080p,1920,1080,128,128,3,128,4096,200.0,is,sobel,6334695.0,0.24086939999999998,accelergy_plugin,12642810.0,0.4452942,50.10511903603708,54.09219343077004
1080p,1920,1080,128,128,3,128,4096,200.0,os,gaussian,4364115.0,0.2335902,accelergy_plugin,8738610.0,0.503598,49.94060840339596,46.38425887314882
1080p,1920,1080,128,128,3,128,4096,200.0,os,sobel,4374495.0,0.2700078,accelergy_plugin,8738610.0,0.503598,50.059391596604044,53.61574112685118
1080p,1920,1080,128,128,3,128,4096,200.0,ws,gaussian,2770380.0,0.31174212,accelergy_plugin,5551140.0,0.65874516,49.90650569072299,47.323629671905294
1080p,1920,1080,128,128,3,128,4096,200.0,ws,sobel,2780760.0,0.34700304000000004,accelergy_plugin,5551140.0,0.65874516,50.093494309277006,52.67637032809471
1080p,1920,1080,128,128,3,128,4096,800.0,is,gaussian,6230400.0,0.2045568,accelergy_plugin,12479535.0,0.4455312,49.92493710703163,45.91301349939129
1080p,1920,1080,128,128,3,128,4096,800.0,is,sobel,6249135.0,0.2409744,accelergy_plugin,12479535.0,0.4455312,50.07506289296837,54.08698650060872
1080p,1920,1080,128,128,3,128,4096,800.0,os,gaussian,4286400.0,0.23369520000000002,accelergy_plugin,8575335.0,0.503808,49.98521923633304,46.38576600609756
1080p,1920,1080,128,128,3,128,4096,800.0,os,sobel,4288935.0,0.2701128,accelergy_plugin,8575335.0,0.503808,50.014780763666955,53.61423399390244
1080p,1920,1080,128,128,3,128,4096,800.0,ws,gaussian,2286360.0,0.31182012000000003,accelergy_plugin,4575255.0,0.65890116,49.972296626089694,47.3242633235006
1080p,1920,1080,128,128,3,128,4096,800.0,ws,sobel,2288895.0,0.34708103999999995,accelergy_plugin,4575255.0,0.65890116,50.027703373910306,52.6757366764994
1080p,1920,1080,128,128,5,8,256,50.0,is,gaussian,75255810.0,4.28574345,accelergy_plugin,87880860.0,4.6697052,85.633902535774,91.77760193512859
1080p,1920,1080,128,128,5,8,256,50.0,is,sobel,12625050.0,0.38396175,accelergy_plugin,87880860.0,4.6697052,14.366097464226,8.222398064871419
1080p,1920,1080,128,128,5,8,256,50.0,os,gaussian,10309080.0,0.6691827,accelergy_plugin,16512465.0,1.013664,62.43210810742067,66.0162243110143
1080p,1920,1080,128,128,5,8,256,50.0,os,sobel,6203385.0,0.3444813,accelergy_plugin,16512465.0,1.013664,37.56789189257933,33.9837756889857
1080p,1920,1080,128,128,5,8,256,50.0,ws,gaussian,8489730.0,0.5859791999999999,accelergy_plugin,12826320.0,0.8619623399999999,66.18991261718092,67.98199559391422
1080p,1920,1080,128,128,5,8,256,50.0,ws,sobel,4336590.0,0.27598314,accelergy_plugin,12826320.0,0.8619623399999999,33.81008738281908,32.01800440608578
1080p,1920,1080,128,128,5,8,256,200.0,is,gaussian,23892195.0,4.292047200000001,accelergy_plugin,36379590.0,4.6761882,65.67472310710484,91.78516809909405
1080p,1920,1080,128,128,5,8,256,200.0,is,sobel,12487395.0,0.384141,accelergy_plugin,36379590.0,4.6761882,34.32527689289516,8.214831900905956
1080p,1920,1080,128,128,5,8,256,200.0,os,gaussian,10158735.0,0.6693612,accelergy_plugin,16180650.0,1.013955,62.78323182319623,66.0148823172626
1080p,1920,1080,128,128,5,8,256,200.0,os,sobel,6021915.0,0.3445938,accelergy_plugin,16180650.0,1.013955,37.216768176803775,33.9851176827374
1080p,1920,1080,128,128,5,8,256,200.0,ws,gaussian,8352075.0,0.5860692000000001,accelergy_plugin,12551010.0,0.86210484,66.54504298857223,67.9811982032255
1080p,1920,1080,128,128,5,8,256,200.0,ws,sobel,4198935.0,0.27603563999999997,accelergy_plugin,12551010.0,0.86210484,33.454957011427766,32.018801796774504
1080p,1920,1080,128,128,5,8,256,800.0,is,gaussian,23857740.0,4.3046952,accelergy_plugin,36310680.0,4.689235200000001,65.70447042027304,91.79951562250491
1080p,1920,1080,128,128,5,8,256,800.0,is,sobel,12452940.0,0.38454,accelergy_plugin,36310680.0,4.689235200000001,34.29552957972696,8.200484377495075
1080p,1920,1080,128,128,5,8,256,800.0,os,gaussian,10121175.0,0.6697991999999999,accelergy_plugin,16097685.0,1.014672,62.87348149749482,66.01140072851128
1080p,1920,1080,128,128,5,8,256,800.0,os,sobel,5976510.0,0.3448728,accelergy_plugin,16097685.0,1.014672,37.12651850250517,33.98859927148872
1080p,1920,1080,128,128,5,8,256,800.0,ws,gaussian,8317620.0,0.5863302,accelergy_plugin,12482100.0,0.8625248400000001,66.63638330088688,67.97835526684656
1080p,1920,1080,128,128,5,8,256,800.0,ws,sobel,4164480.0,0.27619464000000005,accelergy_plugin,12482100.0,0.8625248400000001,33.36361669911313,32.02164473315342
1080p,1920,1080,128,128,5,8,1024,50.0,is,gaussian,24632340.0,0.64410195,accelergy_plugin,37612965.0,0.9530809499999999,65.48896105372177,67.58103285980064
1080p,1920,1080,128,128,5,8,1024,50.0,is,sobel,12980625.0,0.30897899999999995,accelergy_plugin,37612965.0,0.9530809499999999,34.511038946278234,32.41896714019937
1080p,1920,1080,128,128,5,8,1024,50.0,os,gaussian,10770330.0,0.6233862,accelergy_plugin,17188050.0,0.92822475,62.66173300636198,67.15897200543294
1080p,1920,1080,128,128,5,8,1024,50.0,os,sobel,6417720.0,0.30483855000000004,accelergy_plugin,17188050.0,0.92822475,37.33826699363802,32.84102799456705
1080p,1920,1080,128,128,5,8,1024,50.0,ws,gaussian,9107280.0,0.5930622,accelergy_plugin,14027010.0,0.87612084,64.92673777234064,67.69182662062919
1080p,1920,1080,128,128,5,8,1024,50.0,ws,sobel,4919730.0,0.28305864000000003,accelergy_plugin,14027010.0,0.87612084,35.07326222765935,32.30817337937082
1080p,1920,1080,128,128,5,8,1024,200.0,is,gaussian,24042810.0,0.6441582,accelergy_plugin,36619065.0,0.9531702,65.65653710710528,67.5806062757732
1080p,1920,1080,128,128,5,8,1024,200.0,is,sobel,12576255.0,0.309012,accelergy_plugin,36619065.0,0.9531702,34.34346289289473,32.41939372422679
1080p,1920,1080,128,128,5,8,1024,200.0,os,gaussian,10274070.0,0.6234221999999999,accelergy_plugin,16349565.0,0.9282869999999999,62.84002051430726,67.15834650275184
1080p,1920,1080,128,128,5,8,1024,200.0,os,sobel,6075495.0,0.3048648,accelergy_plugin,16349565.0,0.9282869999999999,37.15997948569274,32.84165349724816
1080p,1920,1080,128,128,5,8,1024,200.0,ws,gaussian,8506455.0,0.5930981999999999,accelergy_plugin,12851175.0,0.8761898399999999,66.19204080560726,67.69060458404768
1080p,1920,1080,128,128,5,8,1024,200.0,ws,sobel,4344720.0,0.28309164,accelergy_plugin,12851175.0,0.8761898399999999,33.80795919439273,32.309395415952324
1080p,1920,1080,128,128,5,8,1024,800.0,is,gaussian,23895390.0,0.6443832,accelergy_plugin,36370515.0,0.9535272000000001,65.69989454369838,67.5789007382275
1080p,1920,1080,128,128,5,8,1024,800.0,is,sobel,12475125.0,0.30914400000000003,accelergy_plugin,36370515.0,0.9535272000000001,34.30010545630162,32.421099261772504
1080p,1920,1080,128,128,5,8,1024,800.0,os,gaussian,10150065.0,0.6236472,accelergy_plugin,16140000.0,0.928644,62.88763940520447,67.15675759494488
1080p,1920,1080,128,128,5,8,1024,800.0,os,sobel,5989935.0,0.3049968,accelergy_plugin,16140000.0,0.928644,37.11236059479554,32.843242405055115
1080p,1920,1080,128,128,5,8,1024,800.0,ws,gaussian,8356215.0,0.5933262,accelergy_plugin,12557145.0,0.87657684,66.54550058950501,67.68673012168563
1080p,1920,1080,128,128,5,8,1024,800.0,ws,sobel,4200930.0,0.28325064,accelergy_plugin,12557145.0,0.87657684,33.45449941049498,32.31326987831438
1080p,1920,1080,128,128,5,8,4096,50.0,is,gaussian,25048860.0,0.63660195,accelergy_plugin,38029485.0,0.9455809499999999,65.86694508221713,67.32389754679386
1080p,1920,1080,128,128,5,8,4096,50.0,is,sobel,12980625.0,0.30897899999999995,accelergy_plugin,38029485.0,0.9455809499999999,34.13305491778287,32.67610245320615
1080p,1920,1080,128,128,5,8,4096,50.0,os,gaussian,11186850.0,0.6158861999999999,accelergy_plugin,17604570.0,0.92072475,63.545147652001724,66.89145697451924
1080p,1920,1080,128,128,5,8,4096,50.0,os,sobel,6417720.0,0.30483855000000004,accelergy_plugin,17604570.0,0.92072475,36.454852347998276,33.10854302548075
1080p,1920,1080,128,128,5,8,4096,50.0,ws,gaussian,9799080.0,0.5993261999999999,accelergy_plugin,14781450.0,0.88551684,66.29309032605055,67.68094890211235
1080p,1920,1080,128,128,5,8,4096,50.0,ws,sobel,4982370.0,0.28619064,accelergy_plugin,14781450.0,0.88551684,33.70690967394944,32.319051097887645
1080p,1920,1080,128,128,5,8,4096,200.0,is,gaussian,24146850.0,0.6366222,accelergy_plugin,36723105.0,0.9456342,65.75383535787618,67.32224786286282
1080p,1920,1080,128,128,5,8,4096,200.0,is,sobel,12576255.0,0.309012,accelergy_plugin,36723105.0,0.9456342,34.24616464212381,32.677752137137176
1080p,1920,1080,128,128,5,8,4096,200.0,os,gaussian,10378110.0,0.6158861999999999,accelergy_plugin,16453605.0,0.9207509999999999,63.0749917723198,66.88954994347006
1080p,1920,1080,128,128,5,8,4096,200.0,os,sobel,6075495.0,0.3048648,accelergy_plugin,16453605.0,0.9207509999999999,36.925008227680195,33.11045005652994
1080p,1920,1080,128,128,5,8,4096,200.0,ws,gaussian,8679375.0,0.5993381999999999,accelergy_plugin,13039695.0,0.8855498399999999,66.56118107056952,67.67978186298357
1080p,1920,1080,128,128,5,8,4096,200.0,ws,sobel,4360320.0,0.28621164,accelergy_plugin,13039695.0,0.8855498399999999,33.43881892943048,32.32021813701643
1080p,1920,1080,128,128,5,8,4096,800.0,is,gaussian,23921310.0,0.6367032,accelergy_plugin,36396435.0,0.9458472,65.72432162655491,67.31565098464107
1080p,1920,1080,128,128,5,8,4096,800.0,is,sobel,12475125.0,0.30914400000000003,accelergy_plugin,36396435.0,0.9458472,34.27567837344509,32.68434901535893
1080p,1920,1080,128,128,5,8,4096,800.0,os,gaussian,10175985.0,0.6159671999999999,accelergy_plugin,16165920.0,0.9209639999999999,62.947144362956145,66.88287490064758
1080p,1920,1080,128,128,5,8,4096,800.0,os,sobel,5989935.0,0.3049968,accelergy_plugin,16165920.0,0.9209639999999999,37.052855637043855,33.11712509935242
1080p,1920,1080,128,128,5,8,4096,800.0,ws,gaussian,8399415.0,0.5994702,accelergy_plugin,12604185.0,0.8857928399999999,66.63988984611063,67.67611713817871
1080p,1920,1080,128,128,5,8,4096,800.0,ws,sobel,4204770.0,0.28632263999999996,accelergy_plugin,12604185.0,0.8857928399999999,33.36011015388936,32.32388286182128
1080p,1920,1080,128,128,5,16,256,50.0,is,gaussian,123947625.0,6.68630985,accelergy_plugin,130410210.0,7.0184315999999995,95.04441791789155,95.26786369193938
1080p,1920,1080,128,128,5,16,256,50.0,is,sobel,6462585.0,0.33212175000000005,accelergy_plugin,130410210.0,7.0184315999999995,4.955582082108449,4.732136308060622
1080p,1920,1080,128,128,5,16,256,50.0,os,gaussian,18588600.0,1.4375562,accelergy_plugin,23884785.0,1.79872185,77.82611398846588,79.92098389197862
1080p,1920,1080,128,128,5,16,256,50.0,os,sobel,5296185.0,0.36116565,accelergy_plugin,23884785.0,1.79872185,22.173886011534123,20.07901610802137
1080p,1920,1080,128,128,5,16,256,50.0,ws,gaussian,4401405.0,0.5528286,accelergy_plugin,6723000.0,0.79564089,65.46787148594377,69.48217555787008
1080p,1920,1080,128,128,5,16,256,50.0,ws,sobel,2321595.0,0.24281229000000001,accelergy_plugin,6723000.0,0.79564089,34.532128514056225,30.517824442129914
1080p,1920,1080,128,128,5,16,256,200.0,is,gaussian,31655235.0,6.696789600000001,accelergy_plugin,37936350.0,7.029090600000001,83.44301705356472,95.27248944550523
1080p,1920,1080,128,128,5,16,256,200.0,is,sobel,6281115.0,0.33230099999999996,accelergy_plugin,37936350.0,7.029090600000001,16.556982946435276,4.727510554494772
1080p,1920,1080,128,128,5,16,256,200.0,os,gaussian,7327815.0,1.4390832,accelergy_plugin,12442530.0,1.8004145999999999,58.89328777989685,79.93065597224107
1080p,1920,1080,128,128,5,16,256,200.0,os,sobel,5114715.0,0.36133139999999997,accelergy_plugin,12442530.0,1.8004145999999999,41.10671222010315,20.06934402775894
1080p,1920,1080,128,128,5,16,256,200.0,ws,gaussian,4219935.0,0.5529186,accelergy_plugin,6360060.0,0.79577664,66.35055329666702,69.48163243394528
1080p,1920,1080,128,128,5,16,256,200.0,ws,sobel,2140125.0,0.24285804,accelergy_plugin,6360060.0,0.79577664,33.649446703332984,30.518367566054717
1080p,1920,1080,128,128,5,16,256,800.0,is,gaussian,12197310.0,6.7177896,accelergy_plugin,18433020.0,7.0504896,66.17098012154275,95.28117877090409
1080p,1920,1080,128,128,5,16,256,800.0,is,sobel,6235710.0,0.3327,accelergy_plugin,18433020.0,7.0504896,33.829019878457245,4.71882122909592
1080p,1920,1080,128,128,5,16,256,800.0,os,gaussian,7140375.0,1.4421912000000001,accelergy_plugin,12209685.0,1.8039216000000002,58.481238459468855,79.94755426178166
1080p,1920,1080,128,128,5,16,256,800.0,os,sobel,5069310.0,0.3617304,accelergy_plugin,12209685.0,1.8039216000000002,41.518761540531145,20.05244573821833
1080p,1920,1080,128,128,5,16,256,800.0,ws,gaussian,4174530.0,0.5531526,accelergy_plugin,6269250.0,0.79616964,66.58739083622443,69.4767260906859
1080p,1920,1080,128,128,5,16,256,800.0,ws,sobel,2094720.0,0.24301704,accelergy_plugin,6269250.0,0.79616964,33.41260916377557,30.523273909314096
1080p,1920,1080,128,128,5,16,1024,50.0,is,gaussian,12885435.0,0.5850043500000001,accelergy_plugin,19562355.0,0.8421433500000001,65.86852656543653,69.466124739927
1080p,1920,1080,128,128,5,16,1024,50.0,is,sobel,6676920.0,0.257139,accelergy_plugin,19562355.0,0.8421433500000001,34.131473434563475,30.533875260073
1080p,1920,1080,128,128,5,16,1024,50.0,os,gaussian,7789530.0,0.5974932000000001,accelergy_plugin,13300050.0,0.8836761000000001,58.567674557614446,67.61450264412491
1080p,1920,1080,128,128,5,16,1024,50.0,os,sobel,5510520.0,0.2861829,accelergy_plugin,13300050.0,0.8836761000000001,41.432325442385554,32.385497355875074
1080p,1920,1080,128,128,5,16,1024,50.0,ws,gaussian,4877715.0,0.5599116000000001,accelergy_plugin,7641210.0,0.80979939,63.83432728586179,69.14201306079029
1080p,1920,1080,128,128,5,16,1024,50.0,ws,sobel,2763495.0,0.24988779,accelergy_plugin,7641210.0,0.80979939,36.16567271413821,30.85798693920972
1080p,1920,1080,128,128,5,16,1024,200.0,is,gaussian,12358050.0,0.5850606,accelergy_plugin,18692745.0,0.8422326,66.11147800924904,69.4654422068203
1080p,1920,1080,128,128,5,16,1024,200.0,is,sobel,6334695.0,0.257172,accelergy_plugin,18692745.0,0.8422326,33.88852199075096,30.5345577931797
1080p,1920,1080,128,128,5,16,1024,200.0,os,gaussian,7293270.0,0.5975292,accelergy_plugin,12461565.0,0.8837316,58.52611610178978,67.61432996172141
1080p,1920,1080,128,128,5,16,1024,200.0,os,sobel,5168295.0,0.28620239999999997,accelergy_plugin,12461565.0,0.8837316,41.47388389821022,32.38567003827859
1080p,1920,1080,128,128,5,16,1024,200.0,ws,gaussian,4339035.0,0.5599476000000001,accelergy_plugin,6589665.0,0.80986164,65.84606349488176,69.14114366498455
1080p,1920,1080,128,128,5,16,1024,200.0,ws,sobel,2250630.0,0.24991403999999998,accelergy_plugin,6589665.0,0.80986164,34.153936505118246,30.858856335015446
1080p,1920,1080,128,128,5,16,1024,800.0,is,gaussian,12226200.0,0.5852856000000001,accelergy_plugin,18475335.0,0.8425896000000002,66.17579600045141,69.46271352031879
1080p,1920,1080,128,128,5,16,1024,800.0,is,sobel,6249135.0,0.25730400000000003,accelergy_plugin,18475335.0,0.8425896000000002,33.82420399954859,30.537286479681207
1080p,1920,1080,128,128,5,16,1024,800.0,os,gaussian,7169265.0,0.5977272,accelergy_plugin,12252000.0,0.8840616,58.515058765915775,67.61148770628654
1080p,1920,1080,128,128,5,16,1024,800.0,os,sobel,5082735.0,0.2863344,accelergy_plugin,12252000.0,0.8840616,41.48494123408423,32.38851229371347
1080p,1920,1080,128,128,5,16,1024,800.0,ws,gaussian,4204365.0,0.5601486,accelergy_plugin,6326775.0,0.81022164,66.45352490012684,69.13523070057718
1080p,1920,1080,128,128,5,16,1024,800.0,ws,sobel,2122410.0,0.25007303999999997,accelergy_plugin,6326775.0,0.81022164,33.546475099873156,30.864769299422807
1080p,1920,1080,128,128,5,16,4096,50.0,is,gaussian,13301955.0,0.57750435,accelergy_plugin,19978875.0,0.83464335,66.58010023086885,69.19175118330482
1080p,1920,1080,128,128,5,16,4096,50.0,is,sobel,6676920.0,0.257139,accelergy_plugin,19978875.0,0.83464335,33.41989976913114,30.808248816695176
1080p,1920,1080,128,128,5,16,4096,50.0,os,gaussian,8206050.0,0.5899932,accelergy_plugin,13716570.0,0.8761761,59.82581651243714,67.33728527861008
1080p,1920,1080,128,128,5,16,4096,50.0,os,sobel,5510520.0,0.2861829,accelergy_plugin,13716570.0,0.8761761,40.17418348756286,32.66271472138991
1080p,1920,1080,128,128,5,16,4096,50.0,ws,gaussian,5569515.0,0.5661756,accelergy_plugin,8395650.0,0.81919539,66.33810366082436,69.11362135472955
1080p,1920,1080,128,128,5,16,4096,50.0,ws,sobel,2826135.0,0.25301978999999997,accelergy_plugin,8395650.0,0.81919539,33.66189633917565,30.88637864527045
1080p,1920,1080,128,128,5,16,4096,200.0,is,gaussian,12462090.0,0.5775246,accelergy_plugin,18796785.0,0.8346966,66.29905060892062,69.18976308277763
1080p,1920,1080,128,128,5,16,4096,200.0,is,sobel,6334695.0,0.257172,accelergy_plugin,18796785.0,0.8346966,33.70094939107938,30.810236917222376
1080p,1920,1080,128,128,5,16,4096,200.0,os,gaussian,7397310.0,0.5899932,accelergy_plugin,12565605.0,0.8761956,58.86950926756014,67.33578666681275
1080p,1920,1080,128,128,5,16,4096,200.0,os,sobel,5168295.0,0.28620239999999997,accelergy_plugin,12565605.0,0.8761956,41.13049073243986,32.66421333318725
1080p,1920,1080,128,128,5,16,4096,200.0,ws,gaussian,4511955.0,0.5661876,accelergy_plugin,6778185.0,0.8192216400000001,66.56582846292923,69.11287157892949
1080p,1920,1080,128,128,5,16,4096,200.0,ws,sobel,2266230.0,0.25303404,accelergy_plugin,6778185.0,0.8192216400000001,33.43417153707077,30.887128421070514
1080p,1920,1080,128,128,5,16,4096,800.0,is,gaussian,12252120.0,0.5776056,accelergy_plugin,18501255.0,0.8349096,66.22318323811007,69.18181321666442
1080p,1920,1080,128,128,5,16,4096,800.0,is,sobel,6249135.0,0.25730400000000003,accelergy_plugin,18501255.0,0.8349096,33.77681676188994,30.818186783335587
1080p,1920,1080,128,128,5,16,4096,800.0,os,gaussian,7195185.0,0.5900472,accelergy_plugin,12277920.0,0.8763816,58.60263790609485,67.3276572671083
1080p,1920,1080,128,128,5,16,4096,800.0,os,sobel,5082735.0,0.2863344,accelergy_plugin,12277920.0,0.8763816,41.39736209390515,32.67234273289169
1080p,1920,1080,128,128,5,16,4096,800.0,ws,gaussian,4247565.0,0.5662925999999999,accelergy_plugin,6373815.0,0.8194376399999999,66.64085794771263,69.1074674089904
1080p,1920,1080,128,128,5,16,4096,800.0,ws,sobel,2126250.0,0.25314504,accelergy_plugin,6373815.0,0.8194376399999999,33.35914205228737,30.892532591009612
1080p,1920,1080,128,128,5,32,256,50.0,is,gaussian,148167600.0,7.88659305,accelergy_plugin,154630185.0,8.20939035,95.82061872331072,96.06795040511139
1080p,1920,1080,128,128,5,32,256,50.0,is,sobel,6462585.0,0.3227973,accelergy_plugin,154630185.0,8.20939035,4.179381276689282,3.932049594888615
1080p,1920,1080,128,128,5,32,256,50.0,os,gaussian,148187160.0,7.9157247,accelergy_plugin,153029745.0,8.2675794,96.83552697549094,95.74416303761171
1080p,1920,1080,128,128,5,32,256,50.0,os,sobel,4842585.0,0.35185469999999996,accelergy_plugin,153029745.0,8.2675794,3.164473024509059,4.255836962388289
1080p,1920,1080,128,128,5,32,256,50.0,ws,gaussian,2286570.0,0.5362938,accelergy_plugin,4614645.0,0.77912634,49.550290434042054,68.83271331835604
1080p,1920,1080,128,128,5,32,256,50.0,ws,sobel,2328075.0,0.24283253999999999,accelergy_plugin,4614645.0,0.77912634,50.449709565957946,31.16728668164395
1080p,1920,1080,128,128,5,32,256,100.0,is,gaussian,74306925.0,7.8865998,accelergy_plugin,80648490.0,8.2093971,92.13678396210518,96.06795363815449
1080p,1920,1080,128,128,5,32,256,100.0,is,sobel,6341565.0,0.3227973,accelergy_plugin,80648490.0,8.2093971,7.86321603789482,3.9320463618455004
1080p,1920,1080,128,128,5,32,256,100.0,ws,gaussian,2186295.0,0.5362938,accelergy_plugin,4393350.0,0.77912634,49.76373382498549,68.83271331835604
1080p,1920,1080,128,128,5,32,256,100.0,ws,sobel,2207055.0,0.24283253999999999,accelergy_plugin,4393350.0,0.77912634,50.23626617501451,31.16728668164395
1080p,1920,1080,128,128,5,32,256,200.0,is,gaussian,37450335.0,7.899160800000001,accelergy_plugin,43731450.0,8.2221306,85.63707583443951,96.07194514764824
1080p,1920,1080,128,128,5,32,256,200.0,is,sobel,6281115.0,0.32296980000000003,accelergy_plugin,43731450.0,8.2221306,14.362924165560484,3.928054852351774
1080p,1920,1080,128,128,5,32,256,200.0,os,gaussian,37425135.0,7.928272199999999,accelergy_plugin,42086250.0,8.280299399999999,88.92485075291812,95.74861749564275
1080p,1920,1080,128,128,5,32,256,200.0,os,sobel,4661115.0,0.3520272,accelergy_plugin,42086250.0,8.280299399999999,11.075149247081885,4.25138250435727
1080p,1920,1080,128,128,5,32,256,200.0,ws,gaussian,2136225.0,0.5363838,accelergy_plugin,4282830.0,0.77926884,49.87881844481336,68.83167559991234
1080p,1920,1080,128,128,5,32,256,200.0,ws,sobel,2146605.0,0.24288504000000002,accelergy_plugin,4282830.0,0.77926884,50.121181555186645,31.168324400087656
1080p,1920,1080,128,128,5,32,256,800.0,is,gaussian,9759255.0,7.9243368,accelergy_plugin,15994965.0,8.2477056,61.01454426439821,96.07928779611144
1080p,1920,1080,128,128,5,32,256,800.0,is,sobel,6235710.0,0.3233688,accelergy_plugin,15994965.0,8.2477056,38.985455735601796,3.920712203888558
1080p,1920,1080,128,128,5,32,256,800.0,os,gaussian,9731775.0,7.9533672,accelergy_plugin,14347485.0,8.3057664,67.82913521080523,95.75717419647151
1080p,1920,1080,128,128,5,32,256,800.0,os,sobel,4615710.0,0.3523992,accelergy_plugin,14347485.0,8.3057664,32.17086478919476,4.242825803528499
1080p,1920,1080,128,128,5,32,256,800.0,ws,gaussian,2098665.0,0.5365637999999999,accelergy_plugin,4199865.0,0.7795808399999999,49.96982045851473,68.8272174570119
1080p,1920,1080,128,128,5,32,256,800.0,ws,sobel,2101200.0,0.24301704,accelergy_plugin,4199865.0,0.7795808399999999,50.03017954148527,31.172782542988102
1080p,1920,1080,128,128,5,32,512,50.0,is,gaussian,7005510.0,0.79650555,accelergy_plugin,13611150.0,1.0548921,51.46890600720732,75.50587875290753
1080p,1920,1080,128,128,5,32,512,50.0,is,sobel,6605640.0,0.25838655,accelergy_plugin,13611150.0,1.0548921,48.53109399279268,24.494121247092473
1080p,1920,1080,128,128,5,32,512,50.0,ws,gaussian,2445600.0,0.5433618,accelergy_plugin,4932705.0,0.7932623400000001,49.57928763224235,68.49711282146585
1080p,1920,1080,128,128,5,32,512,50.0,ws,sobel,2487105.0,0.24990054,accelergy_plugin,4932705.0,0.7932623400000001,50.420712367757645,31.50288717853415
1080p,1920,1080,128,128,5,32,512,100.0,is,gaussian,6335520.0,0.7965123000000001,accelergy_plugin,12748620.0,1.0548996000000002,49.69573177332135,75.50598180149086
1080p,1920,1080,128,128,5,32,512,100.0,is,sobel,6413100.0,0.2583873,accelergy_plugin,12748620.0,1.0548996000000002,50.30426822667865,24.494018198509124
1080p,1920,1080,128,128,5,32,512,100.0,ws,gaussian,2265810.0,0.5433618,accelergy_plugin,4552380.0,0.7932623400000001,49.771987399997364,68.49711282146585
1080p,1920,1080,128,128,5,32,512,100.0,ws,sobel,2286570.0,0.24990054,accelergy_plugin,4552380.0,0.7932623400000001,50.228012600002636,31.50288717853415
1080p,1920,1080,128,128,5,32,1024,50.0,is,gaussian,6817530.0,0.55545555,accelergy_plugin,13494450.0,0.8032701,50.52099196336272,69.14928739411563
1080p,1920,1080,128,128,5,32,1024,50.0,is,sobel,6676920.0,0.24781455,accelergy_plugin,13494450.0,0.8032701,49.47900803663728,30.85071260588437
1080p,1920,1080,128,128,5,32,1024,50.0,os,gaussian,6299130.0,0.5845872,accelergy_plugin,11356050.0,0.86145915,55.469375354986994,67.86011849778367
1080p,1920,1080,128,128,5,32,1024,50.0,os,sobel,5056920.0,0.27687195000000003,accelergy_plugin,11356050.0,0.86145915,44.53062464501301,32.13988150221633
1080p,1920,1080,128,128,5,32,1024,50.0,ws,gaussian,2762880.0,0.5433768,accelergy_plugin,5567265.0,0.79500534,49.627240664850696,68.34882392110725
1080p,1920,1080,128,128,5,32,1024,50.0,ws,sobel,2804385.0,0.25162854,accelergy_plugin,5567265.0,0.79500534,50.37275933514931,31.651176078892757
1080p,1920,1080,128,128,5,32,1024,100.0,is,gaussian,6486690.0,0.5554743,accelergy_plugin,12935430.0,0.8032896,50.1466901370886,69.1499429346527
1080p,1920,1080,128,128,5,32,1024,100.0,is,sobel,6448740.0,0.24781530000000002,accelergy_plugin,12935430.0,0.8032896,49.8533098629114,30.850057065347293
1080p,1920,1080,128,128,5,32,1024,100.0,ws,gaussian,2424510.0,0.5433888,accelergy_plugin,4869780.0,0.79502334,49.78684868720969,68.34878583564603
1080p,1920,1080,128,128,5,32,1024,100.0,ws,sobel,2445270.0,0.25163453999999996,accelergy_plugin,4869780.0,0.79502334,50.213151312790316,31.651214164353963
1080p,1920,1080,128,128,5,32,1024,200.0,is,gaussian,6321270.0,0.5555118,accelergy_plugin,12655965.0,0.8033526,49.94696176862057,69.14918804022044
1080p,1920,1080,128,128,5,32,1024,200.0,is,sobel,6334695.0,0.2478408,accelergy_plugin,12655965.0,0.8033526,50.05303823137943,30.850811959779556
1080p,1920,1080,128,128,5,32,1024,200.0,os,gaussian,5802870.0,0.5846232,accelergy_plugin,10517565.0,0.8615214,55.17313180379679,67.85939385835337
1080p,1920,1080,128,128,5,32,1024,200.0,os,sobel,4714695.0,0.2768982,accelergy_plugin,10517565.0,0.8615214,44.82686819620321,32.14060614164663
1080p,1920,1080,128,128,5,32,1024,200.0,ws,gaussian,2255325.0,0.5434128,accelergy_plugin,4521030.0,0.79507284,49.885203150609485,68.34754913776202
1080p,1920,1080,128,128,5,32,1024,200.0,ws,sobel,2265705.0,0.25166004000000003,accelergy_plugin,4521030.0,0.79507284,50.11479684939052,31.652450862237984
1080p,1920,1080,128,128,5,32,1024,800.0,is,gaussian,6197265.0,0.5557368,accelergy_plugin,12446400.0,0.8037096,49.79162649440802,69.14646782867841
1080p,1920,1080,128,128,5,32,1024,800.0,is,sobel,6249135.0,0.24797280000000002,accelergy_plugin,12446400.0,0.8037096,50.20837350559197,30.853532171321586
1080p,1920,1080,128,128,5,32,1024,800.0,os,gaussian,5678865.0,0.5847671999999999,accelergy_plugin,10308000.0,0.8617703999999999,55.09182188591385,67.85649634751901
1080p,1920,1080,128,128,5,32,1024,800.0,os,sobel,4629135.0,0.2770032,accelergy_plugin,10308000.0,0.8617703999999999,44.90817811408615,32.14350365248099
1080p,1920,1080,128,128,5,32,1024,800.0,ws,gaussian,2128500.0,0.5435597999999999,accelergy_plugin,4259535.0,0.79534884,49.97024323077519,68.34231379529012
1080p,1920,1080,128,128,5,32,1024,800.0,ws,sobel,2131035.0,0.25178904,accelergy_plugin,4259535.0,0.79534884,50.02975676922481,31.65768620470988
1080p,1920,1080,128,128,5,32,2048,50.0,is,gaussian,7234050.0,0.54795555,accelergy_plugin,13910970.0,0.7957700999999999,52.0024843702488,68.85852459146177
1080p,1920,1080,128,128,5,32,2048,50.0,is,sobel,6676920.0,0.24781455,accelergy_plugin,13910970.0,0.7957700999999999,47.9975156297512,31.14147540853822
1080p,1920,1080,128,128,5,32,2048,50.0,ws,gaussian,3329400.0,0.5433768,accelergy_plugin,6700305.0,0.82333134,49.690275293438134,65.99734196927326
1080p,1920,1080,128,128,5,32,2048,50.0,ws,sobel,3370905.0,0.27995454000000003,accelergy_plugin,6700305.0,0.82333134,50.309724706561866,34.002658030726735
1080p,1920,1080,128,128,5,32,2048,100.0,is,gaussian,6694890.0,0.5479623,accelergy_plugin,13143630.0,0.7957776000000001,50.93638515387302,68.858723844451
1080p,1920,1080,128,128,5,32,2048,100.0,is,sobel,6448740.0,0.24781530000000002,accelergy_plugin,13143630.0,0.7957776000000001,49.06361484612699,31.141276155548987
1080p,1920,1080,128,128,5,32,2048,100.0,ws,gaussian,2707710.0,0.5433768,accelergy_plugin,5436180.0,0.82333134,49.80905709523967,65.99734196927326
1080p,1920,1080,128,128,5,32,2048,100.0,ws,sobel,2728470.0,0.27995454000000003,accelergy_plugin,5436180.0,0.82333134,50.19094290476033,34.002658030726735
1080p,1920,1080,128,128,5,32,4096,50.0,is,gaussian,7234050.0,0.54795555,accelergy_plugin,13910970.0,0.7957700999999999,52.0024843702488,68.85852459146177
1080p,1920,1080,128,128,5,32,4096,50.0,is,sobel,6676920.0,0.24781455,accelergy_plugin,13910970.0,0.7957700999999999,47.9975156297512,31.14147540853822
1080p,1920,1080,128,128,5,32,4096,50.0,os,gaussian,6715650.0,0.5770872,accelergy_plugin,11772570.0,0.8539591500000001,57.044893341046176,67.5778460831528
1080p,1920,1080,128,128,5,32,4096,50.0,os,sobel,5056920.0,0.27687195000000003,accelergy_plugin,11772570.0,0.8539591500000001,42.955106658953824,32.42215391684719
1080p,1920,1080,128,128,5,32,4096,50.0,ws,gaussian,3454680.0,0.5496408,accelergy_plugin,6950865.0,0.8358593400000001,49.701440036599756,65.75757112434731
1080p,1920,1080,128,128,5,32,4096,50.0,ws,sobel,3496185.0,0.28621854,accelergy_plugin,6950865.0,0.8358593400000001,50.29855996340024,34.24242887565269
1080p,1920,1080,128,128,5,32,4096,100.0,is,gaussian,6694890.0,0.5479623,accelergy_plugin,13143630.0,0.7957776000000001,50.93638515387302,68.858723844451
1080p,1920,1080,128,128,5,32,4096,100.0,is,sobel,6448740.0,0.24781530000000002,accelergy_plugin,13143630.0,0.7957776000000001,49.06361484612699,31.141276155548987
1080p,1920,1080,128,128,5,32,4096,100.0,ws,gaussian,2770350.0,0.5496408,accelergy_plugin,5561460.0,0.8358593400000001,49.81335836273209,65.75757112434731
1080p,1920,1080,128,128,5,32,4096,100.0,ws,sobel,2791110.0,0.28621854,accelergy_plugin,5561460.0,0.8358593400000001,50.18664163726791,34.24242887565269
1080p,1920,1080,128,128,5,32,4096,200.0,is,gaussian,6425310.0,0.5479758,accelergy_plugin,12760005.0,0.7958166,50.35507431227496,68.85704570625946
1080p,1920,1080,128,128,5,32,4096,200.0,is,sobel,6334695.0,0.2478408,accelergy_plugin,12760005.0,0.7958166,49.64492568772504,31.142954293740544
1080p,1920,1080,128,128,5,32,4096,200.0,os,gaussian,5906910.0,0.5770872,accelergy_plugin,10621605.0,0.8539854,55.61221679774384,67.57576885974865
1080p,1920,1080,128,128,5,32,4096,200.0,os,sobel,4714695.0,0.2768982,accelergy_plugin,10621605.0,0.8539854,44.38778320225615,32.424231140251344
1080p,1920,1080,128,128,5,32,4096,200.0,ws,gaussian,2428245.0,0.5496528,accelergy_plugin,4866870.0,0.83589684,49.89336061986451,65.75605669235453
1080p,1920,1080,128,128,5,32,4096,200.0,ws,sobel,2438625.0,0.28624404,accelergy_plugin,4866870.0,0.83589684,50.10663938013549,34.24394330764547
1080p,1920,1080,128,128,5,32,4096,800.0,is,gaussian,6223185.0,0.5480568,accelergy_plugin,12472320.0,0.7960296,49.8959696351601,68.84879657741371
1080p,1920,1080,128,128,5,32,4096,800.0,is,sobel,6249135.0,0.24797280000000002,accelergy_plugin,12472320.0,0.7960296,50.1040303648399,31.1512034225863
1080p,1920,1080,128,128,5,32,4096,800.0,os,gaussian,5704785.0,0.5770872,accelergy_plugin,10333920.0,0.8540904,55.20446258534999,67.5674612429785
1080p,1920,1080,128,128,5,32,4096,800.0,os,sobel,4629135.0,0.2770032,accelergy_plugin,10333920.0,0.8540904,44.795537414650006,32.432538757021504
1080p,1920,1080,128,128,5,32,4096,800.0,ws,gaussian,2171700.0,0.5497038,accelergy_plugin,4345935.0,0.83605284,49.97083481460261,65.7498872918128
1080p,1920,1080,128,128,5,32,4096,800.0,ws,sobel,2174235.0,0.28634904,accelergy_plugin,4345935.0,0.83605284,50.02916518539738,34.250112708187196
1080p,1920,1080,128,128,5,48,256,50.0,is,gaussian,148175310.0,7.88229105,accelergy_plugin,154650855.0,8.20199091,95.81279715524366,96.10216758945421
1080p,1920,1080,128,128,5,48,256,50.0,is,sobel,6475545.0,0.31969986,accelergy_plugin,154650855.0,8.20199091,4.187202844756338,3.8978324105457958
1080p,1920,1080,128,128,5,48,256,50.0,ws,gaussian,2293050.0,0.5363477999999999,accelergy_plugin,4627605.0,0.77920059,49.55154988379518,68.83308443080105
1080p,1920,1080,128,128,5,48,256,50.0,ws,sobel,2334555.0,0.24285279,accelergy_plugin,4627605.0,0.77920059,50.448450116204825,31.166915569198945
1080p,1920,1080,128,128,5,48,256,100.0,is,gaussian,74317395.0,7.8822978,accelergy_plugin,80671920.0,8.20199766,92.12300265073647,96.10217079725429
1080p,1920,1080,128,128,5,48,256,100.0,is,sobel,6354525.0,0.31969986,accelergy_plugin,80671920.0,8.20199766,7.876997349263536,3.8978292027457124
1080p,1920,1080,128,128,5,48,256,100.0,ws,gaussian,2192775.0,0.5363477999999999,accelergy_plugin,4406310.0,0.7792073399999999,49.764428739693756,68.8324881539232
1080p,1920,1080,128,128,5,48,256,100.0,ws,sobel,2213535.0,0.24285953999999998,accelergy_plugin,4406310.0,0.7792073399999999,50.235571260306244,31.167511846076813
1080p,1920,1080,128,128,5,48,512,50.0,is,gaussian,7019340.0,0.79220355,accelergy_plugin,13638015.0,1.04749641,51.46892711292662,75.62828306017775
1080p,1920,1080,128,128,5,48,512,50.0,is,sobel,6618675.0,0.25529286,accelergy_plugin,13638015.0,1.04749641,48.53107288707337,24.37171693982226
1080p,1920,1080,128,128,5,48,512,50.0,ws,gaussian,2452080.0,0.5434158,accelergy_plugin,4945665.0,0.79333659,49.580390099208095,68.497508730815
1080p,1920,1080,128,128,5,48,512,50.0,ws,sobel,2493585.0,0.24992079,accelergy_plugin,4945665.0,0.79333659,50.419609900791905,31.502491269185
1080p,1920,1080,128,128,5,48,512,100.0,is,gaussian,6369990.0,0.7922102999999999,accelergy_plugin,12796080.0,1.04750316,49.78079224262431,75.62844010895392
1080p,1920,1080,128,128,5,48,512,100.0,is,sobel,6426090.0,0.25529286,accelergy_plugin,12796080.0,1.04750316,50.21920775737569,24.371559891046058
1080p,1920,1080,128,128,5,48,512,100.0,ws,gaussian,2272290.0,0.5434158,accelergy_plugin,4565340.0,0.7933433400000001,49.77263467781151,68.49692593373254
1080p,1920,1080,128,128,5,48,512,100.0,ws,sobel,2293050.0,0.24992754,accelergy_plugin,4565340.0,0.7933433400000001,50.22736532218849,31.50307406626745
1080p,1920,1080,128,128,5,48,1024,50.0,is,gaussian,6852240.0,0.55116555,accelergy_plugin,13542795.0,0.79591641,50.59694103026738,69.24917529970264
1080p,1920,1080,128,128,5,48,1024,50.0,is,sobel,6690555.0,0.24475086,accelergy_plugin,13542795.0,0.79591641,49.40305896973262,30.750824700297358
1080p,1920,1080,128,128,5,48,1024,50.0,ws,gaussian,2771355.0,0.5435305500000001,accelergy_plugin,5584215.0,0.7952790900000001,49.62837211676126,68.34462980788291
1080p,1920,1080,128,128,5,48,1024,50.0,ws,sobel,2812860.0,0.25174854,accelergy_plugin,5584215.0,0.7952790900000001,50.37162788323874,31.655370192117083
1080p,1920,1080,128,128,5,48,1024,100.0,is,gaussian,6521280.0,0.5511843,accelergy_plugin,12983370.0,0.7959411599999999,50.22794544097565,69.24937768012902
1080p,1920,1080,128,128,5,48,1024,100.0,is,sobel,6462090.0,0.24475686,accelergy_plugin,12983370.0,0.7959411599999999,49.772054559024355,30.750622319870985
1080p,1920,1080,128,128,5,48,1024,100.0,ws,gaussian,2431995.0,0.5435433000000001,accelergy_plugin,4884750.0,0.7953053400000001,49.787501919238444,68.34397716982511
1080p,1920,1080,128,128,5,48,1024,100.0,ws,sobel,2452755.0,0.25176204,accelergy_plugin,4884750.0,0.7953053400000001,50.212498080761556,31.656022830174884
1080p,1920,1080,128,128,5,48,2048,50.0,is,gaussian,7270680.0,0.5437615499999999,accelergy_plugin,13961235.0,0.7885124099999999,52.07762780298448,68.96043018523956
1080p,1920,1080,128,128,5,48,2048,50.0,is,sobel,6690555.0,0.24475086,accelergy_plugin,13961235.0,0.7885124099999999,47.92237219701552,31.03956981476043
1080p,1920,1080,128,128,5,48,2048,50.0,ws,gaussian,3370290.0,0.5451513,accelergy_plugin,6782085.0,0.8268465899999999,49.694010027889654,65.93137186427775
1080p,1920,1080,128,128,5,48,2048,50.0,ws,sobel,3411795.0,0.28169529,accelergy_plugin,6782085.0,0.8268465899999999,50.305989972110346,34.06862813572225
1080p,1920,1080,128,128,5,48,2048,100.0,is,gaussian,6730440.0,0.5437683,accelergy_plugin,13192530.0,0.78852516,51.017052832170926,68.96017116308629
1080p,1920,1080,128,128,5,48,2048,100.0,is,sobel,6462090.0,0.24475686,accelergy_plugin,13192530.0,0.78852516,48.98294716782907,31.039828836913713
1080p,1920,1080,128,128,5,48,2048,100.0,ws,gaussian,2731395.0,0.5451513,accelergy_plugin,5483550.0,0.82685334,49.810706567825584,65.9308336348983
1080p,1920,1080,128,128,5,48,2048,100.0,ws,sobel,2752155.0,0.28170204,accelergy_plugin,5483550.0,0.82685334,50.18929343217441,34.0691663651017
1080p,1920,1080,128,128,5,48,4096,50.0,is,gaussian,7270680.0,0.5437615499999999,accelergy_plugin,13961235.0,0.7885124099999999,52.07762780298448,68.96043018523956
1080p,1920,1080,128,128,5,48,4096,50.0,is,sobel,6690555.0,0.24475086,accelergy_plugin,13961235.0,0.7885124099999999,47.92237219701552,31.03956981476043
1080p,1920,1080,128,128,5,48,4096,50.0,ws,gaussian,4124730.0,0.5828732999999999,accelergy_plugin,8290965.0,0.90229059,49.74969741157996,64.59928835121731
1080p,1920,1080,128,128,5,48,4096,50.0,ws,sobel,4166235.0,0.31941729,accelergy_plugin,8290965.0,0.90229059,50.25030258842005,35.40071164878268
1080p,1920,1080,128,128,5,48,4096,100.0,is,gaussian,6730440.0,0.5437683,accelergy_plugin,13192530.0,0.78852516,51.017052832170926,68.96017116308629
1080p,1920,1080,128,128,5,48,4096,100.0,is,sobel,6462090.0,0.24475686,accelergy_plugin,13192530.0,0.78852516,48.98294716782907,31.039828836913713
1080p,1920,1080,128,128,5,48,4096,100.0,ws,gaussian,3108675.0,0.5828793,accelergy_plugin,6238110.0,0.90230934,49.83360344719795,64.59861093757492
1080p,1920,1080,128,128,5,48,4096,100.0,ws,sobel,3129435.0,0.31943003999999997,accelergy_plugin,6238110.0,0.90230934,50.16639655280205,35.40138906242509
1080p,1920,1080,128,128,5,64,256,50.0,is,gaussian,148228800.0,7.8801198,accelergy_plugin,154691385.0,8.19825825,95.82227219699404,96.1194385404973
1080p,1920,1080,128,128,5,64,256,50.0,is,sobel,6462585.0,0.31813845,accelergy_plugin,154691385.0,8.19825825,4.177727803005966,3.880561459502694
1080p,1920,1080,128,128,5,64,256,50.0,os,gaussian,148173960.0,7.9093527,accelergy_plugin,152789745.0,8.2565823,96.97899554711607,95.7945117315672
1080p,1920,1080,128,128,5,64,256,50.0,os,sobel,4615785.0,0.34722959999999997,accelergy_plugin,152789745.0,8.2565823,3.0210044528839286,4.205488268432811
1080p,1920,1080,128,128,5,64,256,50.0,ws,gaussian,2299530.0,0.5364018,accelergy_plugin,4640565.0,0.77927484,49.552802298858005,68.83345547252623
1080p,1920,1080,128,128,5,64,256,50.0,ws,sobel,2341035.0,0.24287304,accelergy_plugin,4640565.0,0.77927484,50.447197701142,31.16654452747377
1080p,1920,1080,128,128,5,64,256,100.0,is,gaussian,74350005.0,7.8801198,accelergy_plugin,80691570.0,8.198265,92.14098201336273,96.11935940104401
1080p,1920,1080,128,128,5,64,256,100.0,is,sobel,6341565.0,0.31814519999999996,accelergy_plugin,80691570.0,8.198265,7.859017986637267,3.8806405989559987
1080p,1920,1080,128,128,5,64,256,100.0,ws,gaussian,2199255.0,0.5364018,accelergy_plugin,4419270.0,0.77927484,49.76511957857293,68.83345547252623
1080p,1920,1080,128,128,5,64,256,100.0,ws,sobel,2220015.0,0.24287304,accelergy_plugin,4419270.0,0.77927484,50.234880421427064,31.16654452747377
1080p,1920,1080,128,128,5,64,256,200.0,is,gaussian,37461495.0,7.892680800000001,accelergy_plugin,43742610.0,8.210985,85.64074023017831,96.12343464273775
1080p,1920,1080,128,128,5,64,256,200.0,is,sobel,6281115.0,0.31830420000000004,accelergy_plugin,43742610.0,8.210985,14.359259769821692,3.876565357262253
1080p,1920,1080,128,128,5,64,256,200.0,os,gaussian,37405335.0,7.9219002,accelergy_plugin,41839650.0,8.2692888,89.4016441342124,95.79905106228725
1080p,1920,1080,128,128,5,64,256,200.0,os,sobel,4434315.0,0.3473886,accelergy_plugin,41839650.0,8.2692888,10.598355865787596,4.200948937712757
1080p,1920,1080,128,128,5,64,256,200.0,ws,gaussian,2149185.0,0.5364918,accelergy_plugin,4308750.0,0.77940384,49.87954743255004,68.83361005765637
1080p,1920,1080,128,128,5,64,256,200.0,ws,sobel,2159565.0,0.24291204,accelergy_plugin,4308750.0,0.77940384,50.12045256744996,31.166389942343624
1080p,1920,1080,128,128,5,64,256,800.0,is,gaussian,9769455.0,7.9178568,accelergy_plugin,16005165.0,8.23656,61.03938947208605,96.13062734928172
1080p,1920,1080,128,128,5,64,256,800.0,is,sobel,6235710.0,0.3187032,accelergy_plugin,16005165.0,8.23656,38.96061052791396,3.8693726507182604
1080p,1920,1080,128,128,5,64,256,800.0,os,gaussian,9698055.0,7.9469952,accelergy_plugin,14086965.0,8.2947288,68.84417615859768,95.80777613850377
1080p,1920,1080,128,128,5,64,256,800.0,os,sobel,4388910.0,0.3477336,accelergy_plugin,14086965.0,8.2947288,31.15582384140232,4.192223861496231
1080p,1920,1080,128,128,5,64,256,800.0,ws,gaussian,2111625.0,0.5366718,accelergy_plugin,4225785.0,0.77968884,49.970005572929054,68.8315354109724
1080p,1920,1080,128,128,5,64,256,800.0,ws,sobel,2114160.0,0.24301704,accelergy_plugin,4225785.0,0.77968884,50.029994427070946,31.16846458902759
1080p,1920,1080,128,128,5,64,512,50.0,is,gaussian,7019070.0,0.7900323,accelergy_plugin,13624710.0,1.04376,51.51720660476443,75.69099218211083
1080p,1920,1080,128,128,5,64,512,50.0,is,sobel,6605640.0,0.2537277,accelergy_plugin,13624710.0,1.04376,48.48279339523557,24.30900781788917
1080p,1920,1080,128,128,5,64,512,50.0,ws,gaussian,2458560.0,0.5434698,accelergy_plugin,4958625.0,0.79341084,49.58148680329729,68.49790456606316
1080p,1920,1080,128,128,5,64,512,50.0,ws,sobel,2500065.0,0.24994104,accelergy_plugin,4958625.0,0.79341084,50.41851319670272,31.50209543393685
1080p,1920,1080,128,128,5,64,512,100.0,is,gaussian,6367920.0,0.7900323,accelergy_plugin,12781020.0,1.0437675,49.82325354314444,75.69044830386078
1080p,1920,1080,128,128,5,64,512,100.0,is,sobel,6413100.0,0.2537352,accelergy_plugin,12781020.0,1.0437675,50.17674645685556,24.309551696139227
1080p,1920,1080,128,128,5,64,512,100.0,ws,gaussian,2278770.0,0.5434698,accelergy_plugin,4578300.0,0.79341084,49.77327829106874,68.49790456606316
1080p,1920,1080,128,128,5,64,512,100.0,ws,sobel,2299530.0,0.24994104,accelergy_plugin,4578300.0,0.79341084,50.226721708931265,31.50209543393685
1080p,1920,1080,128,128,5,64,1024,50.0,is,gaussian,6849930.0,0.5489823,accelergy_plugin,13526850.0,0.792138,50.63950587165527,69.30387129515312
1080p,1920,1080,128,128,5,64,1024,50.0,is,sobel,6676920.0,0.2431557,accelergy_plugin,13526850.0,0.792138,49.36049412834473,30.69612870484688
1080p,1920,1080,128,128,5,64,1024,50.0,os,gaussian,5553930.0,0.5782151999999999,accelergy_plugin,10384050.0,0.85046205,53.48520086093577,67.98835997443977
1080p,1920,1080,128,128,5,64,1024,50.0,os,sobel,4830120.0,0.27224685000000004,accelergy_plugin,10384050.0,0.85046205,46.51479913906424,32.011640025560226
1080p,1920,1080,128,128,5,64,1024,50.0,ws,gaussian,2777835.0,0.5435845499999999,accelergy_plugin,5597175.0,0.7953533399999999,49.62923260394753,68.34503894834968
1080p,1920,1080,128,128,5,64,1024,50.0,ws,sobel,2819340.0,0.25176878999999996,accelergy_plugin,5597175.0,0.7953533399999999,50.37076739605247,31.654961051650325
1080p,1920,1080,128,128,5,64,1024,100.0,is,gaussian,6519090.0,0.5489943,accelergy_plugin,12967830.0,0.7921575000000001,50.27124815794161,69.30368013936622
1080p,1920,1080,128,128,5,64,1024,100.0,is,sobel,6448740.0,0.2431632,accelergy_plugin,12967830.0,0.7921575000000001,49.72875184205839,30.69631986063377
1080p,1920,1080,128,128,5,64,1024,100.0,ws,gaussian,2438475.0,0.5435973,accelergy_plugin,4897710.0,0.79537284,49.78806421776708,68.34496636822549
1080p,1920,1080,128,128,5,64,1024,100.0,ws,sobel,2459235.0,0.25177554,accelergy_plugin,4897710.0,0.79537284,50.21193578223292,31.655033631774504
1080p,1920,1080,128,128,5,64,1024,200.0,is,gaussian,6353670.0,0.5490318,accelergy_plugin,12688365.0,0.7922069999999999,50.07477322728342,69.30408340244406
1080p,1920,1080,128,128,5,64,1024,200.0,is,sobel,6334695.0,0.24317519999999998,accelergy_plugin,12688365.0,0.7922069999999999,49.92522677271658,30.695916597555943
1080p,1920,1080,128,128,5,64,1024,200.0,os,gaussian,5057670.0,0.5782512,accelergy_plugin,9545565.0,0.8505108,52.9845011793435,67.98869573437514
1080p,1920,1080,128,128,5,64,1024,200.0,os,sobel,4487895.0,0.27225960000000005,accelergy_plugin,9545565.0,0.8505108,47.015498820656504,32.01130426562485
1080p,1920,1080,128,128,5,64,1024,200.0,ws,gaussian,2268795.0,0.5436228,accelergy_plugin,4547970.0,0.79541184,49.88588315226354,68.34482121865322
1080p,1920,1080,128,128,5,64,1024,200.0,ws,sobel,2279175.0,0.25178904,accelergy_plugin,4547970.0,0.79541184,50.11411684773647,31.655178781346784
1080p,1920,1080,128,128,5,64,1024,800.0,is,gaussian,6229665.0,0.5492568,accelergy_plugin,12478800.0,0.792564,49.921987691124144,69.30125516677516
1080p,1920,1080,128,128,5,64,1024,800.0,is,sobel,6249135.0,0.2433072,accelergy_plugin,12478800.0,0.792564,50.078012308875856,30.698744833224822
1080p,1920,1080,128,128,5,64,1024,800.0,os,gaussian,4933665.0,0.5783952,accelergy_plugin,9336000.0,0.8507328,52.84559768637532,67.98788056602496
1080p,1920,1080,128,128,5,64,1024,800.0,os,sobel,4402335.0,0.27233759999999996,accelergy_plugin,9336000.0,0.8507328,47.15440231362468,32.01211943397503
1080p,1920,1080,128,128,5,64,1024,800.0,ws,gaussian,2141595.0,0.5437758,accelergy_plugin,4285725.0,0.79567284,49.970425073937314,68.34163146752627
1080p,1920,1080,128,128,5,64,1024,800.0,ws,sobel,2144130.0,0.25189704,accelergy_plugin,4285725.0,0.79567284,50.02957492606268,31.658368532473723
1080p,1920,1080,128,128,5,64,2048,50.0,is,gaussian,7266450.0,0.5414823,accelergy_plugin,13943370.0,0.784638,52.114015478324106,69.01046087495125
1080p,1920,1080,128,128,5,64,2048,50.0,is,sobel,6676920.0,0.2431557,accelergy_plugin,13943370.0,0.784638,47.885984521675894,30.989539125048747
1080p,1920,1080,128,128,5,64,2048,50.0,ws,gaussian,3411180.0,0.5469258,accelergy_plugin,6863865.0,0.83036184,49.697655766831076,65.86596031436127
1080p,1920,1080,128,128,5,64,2048,50.0,ws,sobel,3452685.0,0.28343604,accelergy_plugin,6863865.0,0.83036184,50.30234423316892,34.13403968563873
1080p,1920,1080,128,128,5,64,2048,100.0,is,gaussian,6727290.0,0.5414823,accelergy_plugin,13176030.0,0.7846455,51.05703311240184,69.00980124145235
1080p,1920,1080,128,128,5,64,2048,100.0,is,sobel,6448740.0,0.2431632,accelergy_plugin,13176030.0,0.7846455,48.94296688759816,30.99019875854765
1080p,1920,1080,128,128,5,64,2048,100.0,ws,gaussian,2755080.0,0.5469258,accelergy_plugin,5530920.0,0.83036184,49.81232778633572,65.86596031436127
1080p,1920,1080,128,128,5,64,2048,100.0,ws,sobel,2775840.0,0.28343604,accelergy_plugin,5530920.0,0.83036184,50.18767221366427,34.13403968563873
1080p,1920,1080,128,128,5,64,4096,50.0,is,gaussian,7266450.0,0.5414823,accelergy_plugin,13943370.0,0.784638,52.114015478324106,69.01046087495125
1080p,1920,1080,128,128,5,64,4096,50.0,is,sobel,6676920.0,0.2431557,accelergy_plugin,13943370.0,0.784638,47.885984521675894,30.989539125048747
1080p,1920,1080,128,128,5,64,4096,50.0,os,gaussian,5970450.0,0.5707152,accelergy_plugin,10800570.0,0.84296205,55.279026940244826,67.70354608490382
1080p,1920,1080,128,128,5,64,4096,50.0,os,sobel,4830120.0,0.27224685000000004,accelergy_plugin,10800570.0,0.84296205,44.72097305975518,32.29645391509618
1080p,1920,1080,128,128,5,64,4096,50.0,ws,gaussian,4542900.0,0.6035118,accelergy_plugin,9127305.0,0.94353384,49.77263277604945,63.96292050320104
1080p,1920,1080,128,128,5,64,4096,50.0,ws,sobel,4584405.0,0.34002203999999997,accelergy_plugin,9127305.0,0.94353384,50.227367223950544,36.03707949679897
1080p,1920,1080,128,128,5,64,4096,100.0,is,gaussian,6727290.0,0.5414823,accelergy_plugin,13176030.0,0.7846455,51.05703311240184,69.00980124145235
1080p,1920,1080,128,128,5,64,4096,100.0,is,sobel,6448740.0,0.2431632,accelergy_plugin,13176030.0,0.7846455,48.94296688759816,30.99019875854765
1080p,1920,1080,128,128,5,64,4096,100.0,ws,gaussian,3321000.0,0.6035178,accelergy_plugin,6662760.0,0.94354584,49.84420870630189,63.96274292301475
1080p,1920,1080,128,128,5,64,4096,100.0,ws,sobel,3341760.0,0.34002804,accelergy_plugin,6662760.0,0.94354584,50.1557912936981,36.037257076985256
1080p,1920,1080,128,128,5,64,4096,200.0,is,gaussian,6457710.0,0.5414958,accelergy_plugin,12792405.0,0.7846709999999999,50.48081263843663,69.00927904816159
1080p,1920,1080,128,128,5,64,4096,200.0,is,sobel,6334695.0,0.24317519999999998,accelergy_plugin,12792405.0,0.7846709999999999,49.51918736156337,30.990720951838412
1080p,1920,1080,128,128,5,64,4096,200.0,os,gaussian,5161710.0,0.5707152,accelergy_plugin,9649605.0,0.8429748,53.49141234278502,67.70252206827536
1080p,1920,1080,128,128,5,64,4096,200.0,os,sobel,4487895.0,0.27225960000000005,accelergy_plugin,9649605.0,0.8429748,46.50858765721498,32.29747793172466
1080p,1920,1080,128,128,5,64,4096,200.0,ws,gaussian,2710050.0,0.6035298,accelergy_plugin,5430480.0,0.94356984,49.90442833782649,63.9623877761926
1080p,1920,1080,128,128,5,64,4096,200.0,ws,sobel,2720430.0,0.34004004,accelergy_plugin,5430480.0,0.94356984,50.09557166217351,36.03761222380741
1080p,1920,1080,128,128,5,64,4096,800.0,is,gaussian,6255585.0,0.5415768000000001,accelergy_plugin,12504720.0,0.7848840000000001,50.02579026159722,69.00087146635681
1080p,1920,1080,128,128,5,64,4096,800.0,is,sobel,6249135.0,0.2433072,accelergy_plugin,12504720.0,0.7848840000000001,49.97420973840278,30.999128533643184
1080p,1920,1080,128,128,5,64,4096,800.0,os,gaussian,4959585.0,0.5707152,accelergy_plugin,9361920.0,0.8430527999999999,52.97615232772765,67.69625817030678
1080p,1920,1080,128,128,5,64,4096,800.0,os,sobel,4402335.0,0.27233759999999996,accelergy_plugin,9361920.0,0.8430527999999999,47.02384767227235,32.30374182969323
1080p,1920,1080,128,128,5,64,4096,800.0,ws,gaussian,2251845.0,0.6035598,accelergy_plugin,4506225.0,0.9436568399999999,49.97187224339664,63.95966991560195
1080p,1920,1080,128,128,5,64,4096,800.0,ws,sobel,2254380.0,0.34009703999999996,accelergy_plugin,4506225.0,0.9436568399999999,50.02812775660337,36.04033008439805
1080p,1920,1080,128,128,5,96,256,50.0,is,gaussian,89458395.0,4.9306128,accelergy_plugin,95933940.0,5.24720928,93.24999577834497,93.96638359352802
1080p,1920,1080,128,128,5,96,256,50.0,is,sobel,6475545.0,0.31659647999999996,accelergy_plugin,95933940.0,5.24720928,6.750004221655026,6.033616406471975
1080p,1920,1080,128,128,5,96,256,50.0,ws,gaussian,2312490.0,0.5365098,accelergy_plugin,4666485.0,0.77942334,49.555286259357956,68.83419734389787
1080p,1920,1080,128,128,5,96,256,50.0,ws,sobel,2353995.0,0.24291354,accelergy_plugin,4666485.0,0.77942334,50.444713740642044,31.165802656102137
1080p,1920,1080,128,128,5,96,256,100.0,is,gaussian,45082680.0,4.9306128,accelergy_plugin,51437205.0,5.24720928,87.64605308550493,93.96638359352802
1080p,1920,1080,128,128,5,96,256,100.0,is,sobel,6354525.0,0.31659647999999996,accelergy_plugin,51437205.0,5.24720928,12.353946914495062,6.033616406471975
1080p,1920,1080,128,128,5,96,256,100.0,ws,gaussian,2212215.0,0.5365098,accelergy_plugin,4445190.0,0.77942334,49.76648917144149,68.83419734389787
1080p,1920,1080,128,128,5,96,256,100.0,ws,sobel,2232975.0,0.24291354,accelergy_plugin,4445190.0,0.77942334,50.233510828558515,31.165802656102137
1080p,1920,1080,128,128,5,96,512,50.0,is,gaussian,7016625.0,0.7878813,accelergy_plugin,13635300.0,1.04007078,51.45926382257816,75.75266175634701
1080p,1920,1080,128,128,5,96,512,50.0,is,sobel,6618675.0,0.25218948,accelergy_plugin,13635300.0,1.04007078,48.54073617742184,24.247338243652997
1080p,1920,1080,128,128,5,96,512,50.0,ws,gaussian,2471520.0,0.5435778,accelergy_plugin,4984545.0,0.7935593400000001,49.58366310265029,68.49869601433964
1080p,1920,1080,128,128,5,96,512,50.0,ws,sobel,2513025.0,0.24998154,accelergy_plugin,4984545.0,0.7935593400000001,50.41633689734971,31.50130398566035
1080p,1920,1080,128,128,5,96,512,100.0,is,gaussian,6391635.0,0.7878813,accelergy_plugin,12817725.0,1.04007078,49.86559627390976,75.75266175634701
1080p,1920,1080,128,128,5,96,512,100.0,is,sobel,6426090.0,0.25218948,accelergy_plugin,12817725.0,1.04007078,50.13440372609024,24.247338243652997
1080p,1920,1080,128,128,5,96,512,100.0,ws,gaussian,2291730.0,0.5435778,accelergy_plugin,4604220.0,0.7935593400000001,49.77455464769277,68.49869601433964
1080p,1920,1080,128,128,5,96,512,100.0,ws,sobel,2312490.0,0.24998154,accelergy_plugin,4604220.0,0.7935593400000001,50.22544535230723,31.50130398566035
1080p,1920,1080,128,128,5,96,1024,50.0,is,gaussian,6873885.0,0.5468433,accelergy_plugin,13564440.0,0.7884907800000001,50.675774303988966,69.35316352082138
1080p,1920,1080,128,128,5,96,1024,50.0,is,sobel,6690555.0,0.24164748,accelergy_plugin,13564440.0,0.7884907800000001,49.32422569601104,30.646836479178614
1080p,1920,1080,128,128,5,96,1024,50.0,ws,gaussian,2790795.0,0.5436925499999999,accelergy_plugin,5623095.0,0.79550184,49.630941678915256,68.34585700015477
1080p,1920,1080,128,128,5,96,1024,50.0,ws,sobel,2832300.0,0.25180929,accelergy_plugin,5623095.0,0.79550184,50.36905832108474,31.65414299984523
1080p,1920,1080,128,128,5,96,1024,100.0,is,gaussian,6542925.0,0.5468553,accelergy_plugin,13005015.0,0.78850878,50.310783955266494,69.35310219373841
1080p,1920,1080,128,128,5,96,1024,100.0,is,sobel,6462090.0,0.24165348,accelergy_plugin,13005015.0,0.78850878,49.68921604473351,30.646897806261585
1080p,1920,1080,128,128,5,96,1024,100.0,ws,gaussian,2451435.0,0.5437053,accelergy_plugin,4923630.0,0.79552134,49.78917993431675,68.34578441352686
1080p,1920,1080,128,128,5,96,1024,100.0,ws,sobel,2472195.0,0.25181604,accelergy_plugin,4923630.0,0.79552134,50.21082006568325,31.654215586473143
1080p,1920,1080,128,128,5,96,2048,50.0,is,gaussian,7292325.0,0.5394393000000001,accelergy_plugin,13982880.0,0.7810867800000001,52.15180992756857,69.06265908123551
1080p,1920,1080,128,128,5,96,2048,50.0,is,sobel,6690555.0,0.24164748,accelergy_plugin,13982880.0,0.7810867800000001,47.84819007243143,30.937340918764487
1080p,1920,1080,128,128,5,96,2048,50.0,ws,gaussian,3428130.0,0.5472332999999999,accelergy_plugin,6897765.0,0.8309093399999998,49.69914167850021,65.85956778389324
1080p,1920,1080,128,128,5,96,2048,50.0,ws,sobel,3469635.0,0.28367603999999996,accelergy_plugin,6897765.0,0.8309093399999998,50.30085832149979,34.14043221610676
1080p,1920,1080,128,128,5,96,2048,100.0,is,gaussian,6752085.0,0.5394393000000001,accelergy_plugin,13214175.0,0.78109278,51.09728757186885,69.06212857325349
1080p,1920,1080,128,128,5,96,2048,100.0,is,sobel,6462090.0,0.24165348,accelergy_plugin,13214175.0,0.78109278,48.90271242813115,30.93787142674651
1080p,1920,1080,128,128,5,96,2048,100.0,ws,gaussian,2770035.0,0.5472332999999999,accelergy_plugin,5560830.0,0.8309093399999998,49.81333721764557,65.85956778389324
1080p,1920,1080,128,128,5,96,2048,100.0,ws,sobel,2790795.0,0.28367603999999996,accelergy_plugin,5560830.0,0.8309093399999998,50.18666278235443,34.14043221610676
1080p,1920,1080,128,128,5,96,4096,50.0,is,gaussian,7292325.0,0.5394393000000001,accelergy_plugin,13982880.0,0.7810867800000001,52.15180992756857,69.06265908123551
1080p,1920,1080,128,128,5,96,4096,50.0,is,sobel,6690555.0,0.24164748,accelergy_plugin,13982880.0,0.7810867800000001,47.84819007243143,30.937340918764487
1080p,1920,1080,128,128,5,96,4096,50.0,ws,gaussian,4624665.0,0.60706005,accelergy_plugin,9290835.0,0.9505628399999999,49.77663471582479,63.86322128897864
1080p,1920,1080,128,128,5,96,4096,50.0,ws,sobel,4666170.0,0.34350279,accelergy_plugin,9290835.0,0.9505628399999999,50.223365284175216,36.136778711021364
1080p,1920,1080,128,128,5,96,4096,100.0,is,gaussian,6752085.0,0.5394393000000001,accelergy_plugin,13214175.0,0.78109278,51.09728757186885,69.06212857325349
1080p,1920,1080,128,128,5,96,4096,100.0,is,sobel,6462090.0,0.24165348,accelergy_plugin,13214175.0,0.78109278,48.90271242813115,30.93787142674651
1080p,1920,1080,128,128,5,96,4096,100.0,ws,gaussian,3368370.0,0.6070668,accelergy_plugin,6757500.0,0.95057634,49.84639289678135,63.86302440475218
1080p,1920,1080,128,128,5,96,4096,100.0,ws,sobel,3389130.0,0.34350954,accelergy_plugin,6757500.0,0.95057634,50.15360710321865,36.136975595247826
1080p,1920,1080,128,128,5,128,256,50.0,is,gaussian,11772960.0,1.04213055,accelergy_plugin,18235545.0,1.35795645,64.5605053207897,76.74256048491098
1080p,1920,1080,128,128,5,128,256,50.0,is,sobel,6462585.0,0.31582590000000005,accelergy_plugin,18235545.0,1.35795645,35.4394946792103,23.25743951508902
1080p,1920,1080,128,128,5,128,256,50.0,os,gaussian,69782235.0,3.9897732,accelergy_plugin,74284620.0,4.334751,93.93900783230768,92.04157747469233
1080p,1920,1080,128,128,5,128,256,50.0,os,sobel,4502385.0,0.3449778,accelergy_plugin,74284620.0,4.334751,6.060992167692316,7.9584225253076815
1080p,1920,1080,128,128,5,128,256,50.0,ws,gaussian,2325450.0,0.5366178,accelergy_plugin,4692405.0,0.77957184,49.557742777957145,68.83493893263257
1080p,1920,1080,128,128,5,128,256,50.0,ws,sobel,2366955.0,0.24295403999999998,accelergy_plugin,4692405.0,0.77957184,50.442257222042855,31.16506106736744
1080p,1920,1080,128,128,5,128,256,100.0,is,gaussian,6620685.0,1.0421373,accelergy_plugin,12962250.0,1.3579632000000001,51.07666493085691,76.74267609019154
1080p,1920,1080,128,128,5,128,256,100.0,is,sobel,6341565.0,0.31582590000000005,accelergy_plugin,12962250.0,1.3579632000000001,48.923335069143086,23.257323909808456
1080p,1920,1080,128,128,5,128,256,100.0,ws,gaussian,2225175.0,0.5366178,accelergy_plugin,4471110.0,0.77957184,49.7678428846528,68.83493893263257
1080p,1920,1080,128,128,5,128,256,100.0,ws,sobel,2245935.0,0.24295403999999998,accelergy_plugin,4471110.0,0.77957184,50.2321571153472,31.16506106736744
1080p,1920,1080,128,128,5,128,256,200.0,is,gaussian,6254535.0,1.0430808,accelergy_plugin,12535650.0,1.3590792,49.893982362302715,76.74908128974383
1080p,1920,1080,128,128,5,128,256,200.0,is,sobel,6281115.0,0.3159984,accelergy_plugin,12535650.0,1.3590792,50.106017637697285,23.25091871025618
1080p,1920,1080,128,128,5,128,256,200.0,os,gaussian,17646975.0,3.9956712000000003,accelergy_plugin,21967890.0,4.340808,80.33076913622564,92.04901944522771
1080p,1920,1080,128,128,5,128,256,200.0,os,sobel,4320915.0,0.3451368,accelergy_plugin,21967890.0,4.340808,19.669230863774352,7.950980554772292
1080p,1920,1080,128,128,5,128,256,200.0,ws,gaussian,2175105.0,0.5367078,accelergy_plugin,4360590.0,0.77970084,49.88097940874973,68.83509321344324
1080p,1920,1080,128,128,5,128,256,200.0,ws,sobel,2185485.0,0.24299304,accelergy_plugin,4360590.0,0.77970084,50.11902059125026,31.164906786556752
1080p,1920,1080,128,128,5,128,256,800.0,is,gaussian,6216975.0,1.0450488,accelergy_plugin,12452685.0,1.3614192,49.924775259311545,76.76172041645953
1080p,1920,1080,128,128,5,128,256,800.0,is,sobel,6235710.0,0.3163704,accelergy_plugin,12452685.0,1.3614192,50.07522474068845,23.238279583540468
1080p,1920,1080,128,128,5,128,256,800.0,os,gaussian,4696455.0,4.0074672,accelergy_plugin,8971965.0,4.352976,52.34589078312276,92.06269917408227
1080p,1920,1080,128,128,5,128,256,800.0,os,sobel,4275510.0,0.3455088,accelergy_plugin,8971965.0,4.352976,47.65410921687724,7.937300825917718
1080p,1920,1080,128,128,5,128,256,800.0,ws,gaussian,2137545.0,0.5368878,accelergy_plugin,4277625.0,0.78001284,49.97036907162269,68.83063617260454
1080p,1920,1080,128,128,5,128,256,800.0,ws,sobel,2140080.0,0.24312504000000001,accelergy_plugin,4277625.0,0.78001284,50.02963092837731,31.169363827395458
1080p,1920,1080,128,128,5,128,512,50.0,is,gaussian,7012830.0,0.7867990499999999,accelergy_plugin,13618470.0,1.0382141999999999,51.49499172814568,75.78388448164165
1080p,1920,1080,128,128,5,128,512,50.0,is,sobel,6605640.0,0.25141515,accelergy_plugin,13618470.0,1.0382141999999999,48.50500827185433,24.21611551835835
1080p,1920,1080,128,128,5,128,512,50.0,ws,gaussian,2484480.0,0.5436858,accelergy_plugin,5010465.0,0.7937078399999999,49.585816885259156,68.49948716646166
1080p,1920,1080,128,128,5,128,512,50.0,ws,sobel,2525985.0,0.25002204,accelergy_plugin,5010465.0,0.7937078399999999,50.41418311474085,31.500512833538348
1080p,1920,1080,128,128,5,128,512,100.0,is,gaussian,6384120.0,0.7868058,accelergy_plugin,12797220.0,1.0382217,49.88677228335529,75.78398717730519
1080p,1920,1080,128,128,5,128,512,100.0,is,sobel,6413100.0,0.25141589999999997,accelergy_plugin,12797220.0,1.0382217,50.1132277166447,24.2160128226948
1080p,1920,1080,128,128,5,128,512,100.0,ws,gaussian,2304690.0,0.5436858,accelergy_plugin,4630140.0,0.7937078399999999,49.775816713965455,68.49948716646166
1080p,1920,1080,128,128,5,128,512,100.0,ws,sobel,2325450.0,0.25002204,accelergy_plugin,4630140.0,0.7937078399999999,50.22418328603455,31.500512833538348
1080p,1920,1080,128,128,5,128,1024,50.0,is,gaussian,6866130.0,0.5457490500000001,accelergy_plugin,13543050.0,0.7865922000000001,50.69855017887404,69.38144695561435
1080p,1920,1080,128,128,5,128,1024,50.0,is,sobel,6676920.0,0.24084315,accelergy_plugin,13543050.0,0.7865922000000001,49.30144982112596,30.61855304438564
1080p,1920,1080,128,128,5,128,1024,50.0,os,gaussian,5181330.0,0.5751911999999999,accelergy_plugin,9898050.0,0.8451862499999999,52.3469774349493,68.05496421646707
1080p,1920,1080,128,128,5,128,1024,50.0,os,sobel,4716720.0,0.26999505,accelergy_plugin,9898050.0,0.8451862499999999,47.65302256505069,31.945035783532926
1080p,1920,1080,128,128,5,128,1024,50.0,ws,gaussian,2803755.0,0.54380055,accelergy_plugin,5649015.0,0.7956503400000001,49.63263507000778,68.34667474659786
1080p,1920,1080,128,128,5,128,1024,50.0,ws,sobel,2845260.0,0.25184979,accelergy_plugin,5649015.0,0.7956503400000001,50.36736492999222,31.653325253402137
1080p,1920,1080,128,128,5,128,1024,100.0,is,gaussian,6535290.0,0.5457678,accelergy_plugin,12984030.0,0.7866117,50.33329405431134,69.38211063984937
1080p,1920,1080,128,128,5,128,1024,100.0,is,sobel,6448740.0,0.2408439,accelergy_plugin,12984030.0,0.7866117,49.66670594568867,30.61788936015063
1080p,1920,1080,128,128,5,128,1024,100.0,ws,gaussian,2464395.0,0.5438132999999999,accelergy_plugin,4949550.0,0.79566984,49.79028396520896,68.34660215347613
1080p,1920,1080,128,128,5,128,1024,100.0,ws,sobel,2485155.0,0.25185654,accelergy_plugin,4949550.0,0.79566984,50.20971603479104,31.653397846523884
1080p,1920,1080,128,128,5,128,1024,200.0,is,gaussian,6369870.0,0.5457918,accelergy_plugin,12704565.0,0.7866612000000001,50.138434491853914,69.38079569705484
1080p,1920,1080,128,128,5,128,1024,200.0,is,sobel,6334695.0,0.24086939999999998,accelergy_plugin,12704565.0,0.7866612000000001,49.861565508146086,30.619204302945153
1080p,1920,1080,128,128,5,128,1024,200.0,os,gaussian,4685070.0,0.5752271999999999,accelergy_plugin,9059565.0,0.845235,51.714072364401595,68.05529823066956
1080p,1920,1080,128,128,5,128,1024,200.0,os,sobel,4374495.0,0.2700078,accelergy_plugin,9059565.0,0.845235,48.2859276355984,31.944701769330425
1080p,1920,1080,128,128,5,128,1024,200.0,ws,gaussian,2294715.0,0.5438388,accelergy_plugin,4599810.0,0.79570884,49.88716925264304,68.34645697790664
1080p,1920,1080,128,128,5,128,1024,200.0,ws,sobel,2305095.0,0.25187004,accelergy_plugin,4599810.0,0.79570884,50.11283074735695,31.653543022093363
1080p,1920,1080,128,128,5,128,1024,800.0,is,gaussian,6245865.0,0.5460168,accelergy_plugin,12495000.0,0.7869912,49.98691476590636,69.38029294355515
1080p,1920,1080,128,128,5,128,1024,800.0,is,sobel,6249135.0,0.2409744,accelergy_plugin,12495000.0,0.7869912,50.01308523409364,30.61970705644485
1080p,1920,1080,128,128,5,128,1024,800.0,os,gaussian,4561065.0,0.5753712,accelergy_plugin,8850000.0,0.8454839999999999,51.53745762711864,68.05228721063912
1080p,1920,1080,128,128,5,128,1024,800.0,os,sobel,4288935.0,0.2701128,accelergy_plugin,8850000.0,0.8454839999999999,48.46254237288136,31.94771278936089
1080p,1920,1080,128,128,5,128,1024,800.0,ws,gaussian,2167515.0,0.5439918,accelergy_plugin,4337565.0,0.79599684,49.97077853588362,68.34094969522744
1080p,1920,1080,128,128,5,128,1024,800.0,ws,sobel,2170050.0,0.25200504,accelergy_plugin,4337565.0,0.79599684,50.02922146411639,31.659050304772567
1080p,1920,1080,128,128,5,128,2048,50.0,is,gaussian,7282650.0,0.53824905,accelergy_plugin,13959570.0,0.7790922,52.16958688555593,69.08669474549995
1080p,1920,1080,128,128,5,128,2048,50.0,is,sobel,6676920.0,0.24084315,accelergy_plugin,13959570.0,0.7790922,47.83041311444407,30.913305254500045
1080p,1920,1080,128,128,5,128,2048,50.0,ws,gaussian,3441090.0,0.5473413,accelergy_plugin,6923685.0,0.83105784,49.70026799312794,65.86079495983095
1080p,1920,1080,128,128,5,128,2048,50.0,ws,sobel,3482595.0,0.28371654,accelergy_plugin,6923685.0,0.83105784,50.29973200687207,34.139205040169045
1080p,1920,1080,128,128,5,128,2048,100.0,is,gaussian,6743490.0,0.5382558000000001,accelergy_plugin,13192230.0,0.7790997000000001,51.117134858928324,69.08689606734542
1080p,1920,1080,128,128,5,128,2048,100.0,is,sobel,6448740.0,0.2408439,accelergy_plugin,13192230.0,0.7790997000000001,48.882865141071676,30.913103932654572
1080p,1920,1080,128,128,5,128,2048,100.0,ws,gaussian,2782995.0,0.5473413,accelergy_plugin,5586750.0,0.83105784,49.81420324875822,65.86079495983095
1080p,1920,1080,128,128,5,128,2048,100.0,ws,sobel,2803755.0,0.28371654,accelergy_plugin,5586750.0,0.83105784,50.185796751241774,34.139205040169045
1080p,1920,1080,128,128,5,128,4096,50.0,is,gaussian,7282650.0,0.53824905,accelergy_plugin,13959570.0,0.7790922,52.16958688555593,69.08669474549995
1080p,1920,1080,128,128,5,128,4096,50.0,is,sobel,6676920.0,0.24084315,accelergy_plugin,13959570.0,0.7790922,47.83041311444407,30.913305254500045
1080p,1920,1080,128,128,5,128,4096,50.0,os,gaussian,5597850.0,0.5676912,accelergy_plugin,10314570.0,0.83768625,54.271288090536004,67.76895287465922
1080p,1920,1080,128,128,5,128,4096,50.0,os,sobel,4716720.0,0.26999505,accelergy_plugin,10314570.0,0.83768625,45.728711909463996,32.23104712534079
1080p,1920,1080,128,128,5,128,4096,50.0,ws,gaussian,4706445.0,0.61060905,accelergy_plugin,9454395.0,0.95759334,49.78049891082401,63.76496415482589
1080p,1920,1080,128,128,5,128,4096,50.0,ws,sobel,4747950.0,0.34698429,accelergy_plugin,9454395.0,0.95759334,50.21950108917599,36.23503584517411
1080p,1920,1080,128,128,5,128,4096,100.0,is,gaussian,6743490.0,0.5382558000000001,accelergy_plugin,13192230.0,0.7790997000000001,51.117134858928324,69.08689606734542
1080p,1920,1080,128,128,5,128,4096,100.0,is,sobel,6448740.0,0.2408439,accelergy_plugin,13192230.0,0.7790997000000001,48.882865141071676,30.913103932654572
1080p,1920,1080,128,128,5,128,4096,100.0,ws,gaussian,3415740.0,0.6106158,accelergy_plugin,6852240.0,0.9576068400000001,49.84851668943294,63.76477010126619
1080p,1920,1080,128,128,5,128,4096,100.0,ws,sobel,3436500.0,0.34699104000000003,accelergy_plugin,6852240.0,0.9576068400000001,50.15148331056706,36.235229898733806
1080p,1920,1080,128,128,5,128,4096,200.0,is,gaussian,6473910.0,0.5382558000000001,accelergy_plugin,12808605.0,0.7791252000000001,50.54344325553017,69.08463492131945
1080p,1920,1080,128,128,5,128,4096,200.0,is,sobel,6334695.0,0.24086939999999998,accelergy_plugin,12808605.0,0.7791252000000001,49.45655674446983,30.915365078680544
1080p,1920,1080,128,128,5,128,4096,200.0,os,gaussian,4789110.0,0.5676912,accelergy_plugin,9163605.0,0.837699,52.26229196915406,67.7679214133
1080p,1920,1080,128,128,5,128,4096,200.0,os,sobel,4374495.0,0.2700078,accelergy_plugin,9163605.0,0.837699,47.73770803084594,32.2320785867
1080p,1920,1080,128,128,5,128,4096,200.0,ws,gaussian,2770380.0,0.6106278,accelergy_plugin,5551140.0,0.9576308400000001,49.90650569072299,63.76442513066935
1080p,1920,1080,128,128,5,128,4096,200.0,ws,sobel,2780760.0,0.34700304000000004,accelergy_plugin,5551140.0,0.9576308400000001,50.093494309277006,36.23557486933065
1080p,1920,1080,128,128,5,128,4096,800.0,is,gaussian,6271785.0,0.5383368,accelergy_plugin,12520920.0,0.7793112,50.0904486251809,69.07854012620375
1080p,1920,1080,128,128,5,128,4096,800.0,is,sobel,6249135.0,0.2409744,accelergy_plugin,12520920.0,0.7793112,49.9095513748191,30.92145987379625
1080p,1920,1080,128,128,5,128,4096,800.0,os,gaussian,4586985.0,0.5676912,accelergy_plugin,8875920.0,0.837804,51.67898088310846,67.75942821948809
1080p,1920,1080,128,128,5,128,4096,800.0,os,sobel,4288935.0,0.2701128,accelergy_plugin,8875920.0,0.837804,48.32101911689154,32.24057178051191
1080p,1920,1080,128,128,5,128,4096,800.0,ws,gaussian,2286360.0,0.6106518,accelergy_plugin,4575255.0,0.9577328399999999,49.972296626089694,63.76014004072368
1080p,1920,1080,128,128,5,128,4096,800.0,ws,sobel,2288895.0,0.34708103999999995,accelergy_plugin,4575255.0,0.9577328399999999,50.027703373910306,36.23985995927632
1080p,1920,1080,128,128,7,8,256,50.0,is,gaussian,61716195.0,4.1546526,accelergy_plugin,74341245.0,4.5386143500000005,83.01743534157923,91.54011069479829
1080p,1920,1080,128,128,7,8,256,50.0,is,sobel,12625050.0,0.38396175,accelergy_plugin,74341245.0,4.5386143500000005,16.982564658420774,8.459889305201706
1080p,1920,1080,128,128,7,8,256,50.0,os,gaussian,17067090.0,1.3179522000000001,accelergy_plugin,23270475.0,1.6624335000000001,73.34225021191016,79.2784914404095
1080p,1920,1080,128,128,7,8,256,50.0,os,sobel,6203385.0,0.3444813,accelergy_plugin,23270475.0,1.6624335000000001,26.657749788089845,20.7215085595905
1080p,1920,1080,128,128,7,8,256,50.0,ws,gaussian,14843850.0,1.1349391199999999,accelergy_plugin,19180440.0,1.41092226,77.39056038339058,80.43952187698845
1080p,1920,1080,128,128,7,8,256,50.0,ws,sobel,4336590.0,0.27598314,accelergy_plugin,19180440.0,1.41092226,22.60943961660942,19.560478123011542
1080p,1920,1080,128,128,7,8,256,200.0,is,gaussian,41808120.0,4.1597976,accelergy_plugin,54295515.0,4.5439386,77.00105616458376,91.54607854956491
1080p,1920,1080,128,128,7,8,256,200.0,is,sobel,12487395.0,0.384141,accelergy_plugin,54295515.0,4.5439386,22.99894383541624,8.453921450435093
1080p,1920,1080,128,128,7,8,256,200.0,os,gaussian,16379535.0,1.3183871999999999,accelergy_plugin,22401450.0,1.6629809999999998,73.11819100995694,79.27854858233498
1080p,1920,1080,128,128,7,8,256,200.0,os,sobel,6021915.0,0.3445938,accelergy_plugin,22401450.0,1.6629809999999998,26.881808990043055,20.721451417665026
1080p,1920,1080,128,128,7,8,256,200.0,ws,gaussian,14612910.0,1.13511612,accelergy_plugin,18811845.0,1.4111517599999999,77.67930258834261,80.43898269311588
1080p,1920,1080,128,128,7,8,256,200.0,ws,sobel,4198935.0,0.27603563999999997,accelergy_plugin,18811845.0,1.4111517599999999,22.320697411657388,19.56101730688413
1080p,1920,1080,128,128,7,8,256,800.0,is,gaussian,41750265.0,4.1701416,accelergy_plugin,54203205.0,4.5546816,77.02545449111358,91.55725836027703
1080p,1920,1080,128,128,7,8,256,800.0,is,sobel,12452940.0,0.38454,accelergy_plugin,54203205.0,4.5546816,22.974545508886422,8.44274163972296
1080p,1920,1080,128,128,7,8,256,800.0,os,gaussian,16341975.0,1.3193112,accelergy_plugin,22318485.0,1.664184,73.22170389253571,79.27676266566678
1080p,1920,1080,128,128,7,8,256,800.0,os,sobel,5976510.0,0.3448728,accelergy_plugin,22318485.0,1.664184,26.778296107464282,20.72323733433322
1080p,1920,1080,128,128,7,8,256,800.0,ws,gaussian,14555055.0,1.1355241200000001,accelergy_plugin,18719535.0,1.4117187600000003,77.75329355136226,80.43557627582989
1080p,1920,1080,128,128,7,8,256,800.0,ws,sobel,4164480.0,0.27619464000000005,accelergy_plugin,18719535.0,1.4117187600000003,22.246706448637745,19.5644237241701
1080p,1920,1080,128,128,7,8,1024,50.0,is,gaussian,42658605.0,1.7341266,accelergy_plugin,55639230.0,2.0431056,76.67001322627938,84.87699314220468
1080p,1920,1080,128,128,7,8,1024,50.0,is,sobel,12980625.0,0.30897899999999995,accelergy_plugin,55639230.0,2.0431056,23.32998677372063,15.123006857795307
1080p,1920,1080,128,128,7,8,1024,50.0,os,gaussian,17008185.0,1.1821227,accelergy_plugin,23425905.0,1.4869612500000002,72.60417473732605,79.49922703096667
1080p,1920,1080,128,128,7,8,1024,50.0,os,sobel,6417720.0,0.30483855000000004,accelergy_plugin,23425905.0,1.4869612500000002,27.395825262673952,20.50077296903332
1080p,1920,1080,128,128,7,8,1024,50.0,ws,gaussian,15463395.0,1.1510716200000002,accelergy_plugin,20383125.0,1.4341302600000003,75.8637107901757,80.26269663956465
1080p,1920,1080,128,128,7,8,1024,50.0,ws,sobel,4919730.0,0.28305864000000003,accelergy_plugin,20383125.0,1.4341302600000003,24.1362892098243,19.737303360435334
1080p,1920,1080,128,128,7,8,1024,200.0,is,gaussian,41963010.0,1.7345226,accelergy_plugin,54539265.0,2.0435346,76.9409158704284,84.87855307172191
1080p,1920,1080,128,128,7,8,1024,200.0,is,sobel,12576255.0,0.309012,accelergy_plugin,54539265.0,2.0435346,23.059084129571602,15.121446928278093
1080p,1920,1080,128,128,7,8,1024,200.0,os,gaussian,16499145.0,1.1821992000000001,accelergy_plugin,22574640.0,1.4870640000000002,73.08707912950106,79.49887832668936
1080p,1920,1080,128,128,7,8,1024,200.0,os,sobel,6075495.0,0.3048648,accelergy_plugin,22574640.0,1.4870640000000002,26.91292087049893,20.501121673310628
1080p,1920,1080,128,128,7,8,1024,200.0,ws,gaussian,14767800.0,1.15114812,accelergy_plugin,19112520.0,1.43423976,77.26767584808283,80.2619026542675
1080p,1920,1080,128,128,7,8,1024,200.0,ws,sobel,4344720.0,0.28309164,accelergy_plugin,19112520.0,1.43423976,22.732324151917172,19.738097345732484
1080p,1920,1080,128,128,7,8,1024,800.0,is,gaussian,41789115.0,1.7361336,accelergy_plugin,54264240.0,2.0452776,77.01041238207704,84.88498578383687
1080p,1920,1080,128,128,7,8,1024,800.0,is,sobel,12475125.0,0.30914400000000003,accelergy_plugin,54264240.0,2.0452776,22.989587617922965,15.115014216163129
1080p,1920,1080,128,128,7,8,1024,800.0,os,gaussian,16371945.0,1.1825592,accelergy_plugin,22361880.0,1.487556,73.21363409516553,79.49678533110685
1080p,1920,1080,128,128,7,8,1024,800.0,os,sobel,5989935.0,0.3049968,accelergy_plugin,22361880.0,1.487556,26.786365904834476,20.50321466889314
1080p,1920,1080,128,128,7,8,1024,800.0,ws,gaussian,14593905.0,1.1515081200000001,accelergy_plugin,18794835.0,1.4347587600000002,77.64848693803378,80.25796057868291
1080p,1920,1080,128,128,7,8,1024,800.0,ws,sobel,4200930.0,0.28325064,accelergy_plugin,18794835.0,1.4347587600000002,22.351513061966227,19.742039421317067
1080p,1920,1080,128,128,7,8,4096,50.0,is,gaussian,44053485.0,1.23380985,accelergy_plugin,57034110.0,1.54278885,77.24059339227,79.97269684701183
1080p,1920,1080,128,128,7,8,4096,50.0,is,sobel,12980625.0,0.30897899999999995,accelergy_plugin,57034110.0,1.54278885,22.759406607730007,20.02730315298817
1080p,1920,1080,128,128,7,8,4096,50.0,os,gaussian,18403065.0,1.1633479500000001,accelergy_plugin,24820785.0,1.4681865000000003,74.1437670081748,79.23706899634344
1080p,1920,1080,128,128,7,8,4096,50.0,os,sobel,6417720.0,0.30483855000000004,accelergy_plugin,24820785.0,1.4681865000000003,25.856232991825195,20.76293100365655
1080p,1920,1080,128,128,7,8,4096,50.0,ws,gaussian,17148615.0,1.1468138700000001,accelergy_plugin,22130985.0,1.4330045100000002,77.48690354270269,80.02862949817235
1080p,1920,1080,128,128,7,8,4096,50.0,ws,sobel,4982370.0,0.28619064,accelergy_plugin,22130985.0,1.4330045100000002,22.513096457297312,19.971370501827657
1080p,1920,1080,128,128,7,8,4096,200.0,is,gaussian,42311730.0,1.2338436,accelergy_plugin,54887985.0,1.5428556,77.087417218905,79.97142441586885
1080p,1920,1080,128,128,7,8,4096,200.0,is,sobel,12576255.0,0.309012,accelergy_plugin,54887985.0,1.5428556,22.91258278109499,20.02857558413114
1080p,1920,1080,128,128,7,8,4096,200.0,os,gaussian,16847865.0,1.1633681999999999,accelergy_plugin,22923360.0,1.468233,73.49649004334444,79.23593871000038
1080p,1920,1080,128,128,7,8,4096,200.0,os,sobel,6075495.0,0.3048648,accelergy_plugin,22923360.0,1.468233,26.50350995665557,20.764061289999614
1080p,1920,1080,128,128,7,8,4096,200.0,ws,gaussian,15189045.0,1.14682212,accelergy_plugin,19549365.0,1.4330337599999998,77.69584843292864,80.02757171610529
1080p,1920,1080,128,128,7,8,4096,200.0,ws,sobel,4360320.0,0.28621164,accelergy_plugin,19549365.0,1.4330337599999998,22.304151567071358,19.972428283894722
1080p,1920,1080,128,128,7,8,4096,800.0,is,gaussian,41876235.0,1.2339576,accelergy_plugin,54351360.0,1.5431016000000002,77.04726247880458,79.96606315488235
1080p,1920,1080,128,128,7,8,4096,800.0,is,sobel,12475125.0,0.30914400000000003,accelergy_plugin,54351360.0,1.5431016000000002,22.95273752119542,20.03393684511765
1080p,1920,1080,128,128,7,8,4096,800.0,os,gaussian,16459065.0,1.1634552,accelergy_plugin,22449000.0,1.468452,73.3175865294668,79.23004633450735
1080p,1920,1080,128,128,7,8,4096,800.0,os,sobel,5989935.0,0.3049968,accelergy_plugin,22449000.0,1.468452,26.682413470533206,20.76995366549264
1080p,1920,1080,128,128,7,8,4096,800.0,ws,gaussian,14699115.0,1.14687612,accelergy_plugin,18903885.0,1.4331987599999998,77.75711183177427,80.02212617041339
1080p,1920,1080,128,128,7,8,4096,800.0,ws,sobel,4204770.0,0.28632263999999996,accelergy_plugin,18903885.0,1.4331987599999998,22.24288816822574,19.977873829586624
1080p,1920,1080,128,128,7,16,256,50.0,is,gaussian,77358690.0,4.876621500000001,accelergy_plugin,83821275.0,5.20874325,92.29004211639587,93.62376423525963
1080p,1920,1080,128,128,7,16,256,50.0,is,sobel,6462585.0,0.33212175000000005,accelergy_plugin,83821275.0,5.20874325,7.709957883604132,6.376235764740372
1080p,1920,1080,128,128,7,16,256,50.0,os,gaussian,16981425.0,1.705419,accelergy_plugin,22277610.0,2.0665846500000002,76.22642195459926,82.52354918052835
1080p,1920,1080,128,128,7,16,256,50.0,os,sobel,5296185.0,0.36116565,accelergy_plugin,22277610.0,2.0665846500000002,23.773578045400743,17.47645081947163
1080p,1920,1080,128,128,7,16,256,50.0,ws,gaussian,8502690.0,1.08522672,accelergy_plugin,10824285.0,1.3280390100000001,78.55197825999592,81.71647909649883
1080p,1920,1080,128,128,7,16,256,50.0,ws,sobel,2321595.0,0.24281229000000001,accelergy_plugin,10824285.0,1.3280390100000001,21.448021740004076,18.28352090350117
1080p,1920,1080,128,128,7,16,256,200.0,is,gaussian,26163765.0,4.883163,accelergy_plugin,32444880.0,5.215464,80.64065886512756,93.62854388411078
1080p,1920,1080,128,128,7,16,256,200.0,is,sobel,6281115.0,0.33230099999999996,accelergy_plugin,32444880.0,5.215464,19.359341134872434,6.371456115889209
1080p,1920,1080,128,128,7,16,256,200.0,os,gaussian,10288335.0,1.7065979999999998,accelergy_plugin,15403050.0,2.0679293999999997,66.79414142004343,82.52689864557271
1080p,1920,1080,128,128,7,16,256,200.0,os,sobel,5114715.0,0.36133139999999997,accelergy_plugin,15403050.0,2.0679293999999997,33.20585857995656,17.473101354427286
1080p,1920,1080,128,128,7,16,256,200.0,ws,gaussian,8365035.0,1.08540372,accelergy_plugin,10505160.0,1.32826176,79.62786859029278,81.71610089866623
1080p,1920,1080,128,128,7,16,256,200.0,ws,sobel,2140125.0,0.24285804,accelergy_plugin,10505160.0,1.32826176,20.37213140970723,18.283899101333763
1080p,1920,1080,128,128,7,16,256,800.0,is,gaussian,24376140.0,4.8963,accelergy_plugin,30611850.0,5.229,79.62975122379079,93.63740676993689
1080p,1920,1080,128,128,7,16,256,800.0,is,sobel,6235710.0,0.3327,accelergy_plugin,30611850.0,5.229,20.370248776209213,6.36259323006311
1080p,1920,1080,128,128,7,16,256,800.0,os,gaussian,10250775.0,1.708956,accelergy_plugin,15320085.0,2.0706864,66.91069272787978,82.53089410352045
1080p,1920,1080,128,128,7,16,256,800.0,os,sobel,5069310.0,0.3617304,accelergy_plugin,15320085.0,2.0706864,33.08930727212023,17.469105896479544
1080p,1920,1080,128,128,7,16,256,800.0,ws,gaussian,8330580.0,1.0857577200000001,accelergy_plugin,10425300.0,1.3287747600000002,79.90734079594833,81.71119385199641
1080p,1920,1080,128,128,7,16,256,800.0,ws,sobel,2094720.0,0.24301704,accelergy_plugin,10425300.0,1.3287747600000002,20.09265920405168,18.28880614800359
1080p,1920,1080,128,128,7,16,1024,50.0,is,gaussian,25167795.0,1.633557,accelergy_plugin,31844715.0,1.890696,79.03287876810955,86.39977024333896
1080p,1920,1080,128,128,7,16,1024,50.0,is,sobel,6676920.0,0.257139,accelergy_plugin,31844715.0,1.890696,20.967121231890438,13.600229756661038
1080p,1920,1080,128,128,7,16,1024,50.0,os,gaussian,10916985.0,1.2163515,accelergy_plugin,16427505.0,1.5025344,66.4555268739836,80.95332126838494
1080p,1920,1080,128,128,7,16,1024,50.0,os,sobel,5510520.0,0.2861829,accelergy_plugin,16427505.0,1.5025344,33.5444731260164,19.046678731615064
1080p,1920,1080,128,128,7,16,1024,50.0,ws,gaussian,9122235.0,1.10135922,accelergy_plugin,11885730.0,1.35124701,76.7494718456502,81.50687563778587
1080p,1920,1080,128,128,7,16,1024,50.0,ws,sobel,2763495.0,0.24988779,accelergy_plugin,11885730.0,1.35124701,23.250528154349794,18.493124362214132
1080p,1920,1080,128,128,7,16,1024,200.0,is,gaussian,24565485.0,1.633953,accelergy_plugin,30900180.0,1.891125,79.49948835249504,86.4011104501289
1080p,1920,1080,128,128,7,16,1024,200.0,is,sobel,6334695.0,0.257172,accelergy_plugin,30900180.0,1.891125,20.500511647504965,13.59888954987111
1080p,1920,1080,128,128,7,16,1024,200.0,os,gaussian,10407945.0,1.216482,accelergy_plugin,15576240.0,1.5026844000000001,66.81936719002789,80.95392485607756
1080p,1920,1080,128,128,7,16,1024,200.0,os,sobel,5168295.0,0.28620239999999997,accelergy_plugin,15576240.0,1.5026844000000001,33.18063280997211,19.046075143922433
1080p,1920,1080,128,128,7,16,1024,200.0,ws,gaussian,8519925.0,1.10143572,accelergy_plugin,10770555.0,1.35134976,79.10386233578492,81.50633926186511
1080p,1920,1080,128,128,7,16,1024,200.0,ws,sobel,2250630.0,0.24991403999999998,accelergy_plugin,10770555.0,1.35134976,20.896137664215075,18.493660738134885
1080p,1920,1080,128,128,7,16,1024,800.0,is,gaussian,24414870.0,1.635564,accelergy_plugin,30664005.0,1.892868,79.6206170720361,86.40665910142704
1080p,1920,1080,128,128,7,16,1024,800.0,is,sobel,6249135.0,0.25730400000000003,accelergy_plugin,30664005.0,1.892868,20.37938292796391,13.593340898572961
1080p,1920,1080,128,128,7,16,1024,800.0,os,gaussian,10280745.0,1.217004,accelergy_plugin,15363480.0,1.5033384,66.91677276242102,80.95343004608941
1080p,1920,1080,128,128,7,16,1024,800.0,os,sobel,5082735.0,0.2863344,accelergy_plugin,15363480.0,1.5033384,33.08322723757899,19.046569953910574
1080p,1920,1080,128,128,7,16,1024,800.0,ws,gaussian,8369310.0,1.1017417200000001,accelergy_plugin,10491720.0,1.3518147600000001,79.77061911678925,81.50093878247047
1080p,1920,1080,128,128,7,16,1024,800.0,ws,sobel,2122410.0,0.25007303999999997,accelergy_plugin,10491720.0,1.3518147600000001,20.22938088321076,18.499061217529533
1080p,1920,1080,128,128,7,16,4096,50.0,is,gaussian,26562675.0,1.13324025,accelergy_plugin,33239595.0,1.39037925,79.91275164453718,81.50583734617732
1080p,1920,1080,128,128,7,16,4096,50.0,is,sobel,6676920.0,0.257139,accelergy_plugin,33239595.0,1.39037925,20.087248355462815,18.494162653822688
1080p,1920,1080,128,128,7,16,4096,50.0,os,gaussian,12311865.0,1.11259875,accelergy_plugin,17822385.0,1.39878165,69.08090583836002,79.54055945758225
1080p,1920,1080,128,128,7,16,4096,50.0,os,sobel,5510520.0,0.2861829,accelergy_plugin,17822385.0,1.39878165,30.919094161639983,20.459440542417752
1080p,1920,1080,128,128,7,16,4096,50.0,ws,gaussian,10887300.0,1.10109372,accelergy_plugin,13713435.0,1.35411351,79.39148725319367,81.31472818700406
1080p,1920,1080,128,128,7,16,4096,50.0,ws,sobel,2826135.0,0.25301978999999997,accelergy_plugin,13713435.0,1.35411351,20.608512746806326,18.68527181299594
1080p,1920,1080,128,128,7,16,4096,200.0,is,gaussian,24914205.0,1.1332740000000001,accelergy_plugin,31248900.0,1.390446,79.7282624348377,81.50435184106395
1080p,1920,1080,128,128,7,16,4096,200.0,is,sobel,6334695.0,0.257172,accelergy_plugin,31248900.0,1.390446,20.271737565162294,18.495648158936053
1080p,1920,1080,128,128,7,16,4096,200.0,os,gaussian,10756665.0,1.112619,accelergy_plugin,15924960.0,1.3988214,67.54594674021159,79.53974681828572
1080p,1920,1080,128,128,7,16,4096,200.0,os,sobel,5168295.0,0.28620239999999997,accelergy_plugin,15924960.0,1.3988214,32.45405325978841,20.460253181714258
1080p,1920,1080,128,128,7,16,4096,200.0,ws,gaussian,8961180.0,1.10111172,accelergy_plugin,11227410.0,1.35414576,79.81520225947035,81.31412086687034
1080p,1920,1080,128,128,7,16,4096,200.0,ws,sobel,2266230.0,0.25303404,accelergy_plugin,11227410.0,1.35414576,20.18479774052965,18.685879133129657
1080p,1920,1080,128,128,7,16,4096,800.0,is,gaussian,24501990.0,1.1333879999999998,accelergy_plugin,30751125.0,1.3906919999999998,79.67835323097935,81.4981318652872
1080p,1920,1080,128,128,7,16,4096,800.0,is,sobel,6249135.0,0.25730400000000003,accelergy_plugin,30751125.0,1.3906919999999998,20.321646769020646,18.501868134712794
1080p,1920,1080,128,128,7,16,4096,800.0,os,gaussian,10367865.0,1.1126520000000002,accelergy_plugin,15450600.0,1.3989864,67.10331637606306,79.53272454971686
1080p,1920,1080,128,128,7,16,4096,800.0,os,sobel,5082735.0,0.2863344,accelergy_plugin,15450600.0,1.3989864,32.89668362393694,20.467275450283147
1080p,1920,1080,128,128,7,16,4096,800.0,ws,gaussian,8479560.0,1.10114172,accelergy_plugin,10605810.0,1.35428676,79.95202629502131,81.30787012936611
1080p,1920,1080,128,128,7,16,4096,800.0,ws,sobel,2126250.0,0.25314504,accelergy_plugin,10605810.0,1.35428676,20.047973704978688,18.6921298706339
1080p,1920,1080,128,128,7,32,256,50.0,os,gaussian,38121195.0,2.8763844,accelergy_plugin,42963780.0,3.2282391,88.7286802976833,89.10072367316288
1080p,1920,1080,128,128,7,32,256,50.0,os,sobel,4842585.0,0.35185469999999996,accelergy_plugin,42963780.0,3.2282391,11.271319702316696,10.899276326837128
1080p,1920,1080,128,128,7,32,256,50.0,ws,gaussian,4414365.0,1.05215712,accelergy_plugin,6742440.0,1.29498966,65.4713278872337,81.2483027856763
1080p,1920,1080,128,128,7,32,256,50.0,ws,sobel,2328075.0,0.24283253999999999,accelergy_plugin,6742440.0,1.29498966,34.5286721127663,18.751697214323706
1080p,1920,1080,128,128,7,32,256,100.0,ws,gaussian,4293345.0,1.05215712,accelergy_plugin,6500400.0,1.29498966,66.04739708325641,81.2483027856763
1080p,1920,1080,128,128,7,32,256,100.0,ws,sobel,2207055.0,0.24283253999999999,accelergy_plugin,6500400.0,1.29498966,33.95260291674359,18.751697214323706
1080p,1920,1080,128,128,7,32,256,200.0,os,gaussian,9839895.0,2.8795944,accelergy_plugin,14501010.0,3.2316216000000004,67.85661826314167,89.10679393899335
1080p,1920,1080,128,128,7,32,256,200.0,os,sobel,4661115.0,0.3520272,accelergy_plugin,14501010.0,3.2316216000000004,32.14338173685833,10.893206061006646
1080p,1920,1080,128,128,7,32,256,200.0,ws,gaussian,4232895.0,1.05233412,accelergy_plugin,6379500.0,1.29521916,66.35151657653421,81.24757203251997
1080p,1920,1080,128,128,7,32,256,200.0,ws,sobel,2146605.0,0.24288504000000002,accelergy_plugin,6379500.0,1.29521916,33.64848342346579,18.75242796748004
1080p,1920,1080,128,128,7,32,256,800.0,os,gaussian,7205175.0,2.8860143999999996,accelergy_plugin,11820885.0,3.2384135999999994,60.952923575519094,89.11815340696445
1080p,1920,1080,128,128,7,32,256,800.0,os,sobel,4615710.0,0.3523992,accelergy_plugin,11820885.0,3.2384135999999994,39.047076424480906,10.881846593035556
1080p,1920,1080,128,128,7,32,256,800.0,ws,gaussian,4187490.0,1.05268812,accelergy_plugin,6288690.0,1.29570516,66.58763589873249,81.24441829034625
1080p,1920,1080,128,128,7,32,256,800.0,ws,sobel,2101200.0,0.24301704,accelergy_plugin,6288690.0,1.29570516,33.412364101267514,18.75558170965376
1080p,1920,1080,128,128,7,32,512,50.0,ws,gaussian,4573395.0,1.05215712,accelergy_plugin,7060500.0,1.30205766,64.77437858508604,80.80726010244432
1080p,1920,1080,128,128,7,32,512,50.0,ws,sobel,2487105.0,0.24990054,accelergy_plugin,7060500.0,1.30205766,35.22562141491396,19.19273989755569
1080p,1920,1080,128,128,7,32,512,100.0,ws,gaussian,4372860.0,1.05215712,accelergy_plugin,6659430.0,1.30205766,65.66417846572455,80.80726010244432
1080p,1920,1080,128,128,7,32,512,100.0,ws,sobel,2286570.0,0.24990054,accelergy_plugin,6659430.0,1.30205766,34.33582153427545,19.19273989755569
1080p,1920,1080,128,128,7,32,1024,50.0,is,gaussian,13032090.0,1.5749778,accelergy_plugin,19709010.0,1.82279235,66.12249930361799,86.40467467399674
1080p,1920,1080,128,128,7,32,1024,50.0,is,sobel,6676920.0,0.24781455,accelergy_plugin,19709010.0,1.82279235,33.877500696382015,13.59532532600326
1080p,1920,1080,128,128,7,32,1024,50.0,os,gaussian,7871385.0,1.1910579000000001,accelergy_plugin,12928305.0,1.4679298500000002,60.88489558375982,81.13861163052172
1080p,1920,1080,128,128,7,32,1024,50.0,os,sobel,5056920.0,0.27687195000000003,accelergy_plugin,12928305.0,1.4679298500000002,39.11510441624018,18.861388369478284
1080p,1920,1080,128,128,7,32,1024,50.0,ws,gaussian,4892670.0,1.06828962,accelergy_plugin,7697055.0,1.31991816,63.56548056367013,80.93604985327272
1080p,1920,1080,128,128,7,32,1024,50.0,ws,sobel,2804385.0,0.25162854,accelergy_plugin,7697055.0,1.31991816,36.43451943632987,19.06395014672728
1080p,1920,1080,128,128,7,32,1024,100.0,ws,gaussian,4532565.0,1.0683151199999998,accelergy_plugin,6977835.0,1.3199496599999998,64.9566090341775,80.936050243007
1080p,1920,1080,128,128,7,32,1024,100.0,ws,sobel,2445270.0,0.25163453999999996,accelergy_plugin,6977835.0,1.3199496599999998,35.043390965822496,19.063949756993008
1080p,1920,1080,128,128,7,32,1024,200.0,is,gaussian,12491925.0,1.5753738,accelergy_plugin,18826620.0,1.8232146,66.35245731841404,86.40638353817482
1080p,1920,1080,128,128,7,32,1024,200.0,is,sobel,6334695.0,0.2478408,accelergy_plugin,18826620.0,1.8232146,33.64754268158597,13.593616461825173
1080p,1920,1080,128,128,7,32,1024,200.0,os,gaussian,7362345.0,1.1911884,accelergy_plugin,12077040.0,1.4680866,60.961502156157465,81.13883745005234
1080p,1920,1080,128,128,7,32,1024,200.0,os,sobel,4714695.0,0.2768982,accelergy_plugin,12077040.0,1.4680866,39.03849784384253,18.861162549947665
1080p,1920,1080,128,128,7,32,1024,200.0,ws,gaussian,4352505.0,1.0683661199999999,accelergy_plugin,6618210.0,1.3200261599999998,65.76559220695626,80.93522328375674
1080p,1920,1080,128,128,7,32,1024,200.0,ws,sobel,2265705.0,0.25166004000000003,accelergy_plugin,6618210.0,1.3200261599999998,34.23440779304374,19.064776716243266
1080p,1920,1080,128,128,7,32,1024,800.0,is,gaussian,12356880.0,1.5769848,accelergy_plugin,18606015.0,1.8249576,66.4133614855196,86.41213362984432
1080p,1920,1080,128,128,7,32,1024,800.0,is,sobel,6249135.0,0.24797280000000002,accelergy_plugin,18606015.0,1.8249576,33.5866385144804,13.587866370155668
1080p,1920,1080,128,128,7,32,1024,800.0,os,gaussian,7235145.0,1.1917104,accelergy_plugin,11864280.0,1.4687136,60.98258807108395,81.13974024615828
1080p,1920,1080,128,128,7,32,1024,800.0,os,sobel,4629135.0,0.2770032,accelergy_plugin,11864280.0,1.4687136,39.01741192891604,18.860259753841728
1080p,1920,1080,128,128,7,32,1024,800.0,ws,gaussian,4217460.0,1.06867212,accelergy_plugin,6348495.0,1.32046116,66.43243792426394,80.93173448585189
1080p,1920,1080,128,128,7,32,1024,800.0,ws,sobel,2131035.0,0.25178904,accelergy_plugin,6348495.0,1.32046116,33.56756207573606,19.068265514148102
1080p,1920,1080,128,128,7,32,2048,50.0,ws,gaussian,5526015.0,1.0680901200000001,accelergy_plugin,8896920.0,1.3480446600000002,62.111550963704296,79.23254708786874
1080p,1920,1080,128,128,7,32,2048,50.0,ws,sobel,3370905.0,0.27995454000000003,accelergy_plugin,8896920.0,1.3480446600000002,37.888449036295704,20.76745291213126
1080p,1920,1080,128,128,7,32,2048,100.0,ws,gaussian,4849170.0,1.0680901200000001,accelergy_plugin,7577640.0,1.3480446600000002,63.993142983831376,79.23254708786874
1080p,1920,1080,128,128,7,32,2048,100.0,ws,sobel,2728470.0,0.27995454000000003,accelergy_plugin,7577640.0,1.3480446600000002,36.00685701616862,20.76745291213126
1080p,1920,1080,128,128,7,32,4096,50.0,is,gaussian,14426970.0,1.07466105,accelergy_plugin,21103890.0,1.3224756,68.36166223383462,81.26131400836431
1080p,1920,1080,128,128,7,32,4096,50.0,is,sobel,6676920.0,0.24781455,accelergy_plugin,21103890.0,1.3224756,31.638337766165385,18.738685991635688
1080p,1920,1080,128,128,7,32,4096,50.0,os,gaussian,9266265.0,1.08730515,accelergy_plugin,14323185.0,1.3641771,64.6941654387624,79.7041051341501
1080p,1920,1080,128,128,7,32,4096,50.0,os,sobel,5056920.0,0.27687195000000003,accelergy_plugin,14323185.0,1.3641771,35.3058345612376,20.2958948658499
1080p,1920,1080,128,128,7,32,4096,50.0,ws,gaussian,6657735.0,1.06802412,accelergy_plugin,10153920.0,1.3542426600000002,65.56812541363335,78.86504771604226
1080p,1920,1080,128,128,7,32,4096,50.0,ws,sobel,3496185.0,0.28621854,accelergy_plugin,10153920.0,1.3542426600000002,34.431874586366646,21.134952283957738
1080p,1920,1080,128,128,7,32,4096,100.0,ws,gaussian,5415090.0,1.06803012,accelergy_plugin,8206200.0,1.35424866,65.98778971996782,78.86514135446883
1080p,1920,1080,128,128,7,32,4096,100.0,ws,sobel,2791110.0,0.28621854,accelergy_plugin,8206200.0,1.35424866,34.01221028003217,21.134858645531168
1080p,1920,1080,128,128,7,32,4096,200.0,is,gaussian,12840645.0,1.0746947999999998,accelergy_plugin,19175340.0,1.3225356,66.96436673352338,81.26017931010703
1080p,1920,1080,128,128,7,32,4096,200.0,is,sobel,6334695.0,0.2478408,accelergy_plugin,19175340.0,1.3225356,33.03563326647663,18.739820689892962
1080p,1920,1080,128,128,7,32,4096,200.0,os,gaussian,7711065.0,1.0873253999999999,accelergy_plugin,12425760.0,1.3642235999999999,62.05708946575501,79.70287275487684
1080p,1920,1080,128,128,7,32,4096,200.0,os,sobel,4714695.0,0.2768982,accelergy_plugin,12425760.0,1.3642235999999999,37.94291053424499,20.29712724512316
1080p,1920,1080,128,128,7,32,4096,200.0,ws,gaussian,4793760.0,1.06804212,accelergy_plugin,7232385.0,1.35428616,66.28186967369685,78.86384366506411
1080p,1920,1080,128,128,7,32,4096,200.0,ws,sobel,2438625.0,0.28624404,accelergy_plugin,7232385.0,1.35428616,33.71813032630315,21.136156334935887
1080p,1920,1080,128,128,7,32,4096,800.0,is,gaussian,12444000.0,1.0748088,accelergy_plugin,18693135.0,1.3227816000000001,66.56989317201207,81.25368541564231
1080p,1920,1080,128,128,7,32,4096,800.0,is,sobel,6249135.0,0.24797280000000002,accelergy_plugin,18693135.0,1.3227816000000001,33.43010682798792,18.74631458435769
1080p,1920,1080,128,128,7,32,4096,800.0,os,gaussian,7322265.0,1.0873584,accelergy_plugin,11951400.0,1.3643616,61.26700637582208,79.69722982528971
1080p,1920,1080,128,128,7,32,4096,800.0,os,sobel,4629135.0,0.2770032,accelergy_plugin,11951400.0,1.3643616,38.73299362417792,20.302770174710282
1080p,1920,1080,128,128,7,32,4096,800.0,ws,gaussian,4327710.0,1.06807212,accelergy_plugin,6501945.0,1.35442116,66.56023697524355,78.85819799212234
1080p,1920,1080,128,128,7,32,4096,800.0,ws,sobel,2174235.0,0.28634904,accelergy_plugin,6501945.0,1.35442116,33.43976302475644,21.141802007877665
1080p,1920,1080,128,128,7,48,256,50.0,ws,gaussian,4427325.0,1.05226512,accelergy_plugin,6761880.0,1.2951179099999999,65.47476441463024,81.24859612203186
1080p,1920,1080,128,128,7,48,256,50.0,ws,sobel,2334555.0,0.24285279,accelergy_plugin,6761880.0,1.2951179099999999,34.52523558536975,18.751403877968148
1080p,1920,1080,128,128,7,48,256,100.0,ws,gaussian,4306305.0,1.05226512,accelergy_plugin,6519840.0,1.29512466,66.04924353971877,81.24817266625129
1080p,1920,1080,128,128,7,48,256,100.0,ws,sobel,2213535.0,0.24285953999999998,accelergy_plugin,6519840.0,1.29512466,33.950756460281234,18.751827333748704
1080p,1920,1080,128,128,7,48,512,50.0,ws,gaussian,4586355.0,1.05226512,accelergy_plugin,7079940.0,1.30218591,64.77957440317292,80.80759528414802
1080p,1920,1080,128,128,7,48,512,50.0,ws,sobel,2493585.0,0.24992079,accelergy_plugin,7079940.0,1.30218591,35.22042559682709,19.19240471585198
1080p,1920,1080,128,128,7,48,512,100.0,ws,gaussian,4385820.0,1.05226512,accelergy_plugin,6678870.0,1.30219266,65.66709638007627,80.80717641274371
1080p,1920,1080,128,128,7,48,512,100.0,ws,sobel,2293050.0,0.24992754,accelergy_plugin,6678870.0,1.30219266,34.33290361992373,19.19282358725628
1080p,1920,1080,128,128,7,48,1024,50.0,ws,gaussian,4905630.0,1.06839762,accelergy_plugin,7718490.0,1.3201461600000002,63.55686151047679,80.93025245022869
1080p,1920,1080,128,128,7,48,1024,50.0,ws,sobel,2812860.0,0.25174854,accelergy_plugin,7718490.0,1.3201461600000002,36.44313848952321,19.069747549771307
1080p,1920,1080,128,128,7,48,1024,100.0,ws,gaussian,4545525.0,1.06842312,accelergy_plugin,6998280.0,1.32018516,64.95203107049161,80.92979321173402
1080p,1920,1080,128,128,7,48,1024,100.0,ws,sobel,2452755.0,0.25176204,accelergy_plugin,6998280.0,1.32018516,35.04796892950839,19.070206788265974
1080p,1920,1080,128,128,7,48,2048,50.0,ws,gaussian,5542965.0,1.06839762,accelergy_plugin,8954760.0,1.35009291,61.89964890181311,79.1351181897548
1080p,1920,1080,128,128,7,48,2048,50.0,ws,sobel,3411795.0,0.28169529,accelergy_plugin,8954760.0,1.35009291,38.100351098186884,20.86488181024519
1080p,1920,1080,128,128,7,48,2048,100.0,ws,gaussian,4864125.0,1.06839762,accelergy_plugin,7616280.0,1.3500996600000001,63.86483952795853,79.13472254337135
1080p,1920,1080,128,128,7,48,2048,100.0,ws,sobel,2752155.0,0.28170204,accelergy_plugin,7616280.0,1.3500996600000001,36.13516047204147,20.865277456628643
1080p,1920,1080,128,128,7,48,4096,50.0,ws,gaussian,6739500.0,1.0715723700000002,accelergy_plugin,10905735.0,1.3909896600000002,61.79776053608491,77.03668839637528
1080p,1920,1080,128,128,7,48,4096,50.0,ws,sobel,4166235.0,0.31941729,accelergy_plugin,10905735.0,1.3909896600000002,38.20223946391509,22.963311603624714
1080p,1920,1080,128,128,7,48,4096,100.0,ws,gaussian,5462460.0,1.07157912,accelergy_plugin,8591895.0,1.3910091599999999,63.57689427070512,77.03609370911691
1080p,1920,1080,128,128,7,48,4096,100.0,ws,sobel,3129435.0,0.31943003999999997,accelergy_plugin,8591895.0,1.3910091599999999,36.423105729294875,22.963906290883088
1080p,1920,1080,128,128,7,64,256,50.0,is,gaussian,72534150.0,4.5555087,accelergy_plugin,78996735.0,4.87364715,91.81917455196091,93.4722715820738
1080p,1920,1080,128,128,7,64,256,50.0,is,sobel,6462585.0,0.31813845,accelergy_plugin,78996735.0,4.87364715,8.180825448039087,6.527728417926193
1080p,1920,1080,128,128,7,64,256,50.0,os,gaussian,72657945.0,4.59555285,accelergy_plugin,77273730.0,4.94278245,94.0267086887096,92.97501754300353
1080p,1920,1080,128,128,7,64,256,50.0,os,sobel,4615785.0,0.34722959999999997,accelergy_plugin,77273730.0,4.94278245,5.973291311290396,7.024982456996463
1080p,1920,1080,128,128,7,64,256,50.0,ws,gaussian,2299530.0,1.03577757,accelergy_plugin,4640565.0,1.2786506100000001,49.552802298858005,81.00551956096905
1080p,1920,1080,128,128,7,64,256,50.0,ws,sobel,2341035.0,0.24287304,accelergy_plugin,4640565.0,1.2786506100000001,50.447197701142,18.994480439030955
1080p,1920,1080,128,128,7,64,256,100.0,ws,gaussian,2199255.0,1.0357843199999999,accelergy_plugin,4419270.0,1.27865736,49.76511957857293,81.00561983235289
1080p,1920,1080,128,128,7,64,256,100.0,ws,sobel,2220015.0,0.24287304,accelergy_plugin,4419270.0,1.27865736,50.234880421427064,18.994380167647105
1080p,1920,1080,128,128,7,64,256,200.0,is,gaussian,18290865.0,4.5616541999999995,accelergy_plugin,24571980.0,4.8799584,74.43789633558224,93.47731734762328
1080p,1920,1080,128,128,7,64,256,200.0,is,sobel,6281115.0,0.31830420000000004,accelergy_plugin,24571980.0,4.8799584,25.562103664417762,6.5226826523767105
1080p,1920,1080,128,128,7,64,256,200.0,os,gaussian,18277140.0,4.6017096,accelergy_plugin,22711455.0,4.949098200000001,80.47542528649089,92.98076970871178
1080p,1920,1080,128,128,7,64,256,200.0,os,sobel,4434315.0,0.3473886,accelergy_plugin,22711455.0,4.949098200000001,19.524574713509107,7.019230291288217
1080p,1920,1080,128,128,7,64,256,200.0,ws,gaussian,2149185.0,1.03596132,accelergy_plugin,4308750.0,1.27887336,49.87954743255004,81.0057783985742
1080p,1920,1080,128,128,7,64,256,200.0,ws,sobel,2159565.0,0.24291204,accelergy_plugin,4308750.0,1.27887336,50.12045256744996,18.994221601425807
1080p,1920,1080,128,128,7,64,256,800.0,is,gaussian,6200775.0,4.5739992,accelergy_plugin,12436485.0,4.8927024,49.85954632679571,93.48615194743911
1080p,1920,1080,128,128,7,64,256,800.0,is,sobel,6235710.0,0.3187032,accelergy_plugin,12436485.0,4.8927024,50.14045367320429,6.513848052560892
1080p,1920,1080,128,128,7,64,256,800.0,os,gaussian,5682375.0,4.6140096,accelergy_plugin,10071285.0,4.9617432,56.42154898803876,92.99170501206109
1080p,1920,1080,128,128,7,64,256,800.0,os,sobel,4388910.0,0.3477336,accelergy_plugin,10071285.0,4.9617432,43.578451011961235,7.008294987938917
1080p,1920,1080,128,128,7,64,256,800.0,ws,gaussian,2111625.0,1.03631532,accelergy_plugin,4225785.0,1.27933236,49.970005572929054,81.00438575633308
1080p,1920,1080,128,128,7,64,256,800.0,ws,sobel,2114160.0,0.24301704,accelergy_plugin,4225785.0,1.27933236,50.029994427070946,18.995614243666907
1080p,1920,1080,128,128,7,64,512,50.0,ws,gaussian,2458560.0,1.03577757,accelergy_plugin,4958625.0,1.28571861,49.58148680329729,80.56020671583808
1080p,1920,1080,128,128,7,64,512,50.0,ws,sobel,2500065.0,0.24994104,accelergy_plugin,4958625.0,1.28571861,50.41851319670272,19.439793284161922
1080p,1920,1080,128,128,7,64,512,100.0,ws,gaussian,2278770.0,1.0357843199999999,accelergy_plugin,4578300.0,1.2857253599999998,49.77327829106874,80.56030877387377
1080p,1920,1080,128,128,7,64,512,100.0,ws,sobel,2299530.0,0.24994104,accelergy_plugin,4578300.0,1.2857253599999998,50.226721708931265,19.439691226126243
1080p,1920,1080,128,128,7,64,1024,50.0,is,gaussian,12519105.0,1.5456882,accelergy_plugin,19196025.0,1.7888439,65.21717386802737,86.40710349293195
1080p,1920,1080,128,128,7,64,1024,50.0,is,sobel,6676920.0,0.2431557,accelergy_plugin,19196025.0,1.7888439,34.782826131972634,13.592896507068057
1080p,1920,1080,128,128,7,64,1024,50.0,os,gaussian,12452145.0,1.57513035,accelergy_plugin,17282265.0,1.8473772,72.05158004462957,85.26306105759019
1080p,1920,1080,128,128,7,64,1024,50.0,os,sobel,4830120.0,0.27224685000000004,accelergy_plugin,17282265.0,1.8473772,27.948419955370436,14.736938942409813
1080p,1920,1080,128,128,7,64,1024,50.0,ws,gaussian,2777835.0,1.0519100700000001,accelergy_plugin,5597175.0,1.3036788600000002,49.62923260394753,80.68782138570538
1080p,1920,1080,128,128,7,64,1024,50.0,ws,sobel,2819340.0,0.25176878999999996,accelergy_plugin,5597175.0,1.3036788600000002,50.37076739605247,19.312178614294623
1080p,1920,1080,128,128,7,64,1024,100.0,ws,gaussian,2438475.0,1.05194232,accelergy_plugin,4897710.0,1.30371786,49.78806421776708,80.68788134880657
1080p,1920,1080,128,128,7,64,1024,100.0,ws,sobel,2459235.0,0.25177554,accelergy_plugin,4897710.0,1.30371786,50.21193578223292,19.312118651193444
1080p,1920,1080,128,128,7,64,1024,200.0,is,gaussian,6357945.0,1.5460842000000001,accelergy_plugin,12692640.0,1.7892594000000002,50.09158851113716,86.40917018516151
1080p,1920,1080,128,128,7,64,1024,200.0,is,sobel,6334695.0,0.24317519999999998,accelergy_plugin,12692640.0,1.7892594000000002,49.90841148886284,13.590829814838473
1080p,1920,1080,128,128,7,64,1024,200.0,os,gaussian,5839545.0,1.5755196,accelergy_plugin,10327440.0,1.8477792000000002,56.54397411168692,85.26557718584557
1080p,1920,1080,128,128,7,64,1024,200.0,os,sobel,4487895.0,0.27225960000000005,accelergy_plugin,10327440.0,1.8477792000000002,43.45602588831308,14.734422814154419
1080p,1920,1080,128,128,7,64,1024,200.0,ws,gaussian,2268795.0,1.05199332,accelergy_plugin,4547970.0,1.30378236,49.88588315226354,80.68780129837008
1080p,1920,1080,128,128,7,64,1024,200.0,ws,sobel,2279175.0,0.25178904,accelergy_plugin,4547970.0,1.30378236,50.11411684773647,19.312198701629928
1080p,1920,1080,128,128,7,64,1024,800.0,is,gaussian,6230745.0,1.5476952000000002,accelergy_plugin,12479880.0,1.7910024000000002,49.92632140693661,86.41502657952887
1080p,1920,1080,128,128,7,64,1024,800.0,is,sobel,6249135.0,0.2433072,accelergy_plugin,12479880.0,1.7910024000000002,50.0736785930634,13.584973420471128
1080p,1920,1080,128,128,7,64,1024,800.0,os,gaussian,5712345.0,1.5770495999999998,accelergy_plugin,10114680.0,1.8493871999999998,56.4757856897104,85.2741708172307
1080p,1920,1080,128,128,7,64,1024,800.0,os,sobel,4402335.0,0.27233759999999996,accelergy_plugin,10114680.0,1.8493871999999998,43.5242143102896,14.725829182769298
1080p,1920,1080,128,128,7,64,1024,800.0,ws,gaussian,2141595.0,1.05229932,accelergy_plugin,4285725.0,1.30419636,49.970425073937314,80.68565074050659
1080p,1920,1080,128,128,7,64,1024,800.0,ws,sobel,2144130.0,0.25189704,accelergy_plugin,4285725.0,1.30419636,50.02957492606268,19.31434925949341
1080p,1920,1080,128,128,7,64,2048,50.0,ws,gaussian,3411180.0,1.05171057,accelergy_plugin,6863865.0,1.33514661,49.697655766831076,78.7711673102327
1080p,1920,1080,128,128,7,64,2048,50.0,ws,sobel,3452685.0,0.28343604,accelergy_plugin,6863865.0,1.33514661,50.30234423316892,21.228832689767305
1080p,1920,1080,128,128,7,64,2048,100.0,ws,gaussian,2755080.0,1.05171732,accelergy_plugin,5530920.0,1.33515336,49.81232778633572,78.77127463469814
1080p,1920,1080,128,128,7,64,2048,100.0,ws,sobel,2775840.0,0.28343604,accelergy_plugin,5530920.0,1.33515336,50.18767221366427,21.228725365301855
1080p,1920,1080,128,128,7,64,4096,50.0,is,gaussian,8261865.0,1.04537145,accelergy_plugin,14938785.0,1.28852715,55.30479888424661,81.12917527581783
1080p,1920,1080,128,128,7,64,4096,50.0,is,sobel,6676920.0,0.2431557,accelergy_plugin,14938785.0,1.28852715,44.69520111575339,18.87082472418218
1080p,1920,1080,128,128,7,64,4096,50.0,os,gaussian,7743465.0,1.0748136,accelergy_plugin,12573585.0,1.3470604499999999,61.58518036025525,79.7895595554008
1080p,1920,1080,128,128,7,64,4096,50.0,os,sobel,4830120.0,0.27224685000000004,accelergy_plugin,12573585.0,1.3470604499999999,38.41481963974475,20.210440444599207
1080p,1920,1080,128,128,7,64,4096,50.0,ws,gaussian,4542900.0,1.0516445700000001,accelergy_plugin,9127305.0,1.3916666100000001,49.77263277604945,75.5672775680089
1080p,1920,1080,128,128,7,64,4096,50.0,ws,sobel,4584405.0,0.34002203999999997,accelergy_plugin,9127305.0,1.3916666100000001,50.227367223950544,24.43272243199109
1080p,1920,1080,128,128,7,64,4096,100.0,ws,gaussian,3321000.0,1.0516573200000001,accelergy_plugin,6662760.0,1.39168536,49.84420870630189,75.56717561503989
1080p,1920,1080,128,128,7,64,4096,100.0,ws,sobel,3341760.0,0.34002804,accelergy_plugin,6662760.0,1.39168536,50.1557912936981,24.432824384960114
1080p,1920,1080,128,128,7,64,4096,200.0,is,gaussian,6706665.0,1.0454052,accelergy_plugin,13041360.0,1.2885804,51.426116601336055,81.12844181084859
1080p,1920,1080,128,128,7,64,4096,200.0,is,sobel,6334695.0,0.24317519999999998,accelergy_plugin,13041360.0,1.2885804,48.573883398663945,18.871558189151408
1080p,1920,1080,128,128,7,64,4096,200.0,os,gaussian,6188265.0,1.0748406,accelergy_plugin,10676160.0,1.3471001999999999,57.96339695171297,79.78920944410817
1080p,1920,1080,128,128,7,64,4096,200.0,os,sobel,4487895.0,0.27225960000000005,accelergy_plugin,10676160.0,1.3471001999999999,42.03660304828703,20.21079055589184
1080p,1920,1080,128,128,7,64,4096,200.0,ws,gaussian,2710050.0,1.05166932,accelergy_plugin,5430480.0,1.3917093600000001,49.90442833782649,75.5667347096092
1080p,1920,1080,128,128,7,64,4096,200.0,ws,sobel,2720430.0,0.34004004,accelergy_plugin,5430480.0,1.3917093600000001,50.09557166217351,24.4332652903908
1080p,1920,1080,128,128,7,64,4096,800.0,is,gaussian,6317865.0,1.0455192,accelergy_plugin,12567000.0,1.2888264,50.27345428503223,81.12180197426123
1080p,1920,1080,128,128,7,64,4096,800.0,is,sobel,6249135.0,0.2433072,accelergy_plugin,12567000.0,1.2888264,49.72654571496777,18.878198025738765
1080p,1920,1080,128,128,7,64,4096,800.0,os,gaussian,5799465.0,1.0748736,accelergy_plugin,10201800.0,1.3472112,56.84746809386579,79.78508492209684
1080p,1920,1080,128,128,7,64,4096,800.0,os,sobel,4402335.0,0.27233759999999996,accelergy_plugin,10201800.0,1.3472112,43.152531906134215,20.214915077903147
1080p,1920,1080,128,128,7,64,4096,800.0,ws,gaussian,2251845.0,1.05169932,accelergy_plugin,4506225.0,1.3917963599999998,49.97187224339664,75.56416658540479
1080p,1920,1080,128,128,7,64,4096,800.0,ws,sobel,2254380.0,0.34009703999999996,accelergy_plugin,4506225.0,1.3917963599999998,50.02812775660337,24.43583341459522
1080p,1920,1080,128,128,7,96,256,50.0,ws,gaussian,2312490.0,1.03599357,accelergy_plugin,4666485.0,1.27890711,49.555286259357956,81.0061623631133
1080p,1920,1080,128,128,7,96,256,50.0,ws,sobel,2353995.0,0.24291354,accelergy_plugin,4666485.0,1.27890711,50.444713740642044,18.993837636886703
1080p,1920,1080,128,128,7,96,256,100.0,ws,gaussian,2212215.0,1.03600032,accelergy_plugin,4445190.0,1.27891386,49.76648917144149,81.006262610994
1080p,1920,1080,128,128,7,96,256,100.0,ws,sobel,2232975.0,0.24291354,accelergy_plugin,4445190.0,1.27891386,50.233510828558515,18.993737389006014
1080p,1920,1080,128,128,7,96,512,50.0,ws,gaussian,2471520.0,1.03599357,accelergy_plugin,4984545.0,1.28597511,49.58366310265029,80.56093480689529
1080p,1920,1080,128,128,7,96,512,50.0,ws,sobel,2513025.0,0.24998154,accelergy_plugin,4984545.0,1.28597511,50.41633689734971,19.439065193104707
1080p,1920,1080,128,128,7,96,512,100.0,ws,gaussian,2291730.0,1.03600032,accelergy_plugin,4604220.0,1.2859818600000001,49.77455464769277,80.56103684075295
1080p,1920,1080,128,128,7,96,512,100.0,ws,sobel,2312490.0,0.24998154,accelergy_plugin,4604220.0,1.2859818600000001,50.22544535230723,19.43896315924705
1080p,1920,1080,128,128,7,96,1024,50.0,ws,gaussian,2790795.0,1.05212607,accelergy_plugin,5623095.0,1.3039353599999999,49.630941678915256,80.68851434476015
1080p,1920,1080,128,128,7,96,1024,50.0,ws,sobel,2832300.0,0.25180929,accelergy_plugin,5623095.0,1.3039353599999999,50.36905832108474,19.311485655239846
1080p,1920,1080,128,128,7,96,1024,100.0,ws,gaussian,2451435.0,1.05215832,accelergy_plugin,4923630.0,1.30397436,49.78917993431675,80.68857427534081
1080p,1920,1080,128,128,7,96,1024,100.0,ws,sobel,2472195.0,0.25181604,accelergy_plugin,4923630.0,1.30397436,50.21082006568325,19.31142572465919
1080p,1920,1080,128,128,7,96,2048,50.0,ws,gaussian,3428130.0,1.05212607,accelergy_plugin,6897765.0,1.33580211,49.69914167850021,78.76361791343479
1080p,1920,1080,128,128,7,96,2048,50.0,ws,sobel,3469635.0,0.28367603999999996,accelergy_plugin,6897765.0,1.33580211,50.30085832149979,21.2363820865652
1080p,1920,1080,128,128,7,96,2048,100.0,ws,gaussian,2770035.0,1.05213282,accelergy_plugin,5560830.0,1.33580886,49.81333721764557,78.76372522338264
1080p,1920,1080,128,128,7,96,2048,100.0,ws,sobel,2790795.0,0.28367603999999996,accelergy_plugin,5560830.0,1.33580886,50.18666278235443,21.236274776617364
1080p,1920,1080,128,128,7,96,4096,50.0,ws,gaussian,4624665.0,1.05530082,accelergy_plugin,9290835.0,1.39880361,49.77663471582479,75.44310097970079
1080p,1920,1080,128,128,7,96,4096,50.0,ws,sobel,4666170.0,0.34350279,accelergy_plugin,9290835.0,1.39880361,50.223365284175216,24.556899020299213
1080p,1920,1080,128,128,7,96,4096,100.0,ws,gaussian,3368370.0,1.05531432,accelergy_plugin,6757500.0,1.3988238599999998,49.84639289678135,75.4429739281113
1080p,1920,1080,128,128,7,96,4096,100.0,ws,sobel,3389130.0,0.34350954,accelergy_plugin,6757500.0,1.3988238599999998,50.15360710321865,24.557026071888714
1080p,1920,1080,128,128,7,128,256,50.0,is,gaussian,72547815.0,4.54916505,accelergy_plugin,79010400.0,4.86499095,91.82058944139,93.50819141811559
1080p,1920,1080,128,128,7,128,256,50.0,is,sobel,6462585.0,0.31582590000000005,accelergy_plugin,79010400.0,4.86499095,8.179410558610007,6.491808581884413
1080p,1920,1080,128,128,7,128,256,50.0,os,gaussian,73272720.0,4.6161327000000005,accelergy_plugin,77775105.0,4.9611105,94.21102035156366,93.04635927782702
1080p,1920,1080,128,128,7,128,256,50.0,os,sobel,4502385.0,0.3449778,accelergy_plugin,77775105.0,4.9611105,5.788979648436348,6.953640722172989
1080p,1920,1080,128,128,7,128,256,50.0,ws,gaussian,2325450.0,1.03620282,accelergy_plugin,4692405.0,1.27915686,49.557742777957145,81.00670468201999
1080p,1920,1080,128,128,7,128,256,50.0,ws,sobel,2366955.0,0.24295403999999998,accelergy_plugin,4692405.0,1.27915686,50.442257222042855,18.99329531798
1080p,1920,1080,128,128,7,128,256,100.0,ws,gaussian,2225175.0,1.03620282,accelergy_plugin,4471110.0,1.27915686,49.7678428846528,81.00670468201999
1080p,1920,1080,128,128,7,128,256,100.0,ws,sobel,2245935.0,0.24295403999999998,accelergy_plugin,4471110.0,1.27915686,50.2321571153472,18.99329531798
1080p,1920,1080,128,128,7,128,256,200.0,is,gaussian,18308415.0,4.5553038,accelergy_plugin,24589530.0,4.8713022,74.45614047930155,93.51306104556602
1080p,1920,1080,128,128,7,128,256,200.0,is,sobel,6281115.0,0.3159984,accelergy_plugin,24589530.0,4.8713022,25.54385952069844,6.486938954433992
1080p,1920,1080,128,128,7,128,256,200.0,os,gaussian,18413685.0,4.6223412,accelergy_plugin,22734600.0,4.967478,80.99410150167586,93.05207189644324
1080p,1920,1080,128,128,7,128,256,200.0,os,sobel,4320915.0,0.3451368,accelergy_plugin,22734600.0,4.967478,19.00589849832414,6.947928103556775
1080p,1920,1080,128,128,7,128,256,200.0,ws,gaussian,2175105.0,1.03639332,accelergy_plugin,4360590.0,1.27938636,49.88097940874973,81.0070634174965
1080p,1920,1080,128,128,7,128,256,200.0,ws,sobel,2185485.0,0.24299304,accelergy_plugin,4360590.0,1.27938636,50.11902059125026,18.992936582503507
1080p,1920,1080,128,128,7,128,256,800.0,is,gaussian,6216975.0,4.5676488,accelergy_plugin,12452685.0,4.8840192,49.924775259311545,93.52233504733151
1080p,1920,1080,128,128,7,128,256,800.0,is,sobel,6235710.0,0.3163704,accelergy_plugin,12452685.0,4.8840192,50.07522474068845,6.477664952668491
1080p,1920,1080,128,128,7,128,256,800.0,os,gaussian,4920975.0,4.6347312,accelergy_plugin,9196485.0,4.98024,53.509302739035626,93.06240663100573
1080p,1920,1080,128,128,7,128,256,800.0,os,sobel,4275510.0,0.3455088,accelergy_plugin,9196485.0,4.98024,46.49069726096438,6.937593368994264
1080p,1920,1080,128,128,7,128,256,800.0,ws,gaussian,2137545.0,1.03674732,accelergy_plugin,4277625.0,1.27987236,49.97036907162269,81.00396198883458
1080p,1920,1080,128,128,7,128,256,800.0,ws,sobel,2140080.0,0.24312504000000001,accelergy_plugin,4277625.0,1.27987236,50.02963092837731,18.996038011165428
1080p,1920,1080,128,128,7,128,512,50.0,ws,gaussian,2484480.0,1.03620282,accelergy_plugin,5010465.0,1.28622486,49.585816885259156,80.56156059679954
1080p,1920,1080,128,128,7,128,512,50.0,ws,sobel,2525985.0,0.25002204,accelergy_plugin,5010465.0,1.28622486,50.41418311474085,19.438439403200462
1080p,1920,1080,128,128,7,128,512,100.0,ws,gaussian,2304690.0,1.03620282,accelergy_plugin,4630140.0,1.28622486,49.775816713965455,80.56156059679954
1080p,1920,1080,128,128,7,128,512,100.0,ws,sobel,2325450.0,0.25002204,accelergy_plugin,4630140.0,1.28622486,50.22418328603455,19.438439403200462
1080p,1920,1080,128,128,7,128,1024,50.0,is,gaussian,12559065.0,1.53934455,accelergy_plugin,19235985.0,1.7801877,65.28943020074095,86.47091258972299
1080p,1920,1080,128,128,7,128,1024,50.0,is,sobel,6676920.0,0.24084315,accelergy_plugin,19235985.0,1.7801877,34.71056979925905,13.529087410277018
1080p,1920,1080,128,128,7,128,1024,50.0,os,gaussian,12447465.0,1.5692052,accelergy_plugin,17164185.0,1.8392002500000002,72.51998856922131,85.31997535341787
1080p,1920,1080,128,128,7,128,1024,50.0,os,sobel,4716720.0,0.26999505,accelergy_plugin,17164185.0,1.8392002500000002,27.480011430778685,14.68002464658212
1080p,1920,1080,128,128,7,128,1024,50.0,ws,gaussian,2803755.0,1.05233532,accelergy_plugin,5649015.0,1.3041851100000001,49.63263507000778,80.68910708541979
1080p,1920,1080,128,128,7,128,1024,50.0,ws,sobel,2845260.0,0.25184979,accelergy_plugin,5649015.0,1.3041851100000001,50.36736492999222,19.3108929145802
1080p,1920,1080,128,128,7,128,1024,100.0,ws,gaussian,2464395.0,1.0523608199999999,accelergy_plugin,4949550.0,1.30421736,49.79028396520896,80.68906704324192
1080p,1920,1080,128,128,7,128,1024,100.0,ws,sobel,2485155.0,0.25185654,accelergy_plugin,4949550.0,1.30421736,50.20971603479104,19.310932956758066
1080p,1920,1080,128,128,7,128,1024,200.0,is,gaussian,6374145.0,1.5397338,accelergy_plugin,12708840.0,1.7806032,50.15520692683203,86.47259535420356
1080p,1920,1080,128,128,7,128,1024,200.0,is,sobel,6334695.0,0.24086939999999998,accelergy_plugin,12708840.0,1.7806032,49.84479307316797,13.527404645796434
1080p,1920,1080,128,128,7,128,1024,200.0,os,gaussian,5078145.0,1.5696012,accelergy_plugin,9452640.0,1.8396089999999998,53.72197608287209,85.32254408409614
1080p,1920,1080,128,128,7,128,1024,200.0,os,sobel,4374495.0,0.2700078,accelergy_plugin,9452640.0,1.8396089999999998,46.27802391712791,14.677455915903872
1080p,1920,1080,128,128,7,128,1024,200.0,ws,gaussian,2294715.0,1.05242532,accelergy_plugin,4599810.0,1.30429536,49.88716925264304,80.68918684185152
1080p,1920,1080,128,128,7,128,1024,200.0,ws,sobel,2305095.0,0.25187004,accelergy_plugin,4599810.0,1.30429536,50.11283074735695,19.310813158148473
1080p,1920,1080,128,128,7,128,1024,800.0,is,gaussian,6246945.0,1.5413447999999998,accelergy_plugin,12496080.0,1.7823191999999999,49.99123725200223,86.47972821030038
1080p,1920,1080,128,128,7,128,1024,800.0,is,sobel,6249135.0,0.2409744,accelergy_plugin,12496080.0,1.7823191999999999,50.00876274799777,13.520271789699622
1080p,1920,1080,128,128,7,128,1024,800.0,os,gaussian,4950945.0,1.5711312000000002,accelergy_plugin,9239880.0,1.841244,53.582351718853495,85.32987480203602
1080p,1920,1080,128,128,7,128,1024,800.0,os,sobel,4288935.0,0.2701128,accelergy_plugin,9239880.0,1.841244,46.417648281146505,14.670125197963985
1080p,1920,1080,128,128,7,128,1024,800.0,ws,gaussian,2167515.0,1.05273132,accelergy_plugin,4337565.0,1.30473636,49.97077853588362,80.68536696562974
1080p,1920,1080,128,128,7,128,1024,800.0,ws,sobel,2170050.0,0.25200504,accelergy_plugin,4337565.0,1.30473636,50.02922146411639,19.314633034370257
1080p,1920,1080,128,128,7,128,2048,50.0,ws,gaussian,3441090.0,1.05233532,accelergy_plugin,6923685.0,1.33605186,49.70026799312794,78.76455633990136
1080p,1920,1080,128,128,7,128,2048,50.0,ws,sobel,3482595.0,0.28371654,accelergy_plugin,6923685.0,1.33605186,50.29973200687207,21.235443660098642
1080p,1920,1080,128,128,7,128,2048,100.0,ws,gaussian,2782995.0,1.05233532,accelergy_plugin,5586750.0,1.33605186,49.81420324875822,78.76455633990136
1080p,1920,1080,128,128,7,128,2048,100.0,ws,sobel,2803755.0,0.28371654,accelergy_plugin,5586750.0,1.33605186,50.185796751241774,21.235443660098642
1080p,1920,1080,128,128,7,128,4096,50.0,is,gaussian,8278065.0,1.0390278,accelergy_plugin,14954985.0,1.2798709499999998,55.35321499820963,81.18223169296874
1080p,1920,1080,128,128,7,128,4096,50.0,is,sobel,6676920.0,0.24084315,accelergy_plugin,14954985.0,1.2798709499999998,44.64678500179037,18.817768307031272
1080p,1920,1080,128,128,7,128,4096,50.0,os,gaussian,6982065.0,1.06888845,accelergy_plugin,11698785.0,1.3388835000000001,59.6819669734934,79.8343134410126
1080p,1920,1080,128,128,7,128,4096,50.0,os,sobel,4716720.0,0.26999505,accelergy_plugin,11698785.0,1.3388835000000001,40.3180330265066,20.165686558987396
1080p,1920,1080,128,128,7,128,4096,50.0,ws,gaussian,4706445.0,1.05895107,accelergy_plugin,9454395.0,1.40593536,49.78049891082401,75.32003960694182
1080p,1920,1080,128,128,7,128,4096,50.0,ws,sobel,4747950.0,0.34698429,accelergy_plugin,9454395.0,1.40593536,50.21950108917599,24.679960393058185
1080p,1920,1080,128,128,7,128,4096,100.0,ws,gaussian,3415740.0,1.05895782,accelergy_plugin,6852240.0,1.40594886,49.84851668943294,75.31979648249795
1080p,1920,1080,128,128,7,128,4096,100.0,ws,sobel,3436500.0,0.34699104000000003,accelergy_plugin,6852240.0,1.40594886,50.15148331056706,24.680203517502054
1080p,1920,1080,128,128,7,128,4096,200.0,is,gaussian,6722865.0,1.0390548,accelergy_plugin,13057560.0,1.2799242,51.486380303823985,81.18096368519323
1080p,1920,1080,128,128,7,128,4096,200.0,is,sobel,6334695.0,0.24086939999999998,accelergy_plugin,13057560.0,1.2799242,48.51361969617601,18.819036314806766
1080p,1920,1080,128,128,7,128,4096,200.0,os,gaussian,5426865.0,1.0689221999999998,accelergy_plugin,9801360.0,1.33893,55.36848967898332,79.8340615267415
1080p,1920,1080,128,128,7,128,4096,200.0,os,sobel,4374495.0,0.2700078,accelergy_plugin,9801360.0,1.33893,44.63151032101668,20.1659384732585
1080p,1920,1080,128,128,7,128,4096,200.0,ws,gaussian,2770380.0,1.05898332,accelergy_plugin,5551140.0,1.40598636,49.90650569072299,75.31960125132366
1080p,1920,1080,128,128,7,128,4096,200.0,ws,sobel,2780760.0,0.34700304000000004,accelergy_plugin,5551140.0,1.40598636,50.093494309277006,24.680398748676343
1080p,1920,1080,128,128,7,128,4096,800.0,is,gaussian,6334065.0,1.0391688,accelergy_plugin,12583200.0,1.2801432,50.33747377455655,81.17598093713265
1080p,1920,1080,128,128,7,128,4096,800.0,is,sobel,6249135.0,0.2409744,accelergy_plugin,12583200.0,1.2801432,49.66252622544345,18.824019062867343
1080p,1920,1080,128,128,7,128,4096,800.0,os,gaussian,5038065.0,1.0689552,accelergy_plugin,9327000.0,1.339068,54.01592151817305,79.82829848820224
1080p,1920,1080,128,128,7,128,4096,800.0,os,sobel,4288935.0,0.2701128,accelergy_plugin,9327000.0,1.339068,45.984078481826955,20.171701511797757
1080p,1920,1080,128,128,7,128,4096,800.0,ws,gaussian,2286360.0,1.05900732,accelergy_plugin,4575255.0,1.40608836,49.972296626089694,75.31584430440773
1080p,1920,1080,128,128,7,128,4096,800.0,ws,sobel,2288895.0,0.34708103999999995,accelergy_plugin,4575255.0,1.40608836,50.027703373910306,24.68415569559227
1080p,1920,1080,128,128,11,8,256,50.0,os,gaussian,35192280.0,3.2951832,accelergy_plugin,41395665.0,3.6396645,85.01440911747643,90.53535566258924
1080p,1920,1080,128,128,11,8,256,50.0,os,sobel,6203385.0,0.3444813,accelergy_plugin,41395665.0,3.6396645,14.985590882523569,9.46464433741077
1080p,1920,1080,128,128,11,8,256,50.0,ws,gaussian,33464595.0,2.77740138,accelergy_plugin,37801185.0,3.0533845200000003,88.52789932379103,90.96140239814932
1080p,1920,1080,128,128,11,8,256,50.0,ws,sobel,4336590.0,0.27598314,accelergy_plugin,37801185.0,3.0533845200000003,11.47210067620896,9.038597601850682
1080p,1920,1080,128,128,11,8,256,200.0,os,gaussian,35041935.0,3.2964402,accelergy_plugin,41063850.0,3.6410340000000003,85.33524011995952,90.5358258121182
1080p,1920,1080,128,128,11,8,256,200.0,os,sobel,6021915.0,0.3445938,accelergy_plugin,41063850.0,3.6410340000000003,14.664759880040473,9.464174187881794
1080p,1920,1080,128,128,11,8,256,200.0,ws,gaussian,33284955.0,2.7778318800000004,accelergy_plugin,37483890.0,3.0538675200000003,88.798027632671,90.96111281212357
1080p,1920,1080,128,128,11,8,256,200.0,ws,sobel,4198935.0,0.27603563999999997,accelergy_plugin,37483890.0,3.0538675200000003,11.201972367329006,9.038887187876439
1080p,1920,1080,128,128,11,8,256,800.0,os,gaussian,35004375.0,3.2990352,accelergy_plugin,40980885.0,3.643908,85.41634715794937,90.53563372071962
1080p,1920,1080,128,128,11,8,256,800.0,os,sobel,5976510.0,0.3448728,accelergy_plugin,40980885.0,3.643908,14.583652842050629,9.464366279280375
1080p,1920,1080,128,128,11,8,256,800.0,ws,gaussian,33239970.0,2.77877388,accelergy_plugin,37404450.0,3.05496852,88.86635146352907,90.9591657592596
1080p,1920,1080,128,128,11,8,256,800.0,ws,sobel,4164480.0,0.27619464000000005,accelergy_plugin,37404450.0,3.05496852,11.133648536470927,9.040834240740393
1080p,1920,1080,128,128,11,8,1024,50.0,is,gaussian,96119835.0,5.7664308,accelergy_plugin,109100460.0,6.0754098,88.10213540804503,94.9142689930151
1080p,1920,1080,128,128,11,8,1024,50.0,is,sobel,12980625.0,0.30897899999999995,accelergy_plugin,109100460.0,6.0754098,11.897864591954974,5.08573100698491
1080p,1920,1080,128,128,11,8,1024,50.0,os,gaussian,35670585.0,3.0505152,accelergy_plugin,42088305.0,3.35535375,84.75177368154883,90.91486106345718
1080p,1920,1080,128,128,11,8,1024,50.0,os,sobel,6417720.0,0.30483855000000004,accelergy_plugin,42088305.0,3.35535375,15.248226318451172,9.085138936542833
1080p,1920,1080,128,128,11,8,1024,50.0,ws,gaussian,33959355.0,2.79293388,accelergy_plugin,38879085.0,3.0759925200000002,87.34607565995958,90.7978111728308
1080p,1920,1080,128,128,11,8,1024,50.0,ws,sobel,4919730.0,0.28305864000000003,accelergy_plugin,38879085.0,3.0759925200000002,12.65392434004041,9.20218882716919
1080p,1920,1080,128,128,11,8,1024,200.0,is,gaussian,95569095.0,5.7683388,accelergy_plugin,108145350.0,6.0773508000000005,88.37097018040998,94.91535028716788
1080p,1920,1080,128,128,11,8,1024,200.0,is,sobel,12576255.0,0.309012,accelergy_plugin,108145350.0,6.0773508000000005,11.629029819590023,5.08464971283211
1080p,1920,1080,128,128,11,8,1024,200.0,os,gaussian,35161545.0,3.0508302,accelergy_plugin,41237040.0,3.355695,85.26689840007916,90.91500270435782
1080p,1920,1080,128,128,11,8,1024,200.0,os,sobel,6075495.0,0.3048648,accelergy_plugin,41237040.0,3.355695,14.733101599920847,9.084997295642184
1080p,1920,1080,128,128,11,8,1024,200.0,ws,gaussian,33408615.0,2.79310488,accelergy_plugin,37753335.0,3.07619652,88.49182462953273,90.7973486687385
1080p,1920,1080,128,128,11,8,1024,200.0,ws,sobel,4344720.0,0.28309164,accelergy_plugin,37753335.0,3.07619652,11.508175370467272,9.202651331261503
1080p,1920,1080,128,128,11,8,1024,800.0,is,gaussian,95431410.0,5.7760248,accelergy_plugin,107906535.0,6.0851688,88.4389532107578,94.91971364869944
1080p,1920,1080,128,128,11,8,1024,800.0,is,sobel,12475125.0,0.30914400000000003,accelergy_plugin,107906535.0,6.0851688,11.561046789242189,5.080286351300559
1080p,1920,1080,128,128,11,8,1024,800.0,os,gaussian,35034345.0,3.0521712,accelergy_plugin,41024280.0,3.357168,85.39904905095227,90.91505697659456
1080p,1920,1080,128,128,11,8,1024,800.0,os,sobel,5989935.0,0.3049968,accelergy_plugin,41024280.0,3.357168,14.600950949047734,9.084943023405442
1080p,1920,1080,128,128,11,8,1024,800.0,ws,gaussian,33270930.0,2.79386988,accelergy_plugin,37471860.0,3.07712052,88.78910734615255,90.79494487918205
1080p,1920,1080,128,128,11,8,1024,800.0,ws,sobel,4200930.0,0.28325064,accelergy_plugin,37471860.0,3.07712052,11.210892653847447,9.205055120817953
1080p,1920,1080,128,128,11,8,4096,50.0,is,gaussian,98573865.0,3.5801733,accelergy_plugin,111554490.0,3.8891522999999997,88.36387042780618,92.05536383854137
1080p,1920,1080,128,128,11,8,4096,50.0,is,sobel,12980625.0,0.30897899999999995,accelergy_plugin,111554490.0,3.8891522999999997,11.636129572193822,7.944636161458629
1080p,1920,1080,128,128,11,8,4096,50.0,os,gaussian,37558215.0,2.90753445,accelergy_plugin,43975935.0,3.212373,85.40629096345536,90.51048710719459
1080p,1920,1080,128,128,11,8,4096,50.0,os,sobel,6417720.0,0.30483855000000004,accelergy_plugin,43975935.0,3.212373,14.593709036544647,9.489512892805415
1080p,1920,1080,128,128,11,8,4096,50.0,ws,gaussian,36428445.0,2.87731413,accelergy_plugin,41410815.0,3.16350477,87.96843288401834,90.95336783702716
1080p,1920,1080,128,128,11,8,4096,50.0,ws,sobel,4982370.0,0.28619064,accelergy_plugin,41410815.0,3.16350477,12.031567115981659,9.046632162972841
1080p,1920,1080,128,128,11,8,4096,200.0,is,gaussian,96182595.0,3.5803068000000002,accelergy_plugin,108758850.0,3.8893188000000003,88.43656861027861,92.05485546723503
1080p,1920,1080,128,128,11,8,4096,200.0,is,sobel,12576255.0,0.309012,accelergy_plugin,108758850.0,3.8893188000000003,11.563431389721387,7.945144532764966
1080p,1920,1080,128,128,11,8,4096,200.0,os,gaussian,35633445.0,2.9075892000000003,accelergy_plugin,41708940.0,3.212454,85.43359049642595,90.50990924694953
1080p,1920,1080,128,128,11,8,4096,200.0,os,sobel,6075495.0,0.3048648,accelergy_plugin,41708940.0,3.212454,14.566409503574054,9.490090753050472
1080p,1920,1080,128,128,11,8,4096,200.0,ws,gaussian,34025880.0,2.87736888,accelergy_plugin,38386200.0,3.16358052,88.6409178298451,90.95292064827862
1080p,1920,1080,128,128,11,8,4096,200.0,ws,sobel,4360320.0,0.28621164,accelergy_plugin,38386200.0,3.16358052,11.359082170154899,9.047079351721383
1080p,1920,1080,128,128,11,8,4096,800.0,is,gaussian,95584725.0,3.5805648,accelergy_plugin,108059850.0,3.8897087999999997,88.45535599022209,92.0522585135422
1080p,1920,1080,128,128,11,8,4096,800.0,is,sobel,12475125.0,0.30914400000000003,accelergy_plugin,108059850.0,3.8897087999999997,11.544644009777913,7.947741486457804
1080p,1920,1080,128,128,11,8,4096,800.0,os,gaussian,35152260.0,2.9077512,accelergy_plugin,41142195.0,3.212748,85.44089589775169,90.50666905714361
1080p,1920,1080,128,128,11,8,4096,800.0,os,sobel,5989935.0,0.3049968,accelergy_plugin,41142195.0,3.212748,14.559104102248313,9.493330942856398
1080p,1920,1080,128,128,11,8,4096,800.0,ws,gaussian,33425175.0,2.87752188,accelergy_plugin,37629945.0,3.16384452,88.82600014429998,90.95016717193171
1080p,1920,1080,128,128,11,8,4096,800.0,ws,sobel,4204770.0,0.28632263999999996,accelergy_plugin,37629945.0,3.16384452,11.173999855700028,9.0498328280683
1080p,1920,1080,128,128,11,16,256,50.0,os,gaussian,27653280.0,3.66373515,accelergy_plugin,32949465.0,4.0249008,83.92633992691535,91.02671921752705
1080p,1920,1080,128,128,11,16,256,50.0,os,sobel,5296185.0,0.36116565,accelergy_plugin,32949465.0,4.0249008,16.073660073084646,8.97328078247295
1080p,1920,1080,128,128,11,16,256,50.0,ws,gaussian,16846485.0,2.64481923,accelergy_plugin,19168080.0,2.88763152,87.8882235466463,91.59129936356977
1080p,1920,1080,128,128,11,16,256,50.0,ws,sobel,2321595.0,0.24281229000000001,accelergy_plugin,19168080.0,2.88763152,12.1117764533537,8.408700636430234
1080p,1920,1080,128,128,11,16,256,200.0,os,gaussian,19619535.0,3.6658374,accelergy_plugin,24734250.0,4.0271688,79.32132569210711,91.02765694847457
1080p,1920,1080,128,128,11,16,256,200.0,os,sobel,5114715.0,0.36133139999999997,accelergy_plugin,24734250.0,4.0271688,20.6786743078929,8.972343051525428
1080p,1920,1080,128,128,11,16,256,200.0,ws,gaussian,16690380.0,2.64525648,accelergy_plugin,18830505.0,2.8881145200000002,88.63479763288346,91.59112153211984
1080p,1920,1080,128,128,11,16,256,200.0,ws,sobel,2140125.0,0.24285804,accelergy_plugin,18830505.0,2.8881145200000002,11.365202367116549,8.408878467880145
1080p,1920,1080,128,128,11,16,256,800.0,os,gaussian,19581975.0,3.6700824,accelergy_plugin,24651285.0,4.0318128,79.43591987192555,91.02809535204611
1080p,1920,1080,128,128,11,16,256,800.0,os,sobel,5069310.0,0.3617304,accelergy_plugin,24651285.0,4.0318128,20.564080128074462,8.971904647953894
1080p,1920,1080,128,128,11,16,256,800.0,ws,gaussian,16651320.0,2.64617148,accelergy_plugin,18746040.0,2.88918852,88.82580000896189,91.58874409482979
1080p,1920,1080,128,128,11,16,256,800.0,ws,sobel,2094720.0,0.24301704,accelergy_plugin,18746040.0,2.88918852,11.174199991038106,8.411255905170217
1080p,1920,1080,128,128,11,16,1024,50.0,os,gaussian,20248185.0,2.69858265,accelergy_plugin,25758705.0,2.98476555,78.60715435810923,90.4118800888733
1080p,1920,1080,128,128,11,16,1024,50.0,os,sobel,5510520.0,0.2861829,accelergy_plugin,25758705.0,2.98476555,21.39284564189077,9.588119911126688
1080p,1920,1080,128,128,11,16,1024,50.0,ws,gaussian,17607390.0,2.66035173,accelergy_plugin,20370885.0,2.9102395199999997,86.43409454228424,91.41349747047624
1080p,1920,1080,128,128,11,16,1024,50.0,ws,sobel,2763495.0,0.24988779,accelergy_plugin,20370885.0,2.9102395199999997,13.565905457715754,8.586502529523758
1080p,1920,1080,128,128,11,16,1024,200.0,os,gaussian,19739145.0,2.6987604,accelergy_plugin,24907440.0,2.9849628,79.24999518216244,90.41186040911464
1080p,1920,1080,128,128,11,16,1024,200.0,os,sobel,5168295.0,0.28620239999999997,accelergy_plugin,24907440.0,2.9849628,20.75000481783756,9.588139590885353
1080p,1920,1080,128,128,11,16,1024,200.0,ws,gaussian,16880670.0,2.6605294799999997,accelergy_plugin,19131300.0,2.91044352,88.23587524109705,91.41319739473933
1080p,1920,1080,128,128,11,16,1024,200.0,ws,sobel,2250630.0,0.24991403999999998,accelergy_plugin,19131300.0,2.91044352,11.76412475890295,8.586802605260658
1080p,1920,1080,128,128,11,16,1024,800.0,os,gaussian,19611945.0,2.6994984,accelergy_plugin,24694680.0,2.9858328,79.41769239366535,90.41023328566824
1080p,1920,1080,128,128,11,16,1024,800.0,os,sobel,5082735.0,0.2863344,accelergy_plugin,24694680.0,2.9858328,20.582307606334645,9.589766714331759
1080p,1920,1080,128,128,11,16,1024,800.0,ws,gaussian,16698930.0,2.66126748,accelergy_plugin,18821340.0,2.9113405199999995,88.72338526374848,91.41038163409343
1080p,1920,1080,128,128,11,16,1024,800.0,ws,sobel,2122410.0,0.25007303999999997,accelergy_plugin,18821340.0,2.9113405199999995,11.27661473625151,8.589618365906576
1080p,1920,1080,128,128,11,16,4096,50.0,is,gaussian,51586140.0,3.3220101,accelergy_plugin,58263060.0,3.5791491,88.54004578544277,92.81563877850185
1080p,1920,1080,128,128,11,16,4096,50.0,is,sobel,6676920.0,0.257139,accelergy_plugin,58263060.0,3.5791491,11.459954214557216,7.18436122149815
1080p,1920,1080,128,128,11,16,4096,50.0,os,gaussian,22135815.0,2.7822099,accelergy_plugin,27646335.0,3.0683928,80.06781007319776,90.67319868564417
1080p,1920,1080,128,128,11,16,4096,50.0,os,sobel,5510520.0,0.2861829,accelergy_plugin,27646335.0,3.0683928,19.93218992680223,9.326801314355842
1080p,1920,1080,128,128,11,16,4096,50.0,ws,gaussian,19510080.0,2.7447319799999996,accelergy_plugin,22336215.0,2.99775177,87.34729675551564,91.55968174109358
1080p,1920,1080,128,128,11,16,4096,50.0,ws,sobel,2826135.0,0.25301978999999997,accelergy_plugin,22336215.0,2.99775177,12.65270324448435,8.440318258906407
1080p,1920,1080,128,128,11,16,4096,200.0,is,gaussian,49443690.0,3.3221436,accelergy_plugin,55778385.0,3.5793156,88.64310072799707,92.81505101142798
1080p,1920,1080,128,128,11,16,4096,200.0,is,sobel,6334695.0,0.257172,accelergy_plugin,55778385.0,3.5793156,11.356899272002945,7.184948988572006
1080p,1920,1080,128,128,11,16,4096,200.0,os,gaussian,20211045.0,2.7822714,accelergy_plugin,25379340.0,3.0684738,79.63581795271271,90.67280939468996
1080p,1920,1080,128,128,11,16,4096,200.0,os,sobel,5168295.0,0.28620239999999997,accelergy_plugin,25379340.0,3.0684738,20.364182047287283,9.327190605310038
1080p,1920,1080,128,128,11,16,4096,200.0,ws,gaussian,17356335.0,2.7447934800000002,accelergy_plugin,19622565.0,2.9978275200000004,88.4508982388388,91.55941966934775
1080p,1920,1080,128,128,11,16,4096,200.0,ws,sobel,2266230.0,0.25303404,accelergy_plugin,19622565.0,2.9978275200000004,11.549101761161195,8.440580330652244
1080p,1920,1080,128,128,11,16,4096,800.0,is,gaussian,48907965.0,3.3224016,accelergy_plugin,55157100.0,3.5797056,88.67029811211975,92.81214633963195
1080p,1920,1080,128,128,11,16,4096,800.0,is,sobel,6249135.0,0.25730400000000003,accelergy_plugin,55157100.0,3.5797056,11.329701887880255,7.187853660368049
1080p,1920,1080,128,128,11,16,4096,800.0,os,gaussian,19729860.0,2.7824064,accelergy_plugin,24812595.0,3.0687408,79.51550412199934,90.66931948113702
1080p,1920,1080,128,128,11,16,4096,800.0,os,sobel,5082735.0,0.2863344,accelergy_plugin,24812595.0,3.0687408,20.48449587800067,9.330680518862982
1080p,1920,1080,128,128,11,16,4096,800.0,ws,gaussian,16817775.0,2.74491948,accelergy_plugin,18944025.0,2.9980645200000002,88.77614445715733,91.556384517035
1080p,1920,1080,128,128,11,16,4096,800.0,ws,sobel,2126250.0,0.25314504,accelergy_plugin,18944025.0,2.9980645200000002,11.223855542842664,8.443615482964988
1080p,1920,1080,128,128,11,32,256,50.0,os,gaussian,63303615.0,5.5228845,accelergy_plugin,68146200.0,5.8747392,92.89382973665442,94.01071795663712
1080p,1920,1080,128,128,11,32,256,50.0,os,sobel,4842585.0,0.35185469999999996,accelergy_plugin,68146200.0,5.8747392,7.106170263345573,5.989282043362878
1080p,1920,1080,128,128,11,32,256,50.0,ws,gaussian,8528610.0,2.57872728,accelergy_plugin,10856685.0,2.82155982,78.55629964395209,91.39367741634483
1080p,1920,1080,128,128,11,32,256,50.0,ws,sobel,2328075.0,0.24283253999999999,accelergy_plugin,10856685.0,2.82155982,21.44370035604791,8.606322583655164
1080p,1920,1080,128,128,11,32,256,100.0,ws,gaussian,8436750.0,2.57872728,accelergy_plugin,10643805.0,2.82155982,79.26441718915369,91.39367741634483
1080p,1920,1080,128,128,11,32,256,100.0,ws,sobel,2207055.0,0.24283253999999999,accelergy_plugin,10643805.0,2.82155982,20.73558281084631,8.606322583655164
1080p,1920,1080,128,128,11,32,256,200.0,os,gaussian,16067805.0,5.528256,accelergy_plugin,20728920.0,5.8802832,77.51395152280003,94.01343118984474
1080p,1920,1080,128,128,11,32,256,200.0,os,sobel,4661115.0,0.3520272,accelergy_plugin,20728920.0,5.8802832,22.48604847719997,5.986568810155266
1080p,1920,1080,128,128,11,32,256,200.0,ws,gaussian,8390955.0,2.5791712799999997,accelergy_plugin,10537560.0,2.8220563199999997,79.62901278853927,91.39333122876867
1080p,1920,1080,128,128,11,32,256,200.0,ws,sobel,2146605.0,0.24288504000000002,accelergy_plugin,10537560.0,2.8220563199999997,20.37098721146072,8.606668771231329
1080p,1920,1080,128,128,11,32,256,800.0,os,gaussian,11870775.0,5.538972,accelergy_plugin,16486485.0,5.8913712,72.00306796748973,94.01838403935572
1080p,1920,1080,128,128,11,32,256,800.0,os,sobel,4615710.0,0.3523992,accelergy_plugin,16486485.0,5.8913712,27.996932032510262,5.981615960644273
1080p,1920,1080,128,128,11,32,256,800.0,ws,gaussian,8356500.0,2.5800322799999997,accelergy_plugin,10457700.0,2.8230493199999995,79.90762787228549,91.39168280630678
1080p,1920,1080,128,128,11,32,256,800.0,ws,sobel,2101200.0,0.24301704,accelergy_plugin,10457700.0,2.8230493199999995,20.092372127714505,8.608317193693239
1080p,1920,1080,128,128,11,32,512,50.0,ws,gaussian,8828880.0,2.57961078,accelergy_plugin,11315985.0,2.82951132,78.02131232941719,91.16806714171408
1080p,1920,1080,128,128,11,32,512,50.0,ws,sobel,2487105.0,0.24990054,accelergy_plugin,11315985.0,2.82951132,21.978687670582808,8.831932858285931
1080p,1920,1080,128,128,11,32,512,100.0,ws,gaussian,8586945.0,2.57961078,accelergy_plugin,10873515.0,2.82951132,78.97119744627197,91.16806714171408
1080p,1920,1080,128,128,11,32,512,100.0,ws,sobel,2286570.0,0.24990054,accelergy_plugin,10873515.0,2.82951132,21.028802553728028,8.831932858285931
1080p,1920,1080,128,128,11,32,1024,50.0,os,gaussian,17014620.0,2.8768905,accelergy_plugin,22071540.0,3.15376245,77.08850401920301,91.22090029323547
1080p,1920,1080,128,128,11,32,1024,50.0,os,sobel,5056920.0,0.27687195000000003,accelergy_plugin,22071540.0,3.15376245,22.91149598079699,8.779099706764535
1080p,1920,1080,128,128,11,32,1024,50.0,ws,gaussian,9148155.0,2.59425978,accelergy_plugin,11952540.0,2.84588832,76.5373301407065,91.15817236285646
1080p,1920,1080,128,128,11,32,1024,50.0,ws,sobel,2804385.0,0.25162854,accelergy_plugin,11952540.0,2.84588832,23.462669859293506,8.841827637143542
1080p,1920,1080,128,128,11,32,1024,100.0,ws,gaussian,8746650.0,2.5943167799999998,accelergy_plugin,11191920.0,2.8459513199999997,78.15146998906354,91.15815726602098
1080p,1920,1080,128,128,11,32,1024,100.0,ws,sobel,2445270.0,0.25163453999999996,accelergy_plugin,11191920.0,2.8459513199999997,21.84853001093646,8.84184273397902
1080p,1920,1080,128,128,11,32,1024,200.0,os,gaussian,12106545.0,2.8772279999999997,accelergy_plugin,16821240.0,3.1541261999999994,71.97177497021623,91.22108050083729
1080p,1920,1080,128,128,11,32,1024,200.0,os,sobel,4714695.0,0.2768982,accelergy_plugin,16821240.0,3.1541261999999994,28.02822502978377,8.778919499162717
1080p,1920,1080,128,128,11,32,1024,200.0,ws,gaussian,8545845.0,2.59444428,accelergy_plugin,10811550.0,2.84610432,79.04366163963539,91.1577366215445
1080p,1920,1080,128,128,11,32,1024,200.0,ws,sobel,2265705.0,0.25166004000000003,accelergy_plugin,10811550.0,2.84610432,20.956338360364608,8.842263378455502
1080p,1920,1080,128,128,11,32,1024,800.0,os,gaussian,11900745.0,2.878524,accelergy_plugin,16529880.0,3.1555272,71.99535023847723,91.22165069595978
1080p,1920,1080,128,128,11,32,1024,800.0,os,sobel,4629135.0,0.2770032,accelergy_plugin,16529880.0,3.1555272,28.00464976152277,8.778349304040226
1080p,1920,1080,128,128,11,32,1024,800.0,ws,gaussian,8395230.0,2.59512828,accelergy_plugin,10526265.0,2.84691732,79.75506981821188,91.15573050783223
1080p,1920,1080,128,128,11,32,1024,800.0,ws,sobel,2131035.0,0.25178904,accelergy_plugin,10526265.0,2.84691732,20.244930181788128,8.84426949216776
1080p,1920,1080,128,128,11,32,2048,50.0,ws,gaussian,9785490.0,2.6225857799999996,accelergy_plugin,13156395.0,2.9025403199999995,74.37820162742149,90.3548440629414
1080p,1920,1080,128,128,11,32,2048,50.0,ws,sobel,3370905.0,0.27995454000000003,accelergy_plugin,13156395.0,2.9025403199999995,25.621798372578507,9.645155937058615
1080p,1920,1080,128,128,11,32,2048,100.0,ws,gaussian,9065250.0,2.6225857799999996,accelergy_plugin,11793720.0,2.9025403199999995,76.86506038807094,90.3548440629414
1080p,1920,1080,128,128,11,32,2048,100.0,ws,sobel,2728470.0,0.27995454000000003,accelergy_plugin,11793720.0,2.9025403199999995,23.134939611929063,9.645155937058615
1080p,1920,1080,128,128,11,32,4096,50.0,is,gaussian,27314625.0,3.1929285,accelergy_plugin,33991545.0,3.44074305,80.35711527675485,92.79764439253898
1080p,1920,1080,128,128,11,32,4096,50.0,is,sobel,6676920.0,0.24781455,accelergy_plugin,33991545.0,3.44074305,19.64288472324515,7.20235560746101
1080p,1920,1080,128,128,11,32,4096,50.0,os,gaussian,14424615.0,2.71974675,accelergy_plugin,19481535.0,2.9966187,74.04249716462282,90.76052118342585
1080p,1920,1080,128,128,11,32,4096,50.0,os,sobel,5056920.0,0.27687195000000003,accelergy_plugin,19481535.0,2.9966187,25.957502835377195,9.239478816574161
1080p,1920,1080,128,128,11,32,4096,50.0,ws,gaussian,11050845.0,2.67864003,accelergy_plugin,14547030.0,2.96485857,75.96633127174412,90.34630039705401
1080p,1920,1080,128,128,11,32,4096,50.0,ws,sobel,3496185.0,0.28621854,accelergy_plugin,14547030.0,2.96485857,24.033668728255872,9.653699602945984
1080p,1920,1080,128,128,11,32,4096,100.0,ws,gaussian,9697995.0,2.67865878,accelergy_plugin,12489105.0,2.9648773200000003,77.65164117044417,90.34636144742744
1080p,1920,1080,128,128,11,32,4096,100.0,ws,sobel,2791110.0,0.28621854,accelergy_plugin,12489105.0,2.9648773200000003,22.348358829555842,9.653638552572556
1080p,1920,1080,128,128,11,32,4096,200.0,is,gaussian,25296585.0,3.1930620000000003,accelergy_plugin,31631280.0,3.4409028000000004,79.97332071291456,92.7972158934568
1080p,1920,1080,128,128,11,32,4096,200.0,is,sobel,6334695.0,0.2478408,accelergy_plugin,31631280.0,3.4409028000000004,20.026679287085443,7.2027841065432
1080p,1920,1080,128,128,11,32,4096,200.0,os,gaussian,12499845.0,2.7198149999999996,accelergy_plugin,17214540.0,2.9967131999999994,72.6121348580909,90.7599365865242
1080p,1920,1080,128,128,11,32,4096,200.0,os,sobel,4714695.0,0.2768982,accelergy_plugin,17214540.0,2.9967131999999994,27.387865141909106,9.240063413475804
1080p,1920,1080,128,128,11,32,4096,200.0,ws,gaussian,9021510.0,2.67870828,accelergy_plugin,11460135.0,2.96495232,78.72080040941925,90.34574559364246
1080p,1920,1080,128,128,11,32,4096,200.0,ws,sobel,2438625.0,0.28624404,accelergy_plugin,11460135.0,2.96495232,21.27919959058074,9.654254406357534
1080p,1920,1080,128,128,11,32,4096,800.0,is,gaussian,24791985.0,3.19332,accelergy_plugin,31041120.0,3.4412928,79.8682038534692,92.79419641362688
1080p,1920,1080,128,128,11,32,4096,800.0,is,sobel,6249135.0,0.24797280000000002,accelergy_plugin,31041120.0,3.4412928,20.131796146530796,7.205803586373122
1080p,1920,1080,128,128,11,32,4096,800.0,os,gaussian,12018660.0,2.7198960000000003,accelergy_plugin,16647795.0,2.9968992000000005,72.19370493209462,90.7570064418583
1080p,1920,1080,128,128,11,32,4096,800.0,os,sobel,4629135.0,0.2770032,accelergy_plugin,16647795.0,2.9968992000000005,27.80629506790539,9.242993558141693
1080p,1920,1080,128,128,11,32,4096,800.0,ws,gaussian,8514075.0,2.67878028,accelergy_plugin,10688310.0,2.96512932,79.65782242468642,90.34278073241
1080p,1920,1080,128,128,11,32,4096,800.0,ws,sobel,2174235.0,0.28634904,accelergy_plugin,10688310.0,2.96512932,20.342177575313592,9.657219267589987
1080p,1920,1080,128,128,11,48,256,50.0,ws,gaussian,6561615.0,2.56240173,accelergy_plugin,8896170.0,2.80525452,73.75775193144915,91.34293204881814
1080p,1920,1080,128,128,11,48,256,50.0,ws,sobel,2334555.0,0.24285279,accelergy_plugin,8896170.0,2.80525452,26.24224806855085,8.657067951181842
1080p,1920,1080,128,128,11,48,256,100.0,ws,gaussian,6419835.0,2.56240848,accelergy_plugin,8633370.0,2.80526802,74.36070734834716,91.34273309115042
1080p,1920,1080,128,128,11,48,256,100.0,ws,sobel,2213535.0,0.24285953999999998,accelergy_plugin,8633370.0,2.80526802,25.639292651652827,8.657266908849586
1080p,1920,1080,128,128,11,48,512,50.0,ws,gaussian,6720645.0,2.56328523,accelergy_plugin,9214230.0,2.81320602,72.93767357663093,91.11615757170888
1080p,1920,1080,128,128,11,48,512,50.0,ws,sobel,2493585.0,0.24992079,accelergy_plugin,9214230.0,2.81320602,27.062326423369072,8.883842428291121
1080p,1920,1080,128,128,11,48,512,100.0,ws,gaussian,6499350.0,2.5632919800000002,accelergy_plugin,8792400.0,2.81321952,73.92009007779446,91.11596026462948
1080p,1920,1080,128,128,11,48,512,100.0,ws,sobel,2293050.0,0.24992754,accelergy_plugin,8792400.0,2.81321952,26.07990992220554,8.884039735370527
1080p,1920,1080,128,128,11,48,1024,50.0,ws,gaussian,7039920.0,2.57793423,accelergy_plugin,9852780.0,2.82968277,71.45110314043346,91.10329459298366
1080p,1920,1080,128,128,11,48,1024,50.0,ws,sobel,2812860.0,0.25174854,accelergy_plugin,9852780.0,2.82968277,28.548896859566536,8.89670540701635
1080p,1920,1080,128,128,11,48,1024,100.0,ws,gaussian,6659055.0,2.5779979799999997,accelergy_plugin,9111810.0,2.8297600199999997,73.0815831322207,91.10306039308591
1080p,1920,1080,128,128,11,48,1024,100.0,ws,sobel,2452755.0,0.25176204,accelergy_plugin,9111810.0,2.8297600199999997,26.91841686777929,8.896939606914088
1080p,1920,1080,128,128,11,48,2048,50.0,ws,gaussian,7677255.0,2.6062602299999997,accelergy_plugin,11089050.0,2.8879555199999998,69.23275663830536,90.24585773398614
1080p,1920,1080,128,128,11,48,2048,50.0,ws,sobel,3411795.0,0.28169529,accelergy_plugin,11089050.0,2.8879555199999998,30.767243361694646,9.754142266013847
1080p,1920,1080,128,128,11,48,2048,100.0,ws,gaussian,6977655.0,2.60626698,accelergy_plugin,9729810.0,2.88796902,71.71419585788418,90.24566960209289
1080p,1920,1080,128,128,11,48,2048,100.0,ws,sobel,2752155.0,0.28170204,accelergy_plugin,9729810.0,2.88796902,28.28580414211583,9.754330397907108
1080p,1920,1080,128,128,11,48,4096,50.0,ws,gaussian,8950440.0,2.6627059799999997,accelergy_plugin,13116675.0,2.9821232699999998,68.23711039573672,89.28893070204975
1080p,1920,1080,128,128,11,48,4096,50.0,ws,sobel,4166235.0,0.31941729,accelergy_plugin,13116675.0,2.9821232699999998,31.76288960426328,10.71106929795025
1080p,1920,1080,128,128,11,48,4096,100.0,ws,gaussian,7614315.0,2.66273148,accelergy_plugin,10743750.0,2.98216152,70.87204188481675,89.28864054285029
1080p,1920,1080,128,128,11,48,4096,100.0,ws,sobel,3129435.0,0.31943003999999997,accelergy_plugin,10743750.0,2.98216152,29.127958115183244,10.711359457149724
1080p,1920,1080,128,128,11,64,256,50.0,os,gaussian,109471035.0,7.78914105,accelergy_plugin,114086820.0,8.13637065,95.9541470259229,95.73237731002335
1080p,1920,1080,128,128,11,64,256,50.0,os,sobel,4615785.0,0.34722959999999997,accelergy_plugin,114086820.0,8.13637065,4.0458529740771105,4.267622689976642
1080p,1920,1080,128,128,11,64,256,50.0,ws,gaussian,5269695.0,2.5460694299999997,accelergy_plugin,7610730.0,2.78894247,69.24033568396199,91.29157224960613
1080p,1920,1080,128,128,11,64,256,50.0,ws,sobel,2341035.0,0.24287304,accelergy_plugin,7610730.0,2.78894247,30.759664316038016,8.708427750393863
1080p,1920,1080,128,128,11,64,256,100.0,ws,gaussian,4319265.0,2.54607618,accelergy_plugin,6539280.0,2.78894922,66.05107901787352,91.29159332632094
1080p,1920,1080,128,128,11,64,256,100.0,ws,sobel,2220015.0,0.24287304,accelergy_plugin,6539280.0,2.78894922,33.948920982126474,8.708406673679058
1080p,1920,1080,128,128,11,64,256,200.0,os,gaussian,27652770.0,7.7984058,accelergy_plugin,32087085.0,8.1457944,86.18037444037063,95.7353625325972
1080p,1920,1080,128,128,11,64,256,200.0,os,sobel,4434315.0,0.3473886,accelergy_plugin,32087085.0,8.1457944,13.819625559629364,4.264637467402811
1080p,1920,1080,128,128,11,64,256,200.0,ws,gaussian,4258815.0,2.54650668,accelergy_plugin,6418380.0,2.7894187199999996,66.35342563076664,91.29166093787455
1080p,1920,1080,128,128,11,64,256,200.0,ws,sobel,2159565.0,0.24291204,accelergy_plugin,6418380.0,2.7894187199999996,33.646574369233356,8.70833906212546
1080p,1920,1080,128,128,11,64,256,800.0,os,gaussian,8588040.0,7.8169488000000005,accelergy_plugin,12976950.0,8.1646824,66.17918694300279,95.74100273637099
1080p,1920,1080,128,128,11,64,256,800.0,os,sobel,4388910.0,0.3477336,accelergy_plugin,12976950.0,8.1646824,33.82081305699721,4.258997263629017
1080p,1920,1080,128,128,11,64,256,800.0,ws,gaussian,4213410.0,2.54739468,accelergy_plugin,6327570.0,2.79041172,66.58812150636027,91.2909970145911
1080p,1920,1080,128,128,11,64,256,800.0,ws,sobel,2114160.0,0.24301704,accelergy_plugin,6327570.0,2.79041172,33.41187849363974,8.709002985408906
1080p,1920,1080,128,128,11,64,512,50.0,ws,gaussian,5415645.0,2.54695293,accelergy_plugin,7915710.0,2.7968939699999997,68.41641495203842,91.0636211926189
1080p,1920,1080,128,128,11,64,512,50.0,ws,sobel,2500065.0,0.24994104,accelergy_plugin,7915710.0,2.7968939699999997,31.583585047961588,8.936378807381104
1080p,1920,1080,128,128,11,64,512,100.0,ws,gaussian,4398780.0,2.5469596799999996,accelergy_plugin,6698310.0,2.7969007199999996,65.66999735754241,91.06364275954706
1080p,1920,1080,128,128,11,64,512,100.0,ws,sobel,2299530.0,0.24994104,accelergy_plugin,6698310.0,2.7969007199999996,34.33000264245757,8.936357240452928
1080p,1920,1080,128,128,11,64,1024,50.0,os,gaussian,35495100.0,4.0605243,accelergy_plugin,40325220.0,4.33277115,88.02208642631088,93.71656520561903
1080p,1920,1080,128,128,11,64,1024,50.0,os,sobel,4830120.0,0.27224685000000004,accelergy_plugin,40325220.0,4.33277115,11.97791357368912,6.28343479438096
1080p,1920,1080,128,128,11,64,1024,50.0,ws,gaussian,5735610.0,2.56160193,accelergy_plugin,8554950.0,2.81337072,67.04434274893482,91.05099131763197
1080p,1920,1080,128,128,11,64,1024,50.0,ws,sobel,2819340.0,0.25176878999999996,accelergy_plugin,8554950.0,2.81337072,32.955657251065176,8.94900868236803
1080p,1920,1080,128,128,11,64,1024,100.0,ws,gaussian,4558485.0,2.56166568,accelergy_plugin,7017720.0,2.81344122,64.95678083480104,91.05097564469465
1080p,1920,1080,128,128,11,64,1024,100.0,ws,sobel,2459235.0,0.25177554,accelergy_plugin,7017720.0,2.81344122,35.043219165198956,8.949024355305351
1080p,1920,1080,128,128,11,64,1024,200.0,os,gaussian,9342465.0,4.0616268,accelergy_plugin,13830360.0,4.3338864,67.5504108352928,93.71788794464018
1080p,1920,1080,128,128,11,64,1024,200.0,os,sobel,4487895.0,0.27225960000000005,accelergy_plugin,13830360.0,4.3338864,32.44958916470721,6.2821120553598275
1080p,1920,1080,128,128,11,64,1024,200.0,ws,gaussian,4378425.0,2.56177968,accelergy_plugin,6657600.0,2.81356872,65.76581651045423,91.05090136202537
1080p,1920,1080,128,128,11,64,1024,200.0,ws,sobel,2279175.0,0.25178904,accelergy_plugin,6657600.0,2.81356872,34.234183489545785,8.949098637974622
1080p,1920,1080,128,128,11,64,1024,800.0,is,gaussian,12421680.0,5.8073112,accelergy_plugin,18670815.0,6.0506184,66.52992919698471,95.97880441443803
1080p,1920,1080,128,128,11,64,1024,800.0,is,sobel,6249135.0,0.2433072,accelergy_plugin,18670815.0,6.0506184,33.4700708030153,4.021195585561966
1080p,1920,1080,128,128,11,64,1024,800.0,os,gaussian,8045145.0,4.0660368,accelergy_plugin,12447480.0,4.3383744,64.63272083988085,93.72258881114549
1080p,1920,1080,128,128,11,64,1024,800.0,os,sobel,4402335.0,0.27233759999999996,accelergy_plugin,12447480.0,4.3383744,35.36727916011916,6.277411188854515
1080p,1920,1080,128,128,11,64,1024,800.0,ws,gaussian,4243380.0,2.5624906800000002,accelergy_plugin,6387510.0,2.81438772,66.43245959693213,91.04966816725593
1080p,1920,1080,128,128,11,64,1024,800.0,ws,sobel,2144130.0,0.25189704,accelergy_plugin,6387510.0,2.81438772,33.567540403067866,8.950331832744068
1080p,1920,1080,128,128,11,64,2048,50.0,ws,gaussian,6383355.0,2.58992793,accelergy_plugin,9836040.0,2.8733639699999998,64.8976112337892,90.13574183572713
1080p,1920,1080,128,128,11,64,2048,50.0,ws,sobel,3452685.0,0.28343604,accelergy_plugin,9836040.0,2.8733639699999998,35.102388766210794,9.864258164272869
1080p,1920,1080,128,128,11,64,2048,100.0,ws,gaussian,4877085.0,2.5899346800000003,accelergy_plugin,7652925.0,2.8733707200000005,63.728378365134894,90.13576500842187
1080p,1920,1080,128,128,11,64,2048,100.0,ws,sobel,2775840.0,0.28343604,accelergy_plugin,7652925.0,2.8733707200000005,36.271621634865106,9.864234991578112
1080p,1920,1080,128,128,11,64,4096,50.0,is,gaussian,20334720.0,3.1283877,accelergy_plugin,27011640.0,3.3715434,75.2813231629031,92.78800029683735
1080p,1920,1080,128,128,11,64,4096,50.0,is,sobel,6676920.0,0.2431557,accelergy_plugin,27011640.0,3.3715434,24.718676837096893,7.211999703162652
1080p,1920,1080,128,128,11,64,4096,50.0,os,gaussian,19628535.0,3.1418553,accelergy_plugin,24458655.0,3.41410215,80.25189856106152,92.02581416610514
1080p,1920,1080,128,128,11,64,4096,50.0,os,sobel,4830120.0,0.27224685000000004,accelergy_plugin,24458655.0,3.41410215,19.748101438938487,7.974185833894866
1080p,1920,1080,128,128,11,64,4096,50.0,ws,gaussian,7788960.0,2.64598218,accelergy_plugin,12373365.0,2.98600422,62.949407861159834,88.61280778765945
1080p,1920,1080,128,128,11,64,4096,50.0,ws,sobel,4584405.0,0.34002203999999997,accelergy_plugin,12373365.0,2.98600422,37.05059213884016,11.387192212340544
1080p,1920,1080,128,128,11,64,4096,100.0,ws,gaussian,5509830.0,2.6460076800000003,accelergy_plugin,8851590.0,2.9860357200000003,62.24678278139859,88.61272697702357
1080p,1920,1080,128,128,11,64,4096,100.0,ws,sobel,3341760.0,0.34002804,accelergy_plugin,8851590.0,2.9860357200000003,37.75321721860141,11.387273022976428
1080p,1920,1080,128,128,11,64,4096,200.0,is,gaussian,13028625.0,3.1285212,accelergy_plugin,19363320.0,3.3716964,67.28507817874207,92.78774921727828
1080p,1920,1080,128,128,11,64,4096,200.0,is,sobel,6334695.0,0.24317519999999998,accelergy_plugin,19363320.0,3.3716964,32.714921821257924,7.212250782721719
1080p,1920,1080,128,128,11,64,4096,200.0,os,gaussian,8644245.0,3.1419888,accelergy_plugin,13132140.0,3.4142484,65.82510542836125,92.0257823068761
1080p,1920,1080,128,128,11,64,4096,200.0,os,sobel,4487895.0,0.27225960000000005,accelergy_plugin,13132140.0,3.4142484,34.174894571638745,7.9742176931239115
1080p,1920,1080,128,128,11,64,4096,200.0,ws,gaussian,4854090.0,2.64604368,accelergy_plugin,7574520.0,2.98608372,64.08445683686888,88.61250815834461
1080p,1920,1080,128,128,11,64,4096,200.0,ws,sobel,2720430.0,0.34004004,accelergy_plugin,7574520.0,2.98608372,35.91554316313113,11.387491841655399
1080p,1920,1080,128,128,11,64,4096,800.0,is,gaussian,12539595.0,3.1287792000000003,accelergy_plugin,18788730.0,3.3720864,66.739981893401,92.78466886257719
1080p,1920,1080,128,128,11,64,4096,800.0,is,sobel,6249135.0,0.2433072,accelergy_plugin,18788730.0,3.3720864,33.26001810659901,7.2153311374228135
1080p,1920,1080,128,128,11,64,4096,800.0,os,gaussian,8163060.0,3.1421928,accelergy_plugin,12565395.0,3.4145304000000003,64.9646111403581,92.02415652823007
1080p,1920,1080,128,128,11,64,4096,800.0,os,sobel,4402335.0,0.27233759999999996,accelergy_plugin,12565395.0,3.4145304000000003,35.0353888596419,7.975843471769937
1080p,1920,1080,128,128,11,64,4096,800.0,ws,gaussian,4362225.0,2.64614268,accelergy_plugin,6616605.0,2.98623972,65.92844819964317,88.61119428148254
1080p,1920,1080,128,128,11,64,4096,800.0,ws,sobel,2254380.0,0.34009703999999996,accelergy_plugin,6616605.0,2.98623972,34.07155180035683,11.388805718517467
1080p,1920,1080,128,128,11,96,256,50.0,ws,gaussian,6327795.0,2.54659593,accelergy_plugin,8681790.0,2.78950947,72.88583345139654,91.29189046990402
1080p,1920,1080,128,128,11,96,256,50.0,ws,sobel,2353995.0,0.24291354,accelergy_plugin,8681790.0,2.78950947,27.114166548603457,8.708109530095985
1080p,1920,1080,128,128,11,96,256,100.0,ws,gaussian,4345185.0,2.54660268,accelergy_plugin,6578160.0,2.78951622,66.05471742858185,91.29191154156472
1080p,1920,1080,128,128,11,96,256,100.0,ws,sobel,2232975.0,0.24291354,accelergy_plugin,6578160.0,2.78951622,33.94528257141815,8.708088458435277
1080p,1920,1080,128,128,11,96,512,50.0,ws,gaussian,6586185.0,2.54747943,accelergy_plugin,9099210.0,2.79746097,72.38194304780305,91.06398471039259
1080p,1920,1080,128,128,11,96,512,50.0,ws,sobel,2513025.0,0.24998154,accelergy_plugin,9099210.0,2.79746097,27.61805695219695,8.936015289607418
1080p,1920,1080,128,128,11,96,512,100.0,ws,gaussian,4424700.0,2.54748618,accelergy_plugin,6737190.0,2.7974677199999998,65.67574908826974,91.06400627207238
1080p,1920,1080,128,128,11,96,512,100.0,ws,sobel,2312490.0,0.24998154,accelergy_plugin,6737190.0,2.7974677199999998,34.32425091173027,8.93599372792763
1080p,1920,1080,128,128,11,96,1024,50.0,ws,gaussian,6680280.0,2.56212843,accelergy_plugin,9512580.0,2.81393772,70.2257431737762,91.05135525174309
1080p,1920,1080,128,128,11,96,1024,50.0,ws,sobel,2832300.0,0.25180929,accelergy_plugin,9512580.0,2.81393772,29.774256826223798,8.948644748256902
1080p,1920,1080,128,128,11,96,1024,100.0,ws,gaussian,4584405.0,2.5621921800000003,accelergy_plugin,7056600.0,2.8140082200000003,64.96620185358388,91.05133957284602
1080p,1920,1080,128,128,11,96,1024,100.0,ws,sobel,2472195.0,0.25181604,accelergy_plugin,7056600.0,2.8140082200000003,35.033798146416125,8.948660427153976
1080p,1920,1080,128,128,11,96,2048,50.0,ws,gaussian,7850445.0,2.59045443,accelergy_plugin,11320080.0,2.87413047,69.34973074395234,90.13002217675943
1080p,1920,1080,128,128,11,96,2048,50.0,ws,sobel,3469635.0,0.28367603999999996,accelergy_plugin,11320080.0,2.87413047,30.650269256047665,9.869977823240571
1080p,1920,1080,128,128,11,96,2048,100.0,ws,gaussian,4903005.0,2.59046118,accelergy_plugin,7693800.0,2.87413722,63.72670201980816,90.13004535670707
1080p,1920,1080,128,128,11,96,2048,100.0,ws,sobel,2790795.0,0.28367603999999996,accelergy_plugin,7693800.0,2.87413722,36.27329798019184,9.869954643292916
1080p,1920,1080,128,128,11,96,4096,50.0,ws,gaussian,8990790.0,2.64690018,accelergy_plugin,13656960.0,2.99040297,65.83302579783495,88.51316048552479
1080p,1920,1080,128,128,11,96,4096,50.0,ws,sobel,4666170.0,0.34350279,accelergy_plugin,13656960.0,2.99040297,34.16697420216505,11.486839514475202
1080p,1920,1080,128,128,11,96,4096,100.0,ws,gaussian,5539665.0,2.6469256800000003,accelergy_plugin,8928795.0,2.99043522,62.042694450930945,88.51305864435345
1080p,1920,1080,128,128,11,96,4096,100.0,ws,sobel,3389130.0,0.34350954,accelergy_plugin,8928795.0,2.99043522,37.957305549069055,11.486941355646554
1080p,1920,1080,128,128,11,128,256,50.0,ws,gaussian,5249760.0,2.53023663,accelergy_plugin,7616715.0,2.77319067,68.92420157508847,91.23918731487728
1080p,1920,1080,128,128,11,128,256,50.0,ws,sobel,2366955.0,0.24295403999999998,accelergy_plugin,7616715.0,2.77319067,31.075798424911525,8.76081268512273
1080p,1920,1080,128,128,11,128,256,100.0,ws,gaussian,2640735.0,2.5302433800000004,accelergy_plugin,4886670.0,2.7731974200000002,54.03956068242791,91.23920863881375
1080p,1920,1080,128,128,11,128,256,100.0,ws,sobel,2245935.0,0.24295403999999998,accelergy_plugin,4886670.0,2.7731974200000002,45.96043931757209,8.76079136118625
1080p,1920,1080,128,128,11,128,256,200.0,ws,gaussian,2175105.0,2.5306738799999997,accelergy_plugin,4360590.0,2.7736669199999997,49.88097940874973,91.2392855015194
1080p,1920,1080,128,128,11,128,256,200.0,ws,sobel,2185485.0,0.24299304,accelergy_plugin,4360590.0,2.7736669199999997,50.11902059125026,8.76071449848059
1080p,1920,1080,128,128,11,128,256,800.0,ws,gaussian,2137545.0,2.53156188,accelergy_plugin,4277625.0,2.7746869199999997,49.97036907162269,91.23774872589951
1080p,1920,1080,128,128,11,128,256,800.0,ws,sobel,2140080.0,0.24312504000000001,accelergy_plugin,4277625.0,2.7746869199999997,50.02963092837731,8.762251274100505
1080p,1920,1080,128,128,11,128,512,50.0,ws,gaussian,5300940.0,2.53141038,accelergy_plugin,7826925.0,2.7814324200000002,67.72698090246169,91.01103308488796
1080p,1920,1080,128,128,11,128,512,50.0,ws,sobel,2525985.0,0.25002204,accelergy_plugin,7826925.0,2.7814324200000002,32.27301909753831,8.988966915112034
1080p,1920,1080,128,128,11,128,512,100.0,ws,gaussian,2718030.0,2.53141038,accelergy_plugin,5043480.0,2.7814324200000002,53.89195555449808,91.01103308488796
1080p,1920,1080,128,128,11,128,512,100.0,ws,sobel,2325450.0,0.25002204,accelergy_plugin,5043480.0,2.7814324200000002,46.10804444550192,8.988966915112034
1080p,1920,1080,128,128,11,128,1024,50.0,ws,gaussian,5624745.0,2.54605938,accelergy_plugin,8470005.0,2.79790917,66.40781203789136,90.99864310462944
1080p,1920,1080,128,128,11,128,1024,50.0,ws,sobel,2845260.0,0.25184979,accelergy_plugin,8470005.0,2.79790917,33.59218796210864,9.001356895370554
1080p,1920,1080,128,128,11,128,1024,100.0,ws,gaussian,2878185.0,2.54611638,accelergy_plugin,5363340.0,2.79797292,53.66404143686583,90.99860694863338
1080p,1920,1080,128,128,11,128,1024,100.0,ws,sobel,2485155.0,0.25185654,accelergy_plugin,5363340.0,2.79797292,46.33595856313416,9.00139305136663
1080p,1920,1080,128,128,11,128,1024,200.0,ws,gaussian,2294715.0,2.54624388,accelergy_plugin,4599810.0,2.79811392,49.88716925264304,90.99857807075989
1080p,1920,1080,128,128,11,128,1024,200.0,ws,sobel,2305095.0,0.25187004,accelergy_plugin,4599810.0,2.79811392,50.11283074735695,9.001421929240108
1080p,1920,1080,128,128,11,128,1024,800.0,ws,gaussian,2167515.0,2.5469818799999997,accelergy_plugin,4337565.0,2.79898692,49.97077853588362,90.99656242766578
1080p,1920,1080,128,128,11,128,1024,800.0,ws,sobel,2170050.0,0.25200504,accelergy_plugin,4337565.0,2.79898692,50.02922146411639,9.003437572334208
1080p,1920,1080,128,128,11,128,2048,50.0,ws,gaussian,6261330.0,2.57438538,accelergy_plugin,9743925.0,2.8581019199999997,64.25880741077133,90.07325323094146
1080p,1920,1080,128,128,11,128,2048,50.0,ws,sobel,3482595.0,0.28371654,accelergy_plugin,9743925.0,2.8581019199999997,35.74119258922867,9.926746769058537
1080p,1920,1080,128,128,11,128,2048,100.0,ws,gaussian,3195525.0,2.57438538,accelergy_plugin,5999280.0,2.8581019199999997,53.26514181701805,90.07325323094146
1080p,1920,1080,128,128,11,128,2048,100.0,ws,sobel,2803755.0,0.28371654,accelergy_plugin,5999280.0,2.8581019199999997,46.73485818298196,9.926746769058537
1080p,1920,1080,128,128,11,128,4096,50.0,is,gaussian,17830335.0,3.0961173,accelergy_plugin,24507255.0,3.33696045,72.75533306361729,92.78255905010802
1080p,1920,1080,128,128,11,128,4096,50.0,is,sobel,6676920.0,0.24084315,accelergy_plugin,24507255.0,3.33696045,27.244666936382718,7.21744094989199
1080p,1920,1080,128,128,11,128,4096,50.0,os,gaussian,17700735.0,3.12721995,accelergy_plugin,22417455.0,3.397215,78.95960982189995,92.05245914668339
1080p,1920,1080,128,128,11,128,4096,50.0,os,sobel,4716720.0,0.26999505,accelergy_plugin,22417455.0,3.397215,21.040390178100058,7.947540853316613
1080p,1920,1080,128,128,11,128,4096,50.0,ws,gaussian,7364445.0,2.6304396299999997,accelergy_plugin,12112395.0,2.9774239199999997,60.80089858364097,88.34615764086425
1080p,1920,1080,128,128,11,128,4096,50.0,ws,sobel,4747950.0,0.34698429,accelergy_plugin,12112395.0,2.9774239199999997,39.19910141635903,11.653842359135746
1080p,1920,1080,128,128,11,128,4096,100.0,ws,gaussian,3809100.0,2.6304583800000003,accelergy_plugin,7245600.0,2.97744942,52.571215634316005,88.34603074466334
1080p,1920,1080,128,128,11,128,4096,100.0,ws,sobel,3436500.0,0.34699104000000003,accelergy_plugin,7245600.0,2.97744942,47.428784365684,11.65396925533667
1080p,1920,1080,128,128,11,128,4096,200.0,is,gaussian,6846045.0,3.0962508,accelergy_plugin,13180740.0,3.3371201999999998,51.93976210743858,92.78211794708504
1080p,1920,1080,128,128,11,128,4096,200.0,is,sobel,6334695.0,0.24086939999999998,accelergy_plugin,13180740.0,3.3371201999999998,48.06023789256142,7.217882052914966
1080p,1920,1080,128,128,11,128,4096,200.0,os,gaussian,6716445.0,3.1273602,accelergy_plugin,11090940.0,3.397368,60.55794188770294,92.05244177257218
1080p,1920,1080,128,128,11,128,4096,200.0,os,sobel,4374495.0,0.2700078,accelergy_plugin,11090940.0,3.397368,39.44205811229706,7.947558227427821
1080p,1920,1080,128,128,11,128,4096,200.0,ws,gaussian,2770380.0,2.63050788,accelergy_plugin,5551140.0,2.9775109200000003,49.90650569072299,88.34586843429612
1080p,1920,1080,128,128,11,128,4096,200.0,ws,sobel,2780760.0,0.34700304000000004,accelergy_plugin,5551140.0,2.9775109200000003,50.093494309277006,11.65413156570388
1080p,1920,1080,128,128,11,128,4096,800.0,is,gaussian,6364860.0,3.0965088,accelergy_plugin,12613995.0,3.3374832,50.45871668729851,92.77975691383256
1080p,1920,1080,128,128,11,128,4096,800.0,is,sobel,6249135.0,0.2409744,accelergy_plugin,12613995.0,3.3374832,49.54128331270149,7.220243086167446
1080p,1920,1080,128,128,11,128,4096,800.0,os,gaussian,6235260.0,3.1275912000000003,accelergy_plugin,10524195.0,3.3977040000000005,59.2469067705416,92.0501373868942
1080p,1920,1080,128,128,11,128,4096,800.0,os,sobel,4288935.0,0.2701128,accelergy_plugin,10524195.0,3.3977040000000005,40.7530932294584,7.949862613105791
1080p,1920,1080,128,128,11,128,4096,800.0,ws,gaussian,2286360.0,2.63063388,accelergy_plugin,4575255.0,2.97771492,49.972296626089694,88.34404738785405
1080p,1920,1080,128,128,11,128,4096,800.0,ws,sobel,2288895.0,0.34708103999999995,accelergy_plugin,4575255.0,2.97771492,50.027703373910306,11.65595261214596
720p,1280,720,128,128,3,8,256,50.0,is,gaussian,5406660.0,0.1371556,accelergy_plugin,11021720.0,0.30564559999999996,49.054594019808164,44.8740632942205
720p,1280,720,128,128,3,8,256,50.0,is,sobel,5615060.0,0.16848999999999997,accelergy_plugin,11021720.0,0.30564559999999996,50.945405980191836,55.1259367057795
720p,1280,720,128,128,3,8,256,50.0,os,gaussian,2738610.0,0.1279632,accelergy_plugin,5495670.0,0.279888,49.83214057612629,45.71943062939461
720p,1280,720,128,128,3,8,256,50.0,os,sobel,2757060.0,0.1519248,accelergy_plugin,5495670.0,0.279888,50.16785942387371,54.28056937060538
720p,1280,720,128,128,3,8,256,50.0,ws,gaussian,1953300.0,0.09941852,accelergy_plugin,3884600.0,0.22188136,50.283169438294806,44.80706265726873
720p,1280,720,128,128,3,8,256,50.0,ws,sobel,1931300.0,0.12246284,accelergy_plugin,3884600.0,0.22188136,49.716830561705194,55.19293734273128
720p,1280,720,128,128,3,8,256,200.0,is,gaussian,5326010.0,0.1372316,accelergy_plugin,10876940.0,0.3057976,48.96606950116485,44.87661119642535
720p,1280,720,128,128,3,8,256,200.0,is,sobel,5550930.0,0.168566,accelergy_plugin,10876940.0,0.3057976,51.03393049883515,55.12338880357465
720p,1280,720,128,128,3,8,256,200.0,os,gaussian,2671800.0,0.1280112,accelergy_plugin,5348210.0,0.279984,49.95690146796778,45.72089833704783
720p,1280,720,128,128,3,8,256,200.0,os,sobel,2676410.0,0.1519728,accelergy_plugin,5348210.0,0.279984,50.04309853203222,54.279101662952165
720p,1280,720,128,128,3,8,256,200.0,ws,gaussian,1872650.0,0.09944152,accelergy_plugin,3739820.0,0.22192736000000002,50.07326555823543,44.80813902350751
720p,1280,720,128,128,3,8,256,200.0,ws,sobel,1867170.0,0.12248584000000001,accelergy_plugin,3739820.0,0.22192736000000002,49.92673444176457,55.19186097649249
720p,1280,720,128,128,3,8,256,800.0,is,gaussian,5305830.0,0.1374016,accelergy_plugin,10840720.0,0.3061376,48.94352035658148,44.882301291968055
720p,1280,720,128,128,3,8,256,800.0,is,sobel,5534890.0,0.168736,accelergy_plugin,10840720.0,0.3061376,51.05647964341852,55.11769870803194
720p,1280,720,128,128,3,8,256,800.0,os,gaussian,2655100.0,0.1281312,accelergy_plugin,5311330.0,0.28022400000000003,49.98936236309926,45.72456320657759
720p,1280,720,128,128,3,8,256,800.0,os,sobel,2656230.0,0.1520928,accelergy_plugin,5311330.0,0.28022400000000003,50.01063763690073,54.27543679342241
720p,1280,720,128,128,3,8,256,800.0,ws,gaussian,1852470.0,0.09951152,accelergy_plugin,3703600.0,0.22206736,50.018090506534186,44.811412176917855
720p,1280,720,128,128,3,8,256,800.0,ws,sobel,1851130.0,0.12255584,accelergy_plugin,3703600.0,0.22206736,49.981909493465814,55.188587823082145
720p,1280,720,128,128,3,8,1024,50.0,is,gaussian,5501920.0,0.10598959999999999,accelergy_plugin,11271090.0,0.2433136,48.814444743143746,43.560902473186864
720p,1280,720,128,128,3,8,1024,50.0,is,sobel,5769170.0,0.137324,accelergy_plugin,11271090.0,0.2433136,51.18555525685626,56.43909752681313
720p,1280,720,128,128,3,8,1024,50.0,os,gaussian,2833870.0,0.11152219999999999,accelergy_plugin,5686190.0,0.24700599999999998,49.837764830229034,45.1495915078986
720p,1280,720,128,128,3,8,1024,50.0,os,sobel,2852320.0,0.1354838,accelergy_plugin,5686190.0,0.24700599999999998,50.16223516977097,54.85040849210141
720p,1280,720,128,128,3,8,1024,50.0,ws,gaussian,2151440.0,0.10284652,accelergy_plugin,4339730.0,0.22873736,49.57543441642683,44.96271181935474
720p,1280,720,128,128,3,8,1024,50.0,ws,sobel,2188290.0,0.12589084,accelergy_plugin,4339730.0,0.22873736,50.42456558357317,55.03728818064526
720p,1280,720,128,128,3,8,1024,200.0,is,gaussian,5349820.0,0.10600359999999999,accelergy_plugin,10939260.0,0.2433416,48.90477052378314,43.56164338526581
720p,1280,720,128,128,3,8,1024,200.0,is,sobel,5589440.0,0.13733800000000002,accelergy_plugin,10939260.0,0.2433416,51.09522947621685,56.4383566147342
720p,1280,720,128,128,3,8,1024,200.0,os,gaussian,2695610.0,0.1115332,accelergy_plugin,5395830.0,0.247028,49.95728182689225,45.150023479119774
720p,1280,720,128,128,3,8,1024,200.0,os,sobel,2700220.0,0.1354948,accelergy_plugin,5395830.0,0.247028,50.042718173107744,54.849976520880226
720p,1280,720,128,128,3,8,1024,200.0,ws,gaussian,1922200.0,0.10286152000000001,accelergy_plugin,3853620.0,0.22876736,49.880372221443736,44.96337239718114
720p,1280,720,128,128,3,8,1024,200.0,ws,sobel,1931420.0,0.12590584,accelergy_plugin,3853620.0,0.22876736,50.119627778556264,55.036627602818854
720p,1280,720,128,128,3,8,1024,800.0,is,gaussian,5311800.0,0.10606560000000001,accelergy_plugin,10856310.0,0.2434656,48.928226994254956,43.564922518828126
720p,1280,720,128,128,3,8,1024,800.0,is,sobel,5544510.0,0.1374,accelergy_plugin,10856310.0,0.2434656,51.071773005745044,56.43507748117188
720p,1280,720,128,128,3,8,1024,800.0,os,gaussian,2661070.0,0.1115952,accelergy_plugin,5323270.0,0.247152,49.98938622312977,45.15245678772577
720p,1280,720,128,128,3,8,1024,800.0,os,sobel,2662200.0,0.1355568,accelergy_plugin,5323270.0,0.247152,50.01061377687023,54.84754321227423
720p,1280,720,128,128,3,8,1024,800.0,ws,gaussian,1864880.0,0.10292752,accelergy_plugin,3732070.0,0.22889936,49.96905202742714,44.96627688255659
720p,1280,720,128,128,3,8,1024,800.0,ws,sobel,1867190.0,0.12597184,accelergy_plugin,3732070.0,0.22889936,50.03094797257286,55.0337231174434
720p,1280,720,128,128,3,8,4096,50.0,is,gaussian,5501920.0,0.10598959999999999,accelergy_plugin,11271090.0,0.2433136,48.814444743143746,43.560902473186864
720p,1280,720,128,128,3,8,4096,50.0,is,sobel,5769170.0,0.137324,accelergy_plugin,11271090.0,0.2433136,51.18555525685626,56.43909752681313
720p,1280,720,128,128,3,8,4096,50.0,os,gaussian,2833870.0,0.11152219999999999,accelergy_plugin,5686190.0,0.24700599999999998,49.837764830229034,45.1495915078986
720p,1280,720,128,128,3,8,4096,50.0,os,sobel,2852320.0,0.1354838,accelergy_plugin,5686190.0,0.24700599999999998,50.16223516977097,54.85040849210141
720p,1280,720,128,128,3,8,4096,50.0,ws,gaussian,2177540.0,0.10415152,accelergy_plugin,4391930.0,0.23134736,49.580480563214806,45.019541178252474
720p,1280,720,128,128,3,8,4096,50.0,ws,sobel,2214390.0,0.12719584,accelergy_plugin,4391930.0,0.23134736,50.4195194367852,54.980458821747526
720p,1280,720,128,128,3,8,4096,200.0,is,gaussian,5349820.0,0.10600359999999999,accelergy_plugin,10939260.0,0.2433416,48.90477052378314,43.56164338526581
720p,1280,720,128,128,3,8,4096,200.0,is,sobel,5589440.0,0.13733800000000002,accelergy_plugin,10939260.0,0.2433416,51.09522947621685,56.4383566147342
720p,1280,720,128,128,3,8,4096,200.0,os,gaussian,2695610.0,0.1115332,accelergy_plugin,5395830.0,0.247028,49.95728182689225,45.150023479119774
720p,1280,720,128,128,3,8,4096,200.0,os,sobel,2700220.0,0.1354948,accelergy_plugin,5395830.0,0.247028,50.042718173107744,54.849976520880226
720p,1280,720,128,128,3,8,4096,200.0,ws,gaussian,1928700.0,0.10416152000000001,accelergy_plugin,3866620.0,0.23136736000000002,49.88077442313959,45.01997170214502
720p,1280,720,128,128,3,8,4096,200.0,ws,sobel,1937920.0,0.12720584000000001,accelergy_plugin,3866620.0,0.23136736000000002,50.119225576860416,54.98002829785498
720p,1280,720,128,128,3,8,4096,800.0,is,gaussian,5311800.0,0.10606560000000001,accelergy_plugin,10856310.0,0.2434656,48.928226994254956,43.564922518828126
720p,1280,720,128,128,3,8,4096,800.0,is,sobel,5544510.0,0.1374,accelergy_plugin,10856310.0,0.2434656,51.071773005745044,56.43507748117188
720p,1280,720,128,128,3,8,4096,800.0,os,gaussian,2661070.0,0.1115952,accelergy_plugin,5323270.0,0.247152,49.98938622312977,45.15245678772577
720p,1280,720,128,128,3,8,4096,800.0,os,sobel,2662200.0,0.1355568,accelergy_plugin,5323270.0,0.247152,50.01061377687023,54.84754321227423
720p,1280,720,128,128,3,8,4096,800.0,ws,gaussian,1866480.0,0.10420752,accelergy_plugin,3735270.0,0.23145936,49.96907854050711,45.02195115375762
720p,1280,720,128,128,3,8,4096,800.0,ws,sobel,1868790.0,0.12725184,accelergy_plugin,3735270.0,0.23145936,50.03092145949288,54.97804884624238
720p,1280,720,128,128,3,16,256,50.0,is,gaussian,2796210.0,0.12563560000000001,accelergy_plugin,5668470.0,0.27108560000000004,49.32918406554149,46.34536102249621
720p,1280,720,128,128,3,16,256,50.0,is,sobel,2872260.0,0.14545,accelergy_plugin,5668470.0,0.27108560000000004,50.6708159344585,53.65463897750378
720p,1280,720,128,128,3,16,256,50.0,os,gaussian,2335410.0,0.138544,accelergy_plugin,4689270.0,0.2969024,49.8032742836305,46.66314586881076
720p,1280,720,128,128,3,16,256,50.0,os,sobel,2353860.0,0.15835839999999998,accelergy_plugin,4689270.0,0.2969024,50.19672571636949,53.33685413118923
720p,1280,720,128,128,3,16,256,50.0,ws,gaussian,1013370.0,0.09204872,accelergy_plugin,2045190.0,0.19976896,49.54894166312177,46.07758883061713
720p,1280,720,128,128,3,16,256,50.0,ws,sobel,1031820.0,0.10772024000000001,accelergy_plugin,2045190.0,0.19976896,50.45105833687824,53.922411169382876
720p,1280,720,128,128,3,16,256,200.0,is,gaussian,2729400.0,0.12571159999999998,accelergy_plugin,5521010.0,0.27123759999999997,49.436606707830634,46.34740906128059
720p,1280,720,128,128,3,16,256,200.0,is,sobel,2791610.0,0.145526,accelergy_plugin,5521010.0,0.27123759999999997,50.563393292169366,53.65259093871941
720p,1280,720,128,128,3,16,256,200.0,os,gaussian,2268600.0,0.13861400000000001,accelergy_plugin,4541810.0,0.29704240000000004,49.949249308095226,46.66471857216343
720p,1280,720,128,128,3,16,256,200.0,os,sobel,2273210.0,0.1584284,accelergy_plugin,4541810.0,0.29704240000000004,50.05075069190477,53.335281427836556
720p,1280,720,128,128,3,16,256,200.0,ws,gaussian,946560.0,0.09206871999999999,accelergy_plugin,1897730.0,0.19980895999999998,49.87853909671028,46.078374062904885
720p,1280,720,128,128,3,16,256,200.0,ws,sobel,951170.0,0.10774024,accelergy_plugin,1897730.0,0.19980895999999998,50.121460903289716,53.92162593709512
720p,1280,720,128,128,3,16,256,800.0,is,gaussian,2712700.0,0.1258816,accelergy_plugin,5484130.0,0.27157760000000003,49.46454588056811,46.35198190130556
720p,1280,720,128,128,3,16,256,800.0,is,sobel,2771430.0,0.14569600000000002,accelergy_plugin,5484130.0,0.27157760000000003,50.53545411943189,53.64801809869445
720p,1280,720,128,128,3,16,256,800.0,os,gaussian,2251900.0,0.138784,accelergy_plugin,4504930.0,0.29738240000000005,49.987458184699875,46.668531829724955
720p,1280,720,128,128,3,16,256,800.0,os,sobel,2253030.0,0.15859840000000003,accelergy_plugin,4504930.0,0.29738240000000005,50.012541815300125,53.331468170275045
720p,1280,720,128,128,3,16,256,800.0,ws,gaussian,929860.0,0.09213872000000001,accelergy_plugin,1860850.0,0.19994896,49.969637531235726,46.08111990179894
720p,1280,720,128,128,3,16,256,800.0,ws,sobel,930990.0,0.10781024,accelergy_plugin,1860850.0,0.19994896,50.03036246876428,53.91888009820106
720p,1280,720,128,128,3,16,1024,50.0,is,gaussian,2891470.0,0.0944696,accelergy_plugin,5858990.0,0.20875359999999998,49.35099735619961,45.25411777329828
720p,1280,720,128,128,3,16,1024,50.0,is,sobel,2967520.0,0.114284,accelergy_plugin,5858990.0,0.20875359999999998,50.64900264380038,54.745882226701724
720p,1280,720,128,128,3,16,1024,50.0,os,gaussian,2430670.0,0.107378,accelergy_plugin,4879790.0,0.2345704,49.81095497962003,45.77644920245692
720p,1280,720,128,128,3,16,1024,50.0,os,sobel,2449120.0,0.1271924,accelergy_plugin,4879790.0,0.2345704,50.18904502037997,54.22355079754308
720p,1280,720,128,128,3,16,1024,50.0,ws,gaussian,1211510.0,0.09547672,accelergy_plugin,2441470.0,0.20662496,49.62215386631824,46.20773792285308
720p,1280,720,128,128,3,16,1024,50.0,ws,sobel,1229960.0,0.11114824,accelergy_plugin,2441470.0,0.20662496,50.37784613368176,53.79226207714692
720p,1280,720,128,128,3,16,1024,200.0,is,gaussian,2753210.0,0.0944836,accelergy_plugin,5568630.0,0.2087816,49.44142455146059,45.25475425037455
720p,1280,720,128,128,3,16,1024,200.0,is,sobel,2815420.0,0.114298,accelergy_plugin,5568630.0,0.2087816,50.558575448539415,54.74524574962544
720p,1280,720,128,128,3,16,1024,200.0,os,gaussian,2292410.0,0.107386,accelergy_plugin,4589430.0,0.23458639999999997,49.94977589809628,45.7767372703618
720p,1280,720,128,128,3,16,1024,200.0,os,sobel,2297020.0,0.1272004,accelergy_plugin,4589430.0,0.23458639999999997,50.050224101903716,54.22326272963821
720p,1280,720,128,128,3,16,1024,200.0,ws,gaussian,996110.0,0.09548872,accelergy_plugin,1996830.0,0.20664896,49.88456703875643,46.20817835231302
720p,1280,720,128,128,3,16,1024,200.0,ws,sobel,1000720.0,0.11116024,accelergy_plugin,1996830.0,0.20664896,50.11543296124357,53.79182164768698
720p,1280,720,128,128,3,16,1024,800.0,is,gaussian,2718670.0,0.09454560000000001,accelergy_plugin,5496070.0,0.20890560000000002,49.46570913398119,45.25757088369101
720p,1280,720,128,128,3,16,1024,800.0,is,sobel,2777400.0,0.11436,accelergy_plugin,5496070.0,0.20890560000000002,50.53429086601881,54.74242911630899
720p,1280,720,128,128,3,16,1024,800.0,os,gaussian,2257870.0,0.107448,accelergy_plugin,4516870.0,0.23471039999999999,49.98749133802832,45.778968464967896
720p,1280,720,128,128,3,16,1024,800.0,os,sobel,2259000.0,0.1272624,accelergy_plugin,4516870.0,0.23471039999999999,50.01250866197168,54.221031535032104
720p,1280,720,128,128,3,16,1024,800.0,ws,gaussian,942270.0,0.09555472000000001,accelergy_plugin,1885670.0,0.20678096,49.97003717511548,46.210598886860765
720p,1280,720,128,128,3,16,1024,800.0,ws,sobel,943400.0,0.11122624,accelergy_plugin,1885670.0,0.20678096,50.02996282488452,53.789401113139235
720p,1280,720,128,128,3,16,4096,50.0,is,gaussian,2891470.0,0.0944696,accelergy_plugin,5858990.0,0.20875359999999998,49.35099735619961,45.25411777329828
720p,1280,720,128,128,3,16,4096,50.0,is,sobel,2967520.0,0.114284,accelergy_plugin,5858990.0,0.20875359999999998,50.64900264380038,54.745882226701724
720p,1280,720,128,128,3,16,4096,50.0,os,gaussian,2430670.0,0.107378,accelergy_plugin,4879790.0,0.2345704,49.81095497962003,45.77644920245692
720p,1280,720,128,128,3,16,4096,50.0,os,sobel,2449120.0,0.1271924,accelergy_plugin,4879790.0,0.2345704,50.18904502037997,54.22355079754308
720p,1280,720,128,128,3,16,4096,50.0,ws,gaussian,1237610.0,0.09678172,accelergy_plugin,2493670.0,0.20923496,49.63006332032707,46.255042656351506
720p,1280,720,128,128,3,16,4096,50.0,ws,sobel,1256060.0,0.11245324,accelergy_plugin,2493670.0,0.20923496,50.36993667967293,53.7449573436485
720p,1280,720,128,128,3,16,4096,200.0,is,gaussian,2753210.0,0.0944836,accelergy_plugin,5568630.0,0.2087816,49.44142455146059,45.25475425037455
720p,1280,720,128,128,3,16,4096,200.0,is,sobel,2815420.0,0.114298,accelergy_plugin,5568630.0,0.2087816,50.558575448539415,54.74524574962544
720p,1280,720,128,128,3,16,4096,200.0,os,gaussian,2292410.0,0.107386,accelergy_plugin,4589430.0,0.23458639999999997,49.94977589809628,45.7767372703618
720p,1280,720,128,128,3,16,4096,200.0,os,sobel,2297020.0,0.1272004,accelergy_plugin,4589430.0,0.23458639999999997,50.050224101903716,54.22326272963821
720p,1280,720,128,128,3,16,4096,200.0,ws,gaussian,1002610.0,0.09678872,accelergy_plugin,2009830.0,0.20924895999999998,49.88531368324684,46.25529321627214
720p,1280,720,128,128,3,16,4096,200.0,ws,sobel,1007220.0,0.11246024,accelergy_plugin,2009830.0,0.20924895999999998,50.11468631675315,53.74470678372787
720p,1280,720,128,128,3,16,4096,800.0,is,gaussian,2718670.0,0.09454560000000001,accelergy_plugin,5496070.0,0.20890560000000002,49.46570913398119,45.25757088369101
720p,1280,720,128,128,3,16,4096,800.0,is,sobel,2777400.0,0.11436,accelergy_plugin,5496070.0,0.20890560000000002,50.53429086601881,54.74242911630899
720p,1280,720,128,128,3,16,4096,800.0,os,gaussian,2257870.0,0.107448,accelergy_plugin,4516870.0,0.23471039999999999,49.98749133802832,45.778968464967896
720p,1280,720,128,128,3,16,4096,800.0,os,sobel,2259000.0,0.1272624,accelergy_plugin,4516870.0,0.23471039999999999,50.01250866197168,54.221031535032104
720p,1280,720,128,128,3,16,4096,800.0,ws,gaussian,943870.0,0.09683472,accelergy_plugin,1888870.0,0.20934096000000002,49.97008793617348,46.256938919168036
720p,1280,720,128,128,3,16,4096,800.0,ws,sobel,945000.0,0.11250624000000001,accelergy_plugin,1888870.0,0.20934096000000002,50.02991206382652,53.74306108083196
720p,1280,720,128,128,3,32,256,50.0,is,gaussian,2825010.0,0.123562,accelergy_plugin,5697270.0,0.2648678,49.585327709587226,46.65044222060968
720p,1280,720,128,128,3,32,256,50.0,is,sobel,2872260.0,0.1413058,accelergy_plugin,5697270.0,0.2648678,50.414672290412774,53.34955777939033
720p,1280,720,128,128,3,32,256,50.0,os,gaussian,2133810.0,0.1364794,accelergy_plugin,4286070.0,0.2906996,49.784767864267266,46.9486026124563
720p,1280,720,128,128,3,32,256,50.0,os,sobel,2152260.0,0.1542202,accelergy_plugin,4286070.0,0.2906996,50.215232135732734,53.05139738754371
720p,1280,720,128,128,3,32,256,50.0,ws,gaussian,1016250.0,0.09205772,accelergy_plugin,2050950.0,0.19978696,49.55020843999122,46.07794222405706
720p,1280,720,128,128,3,32,256,50.0,ws,sobel,1034700.0,0.10772924,accelergy_plugin,2050950.0,0.19978696,50.44979156000877,53.92205777594293
720p,1280,720,128,128,3,32,256,200.0,is,gaussian,2758200.0,0.123638,accelergy_plugin,5549810.0,0.26501680000000005,49.69899870446015,46.65289143933516
720p,1280,720,128,128,3,32,256,200.0,is,sobel,2791610.0,0.14137880000000003,accelergy_plugin,5549810.0,0.26501680000000005,50.30100129553985,53.347108560664836
720p,1280,720,128,128,3,32,256,200.0,os,gaussian,2067000.0,0.1365524,accelergy_plugin,4138610.0,0.2908456,49.944304971959184,46.95013436682556
720p,1280,720,128,128,3,32,256,200.0,os,sobel,2071610.0,0.1542932,accelergy_plugin,4138610.0,0.2908456,50.055695028040816,53.04986563317444
720p,1280,720,128,128,3,32,256,200.0,ws,gaussian,949440.0,0.09208072,accelergy_plugin,1903490.0,0.19983296,49.8789066399088,46.07884505138692
720p,1280,720,128,128,3,32,256,200.0,ws,sobel,954050.0,0.10775224,accelergy_plugin,1903490.0,0.19983296,50.121093360091194,53.92115494861308
720p,1280,720,128,128,3,32,256,800.0,is,gaussian,2741500.0,0.123808,accelergy_plugin,5512930.0,0.2653568,49.72854725164296,46.65718006849646
720p,1280,720,128,128,3,32,256,800.0,is,sobel,2771430.0,0.1415488,accelergy_plugin,5512930.0,0.2653568,50.27145274835705,53.34281993150355
720p,1280,720,128,128,3,32,256,800.0,os,gaussian,2050300.0,0.1367104,accelergy_plugin,4101730.0,0.2911616,49.986225324436276,46.9534444102519
720p,1280,720,128,128,3,32,256,800.0,os,sobel,2051430.0,0.1544512,accelergy_plugin,4101730.0,0.2911616,50.013774675563724,53.0465555897481
720p,1280,720,128,128,3,32,256,800.0,ws,gaussian,932740.0,0.09213872000000001,accelergy_plugin,1866610.0,0.19994896,49.96973122398359,46.08111990179894
720p,1280,720,128,128,3,32,256,800.0,ws,sobel,933870.0,0.10781024,accelergy_plugin,1866610.0,0.19994896,50.03026877601642,53.91888009820106
720p,1280,720,128,128,3,32,1024,50.0,is,gaussian,2920270.0,0.09239599999999999,accelergy_plugin,5887790.0,0.2025358,49.598745879183866,45.619589228175954
720p,1280,720,128,128,3,32,1024,50.0,is,sobel,2967520.0,0.11013980000000001,accelergy_plugin,5887790.0,0.2025358,50.401254120816134,54.38041077182405
720p,1280,720,128,128,3,32,1024,50.0,os,gaussian,2229070.0,0.1053134,accelergy_plugin,4476590.0,0.2283676,49.79392796749311,46.11573620776328
720p,1280,720,128,128,3,32,1024,50.0,os,sobel,2247520.0,0.1230542,accelergy_plugin,4476590.0,0.2283676,50.20607203250689,53.88426379223673
720p,1280,720,128,128,3,32,1024,50.0,ws,gaussian,1228830.0,0.09620772,accelergy_plugin,2476110.0,0.20808696,49.627439814870904,46.23438201029032
720p,1280,720,128,128,3,32,1024,50.0,ws,sobel,1247280.0,0.11187923999999999,accelergy_plugin,2476110.0,0.20808696,50.37256018512909,53.76561798970969
720p,1280,720,128,128,3,32,1024,200.0,is,gaussian,2782010.0,0.09241,accelergy_plugin,5597430.0,0.2025608,49.70155946568336,45.620870375709416
720p,1280,720,128,128,3,32,1024,200.0,is,sobel,2815420.0,0.11015080000000001,accelergy_plugin,5597430.0,0.2025608,50.29844053431665,54.37912962429058
720p,1280,720,128,128,3,32,1024,200.0,os,gaussian,2090810.0,0.1053244,accelergy_plugin,4186230.0,0.2283896,49.94493852463911,46.11611036579599
720p,1280,720,128,128,3,32,1024,200.0,os,sobel,2095420.0,0.1230652,accelergy_plugin,4186230.0,0.2283896,50.05506147536089,53.88388963420401
720p,1280,720,128,128,3,32,1024,200.0,ws,gaussian,1002600.0,0.09622272,accelergy_plugin,2009810.0,0.20811696,49.88531254198158,46.23492482304181
720p,1280,720,128,128,3,32,1024,200.0,ws,sobel,1007210.0,0.11189423999999999,accelergy_plugin,2009810.0,0.20811696,50.114687458018416,53.76507517695819
720p,1280,720,128,128,3,32,1024,800.0,is,gaussian,2747470.0,0.092472,accelergy_plugin,5524870.0,0.2026848,49.729133898173174,45.623549471889355
720p,1280,720,128,128,3,32,1024,800.0,is,sobel,2777400.0,0.1102128,accelergy_plugin,5524870.0,0.2026848,50.270866101826826,54.376450528110645
720p,1280,720,128,128,3,32,1024,800.0,os,gaussian,2056270.0,0.10537440000000001,accelergy_plugin,4113670.0,0.22848960000000001,49.98626530567595,46.11781017604302
720p,1280,720,128,128,3,32,1024,800.0,os,sobel,2057400.0,0.1231152,accelergy_plugin,4113670.0,0.22848960000000001,50.01373469432404,53.88218982395697
720p,1280,720,128,128,3,32,1024,800.0,ws,gaussian,946060.0,0.09628272,accelergy_plugin,1893250.0,0.20823696,49.97015713719794,46.23709451002358
720p,1280,720,128,128,3,32,1024,800.0,ws,sobel,947190.0,0.11195424,accelergy_plugin,1893250.0,0.20823696,50.02984286280206,53.76290548997642
720p,1280,720,128,128,3,32,4096,50.0,is,gaussian,2920270.0,0.09239599999999999,accelergy_plugin,5887790.0,0.2025358,49.598745879183866,45.619589228175954
720p,1280,720,128,128,3,32,4096,50.0,is,sobel,2967520.0,0.11013980000000001,accelergy_plugin,5887790.0,0.2025358,50.401254120816134,54.38041077182405
720p,1280,720,128,128,3,32,4096,50.0,os,gaussian,2229070.0,0.1053134,accelergy_plugin,4476590.0,0.2283676,49.79392796749311,46.11573620776328
720p,1280,720,128,128,3,32,4096,50.0,os,sobel,2247520.0,0.1230542,accelergy_plugin,4476590.0,0.2283676,50.20607203250689,53.88426379223673
720p,1280,720,128,128,3,32,4096,50.0,ws,gaussian,1535410.0,0.11153672,accelergy_plugin,3089270.0,0.23874496,49.701385764274406,46.71793699854439
720p,1280,720,128,128,3,32,4096,50.0,ws,sobel,1553860.0,0.12720824,accelergy_plugin,3089270.0,0.23874496,50.298614235725594,53.28206300145561
720p,1280,720,128,128,3,32,4096,200.0,is,gaussian,2782010.0,0.09241,accelergy_plugin,5597430.0,0.2025608,49.70155946568336,45.620870375709416
720p,1280,720,128,128,3,32,4096,200.0,is,sobel,2815420.0,0.11015080000000001,accelergy_plugin,5597430.0,0.2025608,50.29844053431665,54.37912962429058
720p,1280,720,128,128,3,32,4096,200.0,os,gaussian,2090810.0,0.1053244,accelergy_plugin,4186230.0,0.2283896,49.94493852463911,46.11611036579599
720p,1280,720,128,128,3,32,4096,200.0,os,sobel,2095420.0,0.1230652,accelergy_plugin,4186230.0,0.2283896,50.05506147536089,53.88388963420401
720p,1280,720,128,128,3,32,4096,200.0,ws,gaussian,1079230.0,0.11154872,accelergy_plugin,2163070.0,0.23876896000000003,49.893438492512956,46.71826689700369
720p,1280,720,128,128,3,32,4096,200.0,ws,sobel,1083840.0,0.12722024,accelergy_plugin,2163070.0,0.23876896000000003,50.106561507487044,53.2817331029963
720p,1280,720,128,128,3,32,4096,800.0,is,gaussian,2747470.0,0.092472,accelergy_plugin,5524870.0,0.2026848,49.729133898173174,45.623549471889355
720p,1280,720,128,128,3,32,4096,800.0,is,sobel,2777400.0,0.1102128,accelergy_plugin,5524870.0,0.2026848,50.270866101826826,54.376450528110645
720p,1280,720,128,128,3,32,4096,800.0,os,gaussian,2056270.0,0.10537440000000001,accelergy_plugin,4113670.0,0.22848960000000001,49.98626530567595,46.11781017604302
720p,1280,720,128,128,3,32,4096,800.0,os,sobel,2057400.0,0.1231152,accelergy_plugin,4113670.0,0.22848960000000001,50.01373469432404,53.88218982395697
720p,1280,720,128,128,3,32,4096,800.0,ws,gaussian,965200.0,0.11159472,accelergy_plugin,1931530.0,0.23886096,49.97074857755251,46.71953089362112
720p,1280,720,128,128,3,32,4096,800.0,ws,sobel,966330.0,0.12726624,accelergy_plugin,1931530.0,0.23886096,50.02925142244749,53.28046910637887
720p,1280,720,128,128,3,64,256,50.0,is,gaussian,2839410.0,0.12252819999999999,accelergy_plugin,5711670.0,0.2617634,49.712430865228555,46.808759360552315
720p,1280,720,128,128,3,64,256,50.0,is,sobel,2872260.0,0.1392352,accelergy_plugin,5711670.0,0.2617634,50.28756913477144,53.19124063944769
720p,1280,720,128,128,3,64,256,50.0,os,gaussian,2033010.0,0.1354606,accelergy_plugin,4084470.0,0.2876252,49.774144503448426,47.096221054344326
720p,1280,720,128,128,3,64,256,50.0,os,sobel,2051460.0,0.1521646,accelergy_plugin,4084470.0,0.2876252,50.225855496551574,52.90377894565567
720p,1280,720,128,128,3,64,256,50.0,ws,gaussian,1022010.0,0.09207572,accelergy_plugin,2062470.0,0.19982296,49.55272076684752,46.07864881993541
720p,1280,720,128,128,3,64,256,50.0,ws,sobel,1040460.0,0.10774724,accelergy_plugin,2062470.0,0.19982296,50.447279233152486,53.92135118006459
720p,1280,720,128,128,3,64,256,200.0,is,gaussian,2772600.0,0.1226012,accelergy_plugin,5564210.0,0.2619064,49.82917610945669,46.81107449073409
720p,1280,720,128,128,3,64,256,200.0,is,sobel,2791610.0,0.1393052,accelergy_plugin,5564210.0,0.2619064,50.17082389054332,53.18892550926591
720p,1280,720,128,128,3,64,256,200.0,os,gaussian,1966200.0,0.1355276,accelergy_plugin,3937010.0,0.2877592,49.94145303161536,47.09757324874409
720p,1280,720,128,128,3,64,256,200.0,os,sobel,1970810.0,0.1522316,accelergy_plugin,3937010.0,0.2877592,50.05854696838463,52.902426751255916
720p,1280,720,128,128,3,64,256,200.0,ws,gaussian,955200.0,0.09209272,accelergy_plugin,1915010.0,0.19985696,49.87963509328933,46.079315926750816
720p,1280,720,128,128,3,64,256,200.0,ws,sobel,959810.0,0.10776424,accelergy_plugin,1915010.0,0.19985696,50.12036490671067,53.920684073249184
720p,1280,720,128,128,3,64,256,800.0,is,gaussian,2755900.0,0.1227712,accelergy_plugin,5527330.0,0.2622464,49.85951625830193,46.815208902772355
720p,1280,720,128,128,3,64,256,800.0,is,sobel,2771430.0,0.1394752,accelergy_plugin,5527330.0,0.2622464,50.14048374169807,53.184791097227645
720p,1280,720,128,128,3,64,256,800.0,os,gaussian,1949500.0,0.1356736,accelergy_plugin,3900130.0,0.2880512,49.985513303402705,47.100515463917525
720p,1280,720,128,128,3,64,256,800.0,os,sobel,1950630.0,0.1523776,accelergy_plugin,3900130.0,0.2880512,50.014486696597295,52.899484536082475
720p,1280,720,128,128,3,64,256,800.0,ws,gaussian,938500.0,0.09213872000000001,accelergy_plugin,1878130.0,0.19994896,49.969916885412616,46.08111990179894
720p,1280,720,128,128,3,64,256,800.0,ws,sobel,939630.0,0.10781024,accelergy_plugin,1878130.0,0.19994896,50.030083114587384,53.91888009820106
720p,1280,720,128,128,3,64,1024,50.0,is,gaussian,2934670.0,0.0913622,accelergy_plugin,5902190.0,0.1994314,49.72171346567969,45.81134164429473
720p,1280,720,128,128,3,64,1024,50.0,is,sobel,2967520.0,0.1080692,accelergy_plugin,5902190.0,0.1994314,50.278286534320316,54.188658355705265
720p,1280,720,128,128,3,64,1024,50.0,os,gaussian,2128270.0,0.1042946,accelergy_plugin,4274990.0,0.2252932,49.78421002154391,46.29283085330583
720p,1280,720,128,128,3,64,1024,50.0,os,sobel,2146720.0,0.1209986,accelergy_plugin,4274990.0,0.2252932,50.215789978456094,53.70716914669418
720p,1280,720,128,128,3,64,1024,50.0,ws,gaussian,1234590.0,0.09622572,accelergy_plugin,2487630.0,0.20812296,49.62916510895913,46.235033366813546
720p,1280,720,128,128,3,64,1024,50.0,ws,sobel,1253040.0,0.11189724,accelergy_plugin,2487630.0,0.20812296,50.37083489104087,53.76496663318646
720p,1280,720,128,128,3,64,1024,200.0,is,gaussian,2796410.0,0.0913732,accelergy_plugin,5611830.0,0.1994504,49.83062566043519,45.8124927300221
720p,1280,720,128,128,3,64,1024,200.0,is,sobel,2815420.0,0.1080772,accelergy_plugin,5611830.0,0.1994504,50.16937433956481,54.1875072699779
720p,1280,720,128,128,3,64,1024,200.0,os,gaussian,1990010.0,0.1042996,accelergy_plugin,3984630.0,0.2253032,49.942152721833644,46.29299539465041
720p,1280,720,128,128,3,64,1024,200.0,os,sobel,1994620.0,0.1210036,accelergy_plugin,3984630.0,0.2253032,50.057847278166356,53.707004605349596
720p,1280,720,128,128,3,64,1024,200.0,ws,gaussian,1008360.0,0.09623472000000001,accelergy_plugin,2021330.0,0.20814096,49.88596617078854,46.23535896058133
720p,1280,720,128,128,3,64,1024,200.0,ws,sobel,1012970.0,0.11190624,accelergy_plugin,2021330.0,0.20814096,50.11403382921146,53.76464103941867
720p,1280,720,128,128,3,64,1024,800.0,is,gaussian,2761870.0,0.09143520000000001,accelergy_plugin,5539270.0,0.1995744,49.859819073632444,45.815094521140985
720p,1280,720,128,128,3,64,1024,800.0,is,sobel,2777400.0,0.1081392,accelergy_plugin,5539270.0,0.1995744,50.14018092636755,54.184905478859015
720p,1280,720,128,128,3,64,1024,800.0,os,gaussian,1955470.0,0.10433759999999999,accelergy_plugin,3912070.0,0.2253792,49.98555751814257,46.2942454316991
720p,1280,720,128,128,3,64,1024,800.0,os,sobel,1956600.0,0.1210416,accelergy_plugin,3912070.0,0.2253792,50.01444248185744,53.70575456830089
720p,1280,720,128,128,3,64,1024,800.0,ws,gaussian,951820.0,0.09628272,accelergy_plugin,1904770.0,0.20823696,49.97033762606509,46.23709451002358
720p,1280,720,128,128,3,64,1024,800.0,ws,sobel,952950.0,0.11195424,accelergy_plugin,1904770.0,0.20823696,50.02966237393491,53.76290548997642
720p,1280,720,128,128,3,64,4096,50.0,is,gaussian,2934670.0,0.0913622,accelergy_plugin,5902190.0,0.1994314,49.72171346567969,45.81134164429473
720p,1280,720,128,128,3,64,4096,50.0,is,sobel,2967520.0,0.1080692,accelergy_plugin,5902190.0,0.1994314,50.278286534320316,54.188658355705265
720p,1280,720,128,128,3,64,4096,50.0,os,gaussian,2128270.0,0.1042946,accelergy_plugin,4274990.0,0.2252932,49.78421002154391,46.29283085330583
720p,1280,720,128,128,3,64,4096,50.0,os,sobel,2146720.0,0.1209986,accelergy_plugin,4274990.0,0.2252932,50.215789978456094,53.70716914669418
720p,1280,720,128,128,3,64,4096,50.0,ws,gaussian,2026060.0,0.13579922,accelergy_plugin,4070570.0,0.28726996,49.77337326222126,47.272335749968434
720p,1280,720,128,128,3,64,4096,50.0,ws,sobel,2044510.0,0.15147074,accelergy_plugin,4070570.0,0.28726996,50.22662673777874,52.727664250031566
720p,1280,720,128,128,3,64,4096,200.0,is,gaussian,2796410.0,0.0913732,accelergy_plugin,5611830.0,0.1994504,49.83062566043519,45.8124927300221
720p,1280,720,128,128,3,64,4096,200.0,is,sobel,2815420.0,0.1080772,accelergy_plugin,5611830.0,0.1994504,50.16937433956481,54.1875072699779
720p,1280,720,128,128,3,64,4096,200.0,os,gaussian,1990010.0,0.1042996,accelergy_plugin,3984630.0,0.2253032,49.942152721833644,46.29299539465041
720p,1280,720,128,128,3,64,4096,200.0,os,sobel,1994620.0,0.1210036,accelergy_plugin,3984630.0,0.2253032,50.057847278166356,53.707004605349596
720p,1280,720,128,128,3,64,4096,200.0,ws,gaussian,1206220.0,0.13580672,accelergy_plugin,2417050.0,0.28728496,49.904635816387746,47.27247816941061
720p,1280,720,128,128,3,64,4096,200.0,ws,sobel,1210830.0,0.15147824,accelergy_plugin,2417050.0,0.28728496,50.095364183612254,52.72752183058939
720p,1280,720,128,128,3,64,4096,800.0,is,gaussian,2761870.0,0.09143520000000001,accelergy_plugin,5539270.0,0.1995744,49.859819073632444,45.815094521140985
720p,1280,720,128,128,3,64,4096,800.0,is,sobel,2777400.0,0.1081392,accelergy_plugin,5539270.0,0.1995744,50.14018092636755,54.184905478859015
720p,1280,720,128,128,3,64,4096,800.0,os,gaussian,1955470.0,0.10433759999999999,accelergy_plugin,3912070.0,0.2253792,49.98555751814257,46.2942454316991
720p,1280,720,128,128,3,64,4096,800.0,os,sobel,1956600.0,0.1210416,accelergy_plugin,3912070.0,0.2253792,50.01444248185744,53.70575456830089
720p,1280,720,128,128,3,64,4096,800.0,ws,gaussian,1001260.0,0.13583472000000002,accelergy_plugin,2003650.0,0.28734096,49.97180146233124,47.27300973728216
720p,1280,720,128,128,3,64,4096,800.0,ws,sobel,1002390.0,0.15150624,accelergy_plugin,2003650.0,0.28734096,50.02819853766876,52.726990262717855
720p,1280,720,128,128,3,128,256,50.0,is,gaussian,2846610.0,0.1220128,accelergy_plugin,5718870.0,0.2602202,49.775742410651056,46.88828922581721
720p,1280,720,128,128,3,128,256,50.0,is,sobel,2872260.0,0.1382074,accelergy_plugin,5718870.0,0.2602202,50.224257589348944,53.11171077418278
720p,1280,720,128,128,3,128,256,50.0,os,gaussian,1982610.0,0.1349782,accelergy_plugin,3983670.0,0.286142,49.76842961389874,47.171753884435
720p,1280,720,128,128,3,128,256,50.0,os,sobel,2001060.0,0.1511638,accelergy_plugin,3983670.0,0.286142,50.231570386101254,52.828246115564994
720p,1280,720,128,128,3,128,256,50.0,ws,gaussian,1033530.0,0.09211172000000001,accelergy_plugin,2085510.0,0.19989496,49.557662154580896,46.08006124816754
720p,1280,720,128,128,3,128,256,50.0,ws,sobel,1051980.0,0.10778324,accelergy_plugin,2085510.0,0.19989496,50.442337845419104,53.91993875183246
720p,1280,720,128,128,3,128,256,200.0,is,gaussian,2779800.0,0.12208279999999999,accelergy_plugin,5571410.0,0.2603632,49.894012467221046,46.889422161042724
720p,1280,720,128,128,3,128,256,200.0,is,sobel,2791610.0,0.13828040000000003,accelergy_plugin,5571410.0,0.2603632,50.105987532778954,53.110577838957276
720p,1280,720,128,128,3,128,256,200.0,os,gaussian,1915800.0,0.1350452,accelergy_plugin,3836210.0,0.286276,49.939914655349945,47.173077729184435
720p,1280,720,128,128,3,128,256,200.0,os,sobel,1920410.0,0.1512308,accelergy_plugin,3836210.0,0.286276,50.06008534465006,52.82692227081558
720p,1280,720,128,128,3,128,256,200.0,ws,gaussian,966720.0,0.09212872,accelergy_plugin,1938050.0,0.19992896,49.88106601996852,46.08072787454104
720p,1280,720,128,128,3,128,256,200.0,ws,sobel,971330.0,0.10780024,accelergy_plugin,1938050.0,0.19992896,50.11893398003148,53.919272125458974
720p,1280,720,128,128,3,128,256,800.0,is,gaussian,2763100.0,0.12225280000000001,accelergy_plugin,5534530.0,0.2606912,49.92474519064853,46.8956374438416
720p,1280,720,128,128,3,128,256,800.0,is,sobel,2771430.0,0.1384384,accelergy_plugin,5534530.0,0.2606912,50.07525480935148,53.10436255615839
720p,1280,720,128,128,3,128,256,800.0,os,gaussian,1899100.0,0.1352032,accelergy_plugin,3799330.0,0.286592,49.98512895694767,47.17619472979008
720p,1280,720,128,128,3,128,256,800.0,os,sobel,1900230.0,0.15138880000000002,accelergy_plugin,3799330.0,0.286592,50.014871043052324,52.823805270209924
720p,1280,720,128,128,3,128,256,800.0,ws,gaussian,950020.0,0.09218672,accelergy_plugin,1901170.0,0.20004496,49.97028145825991,46.08300054147828
720p,1280,720,128,128,3,128,256,800.0,ws,sobel,951150.0,0.10785824,accelergy_plugin,1901170.0,0.20004496,50.02971854174009,53.91699945852172
720p,1280,720,128,128,3,128,1024,50.0,is,gaussian,2941870.0,0.09084679999999999,accelergy_plugin,5909390.0,0.19788820000000001,49.78297252339074,45.90814409348308
720p,1280,720,128,128,3,128,1024,50.0,is,sobel,2967520.0,0.10704140000000001,accelergy_plugin,5909390.0,0.19788820000000001,50.21702747660927,54.09185590651692
720p,1280,720,128,128,3,128,1024,50.0,os,gaussian,2077870.0,0.10381220000000001,accelergy_plugin,4174190.0,0.22381,49.77899903933458,46.38407577856217
720p,1280,720,128,128,3,128,1024,50.0,os,sobel,2096320.0,0.11999779999999999,accelergy_plugin,4174190.0,0.22381,50.22100096066542,53.615924221437815
720p,1280,720,128,128,3,128,1024,50.0,ws,gaussian,1246110.0,0.09626172,accelergy_plugin,2510670.0,0.20819495999999998,49.63256819892698,46.23633540408471
720p,1280,720,128,128,3,128,1024,50.0,ws,sobel,1264560.0,0.11193324,accelergy_plugin,2510670.0,0.20819495999999998,50.36743180107302,53.763664595915294
720p,1280,720,128,128,3,128,1024,200.0,is,gaussian,2803610.0,0.0908548,accelergy_plugin,5619030.0,0.1979072,49.89491068743182,45.907778999450244
720p,1280,720,128,128,3,128,1024,200.0,is,sobel,2815420.0,0.10705239999999999,accelergy_plugin,5619030.0,0.1979072,50.10508931256818,54.09222100054974
720p,1280,720,128,128,3,128,1024,200.0,os,gaussian,1939610.0,0.1038172,accelergy_plugin,3883830.0,0.22382,49.94065136733585,46.38423733357162
720p,1280,720,128,128,3,128,1024,200.0,os,sobel,1944220.0,0.12000279999999999,accelergy_plugin,3883830.0,0.22382,50.05934863266415,53.61576266642838
720p,1280,720,128,128,3,128,1024,200.0,ws,gaussian,1019880.0,0.09627071999999999,accelergy_plugin,2044370.0,0.20821296,49.88725132926036,46.23666077270118
720p,1280,720,128,128,3,128,1024,200.0,ws,sobel,1024490.0,0.11194224,accelergy_plugin,2044370.0,0.20821296,50.112748670739634,53.76333922729882
720p,1280,720,128,128,3,128,1024,800.0,is,gaussian,2769070.0,0.09091679999999999,accelergy_plugin,5546470.0,0.1980192,49.9249071932238,45.91312357589567
720p,1280,720,128,128,3,128,1024,800.0,is,sobel,2777400.0,0.1071024,accelergy_plugin,5546470.0,0.1980192,50.0750928067762,54.086876424104325
720p,1280,720,128,128,3,128,1024,800.0,os,gaussian,1905070.0,0.10386719999999999,accelergy_plugin,3811270.0,0.22392,49.985175545159485,46.385852090032145
720p,1280,720,128,128,3,128,1024,800.0,os,sobel,1906200.0,0.1200528,accelergy_plugin,3811270.0,0.22392,50.014824454840515,53.61414790996785
720p,1280,720,128,128,3,128,1024,800.0,ws,gaussian,963340.0,0.09633072000000001,accelergy_plugin,1927810.0,0.20833296,49.97069213252343,46.2388284599806
720p,1280,720,128,128,3,128,1024,800.0,ws,sobel,964470.0,0.11200224,accelergy_plugin,1927810.0,0.20833296,50.02930786747657,53.761171540019404
720p,1280,720,128,128,3,128,4096,50.0,is,gaussian,2941870.0,0.09084679999999999,accelergy_plugin,5909390.0,0.19788820000000001,49.78297252339074,45.90814409348308
720p,1280,720,128,128,3,128,4096,50.0,is,sobel,2967520.0,0.10704140000000001,accelergy_plugin,5909390.0,0.19788820000000001,50.21702747660927,54.09185590651692
720p,1280,720,128,128,3,128,4096,50.0,os,gaussian,2077870.0,0.10381220000000001,accelergy_plugin,4174190.0,0.22381,49.77899903933458,46.38407577856217
720p,1280,720,128,128,3,128,4096,50.0,os,sobel,2096320.0,0.11999779999999999,accelergy_plugin,4174190.0,0.22381,50.22100096066542,53.615924221437815
720p,1280,720,128,128,3,128,4096,50.0,ws,gaussian,2095230.0,0.13871772,accelergy_plugin,4208910.0,0.29310696,49.78082211308866,47.32665508864067
720p,1280,720,128,128,3,128,4096,50.0,ws,sobel,2113680.0,0.15438924,accelergy_plugin,4208910.0,0.29310696,50.21917788691134,52.67334491135932
720p,1280,720,128,128,3,128,4096,200.0,is,gaussian,2803610.0,0.0908548,accelergy_plugin,5619030.0,0.1979072,49.89491068743182,45.907778999450244
720p,1280,720,128,128,3,128,4096,200.0,is,sobel,2815420.0,0.10705239999999999,accelergy_plugin,5619030.0,0.1979072,50.10508931256818,54.09222100054974
720p,1280,720,128,128,3,128,4096,200.0,os,gaussian,1939610.0,0.1038172,accelergy_plugin,3883830.0,0.22382,49.94065136733585,46.38423733357162
720p,1280,720,128,128,3,128,4096,200.0,os,sobel,1944220.0,0.12000279999999999,accelergy_plugin,3883830.0,0.22382,50.05934863266415,53.61576266642838
720p,1280,720,128,128,3,128,4096,200.0,ws,gaussian,1232160.0,0.13872672,accelergy_plugin,2468930.0,0.29312496,49.90663971842053,47.326819251420964
720p,1280,720,128,128,3,128,4096,200.0,ws,sobel,1236770.0,0.15439824,accelergy_plugin,2468930.0,0.29312496,50.09336028157947,52.67318074857904
720p,1280,720,128,128,3,128,4096,800.0,is,gaussian,2769070.0,0.09091679999999999,accelergy_plugin,5546470.0,0.1980192,49.9249071932238,45.91312357589567
720p,1280,720,128,128,3,128,4096,800.0,is,sobel,2777400.0,0.1071024,accelergy_plugin,5546470.0,0.1980192,50.0750928067762,54.086876424104325
720p,1280,720,128,128,3,128,4096,800.0,os,gaussian,1905070.0,0.10386719999999999,accelergy_plugin,3811270.0,0.22392,49.985175545159485,46.385852090032145
720p,1280,720,128,128,3,128,4096,800.0,os,sobel,1906200.0,0.1200528,accelergy_plugin,3811270.0,0.22392,50.014824454840515,53.61414790996785
720p,1280,720,128,128,3,128,4096,800.0,ws,gaussian,1016380.0,0.13876272,accelergy_plugin,2033890.0,0.29319696,49.97222071990127,47.32747570097589
720p,1280,720,128,128,3,128,4096,800.0,ws,sobel,1017510.0,0.15443424,accelergy_plugin,2033890.0,0.29319696,50.02777928009873,52.672524299024104
720p,1280,720,128,128,5,8,256,50.0,is,gaussian,32028010.0,1.8077862,accelergy_plugin,37643070.0,1.9762762,85.08341641635498,91.4743698274563
720p,1280,720,128,128,5,8,256,50.0,is,sobel,5615060.0,0.16848999999999997,accelergy_plugin,37643070.0,1.9762762,14.91658358364501,8.525630172543694
720p,1280,720,128,128,5,8,256,50.0,os,gaussian,4581810.0,0.30016319999999996,accelergy_plugin,7338870.0,0.45208799999999993,62.43209104398906,66.39486117746988
720p,1280,720,128,128,5,8,256,50.0,os,sobel,2757060.0,0.1519248,accelergy_plugin,7338870.0,0.45208799999999993,37.56790895601094,33.60513882253014
720p,1280,720,128,128,5,8,256,50.0,ws,gaussian,3777140.0,0.2604352,accelergy_plugin,5708440.0,0.38289804,66.16763949520359,68.01685378175348
720p,1280,720,128,128,5,8,256,50.0,ws,sobel,1931300.0,0.12246284,accelergy_plugin,5708440.0,0.38289804,33.832360504796405,31.98314621824651
720p,1280,720,128,128,5,8,256,200.0,is,gaussian,10619730.0,1.8104232,accelergy_plugin,16170660.0,1.9789892,65.6728296804212,91.4822172854708
720p,1280,720,128,128,5,8,256,200.0,is,sobel,5550930.0,0.168566,accelergy_plugin,16170660.0,1.9789892,34.32717031957879,8.517782714529215
720p,1280,720,128,128,5,8,256,200.0,os,gaussian,4515000.0,0.3002472,accelergy_plugin,7191410.0,0.45221999999999996,62.78323722329835,66.39405599044713
720p,1280,720,128,128,5,8,256,200.0,os,sobel,2676410.0,0.1519728,accelergy_plugin,7191410.0,0.45221999999999996,37.21676277670165,33.60594400955287
720p,1280,720,128,128,5,8,256,200.0,ws,gaussian,3713010.0,0.2604752,accelergy_plugin,5580180.0,0.38296104000000003,66.53925142199714,68.01610941938114
720p,1280,720,128,128,5,8,256,200.0,ws,sobel,1867170.0,0.12248584000000001,accelergy_plugin,5580180.0,0.38296104000000003,33.46074857800286,31.983890580618855
720p,1280,720,128,128,5,8,256,800.0,is,gaussian,10603690.0,1.8157151999999999,accelergy_plugin,16138580.0,1.9844511999999999,65.70398386970848,91.49709501548841
720p,1280,720,128,128,5,8,256,800.0,is,sobel,5534890.0,0.168736,accelergy_plugin,16138580.0,1.9844511999999999,34.29601613029151,8.502904984511588
720p,1280,720,128,128,5,8,256,800.0,os,gaussian,4498300.0,0.3004512,accelergy_plugin,7154530.0,0.45254399999999995,62.873452204407556,66.39159949087824
720p,1280,720,128,128,5,8,256,800.0,os,sobel,2656230.0,0.1520928,accelergy_plugin,7154530.0,0.45254399999999995,37.126547795592444,33.608400509121765
720p,1280,720,128,128,5,8,256,800.0,ws,gaussian,3696970.0,0.2605912,accelergy_plugin,5548100.0,0.38314704,66.63488401434725,68.01336635668646
720p,1280,720,128,128,5,8,256,800.0,ws,sobel,1851130.0,0.12255584,accelergy_plugin,5548100.0,0.38314704,33.36511598565274,31.986633643313546
720p,1280,720,128,128,5,8,1024,50.0,is,gaussian,10955290.0,0.28822020000000004,accelergy_plugin,16724460.0,0.42554420000000004,65.50459626200188,67.72979164091532
720p,1280,720,128,128,5,8,1024,50.0,is,sobel,5769170.0,0.137324,accelergy_plugin,16724460.0,0.42554420000000004,34.49540373799812,32.27020835908468
720p,1280,720,128,128,5,8,1024,50.0,os,gaussian,4794390.0,0.2790132,accelergy_plugin,7646710.0,0.414497,62.6987292574192,67.31368381435813
720p,1280,720,128,128,5,8,1024,50.0,os,sobel,2852320.0,0.1354838,accelergy_plugin,7646710.0,0.414497,37.3012707425808,32.68631618564187
720p,1280,720,128,128,5,8,1024,50.0,ws,gaussian,4048570.0,0.26520119999999997,accelergy_plugin,6236860.0,0.39109204,64.91359434074198,67.81043152911013
720p,1280,720,128,128,5,8,1024,50.0,ws,sobel,2188290.0,0.12589084,accelergy_plugin,6236860.0,0.39109204,35.08640565925803,32.189568470889874
720p,1280,720,128,128,5,8,1024,200.0,is,gaussian,10687590.0,0.2882472,accelergy_plugin,16277030.0,0.4255852,65.66056584032836,67.72961089812334
720p,1280,720,128,128,5,8,1024,200.0,is,sobel,5589440.0,0.13733800000000002,accelergy_plugin,16277030.0,0.4255852,34.33943415967163,32.27038910187667
720p,1280,720,128,128,5,8,1024,200.0,os,gaussian,4568160.0,0.2790312,accelergy_plugin,7268380.0,0.41452599999999995,62.84976844909045,67.31331689688946
720p,1280,720,128,128,5,8,1024,200.0,os,sobel,2700220.0,0.1354948,accelergy_plugin,7268380.0,0.41452599999999995,37.15023155090956,32.68668310311054
720p,1280,720,128,128,5,8,1024,200.0,ws,gaussian,3780870.0,0.2652192,accelergy_plugin,5712290.0,0.39112504,66.18834127819142,67.80931233653565
720p,1280,720,128,128,5,8,1024,200.0,ws,sobel,1931420.0,0.12590584,accelergy_plugin,5712290.0,0.39112504,33.81165872180859,32.190687663464345
720p,1280,720,128,128,5,8,1024,800.0,is,gaussian,10620660.0,0.28835520000000003,accelergy_plugin,16165170.0,0.4257552,65.70088653568135,67.72793379857723
720p,1280,720,128,128,5,8,1024,800.0,is,sobel,5544510.0,0.1374,accelergy_plugin,16165170.0,0.4257552,34.29911346431865,32.27206620142279
720p,1280,720,128,128,5,8,1024,800.0,os,gaussian,4511620.0,0.2791392,accelergy_plugin,7173820.0,0.41469599999999995,62.89006414992292,67.31176572718329
720p,1280,720,128,128,5,8,1024,800.0,os,sobel,2662200.0,0.1355568,accelergy_plugin,7173820.0,0.41469599999999995,37.109935850077086,32.68823427281672
720p,1280,720,128,128,5,8,1024,800.0,ws,gaussian,3713940.0,0.2653272,accelergy_plugin,5581130.0,0.39129904,66.54458864065163,67.80675976102573
720p,1280,720,128,128,5,8,1024,800.0,ws,sobel,1867190.0,0.12597184,accelergy_plugin,5581130.0,0.39129904,33.455411359348375,32.19324023897426
720p,1280,720,128,128,5,8,4096,50.0,is,gaussian,11132830.0,0.2829342,accelergy_plugin,16902000.0,0.4202582,65.86693882380783,67.32389754679386
720p,1280,720,128,128,5,8,4096,50.0,is,sobel,5769170.0,0.137324,accelergy_plugin,16902000.0,0.4202582,34.133061176192165,32.67610245320615
720p,1280,720,128,128,5,8,4096,50.0,os,gaussian,4971930.0,0.2737272,accelergy_plugin,7824250.0,0.409211,63.54513212128958,66.89145697451926
720p,1280,720,128,128,5,8,4096,50.0,os,sobel,2852320.0,0.1354838,accelergy_plugin,7824250.0,0.409211,36.45486787871042,33.10854302548074
720p,1280,720,128,128,5,8,4096,50.0,ws,gaussian,4355150.0,0.26636719999999997,accelergy_plugin,6569540.0,0.39356304,66.29307379207677,67.68094890211235
720p,1280,720,128,128,5,8,4096,50.0,ws,sobel,2214390.0,0.12719584,accelergy_plugin,6569540.0,0.39356304,33.70692620792323,32.31905109788765
720p,1280,720,128,128,5,8,4096,200.0,is,gaussian,10731930.0,0.2829432,accelergy_plugin,16321370.0,0.4202812,65.7538552217124,67.3223546520758
720p,1280,720,128,128,5,8,4096,200.0,is,sobel,5589440.0,0.13733800000000002,accelergy_plugin,16321370.0,0.4202812,34.24614477828761,32.6776453479242
720p,1280,720,128,128,5,8,4096,200.0,os,gaussian,4612500.0,0.2737272,accelergy_plugin,7312720.0,0.409222,63.075025435132204,66.88965891374365
720p,1280,720,128,128,5,8,4096,200.0,os,sobel,2700220.0,0.1354948,accelergy_plugin,7312720.0,0.409222,36.92497456486779,33.11034108625636
720p,1280,720,128,128,5,8,4096,200.0,ws,gaussian,3857500.0,0.2663732,accelergy_plugin,5795420.0,0.39357904,66.56118107056952,67.67972196893412
720p,1280,720,128,128,5,8,4096,200.0,ws,sobel,1937920.0,0.12720584000000001,accelergy_plugin,5795420.0,0.39357904,33.43881892943048,32.32027803106588
720p,1280,720,128,128,5,8,4096,800.0,is,gaussian,10631700.0,0.2829792,accelergy_plugin,16176210.0,0.42037919999999995,65.72429512228143,67.31522396921636
720p,1280,720,128,128,5,8,4096,800.0,is,sobel,5544510.0,0.1374,accelergy_plugin,16176210.0,0.42037919999999995,34.275704877718574,32.68477603078364
720p,1280,720,128,128,5,8,4096,800.0,os,gaussian,4522660.0,0.2737632,accelergy_plugin,7184860.0,0.40932,62.94708595574583,66.88243916739958
720p,1280,720,128,128,5,8,4096,800.0,os,sobel,2662200.0,0.1355568,accelergy_plugin,7184860.0,0.40932,37.05291404425417,33.11756083260041
720p,1280,720,128,128,5,8,4096,800.0,ws,gaussian,3733080.0,0.2664312,accelergy_plugin,5601870.0,0.39368304,66.63988989391044,67.67657555174334
720p,1280,720,128,128,5,8,4096,800.0,ws,sobel,1868790.0,0.12725184,accelergy_plugin,5601870.0,0.39368304,33.36011010608957,32.32342444825665
720p,1280,720,128,128,5,16,256,50.0,is,gaussian,51989960.0,2.8140376000000002,accelergy_plugin,54862220.0,2.9594876,94.76459392273955,95.08529787386169
720p,1280,720,128,128,5,16,256,50.0,is,sobel,2872260.0,0.14545,accelergy_plugin,54862220.0,2.9594876,5.235406077260453,4.914702126138322
720p,1280,720,128,128,5,16,256,50.0,os,gaussian,7948810.0,0.6232072,accelergy_plugin,10302670.0,0.7815656,77.15291278862664,79.73830987443664
720p,1280,720,128,128,5,16,256,50.0,os,sobel,2353860.0,0.15835839999999998,accelergy_plugin,10302670.0,0.7815656,22.847087211373363,20.261690125563355
720p,1280,720,128,128,5,16,256,50.0,ws,gaussian,1956180.0,0.2457016,accelergy_plugin,2988000.0,0.35342184,65.46787148594377,69.52077438111918
720p,1280,720,128,128,5,16,256,50.0,ws,sobel,1031820.0,0.10772024000000001,accelergy_plugin,2988000.0,0.35342184,34.532128514056225,30.47922561888083
720p,1280,720,128,128,5,16,256,200.0,is,gaussian,13529760.0,2.8184276,accelergy_plugin,16321370.0,2.9639536,82.89598238383175,95.0901390629057
720p,1280,720,128,128,5,16,256,200.0,is,sobel,2791610.0,0.145526,accelergy_plugin,16321370.0,2.9639536,17.104017616168253,4.909860937094292
720p,1280,720,128,128,5,16,256,200.0,os,gaussian,3252650.0,0.6238592000000001,accelergy_plugin,5525860.0,0.7822876000000001,58.86233093129395,79.74806196595728
720p,1280,720,128,128,5,16,256,200.0,os,sobel,2273210.0,0.1584284,accelergy_plugin,5525860.0,0.7822876000000001,41.137669068706046,20.25193803404272
720p,1280,720,128,128,5,16,256,200.0,ws,gaussian,1875530.0,0.2457416,accelergy_plugin,2826700.0,0.35348184,66.35051473449606,69.52028992493646
720p,1280,720,128,128,5,16,256,200.0,ws,sobel,951170.0,0.10774024,accelergy_plugin,2826700.0,0.35348184,33.64948526550394,30.479710075063547
720p,1280,720,128,128,5,16,256,800.0,is,gaussian,5421030.0,2.8272256,accelergy_plugin,8192460.0,2.9729216,66.17096696230436,95.09923167835976
720p,1280,720,128,128,5,16,256,800.0,is,sobel,2771430.0,0.14569600000000002,accelergy_plugin,8192460.0,2.9729216,33.82903303769564,4.900768321640235
720p,1280,720,128,128,5,16,256,800.0,os,gaussian,3173500.0,0.6251871999999999,accelergy_plugin,5426530.0,0.7837856,58.48120253642751,79.76507861333508
720p,1280,720,128,128,5,16,256,800.0,os,sobel,2253030.0,0.15859840000000003,accelergy_plugin,5426530.0,0.7837856,41.51879746357249,20.23492138666493
720p,1280,720,128,128,5,16,256,800.0,ws,gaussian,1855350.0,0.2458456,accelergy_plugin,2786340.0,0.35365584,66.58735114881888,69.51549280226787
720p,1280,720,128,128,5,16,256,800.0,ws,sobel,930990.0,0.10781024,accelergy_plugin,2786340.0,0.35365584,33.41264885118112,30.484507197732125
720p,1280,720,128,128,5,16,1024,50.0,is,gaussian,5734440.0,0.2619546,accelergy_plugin,8701960.0,0.3762386,65.89825740407909,69.62459460565715
720p,1280,720,128,128,5,16,1024,50.0,is,sobel,2967520.0,0.114284,accelergy_plugin,8701960.0,0.3762386,34.10174259592092,30.37540539434285
720p,1280,720,128,128,5,16,1024,50.0,os,gaussian,3469590.0,0.2675052,accelergy_plugin,5918710.0,0.3946976,58.62071295941176,67.77472171100104
720p,1280,720,128,128,5,16,1024,50.0,os,sobel,2449120.0,0.1271924,accelergy_plugin,5918710.0,0.3946976,41.37928704058824,32.22527828899898
720p,1280,720,128,128,5,16,1024,50.0,ws,gaussian,2168760.0,0.2504676,accelergy_plugin,3398720.0,0.36161584,63.81108181903775,69.26344819408354
720p,1280,720,128,128,5,16,1024,50.0,ws,sobel,1229960.0,0.11114824,accelergy_plugin,3398720.0,0.36161584,36.18891818096224,30.736551805916463
720p,1280,720,128,128,5,16,1024,200.0,is,gaussian,5494370.0,0.26198160000000004,accelergy_plugin,8309790.0,0.37627960000000005,66.11924007706573,69.6241837187028
720p,1280,720,128,128,5,16,1024,200.0,is,sobel,2815420.0,0.114298,accelergy_plugin,8309790.0,0.37627960000000005,33.880759922934274,30.3758162812972
720p,1280,720,128,128,5,16,1024,200.0,os,gaussian,3243360.0,0.2675232,accelergy_plugin,5540380.0,0.3947236,58.54038892639133,67.77481761921507
720p,1280,720,128,128,5,16,1024,200.0,os,sobel,2297020.0,0.1272004,accelergy_plugin,5540380.0,0.3947236,41.45961107360867,32.225182380784936
720p,1280,720,128,128,5,16,1024,200.0,ws,gaussian,1928690.0,0.2504856,accelergy_plugin,2929410.0,0.36164584,65.83885492300497,69.26267975320826
720p,1280,720,128,128,5,16,1024,200.0,ws,sobel,1000720.0,0.11116024,accelergy_plugin,2929410.0,0.36164584,34.16114507699503,30.73732024679172
720p,1280,720,128,128,5,16,1024,800.0,is,gaussian,5434350.0,0.2620896,accelergy_plugin,8211750.0,0.3764496,66.17773312631292,69.62143139480025
720p,1280,720,128,128,5,16,1024,800.0,is,sobel,2777400.0,0.11436,accelergy_plugin,8211750.0,0.3764496,33.8222668736871,30.37856860519974
720p,1280,720,128,128,5,16,1024,800.0,os,gaussian,3186820.0,0.2676192,accelergy_plugin,5445820.0,0.3948816,58.518643656969935,67.77201064825508
720p,1280,720,128,128,5,16,1024,800.0,os,sobel,2259000.0,0.1272624,accelergy_plugin,5445820.0,0.3948816,41.481356343030065,32.22798935174493
720p,1280,720,128,128,5,16,1024,800.0,ws,gaussian,1868670.0,0.2505816,accelergy_plugin,2812070.0,0.36180784,66.45175973571071,69.25820070676193
720p,1280,720,128,128,5,16,1024,800.0,ws,sobel,943400.0,0.11122624,accelergy_plugin,2812070.0,0.36180784,33.5482402642893,30.741799293238092
720p,1280,720,128,128,5,16,4096,50.0,is,gaussian,5911980.0,0.2566686,accelergy_plugin,8879500.0,0.3709526,66.58010023086885,69.19175118330483
720p,1280,720,128,128,5,16,4096,50.0,is,sobel,2967520.0,0.114284,accelergy_plugin,8879500.0,0.3709526,33.41989976913114,30.808248816695176
720p,1280,720,128,128,5,16,4096,50.0,os,gaussian,3647130.0,0.2622192,accelergy_plugin,6096250.0,0.38941159999999997,59.82579454582735,67.3372852786101
720p,1280,720,128,128,5,16,4096,50.0,os,sobel,2449120.0,0.1271924,accelergy_plugin,6096250.0,0.38941159999999997,40.17420545417264,32.66271472138992
720p,1280,720,128,128,5,16,4096,50.0,ws,gaussian,2475340.0,0.2516336,accelergy_plugin,3731400.0,0.36408684,66.33810366082436,69.11362135472955
720p,1280,720,128,128,5,16,4096,50.0,ws,sobel,1256060.0,0.11245324,accelergy_plugin,3731400.0,0.36408684,33.66189633917565,30.88637864527045
720p,1280,720,128,128,5,16,4096,200.0,is,gaussian,5538710.0,0.2566776,accelergy_plugin,8354130.0,0.3709756,66.29906405574249,69.18988742116731
720p,1280,720,128,128,5,16,4096,200.0,is,sobel,2815420.0,0.114298,accelergy_plugin,8354130.0,0.3709756,33.70093594425751,30.810112578832676
720p,1280,720,128,128,5,16,4096,200.0,os,gaussian,3287700.0,0.2622192,accelergy_plugin,5584720.0,0.3894196,58.869558366399744,67.33590194227513
720p,1280,720,128,128,5,16,4096,200.0,os,sobel,2297020.0,0.1272004,accelergy_plugin,5584720.0,0.3894196,41.13044163360025,32.664098057724885
720p,1280,720,128,128,5,16,4096,200.0,ws,gaussian,2005320.0,0.25163959999999996,accelergy_plugin,3012540.0,0.36409983999999995,66.56575514350017,69.1128015876085
720p,1280,720,128,128,5,16,4096,200.0,ws,sobel,1007220.0,0.11246024,accelergy_plugin,3012540.0,0.36409983999999995,33.43424485649983,30.88719841239151
720p,1280,720,128,128,5,16,4096,800.0,is,gaussian,5445390.0,0.2567136,accelergy_plugin,8222790.0,0.3710736,66.2231432397033,69.18131605158652
720p,1280,720,128,128,5,16,4096,800.0,is,sobel,2777400.0,0.11436,accelergy_plugin,8222790.0,0.3710736,33.77685676029669,30.818683948413465
720p,1280,720,128,128,5,16,4096,800.0,os,gaussian,3197860.0,0.2622432,accelergy_plugin,5456860.0,0.3895056,58.602566311028696,67.32719632272295
720p,1280,720,128,128,5,16,4096,800.0,os,sobel,2259000.0,0.1272624,accelergy_plugin,5456860.0,0.3895056,41.39743368897131,32.67280367727704
720p,1280,720,128,128,5,16,4096,800.0,ws,gaussian,1887810.0,0.2516856,accelergy_plugin,2832810.0,0.36419184000000004,66.64089720101242,69.10797342411625
720p,1280,720,128,128,5,16,4096,800.0,ws,sobel,945000.0,0.11250624000000001,accelergy_plugin,2832810.0,0.36419184000000004,33.35910279898758,30.89202657588374
720p,1280,720,128,128,5,32,256,50.0,is,gaussian,61984720.0,3.3133348,accelergy_plugin,64856980.0,3.4546406,95.57139416605584,95.90968160334826
720p,1280,720,128,128,5,32,256,50.0,is,sobel,2872260.0,0.1413058,accelergy_plugin,64856980.0,3.4546406,4.4286058339441645,4.090318396651739
720p,1280,720,128,128,5,32,256,50.0,os,gaussian,62003450.0,3.3262822,accelergy_plugin,64155710.0,3.4805024,96.6452557379538,95.56902474769159
720p,1280,720,128,128,5,32,256,50.0,os,sobel,2152260.0,0.1542202,accelergy_plugin,64155710.0,3.4805024,3.3547442620462,4.430975252308402
720p,1280,720,128,128,5,32,256,50.0,ws,gaussian,1016250.0,0.2383528,accelergy_plugin,2050950.0,0.34608204,49.55020843999122,68.87176231392996
720p,1280,720,128,128,5,32,256,50.0,ws,sobel,1034700.0,0.10772924,accelergy_plugin,2050950.0,0.34608204,50.44979156000877,31.128237686070047
720p,1280,720,128,128,5,32,256,200.0,is,gaussian,15776700.0,3.3185948,accelergy_plugin,18568310.0,3.4599736,84.9657292451494,95.91387633709112
720p,1280,720,128,128,5,32,256,200.0,is,sobel,2791610.0,0.14137880000000003,accelergy_plugin,18568310.0,3.4599736,15.034270754850604,4.086123662908873
720p,1280,720,128,128,5,32,256,200.0,os,gaussian,15751800.0,3.3315332,accelergy_plugin,17823410.0,3.4858264,88.37702774048289,95.57369810498881
720p,1280,720,128,128,5,32,256,200.0,os,sobel,2071610.0,0.1542932,accelergy_plugin,17823410.0,3.4858264,11.622972259517118,4.426301895011179
720p,1280,720,128,128,5,32,256,200.0,ws,gaussian,949440.0,0.23839280000000002,accelergy_plugin,1903490.0,0.34614504,49.8789066399088,68.8707831838353
720p,1280,720,128,128,5,32,256,200.0,ws,sobel,954050.0,0.10775224,accelergy_plugin,1903490.0,0.34614504,50.121093360091194,31.12921681616469
720p,1280,720,128,128,5,32,256,800.0,is,gaussian,4237700.0,3.3291328,accelergy_plugin,7009130.0,3.4706816,60.45971468641614,95.92158497051415
720p,1280,720,128,128,5,32,256,800.0,is,sobel,2771430.0,0.1415488,accelergy_plugin,7009130.0,3.4706816,39.54028531358386,4.078415029485851
720p,1280,720,128,128,5,32,256,800.0,os,gaussian,4211850.0,3.3420352,accelergy_plugin,6263280.0,3.4964864,67.24671418170671,95.58267408104318
720p,1280,720,128,128,5,32,256,800.0,os,sobel,2051430.0,0.1544512,accelergy_plugin,6263280.0,3.4964864,32.75328581829329,4.417325918956813
720p,1280,720,128,128,5,32,256,800.0,ws,gaussian,932740.0,0.23847279999999998,accelergy_plugin,1866610.0,0.34628304,49.96973122398359,68.86643943058834
720p,1280,720,128,128,5,32,256,800.0,ws,sobel,933870.0,0.10781024,accelergy_plugin,1866610.0,0.34628304,50.03026877601642,31.13356056941166
720p,1280,720,128,128,5,32,1024,50.0,is,gaussian,3037590.0,0.24882179999999998,accelergy_plugin,6005110.0,0.3589616,50.583419787481,69.31710801378198
720p,1280,720,128,128,5,32,1024,50.0,is,sobel,2967520.0,0.11013980000000001,accelergy_plugin,6005110.0,0.3589616,49.41658021251901,30.68289198621803
720p,1280,720,128,128,5,32,1024,50.0,os,gaussian,2807190.0,0.2617692,accelergy_plugin,5054710.0,0.3848234,55.53612373410146,68.02320233125117
720p,1280,720,128,128,5,32,1024,50.0,os,sobel,2247520.0,0.1230542,accelergy_plugin,5054710.0,0.3848234,44.46387626589854,31.976797668748837
720p,1280,720,128,128,5,32,1024,50.0,ws,gaussian,1228830.0,0.24311880000000002,accelergy_plugin,2476110.0,0.35499804,49.627439814870904,68.48454712595033
720p,1280,720,128,128,5,32,1024,50.0,ws,sobel,1247280.0,0.11187923999999999,accelergy_plugin,2476110.0,0.35499804,50.37256018512909,31.515452874049664
720p,1280,720,128,128,5,32,1024,200.0,is,gaussian,2811360.0,0.2488488,accelergy_plugin,5626780.0,0.35899960000000003,49.96392252762681,69.31729171843088
720p,1280,720,128,128,5,32,1024,200.0,is,sobel,2815420.0,0.11015080000000001,accelergy_plugin,5626780.0,0.35899960000000003,50.03607747237319,30.682708281569116
720p,1280,720,128,128,5,32,1024,200.0,os,gaussian,2580960.0,0.2617872,accelergy_plugin,4676380.0,0.3848524,55.19140873923847,68.02275365828562
720p,1280,720,128,128,5,32,1024,200.0,os,sobel,2095420.0,0.1230652,accelergy_plugin,4676380.0,0.3848524,44.808591260761524,31.977246341714384
720p,1280,720,128,128,5,32,1024,200.0,ws,gaussian,1002600.0,0.2431368,accelergy_plugin,2009810.0,0.35503103999999996,49.88531254198158,68.4832514926019
720p,1280,720,128,128,5,32,1024,200.0,ws,sobel,1007210.0,0.11189423999999999,accelergy_plugin,2009810.0,0.35503103999999996,50.114687458018416,31.516748507398113
720p,1280,720,128,128,5,32,1024,800.0,is,gaussian,2754820.0,0.2489568,accelergy_plugin,5532220.0,0.3591696,49.79592279410436,69.31455223381934
720p,1280,720,128,128,5,32,1024,800.0,is,sobel,2777400.0,0.1102128,accelergy_plugin,5532220.0,0.3591696,50.20407720589565,30.68544776618066
720p,1280,720,128,128,5,32,1024,800.0,os,gaussian,2524420.0,0.2618592,accelergy_plugin,4581820.0,0.3849744,55.09644639029905,68.01989950500605
720p,1280,720,128,128,5,32,1024,800.0,os,sobel,2057400.0,0.1231152,accelergy_plugin,4581820.0,0.3849744,44.90355360970095,31.980100494993952
720p,1280,720,128,128,5,32,1024,800.0,ws,gaussian,946060.0,0.2432088,accelergy_plugin,1893250.0,0.35516304,49.97015713719794,68.47807136688547
720p,1280,720,128,128,5,32,1024,800.0,ws,sobel,947190.0,0.11195424,accelergy_plugin,1893250.0,0.35516304,50.02984286280206,31.521928633114527
720p,1280,720,128,128,5,32,4096,50.0,is,gaussian,3215130.0,0.2435358,accelergy_plugin,6182650.0,0.3536756,52.00245849271753,68.85852459146177
720p,1280,720,128,128,5,32,4096,50.0,is,sobel,2967520.0,0.11013980000000001,accelergy_plugin,6182650.0,0.3536756,47.99754150728248,31.14147540853822
720p,1280,720,128,128,5,32,4096,50.0,os,gaussian,2984730.0,0.2564832,accelergy_plugin,5232250.0,0.3795374,57.04486597544077,67.5778460831528
720p,1280,720,128,128,5,32,4096,50.0,os,sobel,2247520.0,0.1230542,accelergy_plugin,5232250.0,0.3795374,42.95513402455922,32.42215391684719
720p,1280,720,128,128,5,32,4096,50.0,ws,gaussian,1535410.0,0.2442848,accelergy_plugin,3089270.0,0.37149304,49.701385764274406,65.75757112434731
720p,1280,720,128,128,5,32,4096,50.0,ws,sobel,1553860.0,0.12720824,accelergy_plugin,3089270.0,0.37149304,50.298614235725594,34.24242887565269
720p,1280,720,128,128,5,32,4096,200.0,is,gaussian,2855700.0,0.2435448,accelergy_plugin,5671120.0,0.3536956,50.35513267220584,68.85717549214635
720p,1280,720,128,128,5,32,4096,200.0,is,sobel,2815420.0,0.11015080000000001,accelergy_plugin,5671120.0,0.3536956,49.64486732779416,31.14282450785365
720p,1280,720,128,128,5,32,4096,200.0,os,gaussian,2625300.0,0.2564832,accelergy_plugin,4720720.0,0.3795484,55.61227948279076,67.5758875547888
720p,1280,720,128,128,5,32,4096,200.0,os,sobel,2095420.0,0.1230652,accelergy_plugin,4720720.0,0.3795484,44.38772051720924,32.4241124452112
720p,1280,720,128,128,5,32,4096,200.0,ws,gaussian,1079230.0,0.2442908,accelergy_plugin,2163070.0,0.37151104,49.893438492512956,65.75600014470633
720p,1280,720,128,128,5,32,4096,200.0,ws,sobel,1083840.0,0.12722024,accelergy_plugin,2163070.0,0.37151104,50.106561507487044,34.24399985529367
720p,1280,720,128,128,5,32,4096,800.0,is,gaussian,2765860.0,0.2435808,accelergy_plugin,5543260.0,0.3537936,49.89590962718689,68.84827763984424
720p,1280,720,128,128,5,32,4096,800.0,is,sobel,2777400.0,0.1102128,accelergy_plugin,5543260.0,0.3537936,50.10409037281312,31.151722360155752
720p,1280,720,128,128,5,32,4096,800.0,os,gaussian,2535460.0,0.2564832,accelergy_plugin,4592860.0,0.3795984,55.20438245450548,67.56698658371585
720p,1280,720,128,128,5,32,4096,800.0,os,sobel,2057400.0,0.1231152,accelergy_plugin,4592860.0,0.3795984,44.79561754549452,32.433013416284155
720p,1280,720,128,128,5,32,4096,800.0,ws,gaussian,965200.0,0.2443128,accelergy_plugin,1931530.0,0.37157903999999997,49.97074857755251,65.7498872918128
720p,1280,720,128,128,5,32,4096,800.0,ws,sobel,966330.0,0.12726624,accelergy_plugin,1931530.0,0.37157903999999997,50.02925142244749,34.2501127081872
720p,1280,720,128,128,5,64,256,50.0,is,gaussian,62010310.0,3.3104578,accelergy_plugin,64882570.0,3.449693,95.57314082965578,95.96383794152118
720p,1280,720,128,128,5,64,256,50.0,is,sobel,2872260.0,0.1392352,accelergy_plugin,64882570.0,3.449693,4.4268591703442075,4.036162058478827
720p,1280,720,128,128,5,64,256,50.0,os,gaussian,62013540.0,3.3234502,accelergy_plugin,64065000.0,3.4756148,96.7978459377195,95.62193716058523
720p,1280,720,128,128,5,64,256,50.0,os,sobel,2051460.0,0.1521646,accelergy_plugin,64065000.0,3.4756148,3.202154062280496,4.378062839414771
720p,1280,720,128,128,5,64,256,50.0,ws,gaussian,1022010.0,0.2384008,accelergy_plugin,2062470.0,0.34614804,49.55272076684752,68.87249744357933
720p,1280,720,128,128,5,64,256,50.0,ws,sobel,1040460.0,0.10774724,accelergy_plugin,2062470.0,0.34614804,50.447279233152486,31.127502556420655
720p,1280,720,128,128,5,64,256,200.0,is,gaussian,15782250.0,3.3157148,accelergy_plugin,18573860.0,3.4550199999999998,84.97022159098863,95.96803491730873
720p,1280,720,128,128,5,64,256,200.0,is,sobel,2791610.0,0.1393052,accelergy_plugin,18573860.0,3.4550199999999998,15.029778409011374,4.031965082691272
720p,1280,720,128,128,5,64,256,200.0,os,gaussian,15722850.0,3.3287012000000002,accelergy_plugin,17693660.0,3.4809328,88.861490499987,95.62670098084054
720p,1280,720,128,128,5,64,256,200.0,os,sobel,1970810.0,0.1522316,accelergy_plugin,17693660.0,3.4809328,11.138509500012999,4.373299019159462
720p,1280,720,128,128,5,64,256,200.0,ws,gaussian,955200.0,0.2384408,accelergy_plugin,1915010.0,0.34620504,49.87963509328933,68.8727119628299
720p,1280,720,128,128,5,64,256,200.0,ws,sobel,959810.0,0.10776424,accelergy_plugin,1915010.0,0.34620504,50.12036490671067,31.12728803717011
720p,1280,720,128,128,5,64,256,800.0,is,gaussian,4242850.0,3.3262528,accelergy_plugin,7014280.0,3.465728,60.48874581567887,95.9755872359285
720p,1280,720,128,128,5,64,256,800.0,is,sobel,2771430.0,0.1394752,accelergy_plugin,7014280.0,3.465728,39.511254184321125,4.024412764071502
720p,1280,720,128,128,5,64,256,800.0,os,gaussian,4177100.0,3.3392032,accelergy_plugin,6127730.0,3.4915808,68.1671679398407,95.63585640063091
720p,1280,720,128,128,5,64,256,800.0,os,sobel,1950630.0,0.1523776,accelergy_plugin,6127730.0,3.4915808,31.832832060159312,4.364143599369088
720p,1280,720,128,128,5,64,256,800.0,ws,gaussian,938500.0,0.2385208,accelergy_plugin,1878130.0,0.34633104000000003,49.969916885412616,68.87075440884536
720p,1280,720,128,128,5,64,256,800.0,ws,sobel,939630.0,0.10781024,accelergy_plugin,1878130.0,0.34633104000000003,50.030083114587384,31.129245591154636
720p,1280,720,128,128,5,64,1024,50.0,is,gaussian,3051990.0,0.2459448,accelergy_plugin,6019510.0,0.354014,50.70163518293017,69.47318467631224
720p,1280,720,128,128,5,64,1024,50.0,is,sobel,2967520.0,0.1080692,accelergy_plugin,6019510.0,0.354014,49.29836481706983,30.526815323687767
720p,1280,720,128,128,5,64,1024,50.0,os,gaussian,2475990.0,0.2589372,accelergy_plugin,4622710.0,0.3799358,53.56143906929053,68.15288267123024
720p,1280,720,128,128,5,64,1024,50.0,os,sobel,2146720.0,0.1209986,accelergy_plugin,4622710.0,0.3799358,46.43856093070948,31.84711732876975
720p,1280,720,128,128,5,64,1024,50.0,ws,gaussian,1234590.0,0.2431668,accelergy_plugin,2487630.0,0.35506403999999997,49.62916510895913,68.48533577210466
720p,1280,720,128,128,5,64,1024,50.0,ws,sobel,1253040.0,0.11189724,accelergy_plugin,2487630.0,0.35506403999999997,50.37083489104087,31.514664227895338
720p,1280,720,128,128,5,64,1024,200.0,is,gaussian,2825760.0,0.2459688,accelergy_plugin,5641180.0,0.35404599999999997,50.09164749219135,69.47368421052632
720p,1280,720,128,128,5,64,1024,200.0,is,sobel,2815420.0,0.1080772,accelergy_plugin,5641180.0,0.35404599999999997,49.90835250780865,30.526315789473685
720p,1280,720,128,128,5,64,1024,200.0,os,gaussian,2249760.0,0.2589552,accelergy_plugin,4244380.0,0.3799588,53.00562155132198,68.1534945367761
720p,1280,720,128,128,5,64,1024,200.0,os,sobel,1994620.0,0.1210036,accelergy_plugin,4244380.0,0.3799588,46.99437844867801,31.846505463223913
720p,1280,720,128,128,5,64,1024,200.0,ws,gaussian,1008360.0,0.2431848,accelergy_plugin,2021330.0,0.35509104,49.88596617078854,68.48519748625591
720p,1280,720,128,128,5,64,1024,200.0,ws,sobel,1012970.0,0.11190624,accelergy_plugin,2021330.0,0.35509104,50.11403382921146,31.51480251374408
720p,1280,720,128,128,5,64,1024,800.0,is,gaussian,2769220.0,0.2460768,accelergy_plugin,5546620.0,0.35421600000000003,49.92626139883388,69.47083135713802
720p,1280,720,128,128,5,64,1024,800.0,is,sobel,2777400.0,0.1081392,accelergy_plugin,5546620.0,0.35421600000000003,50.07373860116612,30.529168642861983
720p,1280,720,128,128,5,64,1024,800.0,os,gaussian,2193220.0,0.2590272,accelergy_plugin,4149820.0,0.3800688,52.850967029895266,68.15271340346801
720p,1280,720,128,128,5,64,1024,800.0,os,sobel,1956600.0,0.1210416,accelergy_plugin,4149820.0,0.3800688,47.14903297010473,31.847286596531998
720p,1280,720,128,128,5,64,1024,800.0,ws,gaussian,951820.0,0.2432568,accelergy_plugin,1904770.0,0.35521104,49.97033762606509,68.48233095457844
720p,1280,720,128,128,5,64,1024,800.0,ws,sobel,952950.0,0.11195424,accelergy_plugin,1904770.0,0.35521104,50.02966237393491,31.517669045421563
720p,1280,720,128,128,5,64,4096,50.0,is,gaussian,3229530.0,0.24065879999999998,accelergy_plugin,6197050.0,0.348728,52.1139897209156,69.01046087495125
720p,1280,720,128,128,5,64,4096,50.0,is,sobel,2967520.0,0.1080692,accelergy_plugin,6197050.0,0.348728,47.8860102790844,30.989539125048754
720p,1280,720,128,128,5,64,4096,50.0,os,gaussian,2653530.0,0.2536512,accelergy_plugin,4800250.0,0.37464980000000003,55.278995885630955,67.70354608490382
720p,1280,720,128,128,5,64,4096,50.0,os,sobel,2146720.0,0.1209986,accelergy_plugin,4800250.0,0.37464980000000003,44.721004114369045,32.29645391509617
720p,1280,720,128,128,5,64,4096,50.0,ws,gaussian,2026060.0,0.2685773,accelergy_plugin,4070570.0,0.42004804,49.77337326222126,63.9396627109604
720p,1280,720,128,128,5,64,4096,50.0,ws,sobel,2044510.0,0.15147074,accelergy_plugin,4070570.0,0.42004804,50.22662673777874,36.0603372890396
720p,1280,720,128,128,5,64,4096,200.0,is,gaussian,2870100.0,0.24066479999999998,accelergy_plugin,5685520.0,0.348742,50.48087070311951,69.00941096856702
720p,1280,720,128,128,5,64,4096,200.0,is,sobel,2815420.0,0.1080772,accelergy_plugin,5685520.0,0.348742,49.5191292968805,30.99058903143298
720p,1280,720,128,128,5,64,4096,200.0,os,gaussian,2294100.0,0.2536512,accelergy_plugin,4288720.0,0.3746548,53.49148463877334,67.70264253921209
720p,1280,720,128,128,5,64,4096,200.0,os,sobel,1994620.0,0.1210036,accelergy_plugin,4288720.0,0.3746548,46.50851536122666,32.29735746078791
720p,1280,720,128,128,5,64,4096,200.0,ws,gaussian,1206220.0,0.2685848,accelergy_plugin,2417050.0,0.42006304,49.904635816387746,63.939164940576546
720p,1280,720,128,128,5,64,4096,200.0,ws,sobel,1210830.0,0.15147824,accelergy_plugin,2417050.0,0.42006304,50.095364183612254,36.060835059423454
720p,1280,720,128,128,5,64,4096,800.0,is,gaussian,2780260.0,0.2407008,accelergy_plugin,5557660.0,0.34884,50.02573025338002,69.00034399724802
720p,1280,720,128,128,5,64,4096,800.0,is,sobel,2777400.0,0.1081392,accelergy_plugin,5557660.0,0.34884,49.97426974661998,30.99965600275198
720p,1280,720,128,128,5,64,4096,800.0,os,gaussian,2204260.0,0.2536512,accelergy_plugin,4160860.0,0.37469280000000005,52.976067447594964,67.6957763800105
720p,1280,720,128,128,5,64,4096,800.0,os,sobel,1956600.0,0.1210416,accelergy_plugin,4160860.0,0.37469280000000005,47.02393255240503,32.30422361998949
720p,1280,720,128,128,5,64,4096,800.0,ws,gaussian,1001260.0,0.26860080000000003,accelergy_plugin,2003650.0,0.42010704,49.97180146233124,63.93627681173828
720p,1280,720,128,128,5,64,4096,800.0,ws,sobel,1002390.0,0.15150624,accelergy_plugin,2003650.0,0.42010704,50.02819853766876,36.06372318826173
720p,1280,720,128,128,5,128,256,50.0,is,gaussian,5152670.0,0.4612058,accelergy_plugin,8024930.0,0.5994132,64.20828592897384,76.94288347337029
720p,1280,720,128,128,5,128,256,50.0,is,sobel,2872260.0,0.1382074,accelergy_plugin,8024930.0,0.5994132,35.79171407102616,23.057116526629713
720p,1280,720,128,128,5,128,256,50.0,os,gaussian,29242680.0,1.6846861999999998,accelergy_plugin,31243740.0,1.8358499999999998,93.5953250155071,91.76600484789063
720p,1280,720,128,128,5,128,256,50.0,os,sobel,2001060.0,0.1511638,accelergy_plugin,31243740.0,1.8358499999999998,6.404674984492893,8.233995152109378
720p,1280,720,128,128,5,128,256,50.0,ws,gaussian,1033530.0,0.2384968,accelergy_plugin,2085510.0,0.34628004,49.557662154580896,68.87396686219628
720p,1280,720,128,128,5,128,256,50.0,ws,sobel,1051980.0,0.10778324,accelergy_plugin,2085510.0,0.34628004,50.442337845419104,31.126033137803727
720p,1280,720,128,128,5,128,256,200.0,is,gaussian,2779800.0,0.4616248,accelergy_plugin,5571410.0,0.5999052,49.894012467221046,76.94962470737042
720p,1280,720,128,128,5,128,256,200.0,is,sobel,2791610.0,0.13828040000000003,accelergy_plugin,5571410.0,0.5999052,50.105987532778954,23.05037529262957
720p,1280,720,128,128,5,128,256,200.0,os,gaussian,7479850.0,1.6871572,accelergy_plugin,9400260.0,1.838388,79.5706714495131,91.7737278528798
720p,1280,720,128,128,5,128,256,200.0,os,sobel,1920410.0,0.1512308,accelergy_plugin,9400260.0,1.838388,20.429328550486904,8.226272147120195
720p,1280,720,128,128,5,128,256,200.0,ws,gaussian,966720.0,0.23853680000000002,accelergy_plugin,1938050.0,0.34633704000000004,49.88106601996852,68.87418105785046
720p,1280,720,128,128,5,128,256,200.0,ws,sobel,971330.0,0.10780024,accelergy_plugin,1938050.0,0.34633704000000004,50.11893398003148,31.12581894214953
720p,1280,720,128,128,5,128,256,800.0,is,gaussian,2763100.0,0.4624928,accelergy_plugin,5534530.0,0.6009312,49.92474519064853,76.96268724273261
720p,1280,720,128,128,5,128,256,800.0,is,sobel,2771430.0,0.1384384,accelergy_plugin,5534530.0,0.6009312,50.07525480935148,23.037312757267387
720p,1280,720,128,128,5,128,256,800.0,os,gaussian,2082750.0,1.6920992,accelergy_plugin,3982980.0,1.843488,52.29124926562524,91.78791508271277
720p,1280,720,128,128,5,128,256,800.0,os,sobel,1900230.0,0.15138880000000002,accelergy_plugin,3982980.0,1.843488,47.70875073437477,8.21208491728723
720p,1280,720,128,128,5,128,256,800.0,ws,gaussian,950020.0,0.2386168,accelergy_plugin,1901170.0,0.34647503999999996,49.97028145825991,68.86983835834178
720p,1280,720,128,128,5,128,256,800.0,ws,sobel,951150.0,0.10785824,accelergy_plugin,1901170.0,0.34647503999999996,50.02971854174009,31.130161641658226
720p,1280,720,128,128,5,128,1024,50.0,is,gaussian,3059190.0,0.2445078,accelergy_plugin,6026710.0,0.3515492,50.76053103600472,69.55151654448368
720p,1280,720,128,128,5,128,1024,50.0,is,sobel,2967520.0,0.10704140000000001,accelergy_plugin,6026710.0,0.3515492,49.23946896399528,30.448483455516328
720p,1280,720,128,128,5,128,1024,50.0,os,gaussian,2310390.0,0.25759319999999997,accelergy_plugin,4406710.0,0.37759099999999995,52.428909549300954,68.22016414586153
720p,1280,720,128,128,5,128,1024,50.0,os,sobel,2096320.0,0.11999779999999999,accelergy_plugin,4406710.0,0.37759099999999995,47.571090450699046,31.779835854138472
720p,1280,720,128,128,5,128,1024,50.0,ws,gaussian,1246110.0,0.2432628,accelergy_plugin,2510670.0,0.35519604,49.63256819892698,68.48691218516963
720p,1280,720,128,128,5,128,1024,50.0,ws,sobel,1264560.0,0.11193324,accelergy_plugin,2510670.0,0.35519604,50.36743180107302,31.51308781483037
720p,1280,720,128,128,5,128,1024,200.0,is,gaussian,2832960.0,0.2445288,accelergy_plugin,5648380.0,0.3515812,50.15526575761545,69.55115916323172
720p,1280,720,128,128,5,128,1024,200.0,is,sobel,2815420.0,0.10705239999999999,accelergy_plugin,5648380.0,0.3515812,49.84473424238454,30.448840836768294
720p,1280,720,128,128,5,128,1024,200.0,os,gaussian,2084160.0,0.2576112,accelergy_plugin,4028380.0,0.377614,51.73692650643683,68.22077571276488
720p,1280,720,128,128,5,128,1024,200.0,os,sobel,1944220.0,0.12000279999999999,accelergy_plugin,4028380.0,0.377614,48.26307349356317,31.77922428723511
720p,1280,720,128,128,5,128,1024,200.0,ws,gaussian,1019880.0,0.24328080000000002,accelergy_plugin,2044370.0,0.35522304000000005,49.88725132926036,68.48677383088663
720p,1280,720,128,128,5,128,1024,200.0,ws,sobel,1024490.0,0.11194224,accelergy_plugin,2044370.0,0.35522304000000005,50.112748670739634,31.513226169113352
720p,1280,720,128,128,5,128,1024,800.0,is,gaussian,2776420.0,0.2446368,accelergy_plugin,5553820.0,0.3517392,49.991177243770956,69.55062159691045
720p,1280,720,128,128,5,128,1024,800.0,is,sobel,2777400.0,0.1071024,accelergy_plugin,5553820.0,0.3517392,50.008822756229044,30.449378403089568
720p,1280,720,128,128,5,128,1024,800.0,os,gaussian,2027620.0,0.2576832,accelergy_plugin,3933820.0,0.377736,51.543283627618955,68.21780290996887
720p,1280,720,128,128,5,128,1024,800.0,os,sobel,1906200.0,0.1200528,accelergy_plugin,3933820.0,0.377736,48.456716372381045,31.782197090031133
720p,1280,720,128,128,5,128,1024,800.0,ws,gaussian,963340.0,0.24335279999999998,accelergy_plugin,1927810.0,0.35535503999999996,49.97069213252343,68.48159519561057
720p,1280,720,128,128,5,128,1024,800.0,ws,sobel,964470.0,0.11200224,accelergy_plugin,1927810.0,0.35535503999999996,50.02930786747657,31.518404804389437
720p,1280,720,128,128,5,128,4096,50.0,is,gaussian,3236730.0,0.23922179999999998,accelergy_plugin,6204250.0,0.3462632,52.1695611878954,69.08669474549995
720p,1280,720,128,128,5,128,4096,50.0,is,sobel,2967520.0,0.10704140000000001,accelergy_plugin,6204250.0,0.3462632,47.8304388121046,30.913305254500052
720p,1280,720,128,128,5,128,4096,50.0,os,gaussian,2487930.0,0.2523072,accelergy_plugin,4584250.0,0.372305,54.27125483994111,67.76895287465922
720p,1280,720,128,128,5,128,4096,50.0,os,sobel,2096320.0,0.11999779999999999,accelergy_plugin,4584250.0,0.372305,45.7287451600589,32.23104712534078
720p,1280,720,128,128,5,128,4096,50.0,ws,gaussian,2095230.0,0.2715558,accelergy_plugin,4208910.0,0.42594504,49.78082211308866,63.75371808531918
720p,1280,720,128,128,5,128,4096,50.0,ws,sobel,2113680.0,0.15438924,accelergy_plugin,4208910.0,0.42594504,50.21917788691134,36.24628191468083
720p,1280,720,128,128,5,128,4096,200.0,is,gaussian,2877300.0,0.2392248,accelergy_plugin,5692720.0,0.34627719999999995,50.54350117342852,69.08476792581205
720p,1280,720,128,128,5,128,4096,200.0,is,sobel,2815420.0,0.10705239999999999,accelergy_plugin,5692720.0,0.34627719999999995,49.45649882657148,30.915232074187966
720p,1280,720,128,128,5,128,4096,200.0,os,gaussian,2128500.0,0.2523072,accelergy_plugin,4072720.0,0.37231000000000003,52.2623701113752,67.76804276006554
720p,1280,720,128,128,5,128,4096,200.0,os,sobel,1944220.0,0.12000279999999999,accelergy_plugin,4072720.0,0.37231000000000003,47.7376298886248,32.23195723993446
720p,1280,720,128,128,5,128,4096,200.0,ws,gaussian,1232160.0,0.2715648,accelergy_plugin,2468930.0,0.42596303999999996,49.90663971842053,63.753136891876814
720p,1280,720,128,128,5,128,4096,200.0,ws,sobel,1236770.0,0.15439824,accelergy_plugin,2468930.0,0.42596303999999996,50.09336028157947,36.246863108123186
720p,1280,720,128,128,5,128,4096,800.0,is,gaussian,2787460.0,0.2392608,accelergy_plugin,5564860.0,0.3463632,50.09038861714401,69.07800828725453
720p,1280,720,128,128,5,128,4096,800.0,is,sobel,2777400.0,0.1071024,accelergy_plugin,5564860.0,0.3463632,49.90961138285599,30.921991712745466
720p,1280,720,128,128,5,128,4096,800.0,os,gaussian,2038660.0,0.2523072,accelergy_plugin,3944860.0,0.37236,51.67889354755302,67.75894295842733
720p,1280,720,128,128,5,128,4096,800.0,os,sobel,1906200.0,0.1200528,accelergy_plugin,3944860.0,0.37236,48.32110645244698,32.24105704157267
720p,1280,720,128,128,5,128,4096,800.0,ws,gaussian,1016380.0,0.2715768,accelergy_plugin,2033890.0,0.42601104,49.97222071990127,63.7487704543995
720p,1280,720,128,128,5,128,4096,800.0,ws,sobel,1017510.0,0.15443424,accelergy_plugin,2033890.0,0.42601104,50.02777928009873,36.2512295456005
720p,1280,720,128,128,7,8,256,50.0,is,gaussian,24977170.0,1.6835556,accelergy_plugin,30592230.0,1.8520456,81.64547010793264,90.90249181769606
720p,1280,720,128,128,7,8,256,50.0,is,sobel,5615060.0,0.16848999999999997,accelergy_plugin,30592230.0,1.8520456,18.354529892067365,9.097508182303933
720p,1280,720,128,128,7,8,256,50.0,os,gaussian,7346610.0,0.5649451999999999,accelergy_plugin,10103670.0,0.7168699999999999,72.71229167223396,78.80720353760096
720p,1280,720,128,128,7,8,256,50.0,os,sobel,2757060.0,0.1519248,accelergy_plugin,10103670.0,0.7168699999999999,27.287708327766047,21.192796462399045
720p,1280,720,128,128,7,8,256,50.0,ws,gaussian,6589410.0,0.5046137199999999,accelergy_plugin,8520710.0,0.6270765599999999,77.33404845370868,80.47083118527027
720p,1280,720,128,128,7,8,256,50.0,ws,sobel,1931300.0,0.12246284,accelergy_plugin,8520710.0,0.6270765599999999,22.66595154629133,19.52916881472974
720p,1280,720,128,128,7,8,256,200.0,is,gaussian,18579420.0,1.6855656,accelergy_plugin,24130350.0,1.8541316,76.99606512130988,90.90862806070507
720p,1280,720,128,128,7,8,256,200.0,is,sobel,5550930.0,0.168566,accelergy_plugin,24130350.0,1.8541316,23.003934878690114,9.091371939294923
720p,1280,720,128,128,7,8,256,200.0,os,gaussian,7279800.0,0.5651032,accelergy_plugin,9956210.0,0.717076,73.11818453005712,78.80659790594024
720p,1280,720,128,128,7,8,256,200.0,os,sobel,2676410.0,0.1519728,accelergy_plugin,9956210.0,0.717076,26.881815469942882,21.193402094059763
720p,1280,720,128,128,7,8,256,200.0,ws,gaussian,6492660.0,0.50469272,accelergy_plugin,8359830.0,0.6271785599999999,77.66497644090849,80.47034005754278
720p,1280,720,128,128,7,8,256,200.0,ws,sobel,1867170.0,0.12248584000000001,accelergy_plugin,8359830.0,0.6271785599999999,22.335023559091514,19.52965994245722
720p,1280,720,128,128,7,8,256,800.0,is,gaussian,18555180.0,1.6896096,accelergy_plugin,24090070.0,1.8583456,77.02418465367681,90.92009580995052
720p,1280,720,128,128,7,8,256,800.0,is,sobel,5534890.0,0.168736,accelergy_plugin,24090070.0,1.8583456,22.975815346323195,9.079904190049472
720p,1280,720,128,128,7,8,256,800.0,os,gaussian,7263100.0,0.5654432,accelergy_plugin,9919330.0,0.7175360000000001,73.22167928680668,78.80346073228381
720p,1280,720,128,128,7,8,256,800.0,os,sobel,2656230.0,0.1520928,accelergy_plugin,9919330.0,0.7175360000000001,26.77832071319333,21.196539267716183
720p,1280,720,128,128,7,8,256,800.0,ws,gaussian,6468420.0,0.50487472,accelergy_plugin,8319550.0,0.62743056,77.74963790108839,80.46702729940345
720p,1280,720,128,128,7,8,256,800.0,ws,sobel,1851130.0,0.12255584,accelergy_plugin,8319550.0,0.62743056,22.250362098911598,19.53297270059654
720p,1280,720,128,128,7,8,1024,50.0,is,gaussian,18959380.0,0.7675755999999999,accelergy_plugin,24728550.0,0.9048995999999999,76.67000289139476,84.82439377805007
720p,1280,720,128,128,7,8,1024,50.0,is,sobel,5769170.0,0.137324,accelergy_plugin,24728550.0,0.9048995999999999,23.329997108605234,15.175606221949927
720p,1280,720,128,128,7,8,1024,50.0,os,gaussian,7559190.0,0.5261747,accelergy_plugin,10411510.0,0.6616584999999999,72.60416596631997,79.52360621075677
720p,1280,720,128,128,7,8,1024,50.0,os,sobel,2852320.0,0.1354838,accelergy_plugin,10411510.0,0.6616584999999999,27.395834033680032,20.476393789243243
720p,1280,720,128,128,7,8,1024,50.0,ws,gaussian,6872620.0,0.51237422,accelergy_plugin,9060910.0,0.6382650599999999,75.84911449291518,80.27608780590309
720p,1280,720,128,128,7,8,1024,50.0,ws,sobel,2188290.0,0.12589084,accelergy_plugin,9060910.0,0.6382650599999999,24.15088550708483,19.72391219409692
720p,1280,720,128,128,7,8,1024,200.0,is,gaussian,18650230.0,0.7677496,accelergy_plugin,24239670.0,0.9050876000000001,76.94094020256877,84.82599916295395
720p,1280,720,128,128,7,8,1024,200.0,is,sobel,5589440.0,0.13733800000000002,accelergy_plugin,24239670.0,0.9050876000000001,23.059059797431235,15.17400083704605
720p,1280,720,128,128,7,8,1024,200.0,os,gaussian,7332960.0,0.5262092,accelergy_plugin,10033180.0,0.6617040000000001,73.08709701211382,79.52335183103018
720p,1280,720,128,128,7,8,1024,200.0,os,sobel,2700220.0,0.1354948,accelergy_plugin,10033180.0,0.6617040000000001,26.912902987886195,20.476648168969806
720p,1280,720,128,128,7,8,1024,200.0,ws,gaussian,6563470.0,0.51240872,accelergy_plugin,8494890.0,0.63831456,77.26374326212581,80.275267416742
720p,1280,720,128,128,7,8,1024,200.0,ws,sobel,1931420.0,0.12590584,accelergy_plugin,8494890.0,0.63831456,22.73625673787418,19.72473258325801
720p,1280,720,128,128,7,8,1024,800.0,is,gaussian,18572940.0,0.7684576,accelergy_plugin,24117450.0,0.9058575999999999,77.01038045066953,84.83205307324242
720p,1280,720,128,128,7,8,1024,800.0,is,sobel,5544510.0,0.1374,accelergy_plugin,24117450.0,0.9058575999999999,22.989619549330463,15.167946926757583
720p,1280,720,128,128,7,8,1024,800.0,os,gaussian,7276420.0,0.5263711999999999,accelergy_plugin,9938620.0,0.661928,73.21358498463569,79.52091466141333
720p,1280,720,128,128,7,8,1024,800.0,os,sobel,2662200.0,0.1355568,accelergy_plugin,9938620.0,0.661928,26.786415015364305,20.479085338586675
720p,1280,720,128,128,7,8,1024,800.0,ws,gaussian,6486180.0,0.51257072,accelergy_plugin,8353370.0,0.6385425600000001,77.64746443650886,80.27197435359672
720p,1280,720,128,128,7,8,1024,800.0,ws,sobel,1867190.0,0.12597184,accelergy_plugin,8353370.0,0.6385425600000001,22.35253556349114,19.728025646403268
720p,1280,720,128,128,7,8,4096,50.0,is,gaussian,19579330.0,0.5483601,accelergy_plugin,25348500.0,0.6856841,77.24058622798194,79.97270171497341
720p,1280,720,128,128,7,8,4096,50.0,is,sobel,5769170.0,0.137324,accelergy_plugin,25348500.0,0.6856841,22.75941377201807,20.02729828502659
720p,1280,720,128,128,7,8,4096,50.0,os,gaussian,8179140.0,0.5170437,accelergy_plugin,11031460.0,0.6525274999999999,74.1437670081748,79.2370742995506
720p,1280,720,128,128,7,8,4096,50.0,os,sobel,2852320.0,0.1354838,accelergy_plugin,11031460.0,0.6525274999999999,25.856232991825195,20.762925700449404
720p,1280,720,128,128,7,8,4096,50.0,ws,gaussian,7621600.0,0.50969472,accelergy_plugin,9835990.0,0.6368905600000001,77.48686202405655,80.02861904563319
720p,1280,720,128,128,7,8,4096,50.0,ws,sobel,2214390.0,0.12719584,accelergy_plugin,9835990.0,0.6368905600000001,22.513137975943447,19.971380954366786
720p,1280,720,128,128,7,8,4096,200.0,is,gaussian,18805210.0,0.5483736,accelergy_plugin,24394650.0,0.6857116000000001,77.08743515483928,79.97146322156428
720p,1280,720,128,128,7,8,4096,200.0,is,sobel,5589440.0,0.13733800000000002,accelergy_plugin,24394650.0,0.6857116000000001,22.91256484516072,20.028536778435715
720p,1280,720,128,128,7,8,4096,200.0,os,gaussian,7487940.0,0.5170512,accelergy_plugin,10188160.0,0.6525460000000001,73.49649004334444,79.23597723378887
720p,1280,720,128,128,7,8,4096,200.0,os,sobel,2700220.0,0.1354948,accelergy_plugin,10188160.0,0.6525460000000001,26.50350995665557,20.764022766211117
720p,1280,720,128,128,7,8,4096,200.0,ws,gaussian,6750690.0,0.50969872,accelergy_plugin,8688610.0,0.6369045600000001,77.69585698978318,80.02748794890086
720p,1280,720,128,128,7,8,4096,200.0,ws,sobel,1937920.0,0.12720584000000001,accelergy_plugin,8688610.0,0.6369045600000001,22.304143010216823,19.972512051099148
720p,1280,720,128,128,7,8,4096,800.0,is,gaussian,18611660.0,0.5484256,accelergy_plugin,24156170.0,0.6858255999999999,77.04723058332509,79.96575222622194
720p,1280,720,128,128,7,8,4096,800.0,is,sobel,5544510.0,0.1374,accelergy_plugin,24156170.0,0.6858255999999999,22.95276941667491,20.03424777377806
720p,1280,720,128,128,7,8,4096,800.0,os,gaussian,7315140.0,0.5170912,accelergy_plugin,9977340.0,0.652648,73.31753754006579,79.22972260697956
720p,1280,720,128,128,7,8,4096,800.0,os,sobel,2662200.0,0.1355568,accelergy_plugin,9977340.0,0.652648,26.682462459934207,20.770277393020432
720p,1280,720,128,128,7,8,4096,800.0,ws,gaussian,6532940.0,0.50972272,accelergy_plugin,8401730.0,0.63697456,77.75708098213107,80.02246117961131
720p,1280,720,128,128,7,8,4096,800.0,ws,sobel,1868790.0,0.12725184,accelergy_plugin,8401730.0,0.63697456,22.24291901786894,19.977538820388684
720p,1280,720,128,128,7,16,256,50.0,is,gaussian,29137220.0,1.900374,accelergy_plugin,32009480.0,2.045824,91.02684579693265,92.89039526371769
720p,1280,720,128,128,7,16,256,50.0,is,sobel,2872260.0,0.14545,accelergy_plugin,32009480.0,2.045824,8.973154203067342,7.109604736282299
720p,1280,720,128,128,7,16,256,50.0,os,gaussian,7403740.0,0.7573749999999999,accelergy_plugin,9757600.0,0.9157333999999999,75.87664999590064,82.70693195202882
720p,1280,720,128,128,7,16,256,50.0,os,sobel,2353860.0,0.15835839999999998,accelergy_plugin,9757600.0,0.9157333999999999,24.12335000409937,17.293068047971165
720p,1280,720,128,128,7,16,256,50.0,ws,gaussian,3782900.0,0.48251932000000003,accelergy_plugin,4814720.0,0.59023956,78.56947029110727,81.74974242661743
720p,1280,720,128,128,7,16,256,50.0,ws,sobel,1031820.0,0.10772024000000001,accelergy_plugin,4814720.0,0.59023956,21.430529708892728,18.250257573382576
720p,1280,720,128,128,7,16,256,200.0,is,gaussian,10850130.0,1.902828,accelergy_plugin,13641740.0,2.048354,79.53626150329796,92.89546631099898
720p,1280,720,128,128,7,16,256,200.0,is,sobel,2791610.0,0.145526,accelergy_plugin,13641740.0,2.048354,20.46373849670203,7.104533689001022
720p,1280,720,128,128,7,16,256,200.0,os,gaussian,4572600.0,0.757898,accelergy_plugin,6845810.0,0.9163264,66.794141233835,82.71048394982398
720p,1280,720,128,128,7,16,256,200.0,os,sobel,2273210.0,0.1584284,accelergy_plugin,6845810.0,0.9163264,33.205858766164994,17.289516050176008
720p,1280,720,128,128,7,16,256,200.0,ws,gaussian,3718770.0,0.48259831999999997,accelergy_plugin,4669940.0,0.59033856,79.63207236067272,81.7494151152857
720p,1280,720,128,128,7,16,256,200.0,ws,sobel,951170.0,0.10774024,accelergy_plugin,4669940.0,0.59033856,20.36792763932727,18.25058488471429
720p,1280,720,128,128,7,16,256,800.0,is,gaussian,10834090.0,1.90776,accelergy_plugin,13605520.0,2.0534559999999997,79.63010601579359,92.90483945114968
720p,1280,720,128,128,7,16,256,800.0,is,sobel,2771430.0,0.14569600000000002,accelergy_plugin,13605520.0,2.0534559999999997,20.36989398420641,7.09516054885033
720p,1280,720,128,128,7,16,256,800.0,os,gaussian,4555900.0,0.758944,accelergy_plugin,6808930.0,0.9175424,66.91065997153738,82.7148696343624
720p,1280,720,128,128,7,16,256,800.0,os,sobel,2253030.0,0.15859840000000003,accelergy_plugin,6808930.0,0.9175424,33.08934002846262,17.285130365637603
720p,1280,720,128,128,7,16,256,800.0,ws,gaussian,3702730.0,0.48275632,accelergy_plugin,4633720.0,0.5905665600000001,79.90836735927074,81.74460809294722
720p,1280,720,128,128,7,16,256,800.0,ws,sobel,930990.0,0.10781024,accelergy_plugin,4633720.0,0.5905665600000001,20.091632640729262,18.25539190705278
720p,1280,720,128,128,7,16,1024,50.0,is,gaussian,11185690.0,0.722878,accelergy_plugin,14153210.0,0.837162,79.0328837062405,86.34863980926035
720p,1280,720,128,128,7,16,1024,50.0,is,sobel,2967520.0,0.114284,accelergy_plugin,14153210.0,0.837162,20.967116293759506,13.651360190739666
720p,1280,720,128,128,7,16,1024,50.0,os,gaussian,4851990.0,0.548469,accelergy_plugin,7301110.0,0.6756614,66.45551155920127,81.17512706808469
720p,1280,720,128,128,7,16,1024,50.0,os,sobel,2449120.0,0.1271924,accelergy_plugin,7301110.0,0.6756614,33.54448844079872,18.82487293191531
720p,1280,720,128,128,7,16,1024,50.0,ws,gaussian,4054330.0,0.49027982000000003,accelergy_plugin,5284290.0,0.60142806,76.7242146059357,81.5192792966793
720p,1280,720,128,128,7,16,1024,50.0,ws,sobel,1229960.0,0.11114824,accelergy_plugin,5284290.0,0.60142806,23.27578539406429,18.480720703320692
720p,1280,720,128,128,7,16,1024,200.0,is,gaussian,10917990.0,0.723052,accelergy_plugin,13733410.0,0.83735,79.49948337667047,86.350032841703
720p,1280,720,128,128,7,16,1024,200.0,is,sobel,2815420.0,0.114298,accelergy_plugin,13733410.0,0.83735,20.500516623329528,13.649967158297008
720p,1280,720,128,128,7,16,1024,200.0,os,gaussian,4625760.0,0.548532,accelergy_plugin,6922780.0,0.6757324,66.8193991431188,81.17592111907021
720p,1280,720,128,128,7,16,1024,200.0,os,sobel,2297020.0,0.1272004,accelergy_plugin,6922780.0,0.6757324,33.18060085688119,18.824078880929786
720p,1280,720,128,128,7,16,1024,200.0,ws,gaussian,3786630.0,0.49031431999999997,accelergy_plugin,4787350.0,0.60147456,79.0965774384576,81.51871294440117
720p,1280,720,128,128,7,16,1024,200.0,ws,sobel,1000720.0,0.11116024,accelergy_plugin,4787350.0,0.60147456,20.9034225615424,18.481287055598827
720p,1280,720,128,128,7,16,1024,800.0,is,gaussian,10851060.0,0.7237600000000001,accelergy_plugin,13628460.0,0.8381200000000001,79.62058809285863,86.35517586980384
720p,1280,720,128,128,7,16,1024,800.0,is,sobel,2777400.0,0.11436,accelergy_plugin,13628460.0,0.8381200000000001,20.379411907141378,13.64482413019615
720p,1280,720,128,128,7,16,1024,800.0,os,gaussian,4569220.0,0.5487839999999999,accelergy_plugin,6828220.0,0.6760463999999999,66.91670742887604,81.17549327975121
720p,1280,720,128,128,7,16,1024,800.0,os,sobel,2259000.0,0.1272624,accelergy_plugin,6828220.0,0.6760463999999999,33.08329257112395,18.82450672024879
720p,1280,720,128,128,7,16,1024,800.0,ws,gaussian,3719700.0,0.49045232,accelergy_plugin,4663100.0,0.60167856,79.76882331496215,81.51400973968559
720p,1280,720,128,128,7,16,1024,800.0,ws,sobel,943400.0,0.11122624,accelergy_plugin,4663100.0,0.60167856,20.23117668503785,18.485990260314413
720p,1280,720,128,128,7,16,4096,50.0,is,gaussian,11805640.0,0.5036625,accelergy_plugin,14773160.0,0.6179465,79.9127607092863,81.50584233424739
720p,1280,720,128,128,7,16,4096,50.0,is,sobel,2967520.0,0.114284,accelergy_plugin,14773160.0,0.6179465,20.087239290713697,18.49415766575262
720p,1280,720,128,128,7,16,4096,50.0,os,gaussian,5471940.0,0.4944885,accelergy_plugin,7921060.0,0.6216809,69.08090583836002,79.54056494256137
720p,1280,720,128,128,7,16,4096,50.0,os,sobel,2449120.0,0.1271924,accelergy_plugin,7921060.0,0.6216809,30.919094161639983,20.459435057438633
720p,1280,720,128,128,7,16,4096,50.0,ws,gaussian,4845800.0,0.48972482,accelergy_plugin,6101860.0,0.60217806,79.41512915733891,81.32558333327522
720p,1280,720,128,128,7,16,4096,50.0,ws,sobel,1256060.0,0.11245324,accelergy_plugin,6101860.0,0.60217806,20.58487084266109,18.674416666724788
720p,1280,720,128,128,7,16,4096,200.0,is,gaussian,11072970.0,0.503676,accelergy_plugin,13888390.0,0.617974,79.72824783866237,81.50439986148285
720p,1280,720,128,128,7,16,4096,200.0,is,sobel,2815420.0,0.114298,accelergy_plugin,13888390.0,0.617974,20.271752161337638,18.495600138517155
720p,1280,720,128,128,7,16,4096,200.0,os,gaussian,4780740.0,0.494496,accelergy_plugin,7077760.0,0.6216964,67.54594674021159,79.53978823104009
720p,1280,720,128,128,7,16,4096,200.0,os,sobel,2297020.0,0.1272004,accelergy_plugin,7077760.0,0.6216964,32.45405325978841,20.460211768959898
720p,1280,720,128,128,7,16,4096,200.0,ws,gaussian,3984490.0,0.48973232,accelergy_plugin,4991710.0,0.60219256,79.82214511660332,81.32487056963971
720p,1280,720,128,128,7,16,4096,200.0,ws,sobel,1007220.0,0.11246024,accelergy_plugin,4991710.0,0.60219256,20.17785488339667,18.675129430360283
720p,1280,720,128,128,7,16,4096,800.0,is,gaussian,10889780.0,0.503728,accelergy_plugin,13667180.0,0.618088,79.67832427757592,81.49778025135579
720p,1280,720,128,128,7,16,4096,800.0,is,sobel,2777400.0,0.11436,accelergy_plugin,13667180.0,0.618088,20.321675722424086,18.502219748644208
720p,1280,720,128,128,7,16,4096,800.0,os,gaussian,4607940.0,0.494512,accelergy_plugin,6866940.0,0.6217744000000001,67.10325122980542,79.5323834496885
720p,1280,720,128,128,7,16,4096,800.0,os,sobel,2259000.0,0.1272624,accelergy_plugin,6866940.0,0.6217744000000001,32.896748770194584,20.467616550311494
720p,1280,720,128,128,7,16,4096,800.0,ws,gaussian,3769140.0,0.48974832,accelergy_plugin,4714140.0,0.60225456,79.95392584861713,81.31915514263603
720p,1280,720,128,128,7,16,4096,800.0,ws,sobel,945000.0,0.11250624000000001,accelergy_plugin,4714140.0,0.60225456,20.04607415138286,18.680844857363972
720p,1280,720,128,128,7,32,256,50.0,is,gaussian,31563390.0,2.0050968,accelergy_plugin,34435650.0,2.1464026,91.65905101254079,93.41662183972382
720p,1280,720,128,128,7,32,256,50.0,is,sobel,2872260.0,0.1413058,accelergy_plugin,34435650.0,2.1464026,8.340948987459218,6.583378160276176
720p,1280,720,128,128,7,32,256,50.0,os,gaussian,16745670.0,1.2691653999999999,accelergy_plugin,18897930.0,1.4233855999999998,88.6111336003467,89.16525500890272
720p,1280,720,128,128,7,32,256,50.0,os,sobel,2152260.0,0.1542202,accelergy_plugin,18897930.0,1.4233855999999998,11.388866399653296,10.834744991097283
720p,1280,720,128,128,7,32,256,50.0,ws,gaussian,1961940.0,0.46782172,accelergy_plugin,2996640.0,0.57555096,65.4713278872337,81.28241502715937
720p,1280,720,128,128,7,32,256,50.0,ws,sobel,1034700.0,0.10772924,accelergy_plugin,2996640.0,0.57555096,34.5286721127663,18.717584972840633
720p,1280,720,128,128,7,32,256,200.0,is,gaussian,8107110.0,2.0077728,accelergy_plugin,10898720.0,2.1491516,74.38589118722199,93.42164601138421
720p,1280,720,128,128,7,32,256,200.0,is,sobel,2791610.0,0.14137880000000003,accelergy_plugin,10898720.0,2.1491516,25.614108812778014,6.578353988615787
720p,1280,720,128,128,7,32,256,200.0,os,gaussian,4301150.0,1.2705764,accelergy_plugin,6372760.0,1.4248695999999998,67.49273470207571,89.17141610713009
720p,1280,720,128,128,7,32,256,200.0,os,sobel,2071610.0,0.1542932,accelergy_plugin,6372760.0,1.4248695999999998,32.50726529792429,10.828583892869917
720p,1280,720,128,128,7,32,256,200.0,ws,gaussian,1881290.0,0.46790072,accelergy_plugin,2835340.0,0.57565296,66.35147812960703,81.28173613491018
720p,1280,720,128,128,7,32,256,200.0,ws,sobel,954050.0,0.10775224,accelergy_plugin,2835340.0,0.57565296,33.64852187039297,18.718263865089828
720p,1280,720,128,128,7,32,256,800.0,is,gaussian,5478630.0,2.0131488,accelergy_plugin,8250060.0,2.1546976,66.40715340252072,93.43068837130556
720p,1280,720,128,128,7,32,256,800.0,is,sobel,2771430.0,0.1415488,accelergy_plugin,8250060.0,2.1546976,33.592846597479294,6.5693116286944395
720p,1280,720,128,128,7,32,256,800.0,os,gaussian,3202300.0,1.2733984,accelergy_plugin,5253730.0,1.4278496,60.952884902726254,89.18295036115849
720p,1280,720,128,128,7,32,256,800.0,os,sobel,2051430.0,0.1544512,accelergy_plugin,5253730.0,1.4278496,39.047115097273746,10.817049638841514
720p,1280,720,128,128,7,32,256,800.0,ws,gaussian,1861110.0,0.46805872,accelergy_plugin,2794980.0,0.57586896,66.58759633342636,81.27868534536051
720p,1280,720,128,128,7,32,256,800.0,ws,sobel,933870.0,0.10781024,accelergy_plugin,2794980.0,0.57586896,33.412403666573645,18.721314654639485
720p,1280,720,128,128,7,32,1024,50.0,is,gaussian,5792040.0,0.6968428,accelergy_plugin,8759560.0,0.8069826,66.12249930361799,86.35165120041002
720p,1280,720,128,128,7,32,1024,50.0,is,sobel,2967520.0,0.11013980000000001,accelergy_plugin,8759560.0,0.8069826,33.877500696382015,13.648348799589979
720p,1280,720,128,128,7,32,1024,50.0,os,gaussian,3498390.0,0.5325064,accelergy_plugin,5745910.0,0.6555606,60.88487289219636,81.22916477896933
720p,1280,720,128,128,7,32,1024,50.0,os,sobel,2247520.0,0.1230542,accelergy_plugin,5745910.0,0.6555606,39.11512710780364,18.770835221030673
720p,1280,720,128,128,7,32,1024,50.0,ws,gaussian,2174520.0,0.47558222,accelergy_plugin,3421800.0,0.58746146,63.54900929335437,80.95547578559452
720p,1280,720,128,128,7,32,1024,50.0,ws,sobel,1247280.0,0.11187923999999999,accelergy_plugin,3421800.0,0.58746146,36.45099070664563,19.044524214405484
720p,1280,720,128,128,7,32,1024,200.0,is,gaussian,5551970.0,0.6970168,accelergy_plugin,8367390.0,0.8071676,66.35247072265066,86.35341656429223
720p,1280,720,128,128,7,32,1024,200.0,is,sobel,2815420.0,0.11015080000000001,accelergy_plugin,8367390.0,0.8071676,33.64752927734933,13.646583435707777
720p,1280,720,128,128,7,32,1024,200.0,os,gaussian,3272160.0,0.5325664,accelergy_plugin,5367580.0,0.6556316,60.96155064293406,81.22951974859052
720p,1280,720,128,128,7,32,1024,200.0,os,sobel,2095420.0,0.1230652,accelergy_plugin,5367580.0,0.6556316,39.03844935706594,18.77048025140948
720p,1280,720,128,128,7,32,1024,200.0,ws,gaussian,1934450.0,0.47561672,accelergy_plugin,2941660.0,0.58751096,65.7604889756124,80.95452721426678
720p,1280,720,128,128,7,32,1024,200.0,ws,sobel,1007210.0,0.11189423999999999,accelergy_plugin,2941660.0,0.58751096,34.23951102438759,19.04547278573322
720p,1280,720,128,128,7,32,1024,800.0,is,gaussian,5491950.0,0.6977248,accelergy_plugin,8269350.0,0.8079376,66.41332148234142,86.35874849740871
720p,1280,720,128,128,7,32,1024,800.0,is,sobel,2777400.0,0.1102128,accelergy_plugin,8269350.0,0.8079376,33.586678517658584,13.64125150259129
720p,1280,720,128,128,7,32,1024,800.0,os,gaussian,3215620.0,0.5328064,accelergy_plugin,5273020.0,0.6559216,60.98251097094265,81.23019580388876
720p,1280,720,128,128,7,32,1024,800.0,os,sobel,2057400.0,0.1231152,accelergy_plugin,5273020.0,0.6559216,39.01748902905735,18.76980419611124
720p,1280,720,128,128,7,32,1024,800.0,ws,gaussian,1874430.0,0.47575471999999996,accelergy_plugin,2821620.0,0.58770896,66.43098645458991,80.9507345268311
720p,1280,720,128,128,7,32,1024,800.0,ws,sobel,947190.0,0.11195424,accelergy_plugin,2821620.0,0.58770896,33.56901354541008,19.049265473168898
720p,1280,720,128,128,7,32,4096,50.0,is,gaussian,6411990.0,0.47762730000000003,accelergy_plugin,9379510.0,0.5877671,68.36167347761237,81.26131932188788
720p,1280,720,128,128,7,32,4096,50.0,is,sobel,2967520.0,0.11013980000000001,accelergy_plugin,9379510.0,0.5877671,31.63832652238763,18.738680678112132
720p,1280,720,128,128,7,32,4096,50.0,os,gaussian,4118340.0,0.48324690000000003,accelergy_plugin,6365860.0,0.6063011,64.6941654387624,79.7041107133073
720p,1280,720,128,128,7,32,4096,50.0,os,sobel,2247520.0,0.1230542,accelergy_plugin,6365860.0,0.6063011,35.3058345612376,20.2958892866927
720p,1280,720,128,128,7,32,4096,50.0,ws,gaussian,2965990.0,0.47502722,accelergy_plugin,4519850.0,0.60223546,65.62142548978396,78.87732482574175
720p,1280,720,128,128,7,32,4096,50.0,ws,sobel,1553860.0,0.12720824,accelergy_plugin,4519850.0,0.60223546,34.37857451021605,21.12267517425826
720p,1280,720,128,128,7,32,4096,200.0,is,gaussian,5706950.0,0.4776408,accelergy_plugin,8522370.0,0.5877916,66.96435381237849,81.2602289655041
720p,1280,720,128,128,7,32,4096,200.0,is,sobel,2815420.0,0.11015080000000001,accelergy_plugin,8522370.0,0.5877916,33.03564618762152,18.739771034495902
720p,1280,720,128,128,7,32,4096,200.0,os,gaussian,3427140.0,0.48325440000000003,accelergy_plugin,5522560.0,0.6063196000000001,62.05708946575501,79.70291575598083
720p,1280,720,128,128,7,32,4096,200.0,os,sobel,2095420.0,0.1230652,accelergy_plugin,5522560.0,0.6063196000000001,37.94291053424499,20.29708424401916
720p,1280,720,128,128,7,32,4096,200.0,ws,gaussian,2132310.0,0.47503471999999997,accelergy_plugin,3216150.0,0.60225496,66.30007928734668,78.87601623073391
720p,1280,720,128,128,7,32,4096,200.0,ws,sobel,1083840.0,0.12722024,accelergy_plugin,3216150.0,0.60225496,33.699920712653324,21.123983769266093
720p,1280,720,128,128,7,32,4096,800.0,is,gaussian,5530670.0,0.4776928,accelergy_plugin,8308070.0,0.5879056,66.56985316686065,81.25331685903315
720p,1280,720,128,128,7,32,4096,800.0,is,sobel,2777400.0,0.1102128,accelergy_plugin,8308070.0,0.5879056,33.43014683313935,18.746683140966848
720p,1280,720,128,128,7,32,4096,800.0,os,gaussian,3254340.0,0.48327040000000004,accelergy_plugin,5311740.0,0.6063856000000001,61.26692948073512,79.69687934541982
720p,1280,720,128,128,7,32,4096,800.0,os,sobel,2057400.0,0.1231152,accelergy_plugin,5311740.0,0.6063856000000001,38.73307051926487,20.303120654580184
720p,1280,720,128,128,7,32,4096,800.0,ws,gaussian,1923870.0,0.47505072,accelergy_plugin,2890200.0,0.60231696,66.56528959933569,78.87055347071748
720p,1280,720,128,128,7,32,4096,800.0,ws,sobel,966330.0,0.12726624,accelergy_plugin,2890200.0,0.60231696,33.434710400664315,21.12944652928252
720p,1280,720,128,128,7,64,256,50.0,is,gaussian,31577920.0,1.9920792,accelergy_plugin,34450180.0,2.1313144,91.66256896190383,93.46716749063395
720p,1280,720,128,128,7,64,256,50.0,is,sobel,2872260.0,0.1392352,accelergy_plugin,34450180.0,2.1313144,8.337431038096172,6.5328325093660515
720p,1280,720,128,128,7,64,256,50.0,os,gaussian,31541790.0,2.0051646,accelergy_plugin,33593250.0,2.1573292,93.89323748074389,92.94662122034968
720p,1280,720,128,128,7,64,256,50.0,os,sobel,2051460.0,0.1521646,accelergy_plugin,33593250.0,2.1573292,6.1067625192561,7.05337877965032
720p,1280,720,128,128,7,64,256,50.0,ws,gaussian,1022010.0,0.46054192,accelergy_plugin,2062470.0,0.56828916,49.55272076684752,81.04006770074587
720p,1280,720,128,128,7,64,256,50.0,ws,sobel,1040460.0,0.10774724,accelergy_plugin,2062470.0,0.56828916,50.447279233152486,18.959932299254135
720p,1280,720,128,128,7,64,256,200.0,is,gaussian,7928760.0,1.9947552,accelergy_plugin,10720370.0,2.1340604,73.95976071721405,93.4722934739804
720p,1280,720,128,128,7,64,256,200.0,is,sobel,2791610.0,0.1393052,accelergy_plugin,10720370.0,2.1340604,26.040239282785947,6.5277065260196
720p,1280,720,128,128,7,64,256,200.0,os,gaussian,7929730.0,2.0078376,accelergy_plugin,9900540.0,2.1600691999999997,80.0939140693336,92.95246652283177
720p,1280,720,128,128,7,64,256,200.0,os,sobel,1970810.0,0.1522316,accelergy_plugin,9900540.0,2.1600691999999997,19.90608593066641,7.047533477168232
720p,1280,720,128,128,7,64,256,200.0,ws,gaussian,955200.0,0.46062392,accelergy_plugin,1915010.0,0.56838816,49.87963509328933,81.04037916623739
720p,1280,720,128,128,7,64,256,200.0,ws,sobel,959810.0,0.10776424,accelergy_plugin,1915010.0,0.56838816,50.12036490671067,18.959620833762617
720p,1280,720,128,128,7,64,256,800.0,is,gaussian,2755900.0,2.0001311999999998,accelergy_plugin,5527330.0,2.1396064,49.85951625830193,93.48126833047424
720p,1280,720,128,128,7,64,256,800.0,is,sobel,2771430.0,0.1394752,accelergy_plugin,5527330.0,2.1396064,50.14048374169807,6.51873166952576
720p,1280,720,128,128,7,64,256,800.0,os,gaussian,2525500.0,2.0131776,accelergy_plugin,4476130.0,2.1655552,56.42150697142397,92.96357811613392
720p,1280,720,128,128,7,64,256,800.0,os,sobel,1950630.0,0.1523776,accelergy_plugin,4476130.0,2.1655552,43.57849302857603,7.036421883866087
720p,1280,720,128,128,7,64,256,800.0,ws,gaussian,938500.0,0.46078191999999996,accelergy_plugin,1878130.0,0.5685921599999999,49.969916885412616,81.03909135855831
720p,1280,720,128,128,7,64,256,800.0,ws,sobel,939630.0,0.10781024,accelergy_plugin,1878130.0,0.5685921599999999,50.030083114587384,18.9609086414417
720p,1280,720,128,128,7,64,1024,50.0,is,gaussian,5469530.0,0.6838252,accelergy_plugin,8437050.0,0.7918944,64.82751672681802,86.35307940048573
720p,1280,720,128,128,7,64,1024,50.0,is,sobel,2967520.0,0.1080692,accelergy_plugin,8437050.0,0.7918944,35.172483273181975,13.646920599514278
720p,1280,720,128,128,7,64,1024,50.0,os,gaussian,5450260.0,0.6969106,accelergy_plugin,7596980.0,0.8179092,71.74245555470726,85.20635297903483
720p,1280,720,128,128,7,64,1024,50.0,os,sobel,2146720.0,0.1209986,accelergy_plugin,7596980.0,0.8179092,28.257544445292737,14.793647020965164
720p,1280,720,128,128,7,64,1024,50.0,ws,gaussian,1234590.0,0.46830242,accelergy_plugin,2487630.0,0.58019966,49.62916510895913,80.71401144909322
720p,1280,720,128,128,7,64,1024,50.0,ws,sobel,1253040.0,0.11189724,accelergy_plugin,2487630.0,0.58019966,50.37083489104087,19.28598855090677
720p,1280,720,128,128,7,64,1024,200.0,is,gaussian,2825760.0,0.6839992,accelergy_plugin,5641180.0,0.7920764,50.09164749219135,86.35520512920219
720p,1280,720,128,128,7,64,1024,200.0,is,sobel,2815420.0,0.1080772,accelergy_plugin,5641180.0,0.7920764,49.90835250780865,13.644794870797817
720p,1280,720,128,128,7,64,1024,200.0,os,gaussian,2595360.0,0.6970816,accelergy_plugin,4589980.0,0.8180852,56.54403722892039,85.20892444943388
720p,1280,720,128,128,7,64,1024,200.0,os,sobel,1994620.0,0.1210036,accelergy_plugin,4589980.0,0.8180852,43.45596277107961,14.791075550566127
720p,1280,720,128,128,7,64,1024,200.0,ws,gaussian,1008360.0,0.46833992,accelergy_plugin,2021330.0,0.5802461600000001,49.88596617078854,80.71400593155153
720p,1280,720,128,128,7,64,1024,200.0,ws,sobel,1012970.0,0.11190624,accelergy_plugin,2021330.0,0.5802461600000001,50.11403382921146,19.285994068448463
720p,1280,720,128,128,7,64,1024,800.0,is,gaussian,2769220.0,0.6847072000000001,accelergy_plugin,5546620.0,0.7928464000000001,49.92626139883388,86.36063681439433
720p,1280,720,128,128,7,64,1024,800.0,is,sobel,2777400.0,0.1081392,accelergy_plugin,5546620.0,0.7928464000000001,50.07373860116612,13.639363185605685
720p,1280,720,128,128,7,64,1024,800.0,os,gaussian,2538820.0,0.6977536,accelergy_plugin,4495420.0,0.8187952,56.47570193663773,85.21710923561838
720p,1280,720,128,128,7,64,1024,800.0,os,sobel,1956600.0,0.1210416,accelergy_plugin,4495420.0,0.8187952,43.52429806336227,14.782890764381621
720p,1280,720,128,128,7,64,1024,800.0,ws,gaussian,951820.0,0.46847792,accelergy_plugin,1904770.0,0.58043216,49.97033762606509,80.71191644515355
720p,1280,720,128,128,7,64,1024,800.0,ws,sobel,952950.0,0.11195424,accelergy_plugin,1904770.0,0.58043216,50.02966237393491,19.288083554846445
720p,1280,720,128,128,7,64,4096,50.0,is,gaussian,3671940.0,0.4646097,accelergy_plugin,6639460.0,0.5726789,55.30479888424661,81.12918076779152
720p,1280,720,128,128,7,64,4096,50.0,is,sobel,2967520.0,0.1080692,accelergy_plugin,6639460.0,0.5726789,44.69520111575339,18.870819232208486
720p,1280,720,128,128,7,64,4096,50.0,os,gaussian,3441540.0,0.47769510000000004,accelergy_plugin,5588260.0,0.5986937,61.58518036025525,79.78956518166135
720p,1280,720,128,128,7,64,4096,50.0,os,sobel,2146720.0,0.1209986,accelergy_plugin,5588260.0,0.5986937,38.41481963974475,20.21043481833866
720p,1280,720,128,128,7,64,4096,50.0,ws,gaussian,2026060.0,0.46774742,accelergy_plugin,4070570.0,0.61921816,49.77337326222126,75.53838860281489
720p,1280,720,128,128,7,64,4096,50.0,ws,sobel,2044510.0,0.15147074,accelergy_plugin,4070570.0,0.61921816,50.22662673777874,24.46161139718512
720p,1280,720,128,128,7,64,4096,200.0,is,gaussian,2980740.0,0.4646232,accelergy_plugin,5796160.0,0.5727004,51.426116601336055,81.12849231465528
720p,1280,720,128,128,7,64,4096,200.0,is,sobel,2815420.0,0.1080772,accelergy_plugin,5796160.0,0.5727004,48.573883398663945,18.871507685344728
720p,1280,720,128,128,7,64,4096,200.0,os,gaussian,2750340.0,0.47770559999999995,accelergy_plugin,4744960.0,0.5987091999999999,57.96339695171297,79.78925328022352
720p,1280,720,128,128,7,64,4096,200.0,os,sobel,1994620.0,0.1210036,accelergy_plugin,4744960.0,0.5987091999999999,42.03660304828703,20.21074671977648
720p,1280,720,128,128,7,64,4096,200.0,ws,gaussian,1206220.0,0.46775792,accelergy_plugin,2417050.0,0.61923616,49.904635816387746,75.53788848506521
720p,1280,720,128,128,7,64,4096,200.0,ws,sobel,1210830.0,0.15147824,accelergy_plugin,2417050.0,0.61923616,50.095364183612254,24.462111514934783
720p,1280,720,128,128,7,64,4096,800.0,is,gaussian,2807940.0,0.4646752,accelergy_plugin,5585340.0,0.5728144000000001,50.27339427859361,81.12142432173492
720p,1280,720,128,128,7,64,4096,800.0,is,sobel,2777400.0,0.1081392,accelergy_plugin,5585340.0,0.5728144000000001,49.7266057214064,18.87857567826507
720p,1280,720,128,128,7,64,4096,800.0,os,gaussian,2577540.0,0.47772159999999997,accelergy_plugin,4534140.0,0.5987631999999999,56.847384509521106,79.78472958926
720p,1280,720,128,128,7,64,4096,800.0,os,sobel,1956600.0,0.1210416,accelergy_plugin,4534140.0,0.5987631999999999,43.1526154904789,20.215270410740008
720p,1280,720,128,128,7,64,4096,800.0,ws,gaussian,1001260.0,0.46777392,accelergy_plugin,2003650.0,0.61928016,49.97180146233124,75.53510514530291
720p,1280,720,128,128,7,64,4096,800.0,ws,sobel,1002390.0,0.15150624,accelergy_plugin,2003650.0,0.61928016,50.02819853766876,24.464894854697103
720p,1280,720,128,128,7,128,256,50.0,is,gaussian,31587810.0,1.9892598,accelergy_plugin,34460070.0,2.1274672,91.6649617949122,93.50366482735903
720p,1280,720,128,128,7,128,256,50.0,is,sobel,2872260.0,0.1382074,accelergy_plugin,34460070.0,2.1274672,8.335038205087802,6.49633517264097
720p,1280,720,128,128,7,128,256,50.0,os,gaussian,31583510.0,2.0025312,accelergy_plugin,33584570.0,2.153695,94.0417280912038,92.98118814409654
720p,1280,720,128,128,7,128,256,50.0,os,sobel,2001060.0,0.1511638,accelergy_plugin,33584570.0,2.153695,5.958271908796212,7.018811855903459
720p,1280,720,128,128,7,128,256,50.0,ws,gaussian,1033530.0,0.46073092,accelergy_plugin,2085510.0,0.56851416,49.557662154580896,81.04123914873114
720p,1280,720,128,128,7,128,256,50.0,ws,sobel,1051980.0,0.10778324,accelergy_plugin,2085510.0,0.56851416,50.442337845419104,18.95876085126886
720p,1280,720,128,128,7,128,256,200.0,is,gaussian,7935250.0,1.9919328,accelergy_plugin,10726860.0,2.1302132,73.97551566814519,93.50861218961558
720p,1280,720,128,128,7,128,256,200.0,is,sobel,2791610.0,0.13828040000000003,accelergy_plugin,10726860.0,2.1302132,26.0244843318548,6.491387810384426
720p,1280,720,128,128,7,128,256,200.0,os,gaussian,7937750.0,2.0052072,accelergy_plugin,9858160.0,2.156438,80.51958986261127,92.98700913265301
720p,1280,720,128,128,7,128,256,200.0,os,sobel,1920410.0,0.1512308,accelergy_plugin,9858160.0,2.156438,19.48041013738872,7.012990867346986
720p,1280,720,128,128,7,128,256,200.0,ws,gaussian,966720.0,0.46081592,accelergy_plugin,1938050.0,0.56861616,49.88106601996852,81.04165031116948
720p,1280,720,128,128,7,128,256,200.0,ws,sobel,971330.0,0.10780024,accelergy_plugin,1938050.0,0.56861616,50.11893398003148,18.958349688830513
720p,1280,720,128,128,7,128,256,800.0,is,gaussian,2763100.0,1.9973087999999999,accelergy_plugin,5534530.0,2.1357472,49.92474519064853,93.5180343441396
720p,1280,720,128,128,7,128,256,800.0,is,sobel,2771430.0,0.1384384,accelergy_plugin,5534530.0,2.1357472,50.07525480935148,6.481965655860393
720p,1280,720,128,128,7,128,256,800.0,os,gaussian,2187100.0,2.0105472,accelergy_plugin,4087330.0,2.161936,53.50925910068432,92.99753554221772
720p,1280,720,128,128,7,128,256,800.0,os,sobel,1900230.0,0.15138880000000002,accelergy_plugin,4087330.0,2.161936,46.49074089931569,7.002464457782286
720p,1280,720,128,128,7,128,256,800.0,ws,gaussian,950020.0,0.46097392,accelergy_plugin,1901170.0,0.5688321599999999,49.97028145825991,81.03865294817368
720p,1280,720,128,128,7,128,256,800.0,ws,sobel,951150.0,0.10785824,accelergy_plugin,1901170.0,0.5688321599999999,50.02971854174009,18.961347051826326
720p,1280,720,128,128,7,128,1024,50.0,is,gaussian,5485290.0,0.6810058,accelergy_plugin,8452810.0,0.7880472000000001,64.89309472234677,86.41687959807483
720p,1280,720,128,128,7,128,1024,50.0,is,sobel,2967520.0,0.10704140000000001,accelergy_plugin,8452810.0,0.7880472000000001,35.106905277653226,13.583120401925164
720p,1280,720,128,128,7,128,1024,50.0,os,gaussian,5463090.0,0.6942771999999999,accelergy_plugin,7559410.0,0.8142749999999999,72.26873525843948,85.26323416536184
720p,1280,720,128,128,7,128,1024,50.0,os,sobel,2096320.0,0.11999779999999999,accelergy_plugin,7559410.0,0.8142749999999999,27.73126474156052,14.736765834638177
720p,1280,720,128,128,7,128,1024,50.0,ws,gaussian,1246110.0,0.46849142,accelergy_plugin,2510670.0,0.58042466,49.63256819892698,80.71528525338671
720p,1280,720,128,128,7,128,1024,50.0,ws,sobel,1264560.0,0.11193324,accelergy_plugin,2510670.0,0.58042466,50.36743180107302,19.28471474661328
720p,1280,720,128,128,7,128,1024,200.0,is,gaussian,2832960.0,0.6811768,accelergy_plugin,5648380.0,0.7882292,50.15526575761545,86.41862037082616
720p,1280,720,128,128,7,128,1024,200.0,is,sobel,2815420.0,0.10705239999999999,accelergy_plugin,5648380.0,0.7882292,49.84473424238454,13.581379629173847
720p,1280,720,128,128,7,128,1024,200.0,os,gaussian,2256960.0,0.6944512,accelergy_plugin,4201180.0,0.814454,53.722049519420736,85.26585909087561
720p,1280,720,128,128,7,128,1024,200.0,os,sobel,1944220.0,0.12000279999999999,accelergy_plugin,4201180.0,0.814454,46.277950480579264,14.734140909124394
720p,1280,720,128,128,7,128,1024,200.0,ws,gaussian,1019880.0,0.46853192,accelergy_plugin,2044370.0,0.58047416,49.88725132926036,80.7153793030167
720p,1280,720,128,128,7,128,1024,200.0,ws,sobel,1024490.0,0.11194224,accelergy_plugin,2044370.0,0.58047416,50.112748670739634,19.28462069698331
720p,1280,720,128,128,7,128,1024,800.0,is,gaussian,2776420.0,0.6818848000000001,accelergy_plugin,5553820.0,0.7889872000000001,49.991177243770956,86.42533110803318
720p,1280,720,128,128,7,128,1024,800.0,is,sobel,2777400.0,0.1071024,accelergy_plugin,5553820.0,0.7889872000000001,50.008822756229044,13.574668891966812
720p,1280,720,128,128,7,128,1024,800.0,os,gaussian,2200420.0,0.6951232,accelergy_plugin,4106620.0,0.815176,53.582264733527815,85.27277544971884
720p,1280,720,128,128,7,128,1024,800.0,os,sobel,1906200.0,0.1200528,accelergy_plugin,4106620.0,0.815176,46.417735266472185,14.727224550281164
720p,1280,720,128,128,7,128,1024,800.0,ws,gaussian,963340.0,0.46866992,accelergy_plugin,1927810.0,0.58067216,49.97069213252343,80.71162220003797
720p,1280,720,128,128,7,128,1024,800.0,ws,sobel,964470.0,0.11200224,accelergy_plugin,1927810.0,0.58067216,50.02930786747657,19.28837779996203
720p,1280,720,128,128,7,128,4096,50.0,is,gaussian,3679140.0,0.4617903,accelergy_plugin,6646660.0,0.5688317,55.35321499820963,81.18223720654105
720p,1280,720,128,128,7,128,4096,50.0,is,sobel,2967520.0,0.10704140000000001,accelergy_plugin,6646660.0,0.5688317,44.64678500179037,18.817762793458943
720p,1280,720,128,128,7,128,4096,50.0,os,gaussian,3103140.0,0.47506170000000003,accelergy_plugin,5199460.0,0.5950595000000001,59.6819669734934,79.8343190890995
720p,1280,720,128,128,7,128,4096,50.0,os,sobel,2096320.0,0.11999779999999999,accelergy_plugin,5199460.0,0.5950595000000001,40.3180330265066,20.1656809109005
720p,1280,720,128,128,7,128,4096,50.0,ws,gaussian,2095230.0,0.47081892,accelergy_plugin,4208910.0,0.62520816,49.78082211308866,75.30594610281479
720p,1280,720,128,128,7,128,4096,50.0,ws,sobel,2113680.0,0.15438924,accelergy_plugin,4208910.0,0.62520816,50.21917788691134,24.69405389718522
720p,1280,720,128,128,7,128,4096,200.0,is,gaussian,2987940.0,0.4618008,accelergy_plugin,5803360.0,0.5688532,51.486380303823985,81.18101471522003
720p,1280,720,128,128,7,128,4096,200.0,is,sobel,2815420.0,0.10705239999999999,accelergy_plugin,5803360.0,0.5688532,48.51361969617601,18.818985284779977
720p,1280,720,128,128,7,128,4096,200.0,os,gaussian,2411940.0,0.4750752,accelergy_plugin,4356160.0,0.595078,55.36848967898332,79.83410578109088
720p,1280,720,128,128,7,128,4096,200.0,os,sobel,1944220.0,0.12000279999999999,accelergy_plugin,4356160.0,0.595078,44.63151032101668,20.165894218909116
720p,1280,720,128,128,7,128,4096,200.0,ws,gaussian,1232160.0,0.47083392,accelergy_plugin,2468930.0,0.62523216,49.90663971842053,75.30545453707947
720p,1280,720,128,128,7,128,4096,200.0,ws,sobel,1236770.0,0.15439824,accelergy_plugin,2468930.0,0.62523216,50.09336028157947,24.694545462920523
720p,1280,720,128,128,7,128,4096,800.0,is,gaussian,2815140.0,0.4618528,accelergy_plugin,5592540.0,0.5689552,50.33741376905664,81.17560046907033
720p,1280,720,128,128,7,128,4096,800.0,is,sobel,2777400.0,0.1071024,accelergy_plugin,5592540.0,0.5689552,49.66258623094336,18.824399530929675
720p,1280,720,128,128,7,128,4096,800.0,os,gaussian,2239140.0,0.4750912,accelergy_plugin,4145340.0,0.595144,54.01583464806264,79.8279408008818
720p,1280,720,128,128,7,128,4096,800.0,os,sobel,1906200.0,0.1200528,accelergy_plugin,4145340.0,0.595144,45.98416535193736,20.1720591991182
720p,1280,720,128,128,7,128,4096,800.0,ws,gaussian,1016380.0,0.47084592000000003,accelergy_plugin,2033890.0,0.62528016,49.97222071990127,75.30159280921373
720p,1280,720,128,128,7,128,4096,800.0,ws,sobel,1017510.0,0.15443424,accelergy_plugin,2033890.0,0.62528016,50.02777928009873,24.698407190786288
720p,1280,720,128,128,11,8,256,50.0,os,gaussian,15641010.0,1.4582432,accelergy_plugin,18398070.0,1.610168,85.01440640241069,90.56466157568651
720p,1280,720,128,128,11,8,256,50.0,os,sobel,2757060.0,0.1519248,accelergy_plugin,18398070.0,1.610168,14.985593597589311,9.435338424313487
720p,1280,720,128,128,11,8,256,50.0,ws,gaussian,14873150.0,1.23479328,accelergy_plugin,16804450.0,1.3572561200000002,88.50721088759227,90.9771753322431
720p,1280,720,128,128,11,8,256,50.0,ws,sobel,1931300.0,0.12246284,accelergy_plugin,16804450.0,1.3572561200000002,11.492789112407726,9.022824667756884
720p,1280,720,128,128,11,8,256,200.0,os,gaussian,15574200.0,1.4587911999999998,accelergy_plugin,18250610.0,1.6107639999999999,85.33522989094611,90.56517279998808
720p,1280,720,128,128,11,8,256,200.0,os,sobel,2676410.0,0.1519728,accelergy_plugin,18250610.0,1.6107639999999999,14.66477010905389,9.43482720001192
720p,1280,720,128,128,11,8,256,200.0,ws,gaussian,14793310.0,1.23498528,accelergy_plugin,16660480.0,1.35747112,88.79281989474494,90.97691006494489
720p,1280,720,128,128,11,8,256,200.0,ws,sobel,1867170.0,0.12248584000000001,accelergy_plugin,16660480.0,1.35747112,11.207180105255071,9.02308993505512
720p,1280,720,128,128,11,8,256,800.0,os,gaussian,15557500.0,1.4599232,accelergy_plugin,18213730.0,1.612016,85.41633152572263,90.56505642623895
720p,1280,720,128,128,11,8,256,800.0,os,sobel,2656230.0,0.1520928,accelergy_plugin,18213730.0,1.612016,14.583668474277372,9.434943573761055
720p,1280,720,128,128,11,8,256,800.0,ws,gaussian,14773320.0,1.23540528,accelergy_plugin,16624450.0,1.35796112,88.86501508320576,90.97501112550262
720p,1280,720,128,128,11,8,256,800.0,ws,sobel,1851130.0,0.12255584,accelergy_plugin,16624450.0,1.35796112,11.13498491679424,9.02498887449738
720p,1280,720,128,128,11,8,1024,50.0,is,gaussian,42735660.0,2.5125008,accelergy_plugin,48504830.0,2.6498248,88.10598862010237,94.81761964036264
720p,1280,720,128,128,11,8,1024,50.0,is,sobel,5769170.0,0.137324,accelergy_plugin,48504830.0,2.6498248,11.89401137989763,5.182380359637361
720p,1280,720,128,128,11,8,1024,50.0,os,gaussian,15853590.0,1.3502767,accelergy_plugin,18705910.0,1.4857605,84.75177096436367,90.88118172478
720p,1280,720,128,128,11,8,1024,50.0,os,sobel,2852320.0,0.1354838,accelergy_plugin,18705910.0,1.4857605,15.248229035636331,9.118818275219995
720p,1280,720,128,128,11,8,1024,50.0,ws,gaussian,15108780.0,1.24209078,accelergy_plugin,17297070.0,1.3679816200000001,87.348782192591,90.79732957230814
720p,1280,720,128,128,11,8,1024,50.0,ws,sobel,2188290.0,0.12589084,accelergy_plugin,17297070.0,1.3679816200000001,12.651217807409001,9.202670427691857
720p,1280,720,128,128,11,8,1024,200.0,is,gaussian,42479090.0,2.5133168,accelergy_plugin,48068530.0,2.6506548000000003,88.37193481889294,94.81871422865021
720p,1280,720,128,128,11,8,1024,200.0,is,sobel,5589440.0,0.13733800000000002,accelergy_plugin,48068530.0,2.6506548000000003,11.628065181107058,5.181285771349781
720p,1280,720,128,128,11,8,1024,200.0,os,gaussian,15627360.0,1.3504132000000002,accelergy_plugin,18327580.0,1.4859080000000002,85.26690375925244,90.88134662442089
720p,1280,720,128,128,11,8,1024,200.0,os,sobel,2700220.0,0.1354948,accelergy_plugin,18327580.0,1.4859080000000002,14.733096240747551,9.118653375579106
720p,1280,720,128,128,11,8,1024,200.0,ws,gaussian,14852210.0,1.2421672799999999,accelergy_plugin,16783630.0,1.3680731199999998,88.49223916399491,90.79684863627757
720p,1280,720,128,128,11,8,1024,200.0,ws,sobel,1931420.0,0.12590584,accelergy_plugin,16783630.0,1.3680731199999998,11.507760836005083,9.203151363722432
720p,1280,720,128,128,11,8,1024,800.0,is,gaussian,42414940.0,2.5166047999999996,accelergy_plugin,47959450.0,2.6540047999999996,88.4391710080078,94.82291818010276
720p,1280,720,128,128,11,8,1024,800.0,is,sobel,5544510.0,0.1374,accelergy_plugin,47959450.0,2.6540047999999996,11.560828991992194,5.177081819897237
720p,1280,720,128,128,11,8,1024,800.0,os,gaussian,15570820.0,1.3509952,accelergy_plugin,18233020.0,1.486552,85.39901782590049,90.88112625727186
720p,1280,720,128,128,11,8,1024,800.0,os,sobel,2662200.0,0.1355568,accelergy_plugin,18233020.0,1.486552,14.600982174099519,9.118873742728137
720p,1280,720,128,128,11,8,1024,800.0,ws,gaussian,14788060.0,1.24250928,accelergy_plugin,16655250.0,1.36848112,88.78918058870326,90.79476960559018
720p,1280,720,128,128,11,8,1024,800.0,ws,sobel,1867190.0,0.12597184,accelergy_plugin,16655250.0,1.36848112,11.210819411296738,9.205230394409826
720p,1280,720,128,128,11,8,4096,50.0,is,gaussian,43820780.0,1.5822603,accelergy_plugin,49589950.0,1.7195843,88.36625162961447,92.01411643500118
720p,1280,720,128,128,11,8,4096,50.0,is,sobel,5769170.0,0.137324,accelergy_plugin,49589950.0,1.7195843,11.633748370385531,7.9858835649988205
720p,1280,720,128,128,11,8,4096,50.0,os,gaussian,16702710.0,1.2958916999999999,accelergy_plugin,19555030.0,1.4313755,85.41388072531721,90.53471293870825
720p,1280,720,128,128,11,8,4096,50.0,os,sobel,2852320.0,0.1354838,accelergy_plugin,19555030.0,1.4313755,14.58611927468278,9.465287061291743
720p,1280,720,128,128,11,8,4096,50.0,ws,gaussian,16193900.0,1.2821257799999999,accelergy_plugin,18408290.0,1.4093216199999998,87.97069146563858,90.97467617079485
720p,1280,720,128,128,11,8,4096,50.0,ws,sobel,2214390.0,0.12719584,accelergy_plugin,18408290.0,1.4093216199999998,12.029308534361421,9.025323829205147
720p,1280,720,128,128,11,8,4096,200.0,is,gaussian,42750370.0,1.5823188000000001,accelergy_plugin,48339810.0,1.7196568,88.43719079574372,92.01363900052615
720p,1280,720,128,128,11,8,4096,200.0,is,sobel,5589440.0,0.13733800000000002,accelergy_plugin,48339810.0,1.7196568,11.562809204256284,7.986360999473849
720p,1280,720,128,128,11,8,4096,200.0,os,gaussian,15839640.0,1.2959171999999999,accelergy_plugin,18539860.0,1.431412,85.43559660105309,90.53418582490576
720p,1280,720,128,128,11,8,4096,200.0,os,sobel,2700220.0,0.1354948,accelergy_plugin,18539860.0,1.431412,14.564403398946919,9.465814175094243
720p,1280,720,128,128,11,8,4096,200.0,ws,gaussian,15123490.0,1.28215128,accelergy_plugin,17061410.0,1.40935712,88.64150149372179,90.97419396440839
720p,1280,720,128,128,11,8,4096,200.0,ws,sobel,1937920.0,0.12720584000000001,accelergy_plugin,17061410.0,1.40935712,11.358498506278202,9.025806035591605
720p,1280,720,128,128,11,8,4096,800.0,is,gaussian,42482730.0,1.5824288,accelergy_plugin,48027240.0,1.7198288,88.45548900998683,92.01083270613913
720p,1280,720,128,128,11,8,4096,800.0,is,sobel,5544510.0,0.1374,accelergy_plugin,48027240.0,1.7198288,11.544510990013169,7.989167293860877
720p,1280,720,128,128,11,8,4096,800.0,os,gaussian,15623860.0,1.2959872,accelergy_plugin,18286060.0,1.431544,85.44136899911736,90.53072766188114
720p,1280,720,128,128,11,8,4096,800.0,os,sobel,2662200.0,0.1355568,accelergy_plugin,18286060.0,1.431544,14.558631000882642,9.469272338118843
720p,1280,720,128,128,11,8,4096,800.0,ws,gaussian,14855850.0,1.28222128,accelergy_plugin,16724640.0,1.40947312,88.82612719915048,90.97167315968395
720p,1280,720,128,128,11,8,4096,800.0,ws,sobel,1868790.0,0.12725184,accelergy_plugin,16724640.0,1.40947312,11.173872800849525,9.028326840316048
720p,1280,720,128,128,11,16,256,50.0,os,gaussian,12226890.0,1.6275414,accelergy_plugin,14580750.0,1.7858998,83.85638598837508,91.13285079039709
720p,1280,720,128,128,11,16,256,50.0,os,sobel,2353860.0,0.15835839999999998,accelergy_plugin,14580750.0,1.7858998,16.143614011624916,8.867149209602912
720p,1280,720,128,128,11,16,256,50.0,ws,gaussian,7483400.0,1.17586788,accelergy_plugin,8515220.0,1.2835881199999999,87.88263838162726,91.60788119478701
720p,1280,720,128,128,11,16,256,50.0,ws,sobel,1031820.0,0.10772024000000001,accelergy_plugin,8515220.0,1.2835881199999999,12.11736161837275,8.392118805213
720p,1280,720,128,128,11,16,256,200.0,os,gaussian,8719800.0,1.6284744,accelergy_plugin,10993010.0,1.7869028,79.32131418055656,91.13391058539949
720p,1280,720,128,128,11,16,256,200.0,os,sobel,2273210.0,0.1584284,accelergy_plugin,10993010.0,1.7869028,20.678685819443444,8.866089414600504
720p,1280,720,128,128,11,16,256,200.0,ws,gaussian,7416970.0,1.17606288,accelergy_plugin,8368140.0,1.28380312,88.63343586507874,91.60772876140074
720p,1280,720,128,128,11,16,256,200.0,ws,sobel,951170.0,0.10774024,accelergy_plugin,8368140.0,1.28380312,11.366564134921262,8.392271238599266
720p,1280,720,128,128,11,16,256,800.0,os,gaussian,8703100.0,1.6303584,accelergy_plugin,10956130.0,1.7889568,79.43589570404879,91.13458748696446
720p,1280,720,128,128,11,16,256,800.0,os,sobel,2253030.0,0.15859840000000003,accelergy_plugin,10956130.0,1.7889568,20.564104295951218,8.865412513035531
720p,1280,720,128,128,11,16,256,800.0,ws,gaussian,7400340.0,1.17647088,accelergy_plugin,8331330.0,1.2842811200000002,88.82543363424567,91.60540178306132
720p,1280,720,128,128,11,16,256,800.0,ws,sobel,930990.0,0.10781024,accelergy_plugin,8331330.0,1.2842811200000002,11.174566365754329,8.39459821693867
720p,1280,720,128,128,11,16,1024,50.0,os,gaussian,8999190.0,1.2001569,accelergy_plugin,11448310.0,1.3273493,78.60714812928721,90.41756378671387
720p,1280,720,128,128,11,16,1024,50.0,os,sobel,2449120.0,0.1271924,accelergy_plugin,11448310.0,1.3273493,21.392851870712796,9.582436213286135
720p,1280,720,128,128,11,16,1024,50.0,ws,gaussian,7825510.0,1.18316538,accelergy_plugin,9055470.0,1.2943136199999998,86.41749130635958,91.41257278896595
720p,1280,720,128,128,11,16,1024,50.0,ws,sobel,1229960.0,0.11114824,accelergy_plugin,9055470.0,1.2943136199999998,13.582508693640419,8.587427211034063
720p,1280,720,128,128,11,16,1024,200.0,os,gaussian,8772960.0,1.2002364,accelergy_plugin,11069980.0,1.3274368,79.250007678424,90.41759276223169
720p,1280,720,128,128,11,16,1024,200.0,os,sobel,2297020.0,0.1272004,accelergy_plugin,11069980.0,1.3274368,20.74999232157601,9.582407237768304
720p,1280,720,128,128,11,16,1024,200.0,ws,gaussian,7502520.0,1.18324488,accelergy_plugin,8503240.0,1.29440512,88.23130947732865,91.41225275746746
720p,1280,720,128,128,11,16,1024,200.0,ws,sobel,1000720.0,0.11116024,accelergy_plugin,8503240.0,1.29440512,11.768690522671358,8.587747242532538
720p,1280,720,128,128,11,16,1024,800.0,os,gaussian,8716420.0,1.2005663999999998,accelergy_plugin,10975420.0,1.3278287999999998,79.4176441539367,90.41575239217585
720p,1280,720,128,128,11,16,1024,800.0,os,sobel,2259000.0,0.1272624,accelergy_plugin,10975420.0,1.3278287999999998,20.582355846063294,9.584247607824143
720p,1280,720,128,128,11,16,1024,800.0,ws,gaussian,7421750.0,1.18357488,accelergy_plugin,8365150.0,1.29480112,88.72225841736251,91.40978191307096
720p,1280,720,128,128,11,16,1024,800.0,ws,sobel,943400.0,0.11122624,accelergy_plugin,8365150.0,1.29480112,11.277741582637491,8.590218086929056
720p,1280,720,128,128,11,16,4096,50.0,is,gaussian,22937350.0,1.4675211,accelergy_plugin,25904870.0,1.5818051,88.54454780124354,92.77508967444851
720p,1280,720,128,128,11,16,4096,50.0,is,sobel,2967520.0,0.114284,accelergy_plugin,25904870.0,1.5818051,11.455452198756449,7.224910325551486
720p,1280,720,128,128,11,16,4096,50.0,os,gaussian,9848310.0,1.2401919000000001,accelergy_plugin,12297430.0,1.3673843,80.08429403542041,90.69812341709643
720p,1280,720,128,128,11,16,4096,50.0,os,sobel,2449120.0,0.1271924,accelergy_plugin,12297430.0,1.3673843,19.91570596457959,9.301876582903578
720p,1280,720,128,128,11,16,4096,50.0,ws,gaussian,8674630.0,1.22320038,accelergy_plugin,9930690.0,1.33565362,87.35173487441456,91.58065846443031
720p,1280,720,128,128,11,16,4096,50.0,ws,sobel,1256060.0,0.11245324,accelergy_plugin,9930690.0,1.33565362,12.648265125585434,8.419341535569679
720p,1280,720,128,128,11,16,4096,200.0,is,gaussian,21977520.0,1.4675796,accelergy_plugin,24792940.0,1.5818776,88.64426727931419,92.77453577950658
720p,1280,720,128,128,11,16,4096,200.0,is,sobel,2815420.0,0.114298,accelergy_plugin,24792940.0,1.5818776,11.35573272068581,7.225464220493418
720p,1280,720,128,128,11,16,4096,200.0,os,gaussian,8985240.0,1.2402204,accelergy_plugin,11282260.0,1.3674207999999999,79.64042665210694,90.69778666523136
720p,1280,720,128,128,11,16,4096,200.0,os,sobel,2297020.0,0.1272004,accelergy_plugin,11282260.0,1.3674207999999999,20.359573347893065,9.302213334768638
720p,1280,720,128,128,11,16,4096,200.0,ws,gaussian,7714800.0,1.2232288800000002,accelergy_plugin,8722020.0,1.3356891200000003,88.45198703969952,91.58035815998859
720p,1280,720,128,128,11,16,4096,200.0,ws,sobel,1007220.0,0.11246024,accelergy_plugin,8722020.0,1.3356891200000003,11.54801296030048,8.419641840011392
720p,1280,720,128,128,11,16,4096,800.0,is,gaussian,21737510.0,1.4676896,accelergy_plugin,24514910.0,1.5820496,88.67056823786015,92.77140236311176
720p,1280,720,128,128,11,16,4096,800.0,is,sobel,2777400.0,0.11436,accelergy_plugin,24514910.0,1.5820496,11.329431762139857,7.228597636888249
720p,1280,720,128,128,11,16,4096,800.0,os,gaussian,8769460.0,1.2402784,accelergy_plugin,11028460.0,1.3675408,79.51663242193379,90.69406923727614
720p,1280,720,128,128,11,16,4096,800.0,os,sobel,2259000.0,0.1272624,accelergy_plugin,11028460.0,1.3675408,20.483367578066204,9.305930762723861
720p,1280,720,128,128,11,16,4096,800.0,ws,gaussian,7474790.0,1.22328688,accelergy_plugin,8419790.0,1.3357931200000002,88.77644216779753,91.57757003569535
720p,1280,720,128,128,11,16,4096,800.0,ws,sobel,945000.0,0.11250624000000001,accelergy_plugin,8419790.0,1.3357931200000002,11.223557832202466,8.422429964304651
720p,1280,720,128,128,11,32,256,50.0,os,gaussian,25654110.0,2.328962,accelergy_plugin,27806370.0,2.4831822000000003,92.2598311106412,93.78941263351517
720p,1280,720,128,128,11,32,256,50.0,os,sobel,2152260.0,0.1542202,accelergy_plugin,27806370.0,2.4831822000000003,7.740168889358805,6.210587366484827
720p,1280,720,128,128,11,32,256,50.0,ws,gaussian,3794420.0,1.1464936799999998,accelergy_plugin,4829120.0,1.25422292,78.57373600159036,91.41067841432844
720p,1280,720,128,128,11,32,256,50.0,ws,sobel,1034700.0,0.10772924,accelergy_plugin,4829120.0,1.25422292,21.42626399840965,8.58932158567155
720p,1280,720,128,128,11,32,256,200.0,os,gaussian,6650200.0,2.331136,accelergy_plugin,8721810.0,2.4854292,76.24793477500657,93.79209031582954
720p,1280,720,128,128,11,32,256,200.0,os,sobel,2071610.0,0.1542932,accelergy_plugin,8721810.0,2.4854292,23.752065224993434,6.207909684170445
720p,1280,720,128,128,11,32,256,200.0,ws,gaussian,3730290.0,1.14669168,accelergy_plugin,4684340.0,1.25444392,79.63320339684992,91.41035814498586
720p,1280,720,128,128,11,32,256,200.0,ws,sobel,954050.0,0.10775224,accelergy_plugin,4684340.0,1.25444392,20.36679660315007,8.589641855014133
720p,1280,720,128,128,11,32,256,800.0,os,gaussian,5275900.0,2.335472,accelergy_plugin,7327330.0,2.4899232000000002,72.00303521200765,93.79694923923758
720p,1280,720,128,128,11,32,256,800.0,os,sobel,2051430.0,0.1544512,accelergy_plugin,7327330.0,2.4899232000000002,27.99696478799235,6.20305076076242
720p,1280,720,128,128,11,32,256,800.0,ws,gaussian,3714250.0,1.14707568,accelergy_plugin,4648120.0,1.25488592,79.90865123964097,91.40876168249619
720p,1280,720,128,128,11,32,256,800.0,ws,sobel,933870.0,0.10781024,accelergy_plugin,4648120.0,1.25488592,20.091348760359026,8.591238317503795
720p,1280,720,128,128,11,32,1024,50.0,os,gaussian,7819530.0,1.3045835,accelergy_plugin,10067050.0,1.4276377,77.67449252760242,91.38057225583212
720p,1280,720,128,128,11,32,1024,50.0,os,sobel,2247520.0,0.1230542,accelergy_plugin,10067050.0,1.4276377,22.325507472397575,8.619427744167865
720p,1280,720,128,128,11,32,1024,50.0,ws,gaussian,4065850.0,1.15379118,accelergy_plugin,5313130.0,1.26567042,76.52457214485622,91.16047604241237
720p,1280,720,128,128,11,32,1024,50.0,ws,sobel,1247280.0,0.11187923999999999,accelergy_plugin,5313130.0,1.26567042,23.475427855143767,8.839523957587632
720p,1280,720,128,128,11,32,1024,200.0,os,gaussian,5378510.0,1.30475,accelergy_plugin,7473930.0,1.4278152000000002,71.96361218261343,91.38087337913197
720p,1280,720,128,128,11,32,1024,200.0,os,sobel,2095420.0,0.1230652,accelergy_plugin,7473930.0,1.4278152000000002,28.036387817386572,8.619126620868022
720p,1280,720,128,128,11,32,1024,200.0,ws,gaussian,3798150.0,1.15387368,accelergy_plugin,4805360.0,1.26576792,79.03986381873574,91.1599718848934
720p,1280,720,128,128,11,32,1024,200.0,ws,sobel,1007210.0,0.11189423999999999,accelergy_plugin,4805360.0,1.26576792,20.960136181264254,8.840028115106598
720p,1280,720,128,128,11,32,1024,800.0,os,gaussian,5289220.0,1.305392,accelergy_plugin,7346620.0,1.4285072,71.99528490652844,91.38154851442121
720p,1280,720,128,128,11,32,1024,800.0,os,sobel,2057400.0,0.1231152,accelergy_plugin,7346620.0,1.4285072,28.004715093471553,8.61845148557879
720p,1280,720,128,128,11,32,1024,800.0,ws,gaussian,3731220.0,1.15417968,accelergy_plugin,4678410.0,1.26613392,79.75401899363244,91.1577884273095
720p,1280,720,128,128,11,32,1024,800.0,ws,sobel,947190.0,0.11195424,accelergy_plugin,4678410.0,1.26613392,20.245981006367547,8.84221157269051
720p,1280,720,128,128,11,32,4096,50.0,is,gaussian,12150010.0,1.4101515,accelergy_plugin,15117530.0,1.5202913,80.3703382761602,92.75534892556446
720p,1280,720,128,128,11,32,4096,50.0,is,sobel,2967520.0,0.11013980000000001,accelergy_plugin,15117530.0,1.5202913,19.629661723839806,7.244651074435538
720p,1280,720,128,128,11,32,4096,50.0,os,gaussian,6421110.0,1.2124305,accelergy_plugin,8668630.0,1.3354846999999999,74.07295039700622,90.78580233828212
720p,1280,720,128,128,11,32,4096,50.0,os,sobel,2247520.0,0.1230542,accelergy_plugin,8668630.0,1.3354846999999999,25.927049602993783,9.214197661717877
720p,1280,720,128,128,11,32,4096,50.0,ws,gaussian,4914970.0,1.19382618,accelergy_plugin,6468830.0,1.3210344200000002,75.97927291333981,90.37055824783127
720p,1280,720,128,128,11,32,4096,50.0,ws,sobel,1553860.0,0.12720824,accelergy_plugin,6468830.0,1.3210344200000002,24.020727086660184,9.629441752168727
720p,1280,720,128,128,11,32,4096,200.0,is,gaussian,11245470.0,1.41021,accelergy_plugin,14060890.0,1.5203608,79.97694313802327,92.75495658662075
720p,1280,720,128,128,11,32,4096,200.0,is,sobel,2815420.0,0.11015080000000001,accelergy_plugin,14060890.0,1.5203608,20.02305686197673,7.245043413379245
720p,1280,720,128,128,11,32,4096,200.0,os,gaussian,5558040.0,1.212462,accelergy_plugin,7653460.0,1.3355272,72.62127194758972,90.78527191359336
720p,1280,720,128,128,11,32,4096,200.0,os,sobel,2095420.0,0.1230652,accelergy_plugin,7653460.0,1.3355272,27.378728052410285,9.214728086406627
720p,1280,720,128,128,11,32,4096,200.0,ws,gaussian,4010430.0,1.1938576799999998,accelergy_plugin,5094270.0,1.3210779199999998,78.7243314547521,90.3699669736362
720p,1280,720,128,128,11,32,4096,200.0,ws,sobel,1083840.0,0.12722024,accelergy_plugin,5094270.0,1.3210779199999998,21.275668545247896,9.630033026363808
720p,1280,720,128,128,11,32,4096,800.0,is,gaussian,11019300.0,1.41032,accelergy_plugin,13796700.0,1.5205328,79.86909913240122,92.75169861511702
720p,1280,720,128,128,11,32,4096,800.0,is,sobel,2777400.0,0.1102128,accelergy_plugin,13796700.0,1.5205328,20.130900867598776,7.248301384882982
720p,1280,720,128,128,11,32,4096,800.0,os,gaussian,5342260.0,1.2124959999999998,accelergy_plugin,7399660.0,1.3356111999999998,72.19601981712674,90.78210784695426
720p,1280,720,128,128,11,32,4096,800.0,os,sobel,2057400.0,0.1231152,accelergy_plugin,7399660.0,1.3356111999999998,27.803980182873268,9.217892153045739
720p,1280,720,128,128,11,32,4096,800.0,ws,gaussian,3784260.0,1.1938916800000001,accelergy_plugin,4750590.0,1.32115792,79.65873712528338,90.36706830626274
720p,1280,720,128,128,11,32,4096,800.0,ws,sobel,966330.0,0.12726624,accelergy_plugin,4750590.0,1.32115792,20.341262874716616,9.632931693737264
720p,1280,720,128,128,11,64,256,50.0,os,gaussian,44805950.0,3.2694338,accelergy_plugin,46857410.0,3.4215983999999997,95.62190910679868,95.5528211610106
720p,1280,720,128,128,11,64,256,50.0,os,sobel,2051460.0,0.1521646,accelergy_plugin,46857410.0,3.4215983999999997,4.37809089320131,4.447178838989404
720p,1280,720,128,128,11,64,256,50.0,ws,gaussian,2342640.0,1.1319790799999998,accelergy_plugin,3383100.0,1.2397263199999997,69.24536667553427,91.30878821706392
720p,1280,720,128,128,11,64,256,50.0,ws,sobel,1040460.0,0.10774724,accelergy_plugin,3383100.0,1.2397263199999997,30.754633324465726,8.691211782936094
720p,1280,720,128,128,11,64,256,200.0,os,gaussian,11337360.0,3.2732248000000004,accelergy_plugin,13308170.0,3.4254564000000003,85.19097667072182,95.55587395594934
720p,1280,720,128,128,11,64,256,200.0,os,sobel,1970810.0,0.1522316,accelergy_plugin,13308170.0,3.4254564000000003,14.809023329278181,4.444126044050655
720p,1280,720,128,128,11,64,256,200.0,ws,gaussian,1892810.0,1.13217408,accelergy_plugin,2852620.0,1.23993832,66.35338741227363,91.30890317189325
720p,1280,720,128,128,11,64,256,200.0,ws,sobel,959810.0,0.10776424,accelergy_plugin,2852620.0,1.23993832,33.64661258772637,8.69109682810674
720p,1280,720,128,128,11,64,256,800.0,os,gaussian,3720100.0,3.2808128,accelergy_plugin,5670730.0,3.4331904,65.60178319193473,95.56163270175753
720p,1280,720,128,128,11,64,256,800.0,os,sobel,1950630.0,0.1523776,accelergy_plugin,5670730.0,3.4331904,34.39821680806527,4.438367298242475
720p,1280,720,128,128,11,64,256,800.0,ws,gaussian,1872630.0,1.13257008,accelergy_plugin,2812260.0,1.24038032,66.58808218301296,91.30829163751969
720p,1280,720,128,128,11,64,256,800.0,ws,sobel,939630.0,0.10781024,accelergy_plugin,2812260.0,1.24038032,33.41191781698705,8.691708362480307
720p,1280,720,128,128,11,64,1024,50.0,os,gaussian,15165020.0,1.7724172999999999,accelergy_plugin,17311740.0,1.8934159,87.59962892233824,93.60950755721444
720p,1280,720,128,128,11,64,1024,50.0,os,sobel,2146720.0,0.1209986,accelergy_plugin,17311740.0,1.8934159,12.400371077661749,6.3904924427855505
720p,1280,720,128,128,11,64,1024,50.0,ws,gaussian,2552840.0,1.13927658,accelergy_plugin,3805880.0,1.25117382,67.07620839332822,91.05661913546112
720p,1280,720,128,128,11,64,1024,50.0,ws,sobel,1253040.0,0.11189724,accelergy_plugin,3805880.0,1.25117382,32.923791606671784,8.943380864538868
720p,1280,720,128,128,11,64,1024,200.0,os,gaussian,4119710.0,1.7728868,accelergy_plugin,6114330.0,1.8938904,67.37794656160202,93.61084464021783
720p,1280,720,128,128,11,64,1024,200.0,os,sobel,1994620.0,0.1210036,accelergy_plugin,6114330.0,1.8938904,32.62205343839799,6.389155359782171
720p,1280,720,128,128,11,64,1024,200.0,ws,gaussian,1945970.0,1.13935608,accelergy_plugin,2958940.0,1.25126232,65.765780989138,91.05653241440213
720p,1280,720,128,128,11,64,1024,200.0,ws,sobel,1012970.0,0.11190624,accelergy_plugin,2958940.0,1.25126232,34.234219010862,8.94346758559788
720p,1280,720,128,128,11,64,1024,800.0,is,gaussian,5520750.0,2.5170912,accelergy_plugin,8298150.0,2.6252304,66.52988919216934,95.88077297901167
720p,1280,720,128,128,11,64,1024,800.0,is,sobel,2777400.0,0.1081392,accelergy_plugin,8298150.0,2.6252304,33.47011080783066,4.11922702098833
720p,1280,720,128,128,11,64,1024,800.0,os,gaussian,3575620.0,1.7747648,accelergy_plugin,5532220.0,1.8958064000000001,64.63264295346171,93.61529742699464
720p,1280,720,128,128,11,64,1024,800.0,os,sobel,1956600.0,0.1210416,accelergy_plugin,5532220.0,1.8958064000000001,35.36735704653828,6.384702573005345
720p,1280,720,128,128,11,64,1024,800.0,ws,gaussian,1885950.0,1.13967408,accelergy_plugin,2838900.0,1.25162832,66.43242100813696,91.05531265064376
720p,1280,720,128,128,11,64,1024,800.0,ws,sobel,952950.0,0.11195424,accelergy_plugin,2838900.0,1.25162832,33.567578991863044,8.944687349356236
720p,1280,720,128,128,11,64,4096,50.0,is,gaussian,8899210.0,1.3814667,accelergy_plugin,11866730.0,1.4895359000000001,74.99294245339702,92.74477372448693
720p,1280,720,128,128,11,64,4096,50.0,is,sobel,2967520.0,0.1080692,accelergy_plugin,11866730.0,1.4895359000000001,25.007057546602983,7.255226275513064
720p,1280,720,128,128,11,64,4096,50.0,os,gaussian,8482310.0,1.3874523,accelergy_plugin,10629030.0,1.5084509000000001,79.80323698399572,91.97861859474511
720p,1280,720,128,128,11,64,4096,50.0,os,sobel,2146720.0,0.1209986,accelergy_plugin,10629030.0,1.5084509000000001,20.196763016004283,8.021381405254886
720p,1280,720,128,128,11,64,4096,50.0,ws,gaussian,3504220.0,1.17931158,accelergy_plugin,5548730.0,1.33078232,63.153550452085426,88.61791761706002
720p,1280,720,128,128,11,64,4096,50.0,ws,sobel,2044510.0,0.15147074,accelergy_plugin,5548730.0,1.33078232,36.84644954791457,11.382082382939984
720p,1280,720,128,128,11,64,4096,200.0,is,gaussian,5793050.0,1.3815252,accelergy_plugin,8608470.0,1.4896024,67.29476898914673,92.7445605619325
720p,1280,720,128,128,11,64,4096,200.0,is,sobel,2815420.0,0.1080772,accelergy_plugin,8608470.0,1.4896024,32.70523101085326,7.2554394380675
720p,1280,720,128,128,11,64,4096,200.0,os,gaussian,3844440.0,1.3875108,accelergy_plugin,5839060.0,1.5085144000000001,65.84004959702418,91.97862479801319
720p,1280,720,128,128,11,64,4096,200.0,os,sobel,1994620.0,0.1210036,accelergy_plugin,5839060.0,1.5085144000000001,34.15995040297582,8.021375201986803
720p,1280,720,128,128,11,64,4096,200.0,ws,gaussian,2158250.0,1.17934008,accelergy_plugin,3369080.0,1.33081832,64.06051503674594,88.61766195103175
720p,1280,720,128,128,11,64,4096,200.0,ws,sobel,1210830.0,0.15147824,accelergy_plugin,3369080.0,1.33081832,35.93948496325407,11.382338048968245
720p,1280,720,128,128,11,64,4096,800.0,is,gaussian,5573790.0,1.3816352,accelergy_plugin,8351190.0,1.4897744000000002,66.74246424761023,92.7412365254766
720p,1280,720,128,128,11,64,4096,800.0,is,sobel,2777400.0,0.1081392,accelergy_plugin,8351190.0,1.4897744000000002,33.25753575238978,7.25876347452339
720p,1280,720,128,128,11,64,4096,800.0,os,gaussian,3628660.0,1.3875968,accelergy_plugin,5585260.0,1.5086384000000002,64.96850639003377,91.97676527390526
720p,1280,720,128,128,11,64,4096,800.0,os,sobel,1956600.0,0.1210416,accelergy_plugin,5585260.0,1.5086384000000002,35.03149360996623,8.023234726094735
720p,1280,720,128,128,11,64,4096,800.0,ws,gaussian,1938990.0,1.17938608,accelergy_plugin,2941380.0,1.33089232,65.9210982600004,88.6161909777945
720p,1280,720,128,128,11,64,4096,800.0,ws,sobel,1002390.0,0.15150624,accelergy_plugin,2941380.0,1.33089232,34.07890173999959,11.383809022205492
720p,1280,720,128,128,11,128,256,50.0,ws,gaussian,2339670.0,1.12494228,accelergy_plugin,3391650.0,1.23272552,68.983238246871,91.25650939716084
720p,1280,720,128,128,11,128,256,50.0,ws,sobel,1051980.0,0.10778324,accelergy_plugin,3391650.0,1.23272552,31.016761753129007,8.743490602839147
720p,1280,720,128,128,11,128,256,200.0,ws,gaussian,966720.0,1.1251372800000001,accelergy_plugin,1938050.0,1.2329375200000001,49.88106601996852,91.25663399391074
720p,1280,720,128,128,11,128,256,200.0,ws,sobel,971330.0,0.10780024,accelergy_plugin,1938050.0,1.2329375200000001,50.11893398003148,8.743366006089262
720p,1280,720,128,128,11,128,256,800.0,ws,gaussian,950020.0,1.12553328,accelergy_plugin,1901170.0,1.23339152,49.97028145825991,91.25514986514581
720p,1280,720,128,128,11,128,256,800.0,ws,sobel,951150.0,0.10785824,accelergy_plugin,1901170.0,1.23339152,50.02971854174009,8.744850134854177
720p,1280,720,128,128,11,128,1024,50.0,ws,gaussian,2517090.0,1.13236878,accelergy_plugin,3781650.0,1.24430202,66.56062829717186,91.00433510507361
720p,1280,720,128,128,11,128,1024,50.0,ws,sobel,1264560.0,0.11193324,accelergy_plugin,3781650.0,1.24430202,33.43937170282813,8.995664894926394
720p,1280,720,128,128,11,128,1024,200.0,ws,gaussian,1019880.0,1.13245128,accelergy_plugin,2044370.0,1.24439352,49.88725132926036,91.00427331058425
720p,1280,720,128,128,11,128,1024,200.0,ws,sobel,1024490.0,0.11194224,accelergy_plugin,2044370.0,1.24439352,50.112748670739634,8.99572668941574
720p,1280,720,128,128,11,128,1024,800.0,ws,gaussian,963340.0,1.1327812800000001,accelergy_plugin,1927810.0,1.2447835200000001,49.97069213252343,91.00227162390453
720p,1280,720,128,128,11,128,1024,800.0,ws,sobel,964470.0,0.11200224,accelergy_plugin,1927810.0,1.2447835200000001,50.02930786747657,8.997728376095466
720p,1280,720,128,128,11,128,4096,50.0,is,gaussian,7683110.0,1.3671243000000002,accelergy_plugin,10650630.0,1.4741657000000001,72.13761063899507,92.73884882818805
720p,1280,720,128,128,11,128,4096,50.0,is,sobel,2967520.0,0.10704140000000001,accelergy_plugin,10650630.0,1.4741657000000001,27.862389361004936,7.261151171811961
720p,1280,720,128,128,11,128,4096,50.0,os,gaussian,7625510.0,1.3809477,accelergy_plugin,9721830.0,1.5009454999999998,78.43698151479711,92.00518606438408
720p,1280,720,128,128,11,128,4096,50.0,os,sobel,2096320.0,0.11999779999999999,accelergy_plugin,9721830.0,1.5009454999999998,21.56301848520289,7.994813935615917
720p,1280,720,128,128,11,128,4096,50.0,ws,gaussian,3420450.0,1.17240378,accelergy_plugin,5534130.0,1.32679302,61.80646280445165,88.36372835304786
720p,1280,720,128,128,11,128,4096,50.0,ws,sobel,2113680.0,0.15438924,accelergy_plugin,5534130.0,1.32679302,38.19353719554835,11.636271646952139
720p,1280,720,128,128,11,128,4096,200.0,is,gaussian,3045240.0,1.3671828,accelergy_plugin,5860660.0,1.4742351999999999,51.96070067193798,92.7384449916811
720p,1280,720,128,128,11,128,4096,200.0,is,sobel,2815420.0,0.10705239999999999,accelergy_plugin,5860660.0,1.4742351999999999,48.03929932806203,7.26155500831889
720p,1280,720,128,128,11,128,4096,200.0,os,gaussian,2987640.0,1.3810092,accelergy_plugin,4931860.0,1.501012,60.57836191619389,92.00520715357372
720p,1280,720,128,128,11,128,4096,200.0,os,sobel,1944220.0,0.12000279999999999,accelergy_plugin,4931860.0,1.501012,39.42163808380611,7.994792846426277
720p,1280,720,128,128,11,128,4096,200.0,ws,gaussian,1232160.0,1.17243528,accelergy_plugin,2468930.0,1.3268335199999999,49.90663971842053,88.36340522961767
720p,1280,720,128,128,11,128,4096,200.0,ws,sobel,1236770.0,0.15439824,accelergy_plugin,2468930.0,1.3268335199999999,50.09336028157947,11.636594770382347
720p,1280,720,128,128,11,128,4096,800.0,is,gaussian,2829460.0,1.3672928,accelergy_plugin,5606860.0,1.4743952,50.464252718990664,92.73584178787343
720p,1280,720,128,128,11,128,4096,800.0,is,sobel,2777400.0,0.1071024,accelergy_plugin,5606860.0,1.4743952,49.535747281009336,7.2641582121265715
720p,1280,720,128,128,11,128,4096,800.0,os,gaussian,2771860.0,1.3811072,accelergy_plugin,4678060.0,1.50116,59.25233964506654,92.002664606038
720p,1280,720,128,128,11,128,4096,800.0,os,sobel,1906200.0,0.1200528,accelergy_plugin,4678060.0,1.50116,40.74766035493346,7.997335393962003
720p,1280,720,128,128,11,128,4096,800.0,ws,gaussian,1016380.0,1.17249328,accelergy_plugin,2033890.0,1.3269275200000001,49.97222071990127,88.36151653558288
720p,1280,720,128,128,11,128,4096,800.0,ws,sobel,1017510.0,0.15443424,accelergy_plugin,2033890.0,1.3269275200000001,50.02777928009873,11.638483464417106
hires,2048,2048,128,128,3,8,256,50.0,is,gaussian,24586240.0,0.640628224,accelergy_plugin,50087424.0,1.423862784,49.08665296901674,44.992272513809866
hires,2048,2048,128,128,3,8,256,50.0,is,sobel,25501184.0,0.78323456,accelergy_plugin,50087424.0,1.423862784,50.91334703098327,55.00772748619013
hires,2048,2048,128,128,3,8,256,50.0,os,gaussian,12443648.0,0.590414848,accelergy_plugin,24971264.0,1.2898816,49.83187074550972,45.772794030087724
hires,2048,2048,128,128,3,8,256,50.0,os,sobel,12527616.0,0.699466752,accelergy_plugin,24971264.0,1.2898816,50.16812925449028,54.227205969912276
hires,2048,2048,128,128,3,8,256,50.0,ws,gaussian,8868864.0,0.45212672,accelergy_plugin,17604096.0,1.0091294720000001,50.3795480324579,44.80363843738774
hires,2048,2048,128,128,3,8,256,50.0,ws,sobel,8735232.0,0.557002752,accelergy_plugin,17604096.0,1.0091294720000001,49.6204519675421,55.19636156261225
hires,2048,2048,128,128,3,8,256,200.0,is,gaussian,24234240.0,0.640999424,accelergy_plugin,49483776.0,1.424605184,48.97411224236404,44.99488217501811
hires,2048,2048,128,128,3,8,256,200.0,is,sobel,25249536.0,0.78360576,accelergy_plugin,49483776.0,1.424605184,51.02588775763596,55.00511782498189
hires,2048,2048,128,128,3,8,256,200.0,os,gaussian,12154624.0,0.590645248,accelergy_plugin,24330240.0,1.2903424000000001,49.95686026936027,45.77430362669629
hires,2048,2048,128,128,3,8,256,200.0,os,sobel,12175616.0,0.699697152,accelergy_plugin,24330240.0,1.2903424000000001,50.04313973063973,54.2256963733037
hires,2048,2048,128,128,3,8,256,200.0,ws,gaussian,8516864.0,0.45222912,accelergy_plugin,17000448.0,1.009334272,50.09787977352126,44.80469281043099
hires,2048,2048,128,128,3,8,256,200.0,ws,sobel,8483584.0,0.557105152,accelergy_plugin,17000448.0,1.009334272,49.902120226478736,55.19530718956901
hires,2048,2048,128,128,3,8,256,800.0,is,gaussian,24146176.0,0.641818624,accelergy_plugin,49332736.0,1.4262435839999998,48.94554398928938,45.000631813534596
hires,2048,2048,128,128,3,8,256,800.0,is,sobel,25186560.0,0.78442496,accelergy_plugin,49332736.0,1.4262435839999998,51.05445601071062,54.999368186465404
hires,2048,2048,128,128,3,8,256,800.0,os,gaussian,12082432.0,0.591208448,accelergy_plugin,24169984.0,1.2914688,49.9894083504565,45.77798921661909
hires,2048,2048,128,128,3,8,256,800.0,os,sobel,12087552.0,0.700260352,accelergy_plugin,24169984.0,1.2914688,50.0105916495435,54.2220107833809
hires,2048,2048,128,128,3,8,256,800.0,ws,gaussian,8428800.0,0.45253632,accelergy_plugin,16849408.0,1.0099486720000002,50.02430945941839,44.80785336385886
hires,2048,2048,128,128,3,8,256,800.0,ws,sobel,8420608.0,0.557412352,accelergy_plugin,16849408.0,1.0099486720000002,49.9756905405816,55.192146636141125
hires,2048,2048,128,128,3,8,1024,50.0,is,gaussian,25039872.0,0.482369024,accelergy_plugin,51296000.0,1.107344384,48.814472863381155,43.56088593302515
hires,2048,2048,128,128,3,8,1024,50.0,is,sobel,26256128.0,0.62497536,accelergy_plugin,51296000.0,1.107344384,51.18552713661884,56.43911406697485
hires,2048,2048,128,128,3,8,1024,50.0,os,gaussian,12897280.0,0.507547648,accelergy_plugin,25878528.0,1.1241472,49.837765115542894,45.14957187101476
hires,2048,2048,128,128,3,8,1024,50.0,os,sobel,12981248.0,0.616599552,accelergy_plugin,25878528.0,1.1241472,50.1622348844571,54.85042812898525
hires,2048,2048,128,128,3,8,1024,50.0,ws,gaussian,9775872.0,0.46732032,accelergy_plugin,19719424.0,1.039516672,49.57483545158317,44.955538721749335
hires,2048,2048,128,128,3,8,1024,50.0,ws,sobel,9943552.0,0.572196352,accelergy_plugin,19719424.0,1.039516672,50.42516454841683,55.044461278250665
hires,2048,2048,128,128,3,8,1024,200.0,is,gaussian,24347648.0,0.482433024,accelergy_plugin,49785856.0,1.107472384,48.90474917213435,43.561630156188166
hires,2048,2048,128,128,3,8,1024,200.0,is,sobel,25438208.0,0.62503936,accelergy_plugin,49785856.0,1.107472384,51.09525082786565,56.43836984381184
hires,2048,2048,128,128,3,8,1024,200.0,os,gaussian,12268032.0,0.507598848,accelergy_plugin,24557056.0,1.1242496,49.95725872026354,45.15001366244649
hires,2048,2048,128,128,3,8,1024,200.0,os,sobel,12289024.0,0.616650752,accelergy_plugin,24557056.0,1.1242496,50.04274127973647,54.84998633755352
hires,2048,2048,128,128,3,8,1024,200.0,ws,gaussian,8743680.0,0.46738432,accelergy_plugin,17529344.0,1.039644672,49.88024651692613,44.956159790717415
hires,2048,2048,128,128,3,8,1024,200.0,ws,sobel,8785664.0,0.572260352,accelergy_plugin,17529344.0,1.039644672,50.11975348307387,55.04384020928258
hires,2048,2048,128,128,3,8,1024,800.0,is,gaussian,24174592.0,0.482689024,accelergy_plugin,49408256.0,1.1079843839999999,48.928243895109354,43.56460532931122
hires,2048,2048,128,128,3,8,1024,800.0,is,sobel,25233664.0,0.62529536,accelergy_plugin,49408256.0,1.1079843839999999,51.07175610489065,56.43539467068879
hires,2048,2048,128,128,3,8,1024,800.0,os,gaussian,12110848.0,0.507854848,accelergy_plugin,24226816.0,1.1247616,49.98943319666934,45.15222141296431
hires,2048,2048,128,128,3,8,1024,800.0,os,sobel,12115968.0,0.616906752,accelergy_plugin,24226816.0,1.1247616,50.01056680333066,54.84777858703569
hires,2048,2048,128,128,3,8,1024,800.0,ws,gaussian,8485632.0,0.46769152,accelergy_plugin,16981760.0,1.040259072,49.969096253862965,44.9591387942253
hires,2048,2048,128,128,3,8,1024,800.0,ws,sobel,8496128.0,0.572567552,accelergy_plugin,16981760.0,1.040259072,50.030903746137035,55.0408612057747
hires,2048,2048,128,128,3,8,4096,50.0,is,gaussian,25039872.0,0.482369024,accelergy_plugin,51296000.0,1.107344384,48.814472863381155,43.56088593302515
hires,2048,2048,128,128,3,8,4096,50.0,is,sobel,26256128.0,0.62497536,accelergy_plugin,51296000.0,1.107344384,51.18552713661884,56.43911406697485
hires,2048,2048,128,128,3,8,4096,50.0,os,gaussian,12897280.0,0.507547648,accelergy_plugin,25878528.0,1.1241472,49.837765115542894,45.14957187101476
hires,2048,2048,128,128,3,8,4096,50.0,os,sobel,12981248.0,0.616599552,accelergy_plugin,25878528.0,1.1241472,50.1622348844571,54.85042812898525
hires,2048,2048,128,128,3,8,4096,50.0,ws,gaussian,9909504.0,0.47400192,accelergy_plugin,19986688.0,1.052879872,49.58052079464091,45.01956325745013
hires,2048,2048,128,128,3,8,4096,50.0,ws,sobel,10077184.0,0.578877952,accelergy_plugin,19986688.0,1.052879872,50.41947920535909,54.98043674254986
hires,2048,2048,128,128,3,8,4096,200.0,is,gaussian,24347648.0,0.482433024,accelergy_plugin,49785856.0,1.107472384,48.90474917213435,43.561630156188166
hires,2048,2048,128,128,3,8,4096,200.0,is,sobel,25438208.0,0.62503936,accelergy_plugin,49785856.0,1.107472384,51.09525082786565,56.43836984381184
hires,2048,2048,128,128,3,8,4096,200.0,os,gaussian,12268032.0,0.507598848,accelergy_plugin,24557056.0,1.1242496,49.95725872026354,45.15001366244649
hires,2048,2048,128,128,3,8,4096,200.0,os,sobel,12289024.0,0.616650752,accelergy_plugin,24557056.0,1.1242496,50.04274127973647,54.84998633755352
hires,2048,2048,128,128,3,8,4096,200.0,ws,gaussian,8776960.0,0.47404032,accelergy_plugin,17595904.0,1.052956672,49.880699508249194,45.01992651792609
hires,2048,2048,128,128,3,8,4096,200.0,ws,sobel,8818944.0,0.578916352,accelergy_plugin,17595904.0,1.052956672,50.119300491750806,54.98007348207391
hires,2048,2048,128,128,3,8,4096,800.0,is,gaussian,24174592.0,0.482689024,accelergy_plugin,49408256.0,1.1079843839999999,48.928243895109354,43.56460532931122
hires,2048,2048,128,128,3,8,4096,800.0,is,sobel,25233664.0,0.62529536,accelergy_plugin,49408256.0,1.1079843839999999,51.07175610489065,56.43539467068879
hires,2048,2048,128,128,3,8,4096,800.0,os,gaussian,12110848.0,0.507854848,accelergy_plugin,24226816.0,1.1247616,49.98943319666934,45.15222141296431
hires,2048,2048,128,128,3,8,4096,800.0,os,sobel,12115968.0,0.616906752,accelergy_plugin,24226816.0,1.1247616,50.01056680333066,54.84777858703569
hires,2048,2048,128,128,3,8,4096,800.0,ws,gaussian,8493824.0,0.47424512,accelergy_plugin,16998144.0,1.053366272,49.969126041054835,45.02186301252675
hires,2048,2048,128,128,3,8,4096,800.0,ws,sobel,8504320.0,0.579121152,accelergy_plugin,16998144.0,1.053366272,50.030873958945165,54.978136987473235
hires,2048,2048,128,128,3,16,256,50.0,is,gaussian,12705792.0,0.588199424,accelergy_plugin,25757696.0,1.266576384,49.32813866581856,46.4401066868463
hires,2048,2048,128,128,3,16,256,50.0,is,sobel,13051904.0,0.67837696,accelergy_plugin,25757696.0,1.266576384,50.67186133418144,53.55989331315371
hires,2048,2048,128,128,3,16,256,50.0,os,gaussian,10608640.0,0.64694528,accelergy_plugin,21301248.0,1.384068096,49.802903566964716,46.7423013267694
hires,2048,2048,128,128,3,16,256,50.0,os,sobel,10692608.0,0.737122816,accelergy_plugin,21301248.0,1.384068096,50.197096433035284,53.25769867323059
hires,2048,2048,128,128,3,16,256,50.0,ws,gaussian,4591104.0,0.418585088,accelergy_plugin,9266176.0,0.908491776,49.54691126091281,46.07472506168289
hires,2048,2048,128,128,3,16,256,50.0,ws,sobel,4675072.0,0.489906688,accelergy_plugin,9266176.0,0.908491776,50.45308873908719,53.9252749383171
hires,2048,2048,128,128,3,16,256,200.0,is,gaussian,12416768.0,0.588570624,accelergy_plugin,25116672.0,1.267318784,49.43635844748858,46.442192085428765
hires,2048,2048,128,128,3,16,256,200.0,is,sobel,12699904.0,0.67874816,accelergy_plugin,25116672.0,1.267318784,50.56364155251142,53.55780791457124
hires,2048,2048,128,128,3,16,256,200.0,os,gaussian,10319616.0,0.64729088,accelergy_plugin,20660224.0,1.384759296,49.949197065820776,46.74392740093944
hires,2048,2048,128,128,3,16,256,200.0,os,sobel,10340608.0,0.737468416,accelergy_plugin,20660224.0,1.384759296,50.05080293417923,53.256072599060566
hires,2048,2048,128,128,3,16,256,200.0,ws,gaussian,4302080.0,0.418674688,accelergy_plugin,8625152.0,0.908670976,49.87830939095334,46.075499169459555
hires,2048,2048,128,128,3,16,256,200.0,ws,sobel,4323072.0,0.489996288,accelergy_plugin,8625152.0,0.908670976,50.12169060904665,53.924500830540445
hires,2048,2048,128,128,3,16,256,800.0,is,gaussian,12344576.0,0.589389824,accelergy_plugin,24956416.0,1.268957184,49.46453849783558,46.4467857096745
hires,2048,2048,128,128,3,16,256,800.0,is,sobel,12611840.0,0.67956736,accelergy_plugin,24956416.0,1.268957184,50.53546150216442,53.55321429032549
hires,2048,2048,128,128,3,16,256,800.0,os,gaussian,10247424.0,0.64811008,accelergy_plugin,20499968.0,1.386397696,49.987512175628765,46.747775322327136
hires,2048,2048,128,128,3,16,256,800.0,os,sobel,10252544.0,0.738287616,accelergy_plugin,20499968.0,1.386397696,50.01248782437124,53.252224677672864
hires,2048,2048,128,128,3,16,256,800.0,ws,gaussian,4229888.0,0.418981888,accelergy_plugin,8464896.0,0.909285376,49.96975745478739,46.078150936851756
hires,2048,2048,128,128,3,16,256,800.0,ws,sobel,4235008.0,0.490303488,accelergy_plugin,8464896.0,0.909285376,50.0302425452126,53.921849063148244
hires,2048,2048,128,128,3,16,1024,50.0,is,gaussian,13159424.0,0.429940224,accelergy_plugin,26664960.0,0.950057984,49.35099846390169,45.254103564272555
hires,2048,2048,128,128,3,16,1024,50.0,is,sobel,13505536.0,0.52011776,accelergy_plugin,26664960.0,0.950057984,50.64900153609832,54.745896435727445
hires,2048,2048,128,128,3,16,1024,50.0,os,gaussian,11062272.0,0.48868608,accelergy_plugin,22208512.0,1.067549696,49.81095536702324,45.77642444478764
hires,2048,2048,128,128,3,16,1024,50.0,os,sobel,11146240.0,0.578863616,accelergy_plugin,22208512.0,1.067549696,50.18904463297677,54.22357555521238
hires,2048,2048,128,128,3,16,1024,50.0,ws,gaussian,5498112.0,0.433778688,accelergy_plugin,11080192.0,0.938878976,49.62108959844739,46.20176818188759
hires,2048,2048,128,128,3,16,1024,50.0,ws,sobel,5582080.0,0.505100288,accelergy_plugin,11080192.0,0.938878976,50.37891040155261,53.798231818112406
hires,2048,2048,128,128,3,16,1024,200.0,is,gaussian,12530176.0,0.430004224,accelergy_plugin,25343488.0,0.950185984,49.44140285662337,45.25474288620953
hires,2048,2048,128,128,3,16,1024,200.0,is,sobel,12813312.0,0.52018176,accelergy_plugin,25343488.0,0.950185984,50.55859714337664,54.74525711379048
hires,2048,2048,128,128,3,16,1024,200.0,os,gaussian,10433024.0,0.48872448,accelergy_plugin,20887040.0,1.067626496,49.949748743718594,45.776728268834574
hires,2048,2048,128,128,3,16,1024,200.0,os,sobel,10454016.0,0.578902016,accelergy_plugin,20887040.0,1.067626496,50.050251256281406,54.22327173116543
hires,2048,2048,128,128,3,16,1024,200.0,ws,gaussian,4528896.0,0.433829888,accelergy_plugin,9078784.0,0.938981376,49.88438980374465,46.20218239557501
hires,2048,2048,128,128,3,16,1024,200.0,ws,sobel,4549888.0,0.505151488,accelergy_plugin,9078784.0,0.938981376,50.11561019625535,53.79781760442499
hires,2048,2048,128,128,3,16,1024,800.0,is,gaussian,12372992.0,0.430260224,accelergy_plugin,25013248.0,0.950697984,49.465755107053674,45.257298452417885
hires,2048,2048,128,128,3,16,1024,800.0,is,sobel,12640256.0,0.52043776,accelergy_plugin,25013248.0,0.950697984,50.53424489294633,54.742701547582115
hires,2048,2048,128,128,3,16,1024,800.0,os,gaussian,10275840.0,0.48898048,accelergy_plugin,20556800.0,1.068138496,49.987546699875466,45.77875264594901
hires,2048,2048,128,128,3,16,1024,800.0,os,sobel,10280960.0,0.579158016,accelergy_plugin,20556800.0,1.068138496,50.012453300124534,54.221247354050995
hires,2048,2048,128,128,3,16,1024,800.0,ws,gaussian,4286720.0,0.434137088,accelergy_plugin,8578560.0,0.939595776,49.97015816174276,46.204665781724415
hires,2048,2048,128,128,3,16,1024,800.0,ws,sobel,4291840.0,0.505458688,accelergy_plugin,8578560.0,0.939595776,50.02984183825724,53.79533421827559
hires,2048,2048,128,128,3,16,4096,50.0,is,gaussian,13159424.0,0.429940224,accelergy_plugin,26664960.0,0.950057984,49.35099846390169,45.254103564272555
hires,2048,2048,128,128,3,16,4096,50.0,is,sobel,13505536.0,0.52011776,accelergy_plugin,26664960.0,0.950057984,50.64900153609832,54.745896435727445
hires,2048,2048,128,128,3,16,4096,50.0,os,gaussian,11062272.0,0.48868608,accelergy_plugin,22208512.0,1.067549696,49.81095536702324,45.77642444478764
hires,2048,2048,128,128,3,16,4096,50.0,os,sobel,11146240.0,0.578863616,accelergy_plugin,22208512.0,1.067549696,50.18904463297677,54.22357555521238
hires,2048,2048,128,128,3,16,4096,50.0,ws,gaussian,5631744.0,0.440460288,accelergy_plugin,11347456.0,0.9522421759999999,49.63001398727609,46.25507030682077
hires,2048,2048,128,128,3,16,4096,50.0,ws,sobel,5715712.0,0.511781888,accelergy_plugin,11347456.0,0.9522421759999999,50.36998601272391,53.74492969317923
hires,2048,2048,128,128,3,16,4096,200.0,is,gaussian,12530176.0,0.430004224,accelergy_plugin,25343488.0,0.950185984,49.44140285662337,45.25474288620953
hires,2048,2048,128,128,3,16,4096,200.0,is,sobel,12813312.0,0.52018176,accelergy_plugin,25343488.0,0.950185984,50.55859714337664,54.74525711379048
hires,2048,2048,128,128,3,16,4096,200.0,os,gaussian,10433024.0,0.48872448,accelergy_plugin,20887040.0,1.067626496,49.949748743718594,45.776728268834574
hires,2048,2048,128,128,3,16,4096,200.0,os,sobel,10454016.0,0.578902016,accelergy_plugin,20887040.0,1.067626496,50.050251256281406,54.22327173116543
hires,2048,2048,128,128,3,16,4096,200.0,ws,gaussian,4562176.0,0.440485888,accelergy_plugin,9145344.0,0.952293376,49.885231217108945,46.25527165275589
hires,2048,2048,128,128,3,16,4096,200.0,ws,sobel,4583168.0,0.511807488,accelergy_plugin,9145344.0,0.952293376,50.11476878289105,53.74472834724412
hires,2048,2048,128,128,3,16,4096,800.0,is,gaussian,12372992.0,0.430260224,accelergy_plugin,25013248.0,0.950697984,49.465755107053674,45.257298452417885
hires,2048,2048,128,128,3,16,4096,800.0,is,sobel,12640256.0,0.52043776,accelergy_plugin,25013248.0,0.950697984,50.53424489294633,54.742701547582115
hires,2048,2048,128,128,3,16,4096,800.0,os,gaussian,10275840.0,0.48898048,accelergy_plugin,20556800.0,1.068138496,49.987546699875466,45.77875264594901
hires,2048,2048,128,128,3,16,4096,800.0,os,sobel,10280960.0,0.579158016,accelergy_plugin,20556800.0,1.068138496,50.012453300124534,54.221247354050995
hires,2048,2048,128,128,3,16,4096,800.0,ws,gaussian,4294912.0,0.440690688,accelergy_plugin,8594944.0,0.952702976,49.970215047358074,46.256881641146464
hires,2048,2048,128,128,3,16,4096,800.0,ws,sobel,4300032.0,0.512012288,accelergy_plugin,8594944.0,0.952702976,50.02978495264192,53.743118358853536
hires,2048,2048,128,128,3,32,256,50.0,is,gaussian,12836864.0,0.57876224,accelergy_plugin,25888768.0,1.238277632,49.58468475595285,46.73929537637
hires,2048,2048,128,128,3,32,256,50.0,is,sobel,13051904.0,0.659515392,accelergy_plugin,25888768.0,1.238277632,50.41531524404714,53.26070462363
hires,2048,2048,128,128,3,32,256,50.0,os,gaussian,9691136.0,0.637546496,accelergy_plugin,19466240.0,1.355833344,49.78432403997896,47.02248243276719
hires,2048,2048,128,128,3,32,256,50.0,os,sobel,9775104.0,0.718286848,accelergy_plugin,19466240.0,1.355833344,50.215675960021045,52.9775175672328
hires,2048,2048,128,128,3,32,256,50.0,ws,gaussian,4603392.0,0.418623488,accelergy_plugin,9290752.0,0.908568576,49.54810977625923,46.07505685954958
hires,2048,2048,128,128,3,32,256,50.0,ws,sobel,4687360.0,0.489945088,accelergy_plugin,9290752.0,0.908568576,50.45189022374077,53.92494314045041
hires,2048,2048,128,128,3,32,256,200.0,is,gaussian,12547840.0,0.57913344,accelergy_plugin,25247744.0,1.239007232,49.698856262167425,46.74173201274744
hires,2048,2048,128,128,3,32,256,200.0,is,sobel,12699904.0,0.659873792,accelergy_plugin,25247744.0,1.239007232,50.301143737832575,53.25826798725255
hires,2048,2048,128,128,3,32,256,200.0,os,gaussian,9402112.0,0.637904896,accelergy_plugin,18825216.0,1.3565501439999998,49.94424499564839,47.024055750643896
hires,2048,2048,128,128,3,32,256,200.0,os,sobel,9423104.0,0.718645248,accelergy_plugin,18825216.0,1.3565501439999998,50.05575500435161,52.97594424935611
hires,2048,2048,128,128,3,32,256,200.0,ws,gaussian,4314368.0,0.418725888,accelergy_plugin,8649728.0,0.908773376,49.878655143838046,46.07594137969112
hires,2048,2048,128,128,3,32,256,200.0,ws,sobel,4335360.0,0.490047488,accelergy_plugin,8649728.0,0.908773376,50.121344856161954,53.92405862030888
hires,2048,2048,128,128,3,32,256,800.0,is,gaussian,12475648.0,0.57995264,accelergy_plugin,25087488.0,1.240645632,49.72856588909978,46.74603489032394
hires,2048,2048,128,128,3,32,256,800.0,is,sobel,12611840.0,0.660692992,accelergy_plugin,25087488.0,1.240645632,50.27143411090022,53.25396510967605
hires,2048,2048,128,128,3,32,256,800.0,os,gaussian,9329920.0,0.638672896,accelergy_plugin,18664960.0,1.358086144,49.98628446029351,47.027421553606544
hires,2048,2048,128,128,3,32,256,800.0,os,sobel,9335040.0,0.719413248,accelergy_plugin,18664960.0,1.358086144,50.01371553970648,52.97257844639345
hires,2048,2048,128,128,3,32,256,800.0,ws,gaussian,4242176.0,0.418981888,accelergy_plugin,8489472.0,0.909285376,49.96984500331705,46.078150936851756
hires,2048,2048,128,128,3,32,256,800.0,ws,sobel,4247296.0,0.490303488,accelergy_plugin,8489472.0,0.909285376,50.03015499668295,53.921849063148244
hires,2048,2048,128,128,3,32,1024,50.0,is,gaussian,13290496.0,0.42050304,accelergy_plugin,26796032.0,0.9217592320000001,49.5987465606848,45.61961794378859
hires,2048,2048,128,128,3,32,1024,50.0,is,sobel,13505536.0,0.501256192,accelergy_plugin,26796032.0,0.9217592320000001,50.4012534393152,54.380382056211396
hires,2048,2048,128,128,3,32,1024,50.0,os,gaussian,10144768.0,0.479287296,accelergy_plugin,20373504.0,1.039314944,49.79392842782469,46.1156936852435
hires,2048,2048,128,128,3,32,1024,50.0,os,sobel,10228736.0,0.560027648,accelergy_plugin,20373504.0,1.039314944,50.20607157217532,53.8843063147565
hires,2048,2048,128,128,3,32,1024,50.0,ws,gaussian,5510400.0,0.433817088,accelergy_plugin,11104768.0,0.938955776,49.62192816635161,46.2020788506231
hires,2048,2048,128,128,3,32,1024,50.0,ws,sobel,5594368.0,0.505138688,accelergy_plugin,11104768.0,0.938955776,50.3780718336484,53.79792114937689
hires,2048,2048,128,128,3,32,1024,200.0,is,gaussian,12661248.0,0.42056704,accelergy_plugin,25474560.0,0.921874432,49.70153753391619,45.620859566262496
hires,2048,2048,128,128,3,32,1024,200.0,is,sobel,12813312.0,0.501307392,accelergy_plugin,25474560.0,0.921874432,50.29846246608381,54.379140433737504
hires,2048,2048,128,128,3,32,1024,200.0,os,gaussian,9515520.0,0.479338496,accelergy_plugin,19052032.0,1.0394173439999999,49.94490876353767,46.116076354408044
hires,2048,2048,128,128,3,32,1024,200.0,os,sobel,9536512.0,0.560078848,accelergy_plugin,19052032.0,1.0394173439999999,50.05509123646233,53.88392364559197
hires,2048,2048,128,128,3,32,1024,200.0,ws,gaussian,4541184.0,0.433881088,accelergy_plugin,9103360.0,0.939083776,49.884701912260965,46.20259651892868
hires,2048,2048,128,128,3,32,1024,200.0,ws,sobel,4562176.0,0.505202688,accelergy_plugin,9103360.0,0.939083776,50.115298087739035,53.79740348107131
hires,2048,2048,128,128,3,32,1024,800.0,is,gaussian,12504064.0,0.42082304,accelergy_plugin,25144320.0,0.9223864319999999,49.72917939319894,45.62329034779211
hires,2048,2048,128,128,3,32,1024,800.0,is,sobel,12640256.0,0.501563392,accelergy_plugin,25144320.0,0.9223864319999999,50.27082060680106,54.3767096522079
hires,2048,2048,128,128,3,32,1024,800.0,os,gaussian,9358336.0,0.479543296,accelergy_plugin,18721792.0,1.039826944,49.98632609527977,46.11760627737686
hires,2048,2048,128,128,3,32,1024,800.0,os,sobel,9363456.0,0.560283648,accelergy_plugin,18721792.0,1.039826944,50.013673904720235,53.882393722623135
hires,2048,2048,128,128,3,32,1024,800.0,ws,gaussian,4299008.0,0.434137088,accelergy_plugin,8603136.0,0.939595776,49.970243408915074,46.204665781724415
hires,2048,2048,128,128,3,32,1024,800.0,ws,sobel,4304128.0,0.505458688,accelergy_plugin,8603136.0,0.939595776,50.029756591084926,53.79533421827559
hires,2048,2048,128,128,3,32,4096,50.0,is,gaussian,13290496.0,0.42050304,accelergy_plugin,26796032.0,0.9217592320000001,49.5987465606848,45.61961794378859
hires,2048,2048,128,128,3,32,4096,50.0,is,sobel,13505536.0,0.501256192,accelergy_plugin,26796032.0,0.9217592320000001,50.4012534393152,54.380382056211396
hires,2048,2048,128,128,3,32,4096,50.0,os,gaussian,10144768.0,0.479287296,accelergy_plugin,20373504.0,1.039314944,49.79392842782469,46.1156936852435
hires,2048,2048,128,128,3,32,4096,50.0,os,sobel,10228736.0,0.560027648,accelergy_plugin,20373504.0,1.039314944,50.20607157217532,53.8843063147565
hires,2048,2048,128,128,3,32,4096,50.0,ws,gaussian,6986240.0,0.507609088,accelergy_plugin,14056448.0,1.086539776,49.7013185692431,46.71794804132418
hires,2048,2048,128,128,3,32,4096,50.0,ws,sobel,7070208.0,0.578930688,accelergy_plugin,14056448.0,1.086539776,50.2986814307569,53.28205195867584
hires,2048,2048,128,128,3,32,4096,200.0,is,gaussian,12661248.0,0.42056704,accelergy_plugin,25474560.0,0.921874432,49.70153753391619,45.620859566262496
hires,2048,2048,128,128,3,32,4096,200.0,is,sobel,12813312.0,0.501307392,accelergy_plugin,25474560.0,0.921874432,50.29846246608381,54.379140433737504
hires,2048,2048,128,128,3,32,4096,200.0,os,gaussian,9515520.0,0.479338496,accelergy_plugin,19052032.0,1.0394173439999999,49.94490876353767,46.116076354408044
hires,2048,2048,128,128,3,32,4096,200.0,os,sobel,9536512.0,0.560078848,accelergy_plugin,19052032.0,1.0394173439999999,50.05509123646233,53.88392364559197
hires,2048,2048,128,128,3,32,4096,200.0,ws,gaussian,4910080.0,0.507660288,accelergy_plugin,9841152.0,1.0866421759999998,49.89334581967639,46.71825732631972
hires,2048,2048,128,128,3,32,4096,200.0,ws,sobel,4931072.0,0.578981888,accelergy_plugin,9841152.0,1.0866421759999998,50.10665418032361,53.281742673680284
hires,2048,2048,128,128,3,32,4096,800.0,is,gaussian,12504064.0,0.42082304,accelergy_plugin,25144320.0,0.9223864319999999,49.72917939319894,45.62329034779211
hires,2048,2048,128,128,3,32,4096,800.0,is,sobel,12640256.0,0.501563392,accelergy_plugin,25144320.0,0.9223864319999999,50.27082060680106,54.3767096522079
hires,2048,2048,128,128,3,32,4096,800.0,os,gaussian,9358336.0,0.479543296,accelergy_plugin,18721792.0,1.039826944,49.98632609527977,46.11760627737686
hires,2048,2048,128,128,3,32,4096,800.0,os,sobel,9363456.0,0.560283648,accelergy_plugin,18721792.0,1.039826944,50.013673904720235,53.882393722623135
hires,2048,2048,128,128,3,32,4096,800.0,ws,gaussian,4391168.0,0.507865088,accelergy_plugin,8787456.0,1.087051776,49.970867563945696,46.71949388361056
hires,2048,2048,128,128,3,32,4096,800.0,ws,sobel,4396288.0,0.579186688,accelergy_plugin,8787456.0,1.087051776,50.029132436054304,53.280506116389425
hires,2048,2048,128,128,3,64,256,50.0,is,gaussian,12902400.0,0.574056448,accelergy_plugin,25954304.0,1.2241474559999999,49.71198611220705,46.894387206895445
hires,2048,2048,128,128,3,64,256,50.0,is,sobel,13051904.0,0.650091008,accelergy_plugin,25954304.0,1.2241474559999999,50.28801388779295,53.10561279310456
hires,2048,2048,128,128,3,64,256,50.0,os,gaussian,9232384.0,0.632904704,accelergy_plugin,18548736.0,1.3418311680000001,49.77365573589489,47.167238255714736
hires,2048,2048,128,128,3,64,256,50.0,os,sobel,9316352.0,0.708926464,accelergy_plugin,18548736.0,1.3418311680000001,50.226344264105116,52.83276174428525
hires,2048,2048,128,128,3,64,256,50.0,ws,gaussian,4627968.0,0.418700288,accelergy_plugin,9339904.0,0.9087221759999999,49.55048788510032,46.07572028703303
hires,2048,2048,128,128,3,64,256,50.0,ws,sobel,4711936.0,0.490021888,accelergy_plugin,9339904.0,0.9087221759999999,50.44951211489968,53.92427971296697
hires,2048,2048,128,128,3,64,256,200.0,is,gaussian,12613376.0,0.574414848,accelergy_plugin,25313280.0,1.2248514560000001,49.8290857605178,46.89669471234232
hires,2048,2048,128,128,3,64,256,200.0,is,sobel,12699904.0,0.650436608,accelergy_plugin,25313280.0,1.2248514560000001,50.1709142394822,53.10330528765766
hires,2048,2048,128,128,3,64,256,200.0,os,gaussian,8943360.0,0.633237504,accelergy_plugin,17907712.0,1.342496768,49.94138838060384,47.168642718102994
hires,2048,2048,128,128,3,64,256,200.0,os,sobel,8964352.0,0.709259264,accelergy_plugin,17907712.0,1.342496768,50.05861161939615,52.831357281897006
hires,2048,2048,128,128,3,64,256,200.0,ws,gaussian,4338944.0,0.418777088,accelergy_plugin,8698880.0,0.908875776,49.87934078869923,46.076383490278
hires,2048,2048,128,128,3,64,256,200.0,ws,sobel,4359936.0,0.490098688,accelergy_plugin,8698880.0,0.908875776,50.12065921130077,53.923616509722
hires,2048,2048,128,128,3,64,256,800.0,is,gaussian,12541184.0,0.575234048,accelergy_plugin,25153024.0,1.2264898560000002,49.859547702892506,46.900840246329764
hires,2048,2048,128,128,3,64,256,800.0,is,sobel,12611840.0,0.651255808,accelergy_plugin,25153024.0,1.2264898560000002,50.140452297107494,53.099159753670236
hires,2048,2048,128,128,3,64,256,800.0,os,gaussian,8871168.0,0.633954304,accelergy_plugin,17747456.0,1.343930368,49.9855753973978,47.17166298901581
hires,2048,2048,128,128,3,64,256,800.0,os,sobel,8876288.0,0.709976064,accelergy_plugin,17747456.0,1.343930368,50.014424602602205,52.828337010984185
hires,2048,2048,128,128,3,64,256,800.0,ws,gaussian,4266752.0,0.418981888,accelergy_plugin,8538624.0,0.909285376,49.97001858847515,46.078150936851756
hires,2048,2048,128,128,3,64,256,800.0,ws,sobel,4271872.0,0.490303488,accelergy_plugin,8538624.0,0.909285376,50.02998141152486,53.921849063148244
hires,2048,2048,128,128,3,64,1024,50.0,is,gaussian,13356032.0,0.415797248,accelergy_plugin,26861568.0,0.907629056,49.72171393717597,45.811363712005274
hires,2048,2048,128,128,3,64,1024,50.0,is,sobel,13505536.0,0.491831808,accelergy_plugin,26861568.0,0.907629056,50.27828606282403,54.188636287994726
hires,2048,2048,128,128,3,64,1024,50.0,os,gaussian,9686016.0,0.474645504,accelergy_plugin,19456000.0,1.025312768,49.78421052631579,46.29275269105007
hires,2048,2048,128,128,3,64,1024,50.0,os,sobel,9769984.0,0.550667264,accelergy_plugin,19456000.0,1.025312768,50.21578947368421,53.707247308949924
hires,2048,2048,128,128,3,64,1024,50.0,ws,gaussian,5534976.0,0.433893888,accelergy_plugin,11153920.0,0.939109376,49.623594216203806,46.202700035655916
hires,2048,2048,128,128,3,64,1024,50.0,ws,sobel,5618944.0,0.505215488,accelergy_plugin,11153920.0,0.939109376,50.37640578379619,53.79729996434409
hires,2048,2048,128,128,3,64,1024,200.0,is,gaussian,12726784.0,0.415848448,accelergy_plugin,25540096.0,0.9077186559999999,49.83060361245314,45.81248223238016
hires,2048,2048,128,128,3,64,1024,200.0,is,sobel,12813312.0,0.491870208,accelergy_plugin,25540096.0,0.9077186559999999,50.16939638754686,54.187517767619845
hires,2048,2048,128,128,3,64,1024,200.0,os,gaussian,9056768.0,0.474671104,accelergy_plugin,18134528.0,1.025363968,49.94212146023321,46.29293780684129
hires,2048,2048,128,128,3,64,1024,200.0,os,sobel,9077760.0,0.550692864,accelergy_plugin,18134528.0,1.025363968,50.05787853976679,53.707062193158706
hires,2048,2048,128,128,3,64,1024,200.0,ws,gaussian,4565760.0,0.433932288,accelergy_plugin,9152512.0,0.939186176,49.88532110091743,46.20301055197814
hires,2048,2048,128,128,3,64,1024,200.0,ws,sobel,4586752.0,0.505253888,accelergy_plugin,9152512.0,0.939186176,50.11467889908256,53.79698944802186
hires,2048,2048,128,128,3,64,1024,800.0,is,gaussian,12569600.0,0.416104448,accelergy_plugin,25209856.0,0.908230656,49.85986433242617,45.814842876213156
hires,2048,2048,128,128,3,64,1024,800.0,is,sobel,12640256.0,0.492126208,accelergy_plugin,25209856.0,0.908230656,50.14013566757383,54.18515712378685
hires,2048,2048,128,128,3,64,1024,800.0,os,gaussian,8899584.0,0.474824704,accelergy_plugin,17804288.0,1.0256711680000001,49.98562144130672,46.294048113478794
hires,2048,2048,128,128,3,64,1024,800.0,os,sobel,8904704.0,0.550846464,accelergy_plugin,17804288.0,1.0256711680000001,50.014378558693274,53.7059518865212
hires,2048,2048,128,128,3,64,1024,800.0,ws,gaussian,4323584.0,0.434137088,accelergy_plugin,8652288.0,0.939595776,49.970412450440854,46.204665781724415
hires,2048,2048,128,128,3,64,1024,800.0,ws,sobel,4328704.0,0.505458688,accelergy_plugin,8652288.0,0.939595776,50.02958754955914,53.79533421827559
hires,2048,2048,128,128,3,64,4096,50.0,is,gaussian,13356032.0,0.415797248,accelergy_plugin,26861568.0,0.907629056,49.72171393717597,45.811363712005274
hires,2048,2048,128,128,3,64,4096,50.0,is,sobel,13505536.0,0.491831808,accelergy_plugin,26861568.0,0.907629056,50.27828606282403,54.188636287994726
hires,2048,2048,128,128,3,64,4096,50.0,os,gaussian,9686016.0,0.474645504,accelergy_plugin,19456000.0,1.025312768,49.78421052631579,46.29275269105007
hires,2048,2048,128,128,3,64,4096,50.0,os,sobel,9769984.0,0.550667264,accelergy_plugin,19456000.0,1.025312768,50.21578947368421,53.707247308949924
hires,2048,2048,128,128,3,64,4096,50.0,ws,gaussian,9157888.0,0.615039488,accelergy_plugin,18399744.0,1.3014005759999998,49.77182291231878,47.25981372241225
hires,2048,2048,128,128,3,64,4096,50.0,ws,sobel,9241856.0,0.686361088,accelergy_plugin,18399744.0,1.3014005759999998,50.228177087681225,52.74018627758777
hires,2048,2048,128,128,3,64,4096,200.0,is,gaussian,12726784.0,0.415848448,accelergy_plugin,25540096.0,0.9077186559999999,49.83060361245314,45.81248223238016
hires,2048,2048,128,128,3,64,4096,200.0,is,sobel,12813312.0,0.491870208,accelergy_plugin,25540096.0,0.9077186559999999,50.16939638754686,54.187517767619845
hires,2048,2048,128,128,3,64,4096,200.0,os,gaussian,9056768.0,0.474671104,accelergy_plugin,18134528.0,1.025363968,49.94212146023321,46.29293780684129
hires,2048,2048,128,128,3,64,4096,200.0,os,sobel,9077760.0,0.550692864,accelergy_plugin,18134528.0,1.025363968,50.05787853976679,53.707062193158706
hires,2048,2048,128,128,3,64,4096,200.0,ws,gaussian,5471488.0,0.615077888,accelergy_plugin,10963968.0,1.3014773759999998,49.90426823573363,47.2599754204256
hires,2048,2048,128,128,3,64,4096,200.0,ws,sobel,5492480.0,0.686399488,accelergy_plugin,10963968.0,1.3014773759999998,50.09573176426637,52.74002457957441
hires,2048,2048,128,128,3,64,4096,800.0,is,gaussian,12569600.0,0.416104448,accelergy_plugin,25209856.0,0.908230656,49.85986433242617,45.814842876213156
hires,2048,2048,128,128,3,64,4096,800.0,is,sobel,12640256.0,0.492126208,accelergy_plugin,25209856.0,0.908230656,50.14013566757383,54.18515712378685
hires,2048,2048,128,128,3,64,4096,800.0,os,gaussian,8899584.0,0.474824704,accelergy_plugin,17804288.0,1.0256711680000001,49.98562144130672,46.294048113478794
hires,2048,2048,128,128,3,64,4096,800.0,os,sobel,8904704.0,0.550846464,accelergy_plugin,17804288.0,1.0256711680000001,50.014378558693274,53.7059518865212
hires,2048,2048,128,128,3,64,4096,800.0,ws,gaussian,4549888.0,0.615180288,accelergy_plugin,9104896.0,1.301682176,49.97188325929258,47.26040652184517
hires,2048,2048,128,128,3,64,4096,800.0,ws,sobel,4555008.0,0.686501888,accelergy_plugin,9104896.0,1.301682176,50.02811674070742,52.739593478154845
hires,2048,2048,128,128,3,128,256,50.0,is,gaussian,12935168.0,0.571709952,accelergy_plugin,25987072.0,1.217120768,49.77539601229412,46.9723274001352
hires,2048,2048,128,128,3,128,256,50.0,is,sobel,13051904.0,0.645410816,accelergy_plugin,25987072.0,1.217120768,50.22460398770588,53.02767259986481
hires,2048,2048,128,128,3,128,256,50.0,os,gaussian,9003008.0,0.630699008,accelergy_plugin,18089984.0,1.33506048,49.76791577040643,47.24123119875438
hires,2048,2048,128,128,3,128,256,50.0,os,sobel,9086976.0,0.704361472,accelergy_plugin,18089984.0,1.33506048,50.23208422959357,52.758768801245616
hires,2048,2048,128,128,3,128,256,50.0,ws,gaussian,4677120.0,0.418853888,accelergy_plugin,9438208.0,0.909029376,49.55516979494413,46.07704646939815
hires,2048,2048,128,128,3,128,256,50.0,ws,sobel,4761088.0,0.490175488,accelergy_plugin,9438208.0,0.909029376,50.44483020505588,53.92295353060186
hires,2048,2048,128,128,3,128,256,200.0,is,gaussian,12646144.0,0.572055552,accelergy_plugin,25346048.0,1.217824768,49.893947963800905,46.97355210959218
hires,2048,2048,128,128,3,128,256,200.0,is,sobel,12699904.0,0.645769216,accelergy_plugin,25346048.0,1.217824768,50.1060520361991,53.02644789040782
hires,2048,2048,128,128,3,128,256,200.0,os,gaussian,8713984.0,0.631031808,accelergy_plugin,17448960.0,1.3357260800000001,49.939847417840376,47.24260590913969
hires,2048,2048,128,128,3,128,256,200.0,os,sobel,8734976.0,0.704694272,accelergy_plugin,17448960.0,1.3357260800000001,50.060152582159624,52.7573940908603
hires,2048,2048,128,128,3,128,256,200.0,ws,gaussian,4388096.0,0.418930688,accelergy_plugin,8797184.0,0.909182976,49.88068909323711,46.07770922450708
hires,2048,2048,128,128,3,128,256,200.0,ws,sobel,4409088.0,0.490252288,accelergy_plugin,8797184.0,0.909182976,50.11931090676289,53.92229077549292
hires,2048,2048,128,128,3,128,256,800.0,is,gaussian,12573952.0,0.572874752,accelergy_plugin,25185792.0,1.2194119680000002,49.9247829887581,46.97959073991965
hires,2048,2048,128,128,3,128,256,800.0,is,sobel,12611840.0,0.646537216,accelergy_plugin,25185792.0,1.2194119680000002,50.07521701124189,53.020409260080335
hires,2048,2048,128,128,3,128,256,800.0,os,gaussian,8641792.0,0.631799808,accelergy_plugin,17288704.0,1.33726208,49.985192643705396,47.2457730948297
hires,2048,2048,128,128,3,128,256,800.0,os,sobel,8646912.0,0.705462272,accelergy_plugin,17288704.0,1.33726208,50.01480735629461,52.75422690517031
hires,2048,2048,128,128,3,128,256,800.0,ws,gaussian,4315904.0,0.419186688,accelergy_plugin,8636928.0,0.9096949759999999,49.97035983164385,46.07991679180165
hires,2048,2048,128,128,3,128,256,800.0,ws,sobel,4321024.0,0.490508288,accelergy_plugin,8636928.0,0.9096949759999999,50.02964016835616,53.920083208198356
hires,2048,2048,128,128,3,128,1024,50.0,is,gaussian,13388800.0,0.413450752,accelergy_plugin,26894336.0,0.9006023679999999,49.7829728906488,45.908246157309684
hires,2048,2048,128,128,3,128,1024,50.0,is,sobel,13505536.0,0.487151616,accelergy_plugin,26894336.0,0.9006023679999999,50.2170271093512,54.09175384269032
hires,2048,2048,128,128,3,128,1024,50.0,os,gaussian,9456640.0,0.472439808,accelergy_plugin,18997248.0,1.01854208,49.778999568779646,46.383926327324644
hires,2048,2048,128,128,3,128,1024,50.0,os,sobel,9540608.0,0.546102272,accelergy_plugin,18997248.0,1.01854208,50.221000431220354,53.61607367267537
hires,2048,2048,128,128,3,128,1024,50.0,ws,gaussian,5584128.0,0.434047488,accelergy_plugin,11252224.0,0.939416576,49.62688265004323,46.20394179631763
hires,2048,2048,128,128,3,128,1024,50.0,ws,sobel,5668096.0,0.505369088,accelergy_plugin,11252224.0,0.939416576,50.37311734995677,53.79605820368237
hires,2048,2048,128,128,3,128,1024,200.0,is,gaussian,12759552.0,0.413489152,accelergy_plugin,25572864.0,0.9006919680000001,49.894888581896815,45.90794263638865
hires,2048,2048,128,128,3,128,1024,200.0,is,sobel,12813312.0,0.487202816,accelergy_plugin,25572864.0,0.9006919680000001,50.105111418103185,54.092057363611346
hires,2048,2048,128,128,3,128,1024,200.0,os,gaussian,8827392.0,0.472465408,accelergy_plugin,17675776.0,1.01859328,49.94061929728007,46.384108090718996
hires,2048,2048,128,128,3,128,1024,200.0,os,sobel,8848384.0,0.546127872,accelergy_plugin,17675776.0,1.01859328,50.05938070271993,53.61589190928101
hires,2048,2048,128,128,3,128,1024,200.0,ws,gaussian,4614912.0,0.434085888,accelergy_plugin,9250816.0,0.9394933759999999,49.88653973876467,46.20425210959657
hires,2048,2048,128,128,3,128,1024,200.0,ws,sobel,4635904.0,0.505407488,accelergy_plugin,9250816.0,0.9394933759999999,50.11346026123533,53.79574789040343
hires,2048,2048,128,128,3,128,1024,800.0,is,gaussian,12602368.0,0.413745152,accelergy_plugin,25242624.0,0.901152768,49.92495233459089,45.91287589542198
hires,2048,2048,128,128,3,128,1024,800.0,is,sobel,12640256.0,0.487407616,accelergy_plugin,25242624.0,0.901152768,50.07504766540911,54.08712410457801
hires,2048,2048,128,128,3,128,1024,800.0,os,gaussian,8670208.0,0.472670208,accelergy_plugin,17345536.0,1.01900288,49.98524115945451,46.38556154031674
hires,2048,2048,128,128,3,128,1024,800.0,os,sobel,8675328.0,0.546332672,accelergy_plugin,17345536.0,1.01900288,50.01475884054548,53.61443845968326
hires,2048,2048,128,128,3,128,1024,800.0,ws,gaussian,4372736.0,0.434341888,accelergy_plugin,8750592.0,0.940005376,49.97074483646364,46.20631956896383
hires,2048,2048,128,128,3,128,1024,800.0,ws,sobel,4377856.0,0.505663488,accelergy_plugin,8750592.0,0.940005376,50.02925516353637,53.79368043103617
hires,2048,2048,128,128,3,128,4096,50.0,is,gaussian,13388800.0,0.413450752,accelergy_plugin,26894336.0,0.9006023679999999,49.7829728906488,45.908246157309684
hires,2048,2048,128,128,3,128,4096,50.0,is,sobel,13505536.0,0.487151616,accelergy_plugin,26894336.0,0.9006023679999999,50.2170271093512,54.09175384269032
hires,2048,2048,128,128,3,128,4096,50.0,os,gaussian,9456640.0,0.472439808,accelergy_plugin,18997248.0,1.01854208,49.778999568779646,46.383926327324644
hires,2048,2048,128,128,3,128,4096,50.0,os,sobel,9540608.0,0.546102272,accelergy_plugin,18997248.0,1.01854208,50.221000431220354,53.61607367267537
hires,2048,2048,128,128,3,128,4096,50.0,ws,gaussian,9207040.0,0.615193088,accelergy_plugin,18498048.0,1.3017077760000002,49.77303551163885,47.26046039998458
hires,2048,2048,128,128,3,128,4096,50.0,ws,sobel,9291008.0,0.686514688,accelergy_plugin,18498048.0,1.3017077760000002,50.22696448836115,52.73953960001542
hires,2048,2048,128,128,3,128,4096,200.0,is,gaussian,12759552.0,0.413489152,accelergy_plugin,25572864.0,0.9006919680000001,49.894888581896815,45.90794263638865
hires,2048,2048,128,128,3,128,4096,200.0,is,sobel,12813312.0,0.487202816,accelergy_plugin,25572864.0,0.9006919680000001,50.105111418103185,54.092057363611346
hires,2048,2048,128,128,3,128,4096,200.0,os,gaussian,8827392.0,0.472465408,accelergy_plugin,17675776.0,1.01859328,49.94061929728007,46.384108090718996
hires,2048,2048,128,128,3,128,4096,200.0,os,sobel,8848384.0,0.546127872,accelergy_plugin,17675776.0,1.01859328,50.05938070271993,53.61589190928101
hires,2048,2048,128,128,3,128,4096,200.0,ws,gaussian,5520640.0,0.615231488,accelergy_plugin,11062272.0,1.3017845760000002,49.90511894844025,47.26062202168848
hires,2048,2048,128,128,3,128,4096,200.0,ws,sobel,5541632.0,0.686553088,accelergy_plugin,11062272.0,1.3017845760000002,50.094881051559746,52.739377978311516
hires,2048,2048,128,128,3,128,4096,800.0,is,gaussian,12602368.0,0.413745152,accelergy_plugin,25242624.0,0.901152768,49.92495233459089,45.91287589542198
hires,2048,2048,128,128,3,128,4096,800.0,is,sobel,12640256.0,0.487407616,accelergy_plugin,25242624.0,0.901152768,50.07504766540911,54.08712410457801
hires,2048,2048,128,128,3,128,4096,800.0,os,gaussian,8670208.0,0.472670208,accelergy_plugin,17345536.0,1.01900288,49.98524115945451,46.38556154031674
hires,2048,2048,128,128,3,128,4096,800.0,os,sobel,8675328.0,0.546332672,accelergy_plugin,17345536.0,1.01900288,50.01475884054548,53.61443845968326
hires,2048,2048,128,128,3,128,4096,800.0,ws,gaussian,4599040.0,0.615385088,accelergy_plugin,9203200.0,1.3020917760000001,49.97218358831711,47.26126831784858
hires,2048,2048,128,128,3,128,4096,800.0,ws,sobel,4604160.0,0.686706688,accelergy_plugin,9203200.0,1.3020917760000001,50.02781641168289,52.73873168215141
hires,2048,2048,128,128,5,8,256,50.0,is,gaussian,157851904.0,9.053731328,accelergy_plugin,183353088.0,9.836965888,86.0917619233116,92.037844098296
hires,2048,2048,128,128,5,8,256,50.0,is,sobel,25501184.0,0.78323456,accelergy_plugin,183353088.0,9.836965888,13.908238076688406,7.962155901703988
hires,2048,2048,128,128,5,8,256,50.0,os,gaussian,20832256.0,1.351999488,accelergy_plugin,33359872.0,2.05146624,62.44705015654737,65.90405738287947
hires,2048,2048,128,128,5,8,256,50.0,os,sobel,12527616.0,0.699466752,accelergy_plugin,33359872.0,2.05146624,37.55294984345264,34.09594261712052
hires,2048,2048,128,128,5,8,256,50.0,ws,gaussian,17135104.0,1.183587328,accelergy_plugin,25870336.0,1.74059008,66.23456301456618,67.99919990351778
hires,2048,2048,128,128,5,8,256,50.0,ws,sobel,8735232.0,0.557002752,accelergy_plugin,25870336.0,1.74059008,33.765436985433816,32.00080009648222
hires,2048,2048,128,128,5,8,256,200.0,is,gaussian,48318208.0,9.067132928,accelergy_plugin,73567744.0,9.850738688,65.67852345723692,92.04520813292332
hires,2048,2048,128,128,5,8,256,200.0,is,sobel,25249536.0,0.78360576,accelergy_plugin,73567744.0,9.850738688,34.321476542763094,7.95479186707668
hires,2048,2048,128,128,5,8,256,200.0,os,gaussian,20543232.0,1.352357888,accelergy_plugin,32718848.0,2.05205504,62.78714947421131,65.90261282660333
hires,2048,2048,128,128,5,8,256,200.0,os,sobel,12175616.0,0.699697152,accelergy_plugin,32718848.0,2.05205504,37.21285052578868,34.097387173396676
hires,2048,2048,128,128,5,8,256,200.0,ws,gaussian,16883456.0,1.183766528,accelergy_plugin,25367040.0,1.7408716800000001,66.5566656574831,67.99849417965143
hires,2048,2048,128,128,5,8,256,200.0,ws,sobel,8483584.0,0.557105152,accelergy_plugin,25367040.0,1.7408716800000001,33.443334342516906,32.00150582034857
hires,2048,2048,128,128,5,8,256,800.0,is,gaussian,48255232.0,9.094012928,accelergy_plugin,73441792.0,9.878437888,65.7054119812327,92.05922060862584
hires,2048,2048,128,128,5,8,256,800.0,is,sobel,25186560.0,0.78442496,accelergy_plugin,73441792.0,9.878437888,34.2945880187673,7.94077939137415
hires,2048,2048,128,128,5,8,256,800.0,os,gaussian,20471040.0,1.353228288,accelergy_plugin,32558592.0,2.05348864,62.87446336745766,65.89899070491084
hires,2048,2048,128,128,5,8,256,800.0,os,sobel,12087552.0,0.700260352,accelergy_plugin,32558592.0,2.05348864,37.125536632542335,34.10100929508916
hires,2048,2048,128,128,5,8,256,800.0,ws,gaussian,16820480.0,1.184278528,accelergy_plugin,25241088.0,1.7416908800000002,66.63928274407189,67.99590797650615
hires,2048,2048,128,128,5,8,256,800.0,ws,sobel,8420608.0,0.557412352,accelergy_plugin,25241088.0,1.7416908800000002,33.360717255928115,32.004092023493854
hires,2048,2048,128,128,5,8,1024,50.0,is,gaussian,49778176.0,1.303664128,accelergy_plugin,76034304.0,1.928639488,65.46804978973701,67.59501379658572
hires,2048,2048,128,128,5,8,1024,50.0,is,sobel,26256128.0,0.62497536,accelergy_plugin,76034304.0,1.928639488,34.53195021026299,32.40498620341429
hires,2048,2048,128,128,5,8,1024,50.0,os,gaussian,21739264.0,1.261759488,accelergy_plugin,34720512.0,1.87835904,62.612164244582566,67.17349884290492
hires,2048,2048,128,128,5,8,1024,50.0,os,sobel,12981248.0,0.616599552,accelergy_plugin,34720512.0,1.87835904,37.387835755417434,32.82650115709508
hires,2048,2048,128,128,5,8,1024,50.0,ws,gaussian,18343424.0,1.198896128,accelergy_plugin,28286976.0,1.7710924799999999,64.84759629307848,67.69246335459569
hires,2048,2048,128,128,5,8,1024,50.0,ws,sobel,9943552.0,0.572196352,accelergy_plugin,28286976.0,1.7710924799999999,35.15240370692152,32.30753664540431
hires,2048,2048,128,128,5,8,1024,200.0,is,gaussian,48620288.0,1.303779328,accelergy_plugin,74058496.0,1.9288186880000002,65.65119550902033,67.5947063407963
hires,2048,2048,128,128,5,8,1024,200.0,is,sobel,25438208.0,0.62503936,accelergy_plugin,74058496.0,1.9288186880000002,34.348804490979674,32.4052936592037
hires,2048,2048,128,128,5,8,1024,200.0,os,gaussian,20770048.0,1.261836288,accelergy_plugin,33059072.0,1.87848704,62.8270751217699,67.173010041102
hires,2048,2048,128,128,5,8,1024,200.0,os,sobel,12289024.0,0.616650752,accelergy_plugin,33059072.0,1.87848704,37.1729248782301,32.82698995889798
hires,2048,2048,128,128,5,8,1024,200.0,ws,gaussian,17185536.0,1.198972928,accelergy_plugin,25971200.0,1.7712332800000001,66.171513060621,67.69141826422774
hires,2048,2048,128,128,5,8,1024,200.0,ws,sobel,8785664.0,0.572260352,accelergy_plugin,25971200.0,1.7712332800000001,33.828486939379005,32.308581735772265
hires,2048,2048,128,128,5,8,1024,800.0,is,gaussian,48330752.0,1.304240128,accelergy_plugin,73564416.0,1.929535488,65.69854642766416,67.59347708871991
hires,2048,2048,128,128,5,8,1024,800.0,is,sobel,25233664.0,0.62529536,accelergy_plugin,73564416.0,1.929535488,34.301453572335845,32.406522911280085
hires,2048,2048,128,128,5,8,1024,800.0,os,gaussian,20527872.0,1.262297088,accelergy_plugin,32643840.0,1.87920384,62.884366545112336,67.17190871640621
hires,2048,2048,128,128,5,8,1024,800.0,os,sobel,12115968.0,0.616906752,accelergy_plugin,32643840.0,1.87920384,37.11563345488766,32.8280912835938
hires,2048,2048,128,128,5,8,1024,800.0,ws,gaussian,16896000.0,1.199433728,accelergy_plugin,25392128.0,1.77200128,66.54030729523733,67.68808473998394
hires,2048,2048,128,128,5,8,1024,800.0,ws,sobel,8496128.0,0.572567552,accelergy_plugin,25392128.0,1.77200128,33.45969270476267,32.311915260016065
hires,2048,2048,128,128,5,8,4096,50.0,is,gaussian,50666752.0,1.287664128,accelergy_plugin,76922880.0,1.912639488,65.86694621938231,67.32393302966251
hires,2048,2048,128,128,5,8,4096,50.0,is,sobel,26256128.0,0.62497536,accelergy_plugin,76922880.0,1.912639488,34.13305378061768,32.67606697033749
hires,2048,2048,128,128,5,8,4096,50.0,os,gaussian,22627840.0,1.245759488,accelergy_plugin,35609088.0,1.86235904,63.54512645760543,66.89147802563356
hires,2048,2048,128,128,5,8,4096,50.0,os,sobel,12981248.0,0.616599552,accelergy_plugin,35609088.0,1.86235904,36.45487354239457,33.108521974366454
hires,2048,2048,128,128,5,8,4096,50.0,ws,gaussian,19819264.0,1.212259328,accelergy_plugin,29896448.0,1.79113728,66.29303922659976,67.6809835592278
hires,2048,2048,128,128,5,8,4096,50.0,ws,sobel,10077184.0,0.578877952,accelergy_plugin,29896448.0,1.79113728,33.70696077340024,32.3190164407722
hires,2048,2048,128,128,5,8,4096,200.0,is,gaussian,48842240.0,1.287702528,accelergy_plugin,74280448.0,1.9127418880000002,65.75383067156515,67.32233638415514
hires,2048,2048,128,128,5,8,4096,200.0,is,sobel,25438208.0,0.62503936,accelergy_plugin,74280448.0,1.9127418880000002,34.24616932843485,32.67766361584486
hires,2048,2048,128,128,5,8,4096,200.0,os,gaussian,20992000.0,1.245759488,accelergy_plugin,33281024.0,1.86241024,63.07498230823667,66.88963909476786
hires,2048,2048,128,128,5,8,4096,200.0,os,sobel,12289024.0,0.616650752,accelergy_plugin,33281024.0,1.86241024,36.92501769176333,33.110360905232135
hires,2048,2048,128,128,5,8,4096,200.0,ws,gaussian,17554432.0,1.212284928,accelergy_plugin,26373376.0,1.7912012800000001,66.56118655419769,67.67999451183955
hires,2048,2048,128,128,5,8,4096,200.0,ws,sobel,8818944.0,0.578916352,accelergy_plugin,26373376.0,1.7912012800000001,33.43881344580231,32.32000548816043
hires,2048,2048,128,128,5,8,4096,800.0,is,gaussian,48386048.0,1.287856128,accelergy_plugin,73619712.0,1.913151488,65.724310358617,67.31595151131074
hires,2048,2048,128,128,5,8,4096,800.0,is,sobel,25233664.0,0.62529536,accelergy_plugin,73619712.0,1.913151488,34.275689641383,32.68404848868926
hires,2048,2048,128,128,5,8,4096,800.0,os,gaussian,20583168.0,1.245913088,accelergy_plugin,32699136.0,1.86281984,62.947131080160645,66.88317685085424
hires,2048,2048,128,128,5,8,4096,800.0,os,sobel,12115968.0,0.616906752,accelergy_plugin,32699136.0,1.86281984,37.05286891983935,33.11682314914576
hires,2048,2048,128,128,5,8,4096,800.0,ws,gaussian,16988160.0,1.212540928,accelergy_plugin,25492480.0,1.79166208,66.63988752761598,67.67687621094262
hires,2048,2048,128,128,5,8,4096,800.0,ws,sobel,8504320.0,0.579121152,accelergy_plugin,25492480.0,1.79166208,33.36011247238401,32.32312378905737
hires,2048,2048,128,128,5,16,256,50.0,is,gaussian,263027200.0,14.181476864,accelergy_plugin,276079104.0,14.859853824,95.2724042454151,95.43483423165065
hires,2048,2048,128,128,5,16,256,50.0,is,sobel,13051904.0,0.67837696,accelergy_plugin,276079104.0,14.859853824,4.727595754584889,4.565165768349351
hires,2048,2048,128,128,5,16,256,50.0,os,gaussian,38824960.0,2.988402688,accelergy_plugin,49517568.0,3.7255255039999997,78.40643546952872,80.21425929822328
hires,2048,2048,128,128,5,16,256,50.0,os,sobel,10692608.0,0.737122816,accelergy_plugin,49517568.0,3.7255255039999997,21.593564530471287,19.785740701776714
hires,2048,2048,128,128,5,16,256,50.0,ws,gaussian,8881152.0,1.116529664,accelergy_plugin,13556224.0,1.606436352,65.5134645163727,69.50351083688624
hires,2048,2048,128,128,5,16,256,50.0,ws,sobel,4675072.0,0.489906688,accelergy_plugin,13556224.0,1.606436352,34.4865354836273,30.49648916311376
hires,2048,2048,128,128,5,16,256,200.0,is,gaussian,66171904.0,14.203787264,accelergy_plugin,78871808.0,14.882535424,83.89804377249726,95.43929753457579
hires,2048,2048,128,128,5,16,256,200.0,is,sobel,12699904.0,0.67874816,accelergy_plugin,78871808.0,14.882535424,16.101956227502733,4.560702465424214
hires,2048,2048,128,128,5,16,256,200.0,os,gaussian,14833664.0,2.991628288,accelergy_plugin,25174272.0,3.729096704,58.92390453237337,80.22393961494863
hires,2048,2048,128,128,5,16,256,200.0,os,sobel,10340608.0,0.737468416,accelergy_plugin,25174272.0,3.729096704,41.07609546762664,19.776060385051363
hires,2048,2048,128,128,5,16,256,200.0,ws,gaussian,8529152.0,1.116708864,accelergy_plugin,12852224.0,1.606705152,66.36323798900486,69.50303623598514
hires,2048,2048,128,128,5,16,256,200.0,ws,sobel,4323072.0,0.489996288,accelergy_plugin,12852224.0,1.606705152,33.63676201099514,30.49696376401487
hires,2048,2048,128,128,5,16,256,800.0,is,gaussian,24670464.0,14.248484864,accelergy_plugin,37282304.0,14.928052224,66.17204773610558,95.44771581849471
hires,2048,2048,128,128,5,16,256,800.0,is,sobel,12611840.0,0.67956736,accelergy_plugin,37282304.0,14.928052224,33.827952263894424,4.552284181505286
hires,2048,2048,128,128,5,16,256,800.0,os,gaussian,14441728.0,2.998181888,accelergy_plugin,24694272.0,3.736469504,58.482096576890385,80.24103728908689
hires,2048,2048,128,128,5,16,256,800.0,os,sobel,10252544.0,0.738287616,accelergy_plugin,24694272.0,3.736469504,41.51790342310962,19.75896271091311
hires,2048,2048,128,128,5,16,256,800.0,ws,gaussian,8441088.0,1.117169664,accelergy_plugin,12676096.0,1.6074731519999998,66.59059697875435,69.49849598483372
hires,2048,2048,128,128,5,16,256,800.0,ws,sobel,4235008.0,0.490303488,accelergy_plugin,12676096.0,1.6074731519999998,33.40940302124566,30.501504015166287
hires,2048,2048,128,128,5,16,1024,50.0,is,gaussian,26017536.0,1.184126464,accelergy_plugin,39523072.0,1.704244224,65.82872910283896,69.481031375935
hires,2048,2048,128,128,5,16,1024,50.0,is,sobel,13505536.0,0.52011776,accelergy_plugin,39523072.0,1.704244224,34.17127089716103,30.518968624064996
hires,2048,2048,128,128,5,16,1024,50.0,os,gaussian,15709952.0,1.209381888,accelergy_plugin,26856192.0,1.788245504,58.49657315527086,67.62952208154972
hires,2048,2048,128,128,5,16,1024,50.0,os,sobel,11146240.0,0.578863616,accelergy_plugin,26856192.0,1.788245504,41.50342684472914,32.370477918450284
hires,2048,2048,128,128,5,16,1024,50.0,ws,gaussian,9788160.0,1.131838464,accelergy_plugin,15370240.0,1.636938752,63.68254497001998,69.14360495266716
hires,2048,2048,128,128,5,16,1024,50.0,ws,sobel,5582080.0,0.505100288,accelergy_plugin,15370240.0,1.636938752,36.31745502998001,30.856395047332835
hires,2048,2048,128,128,5,16,1024,200.0,is,gaussian,24985344.0,1.184241664,accelergy_plugin,37798656.0,1.704423424,66.10114391368836,69.48048514968073
hires,2048,2048,128,128,5,16,1024,200.0,is,sobel,12813312.0,0.52018176,accelergy_plugin,37798656.0,1.704423424,33.89885608631164,30.51951485031926
hires,2048,2048,128,128,5,16,1024,200.0,os,gaussian,14740736.0,1.209458688,accelergy_plugin,25194752.0,1.788360704,58.50716847699077,67.62946005774012
hires,2048,2048,128,128,5,16,1024,200.0,os,sobel,10454016.0,0.578902016,accelergy_plugin,25194752.0,1.788360704,41.49283152300924,32.37053994225988
hires,2048,2048,128,128,5,16,1024,200.0,ws,gaussian,8755968.0,1.131915264,accelergy_plugin,13305856.0,1.637066752,65.80537171002001,69.14289002675929
hires,2048,2048,128,128,5,16,1024,200.0,ws,sobel,4549888.0,0.505151488,accelergy_plugin,13305856.0,1.637066752,34.19462828997999,30.857109973240725
hires,2048,2048,128,128,5,16,1024,800.0,is,gaussian,24727296.0,1.184702464,accelergy_plugin,37367552.0,1.705140224,66.17317612885104,69.47830139276569
hires,2048,2048,128,128,5,16,1024,800.0,is,sobel,12640256.0,0.52043776,accelergy_plugin,37367552.0,1.705140224,33.82682387114896,30.52169860723431
hires,2048,2048,128,128,5,16,1024,800.0,os,gaussian,14498560.0,1.209868288,accelergy_plugin,24779520.0,1.789026304,58.51025362880314,67.62719392637841
hires,2048,2048,128,128,5,16,1024,800.0,os,sobel,10280960.0,0.579158016,accelergy_plugin,24779520.0,1.789026304,41.48974637119686,32.372806073621604
hires,2048,2048,128,128,5,16,1024,800.0,ws,gaussian,8497920.0,1.132324864,accelergy_plugin,12789760.0,1.6377835520000001,66.4431545236189,69.13763803631116
hires,2048,2048,128,128,5,16,1024,800.0,ws,sobel,4291840.0,0.505458688,accelergy_plugin,12789760.0,1.6377835520000001,33.556845476381106,30.86236196368884
hires,2048,2048,128,128,5,16,4096,50.0,is,gaussian,26906112.0,1.168126464,accelergy_plugin,40411648.0,1.688244224,66.58009096783185,69.19179390007497
hires,2048,2048,128,128,5,16,4096,50.0,is,sobel,13505536.0,0.52011776,accelergy_plugin,40411648.0,1.688244224,33.41990903216815,30.80820609992503
hires,2048,2048,128,128,5,16,4096,50.0,os,gaussian,16598528.0,1.193381888,accelergy_plugin,27744768.0,1.772245504,59.8257949030246,67.33727834583351
hires,2048,2048,128,128,5,16,4096,50.0,os,sobel,11146240.0,0.578863616,accelergy_plugin,27744768.0,1.772245504,40.1742050969754,32.66272165416649
hires,2048,2048,128,128,5,16,4096,50.0,ws,gaussian,11264000.0,1.145201664,accelergy_plugin,16979712.0,1.656983552,66.33799206959459,69.11364102665516
hires,2048,2048,128,128,5,16,4096,50.0,ws,sobel,5715712.0,0.511781888,accelergy_plugin,16979712.0,1.656983552,33.662007930405416,30.886358973344834
hires,2048,2048,128,128,5,16,4096,200.0,is,gaussian,25207296.0,1.168164864,accelergy_plugin,38020608.0,1.688346624,66.29903446046944,69.18987175941426
hires,2048,2048,128,128,5,16,4096,200.0,is,sobel,12813312.0,0.52018176,accelergy_plugin,38020608.0,1.688346624,33.700965539530564,30.810128240585744
hires,2048,2048,128,128,5,16,4096,200.0,os,gaussian,14962688.0,1.193381888,accelergy_plugin,25416704.0,1.772283904,58.869505660529384,67.33581935188641
hires,2048,2048,128,128,5,16,4096,200.0,os,sobel,10454016.0,0.578902016,accelergy_plugin,25416704.0,1.772283904,41.13049433947061,32.664180648113586
hires,2048,2048,128,128,5,16,4096,200.0,ws,gaussian,9124864.0,1.145227264,accelergy_plugin,13708032.0,1.657034752,66.56582068089716,69.11305044252929
hires,2048,2048,128,128,5,16,4096,200.0,ws,sobel,4583168.0,0.511807488,accelergy_plugin,13708032.0,1.657034752,33.434179319102846,30.886949557470718
hires,2048,2048,128,128,5,16,4096,800.0,is,gaussian,24782592.0,1.168318464,accelergy_plugin,37422848.0,1.688756224,66.22315864361794,69.18218552780297
hires,2048,2048,128,128,5,16,4096,800.0,is,sobel,12640256.0,0.52043776,accelergy_plugin,37422848.0,1.688756224,33.77684135638207,30.817814472197025
hires,2048,2048,128,128,5,16,4096,800.0,os,gaussian,14553856.0,1.193484288,accelergy_plugin,24834816.0,1.7726423040000001,58.602632691138126,67.32798181036753
hires,2048,2048,128,128,5,16,4096,800.0,os,sobel,10280960.0,0.579158016,accelergy_plugin,24834816.0,1.7726423040000001,41.39736730886188,32.67201818963246
hires,2048,2048,128,128,5,16,4096,800.0,ws,gaussian,8590080.0,1.145432064,accelergy_plugin,12890112.0,1.657444352,66.64084842707341,69.10832708306819
hires,2048,2048,128,128,5,16,4096,800.0,ws,sobel,4300032.0,0.512012288,accelergy_plugin,12890112.0,1.657444352,33.3591515729266,30.89167291693181
hires,2048,2048,128,128,5,32,256,50.0,is,gaussian,315367680.0,16.745349632,accelergy_plugin,328419584.0,17.404865024,96.02584479249569,96.21074112846853
hires,2048,2048,128,128,5,32,256,50.0,is,sobel,13051904.0,0.659515392,accelergy_plugin,328419584.0,17.404865024,3.9741552075043125,3.789258871531482
hires,2048,2048,128,128,5,32,256,50.0,os,gaussian,315466752.0,16.804261888,accelergy_plugin,325241856.0,17.522548735999997,96.99451229303034,95.90078556024055
hires,2048,2048,128,128,5,32,256,50.0,os,sobel,9775104.0,0.718286848,accelergy_plugin,325241856.0,17.522548735999997,3.0054877069696713,4.099214439759456
hires,2048,2048,128,128,5,32,256,50.0,ws,gaussian,4603392.0,1.083077632,accelergy_plugin,9290752.0,1.57302272,49.54810977625923,68.85327326994997
hires,2048,2048,128,128,5,32,256,50.0,ws,sobel,4687360.0,0.489945088,accelergy_plugin,9290752.0,1.57302272,50.45189022374077,31.146726730050027
hires,2048,2048,128,128,5,32,256,200.0,is,gaussian,79202560.0,16.772114432,accelergy_plugin,91902464.0,17.431988223999998,86.1811060909096,96.2145810132461
hires,2048,2048,128,128,5,32,256,200.0,is,sobel,12699904.0,0.659873792,accelergy_plugin,91902464.0,17.431988223999998,13.818893909090402,3.7854189867539003
hires,2048,2048,128,128,5,32,256,200.0,os,gaussian,79206144.0,16.830988288,accelergy_plugin,88629248.0,17.549633536,89.36795221369812,95.90506977524159
hires,2048,2048,128,128,5,32,256,200.0,os,sobel,9423104.0,0.718645248,accelergy_plugin,88629248.0,17.549633536,10.632047786301877,4.094930224758397
hires,2048,2048,128,128,5,32,256,200.0,ws,gaussian,4314368.0,1.083256832,accelergy_plugin,8649728.0,1.57330432,49.878655143838046,68.85233951432866
hires,2048,2048,128,128,5,32,256,200.0,ws,sobel,4335360.0,0.490047488,accelergy_plugin,8649728.0,1.57330432,50.121344856161954,31.147660485671324
hires,2048,2048,128,128,5,32,256,800.0,is,gaussian,20136192.0,16.825720832,accelergy_plugin,32748032.0,17.486413824,61.48825065274151,96.22167816311654
hires,2048,2048,128,128,5,32,256,800.0,is,sobel,12611840.0,0.660692992,accelergy_plugin,32748032.0,17.486413824,38.51174934725849,3.7783218368834595
hires,2048,2048,128,128,5,32,256,800.0,os,gaussian,20134912.0,16.884441088,accelergy_plugin,29469952.0,17.603854335999998,68.32353171121555,95.9133196953988
hires,2048,2048,128,128,5,32,256,800.0,os,sobel,9335040.0,0.719413248,accelergy_plugin,29469952.0,17.603854335999998,31.676468288784456,4.086680304601221
hires,2048,2048,128,128,5,32,256,800.0,ws,gaussian,4242176.0,1.083615232,accelergy_plugin,8489472.0,1.57391872,49.96984500331705,68.84823328106803
hires,2048,2048,128,128,5,32,256,800.0,ws,sobel,4247296.0,0.490303488,accelergy_plugin,8489472.0,1.57391872,50.03015499668295,31.151766718931967
hires,2048,2048,128,128,5,32,1024,50.0,is,gaussian,13743872.0,1.124357632,accelergy_plugin,27249408.0,1.625613824,50.43732326221546,69.16511261164078
hires,2048,2048,128,128,5,32,1024,50.0,is,sobel,13505536.0,0.501256192,accelergy_plugin,27249408.0,1.625613824,49.56267673778454,30.83488738835922
hires,2048,2048,128,128,5,32,1024,50.0,os,gaussian,12695296.0,1.183269888,accelergy_plugin,22924032.0,1.743297536,55.37985638826538,67.87538349391667
hires,2048,2048,128,128,5,32,1024,50.0,os,sobel,10228736.0,0.560027648,accelergy_plugin,22924032.0,1.743297536,44.62014361173462,32.12461650608333
hires,2048,2048,128,128,5,32,1024,50.0,ws,gaussian,5510400.0,1.098386432,accelergy_plugin,11104768.0,1.60352512,49.62192816635161,68.49823668493575
hires,2048,2048,128,128,5,32,1024,50.0,ws,sobel,5594368.0,0.505138688,accelergy_plugin,11104768.0,1.60352512,50.3780718336484,31.501763315064245
hires,2048,2048,128,128,5,32,1024,200.0,is,gaussian,12774656.0,1.124472832,accelergy_plugin,25587968.0,1.6257802239999999,49.92446449831421,69.16511933165205
hires,2048,2048,128,128,5,32,1024,200.0,is,sobel,12813312.0,0.501307392,accelergy_plugin,25587968.0,1.6257802239999999,50.0755355016858,30.834880668347953
hires,2048,2048,128,128,5,32,1024,200.0,os,gaussian,11726080.0,1.183346688,accelergy_plugin,21262592.0,1.7434255360000002,55.14887366507338,67.87480529366296
hires,2048,2048,128,128,5,32,1024,200.0,os,sobel,9536512.0,0.560078848,accelergy_plugin,21262592.0,1.7434255360000002,44.85112633492662,32.12519470633703
hires,2048,2048,128,128,5,32,1024,200.0,ws,gaussian,4541184.0,1.098463232,accelergy_plugin,9103360.0,1.60366592,49.884701912260965,68.49701164691459
hires,2048,2048,128,128,5,32,1024,200.0,ws,sobel,4562176.0,0.505202688,accelergy_plugin,9103360.0,1.60366592,50.115298087739035,31.50298835308541
hires,2048,2048,128,128,5,32,1024,800.0,is,gaussian,12532480.0,1.124933632,accelergy_plugin,25172736.0,1.626497024,49.785927123694464,69.16296896956389
hires,2048,2048,128,128,5,32,1024,800.0,is,sobel,12640256.0,0.501563392,accelergy_plugin,25172736.0,1.626497024,50.214072876305536,30.83703103043612
hires,2048,2048,128,128,5,32,1024,800.0,os,gaussian,11483904.0,1.183653888,accelergy_plugin,20847360.0,1.743937536,55.0856511328053,67.87249334141289
hires,2048,2048,128,128,5,32,1024,800.0,os,sobel,9363456.0,0.560283648,accelergy_plugin,20847360.0,1.743937536,44.9143488671947,32.12750665858711
hires,2048,2048,128,128,5,32,1024,800.0,ws,gaussian,4299008.0,1.098770432,accelergy_plugin,8603136.0,1.60422912,49.970243408915074,68.49211364521297
hires,2048,2048,128,128,5,32,1024,800.0,ws,sobel,4304128.0,0.505458688,accelergy_plugin,8603136.0,1.60422912,50.029756591084926,31.50788635478703
hires,2048,2048,128,128,5,32,4096,50.0,is,gaussian,14632448.0,1.108357632,accelergy_plugin,28137984.0,1.609613824,52.00247466200848,68.85860542907464
hires,2048,2048,128,128,5,32,4096,50.0,is,sobel,13505536.0,0.501256192,accelergy_plugin,28137984.0,1.609613824,47.99752533799152,31.141394570925357
hires,2048,2048,128,128,5,32,4096,50.0,os,gaussian,13583872.0,1.167269888,accelergy_plugin,23812608.0,1.727297536,57.044873035326496,67.57781237291131
hires,2048,2048,128,128,5,32,4096,50.0,os,sobel,10228736.0,0.560027648,accelergy_plugin,23812608.0,1.727297536,42.955126964673504,32.422187627088704
hires,2048,2048,128,128,5,32,4096,50.0,ws,gaussian,6986240.0,1.111749632,accelergy_plugin,14056448.0,1.69068032,49.7013185692431,65.75753079091852
hires,2048,2048,128,128,5,32,4096,50.0,ws,sobel,7070208.0,0.578930688,accelergy_plugin,14056448.0,1.69068032,50.2986814307569,34.24246920908146
hires,2048,2048,128,128,5,32,4096,200.0,is,gaussian,12996608.0,1.108396032,accelergy_plugin,25809920.0,1.6097034239999999,50.35508827613568,68.85715812455152
hires,2048,2048,128,128,5,32,4096,200.0,is,sobel,12813312.0,0.501307392,accelergy_plugin,25809920.0,1.6097034239999999,49.64491172386431,31.14284187544848
hires,2048,2048,128,128,5,32,4096,200.0,os,gaussian,11948032.0,1.167269888,accelergy_plugin,21484544.0,1.7273487360000002,55.61222058052524,67.57580931242828
hires,2048,2048,128,128,5,32,4096,200.0,os,sobel,9536512.0,0.560078848,accelergy_plugin,21484544.0,1.7273487360000002,44.38777941947477,32.42419068757172
hires,2048,2048,128,128,5,32,4096,200.0,ws,gaussian,4910080.0,1.111775232,accelergy_plugin,9841152.0,1.69075712,49.89334581967639,65.75605797241889
hires,2048,2048,128,128,5,32,4096,200.0,ws,sobel,4931072.0,0.578981888,accelergy_plugin,9841152.0,1.69075712,50.10665418032361,34.243942027581106
hires,2048,2048,128,128,5,32,4096,800.0,is,gaussian,12587776.0,1.108549632,accelergy_plugin,25228032.0,1.610113024,49.89598871604412,68.8491811118969
hires,2048,2048,128,128,5,32,4096,800.0,is,sobel,12640256.0,0.501563392,accelergy_plugin,25228032.0,1.610113024,50.10401128395587,31.150818888103103
hires,2048,2048,128,128,5,32,4096,800.0,os,gaussian,11539200.0,1.167269888,accelergy_plugin,20902656.0,1.727553536,55.204467795862875,67.56779825780173
hires,2048,2048,128,128,5,32,4096,800.0,os,sobel,9363456.0,0.560283648,accelergy_plugin,20902656.0,1.727553536,44.795532204137125,32.43220174219828
hires,2048,2048,128,128,5,32,4096,800.0,ws,gaussian,4391168.0,1.111877632,accelergy_plugin,8787456.0,1.6910643199999997,49.970867563945696,65.75016803618684
hires,2048,2048,128,128,5,32,4096,800.0,ws,sobel,4396288.0,0.579186688,accelergy_plugin,8787456.0,1.6910643199999997,50.029132436054304,34.24983196381318
hires,2048,2048,128,128,5,64,256,50.0,is,gaussian,315494656.0,16.732255232,accelergy_plugin,328546560.0,17.38234624,96.02738071584132,96.26005028881532
hires,2048,2048,128,128,5,64,256,50.0,is,sobel,13051904.0,0.650091008,accelergy_plugin,328546560.0,17.38234624,3.97261928415869,3.7399497111846736
hires,2048,2048,128,128,5,64,256,50.0,os,gaussian,315521024.0,16.791359488,accelergy_plugin,324837376.0,17.500285952000002,97.13199505712052,95.94905782714378
hires,2048,2048,128,128,5,64,256,50.0,os,sobel,9316352.0,0.708926464,accelergy_plugin,324837376.0,17.500285952000002,2.8680049428794794,4.050942172856216
hires,2048,2048,128,128,5,64,256,50.0,ws,gaussian,4627968.0,1.083282432,accelergy_plugin,9339904.0,1.57330432,49.55048788510032,68.85396666297846
hires,2048,2048,128,128,5,64,256,50.0,ws,sobel,4711936.0,0.490021888,accelergy_plugin,9339904.0,1.57330432,50.44951211489968,31.146033337021535
hires,2048,2048,128,128,5,64,256,200.0,is,gaussian,79222784.0,16.759007232,accelergy_plugin,91922688.0,17.409443839999998,86.18414639920017,96.26388634824994
hires,2048,2048,128,128,5,64,256,200.0,is,sobel,12699904.0,0.650436608,accelergy_plugin,91922688.0,17.409443839999998,13.815853600799837,3.7361136517500615
hires,2048,2048,128,128,5,64,256,200.0,os,gaussian,79246336.0,16.818085888,accelergy_plugin,88210688.0,17.527345152,89.83756707577204,95.95341303632019
hires,2048,2048,128,128,5,64,256,200.0,os,sobel,8964352.0,0.709259264,accelergy_plugin,88210688.0,17.527345152,10.162432924227957,4.046586963679826
hires,2048,2048,128,128,5,64,256,200.0,ws,gaussian,4338944.0,1.083461632,accelergy_plugin,8698880.0,1.57356032,49.87934078869923,68.85415310930057
hires,2048,2048,128,128,5,64,256,200.0,ws,sobel,4359936.0,0.490098688,accelergy_plugin,8698880.0,1.57356032,50.12065921130077,31.14584689069943
hires,2048,2048,128,128,5,64,256,800.0,is,gaussian,20154368.0,16.812613632,accelergy_plugin,32766208.0,17.46386944,61.50961380700507,96.27083900141665
hires,2048,2048,128,128,5,64,256,800.0,is,sobel,12611840.0,0.651255808,accelergy_plugin,32766208.0,17.46386944,38.49038619299493,3.7291609985833705
hires,2048,2048,128,128,5,64,256,800.0,os,gaussian,20145408.0,16.871538688,accelergy_plugin,29021696.0,17.581514752,69.41499214932166,95.9618037807622
hires,2048,2048,128,128,5,64,256,800.0,os,sobel,8876288.0,0.709976064,accelergy_plugin,29021696.0,17.581514752,30.585007850678338,4.0381962192378
hires,2048,2048,128,128,5,64,256,800.0,ws,gaussian,4266752.0,1.083820032,accelergy_plugin,8538624.0,1.57412352,49.97001858847515,68.85228625514725
hires,2048,2048,128,128,5,64,256,800.0,ws,sobel,4271872.0,0.490303488,accelergy_plugin,8538624.0,1.57412352,50.02998141152486,31.14771374485275
hires,2048,2048,128,128,5,64,1024,50.0,is,gaussian,13809408.0,1.111263232,accelergy_plugin,27314944.0,1.60309504,50.55623764046523,69.31985966346699
hires,2048,2048,128,128,5,64,1024,50.0,is,sobel,13505536.0,0.491831808,accelergy_plugin,27314944.0,1.60309504,49.443762359534766,30.680140336533015
hires,2048,2048,128,128,5,64,1024,50.0,os,gaussian,11187968.0,1.170367488,accelergy_plugin,20957952.0,1.721034752,53.38292596528515,68.00371036319433
hires,2048,2048,128,128,5,64,1024,50.0,os,sobel,9769984.0,0.550667264,accelergy_plugin,20957952.0,1.721034752,46.61707403471485,31.99628963680566
hires,2048,2048,128,128,5,64,1024,50.0,ws,gaussian,5534976.0,1.098591232,accelergy_plugin,11153920.0,1.6038067200000001,49.623594216203806,68.49897922861926
hires,2048,2048,128,128,5,64,1024,50.0,ws,sobel,5618944.0,0.505215488,accelergy_plugin,11153920.0,1.6038067200000001,50.37640578379619,31.501020771380734
hires,2048,2048,128,128,5,64,1024,200.0,is,gaussian,12840192.0,1.111365632,accelergy_plugin,25653504.0,1.60323584,50.05239050384696,69.32015891061917
hires,2048,2048,128,128,5,64,1024,200.0,is,sobel,12813312.0,0.491870208,accelergy_plugin,25653504.0,1.60323584,49.94760949615304,30.679841089380833
hires,2048,2048,128,128,5,64,1024,200.0,os,gaussian,10218752.0,1.170444288,accelergy_plugin,19296512.0,1.721137152,52.95647213340939,68.00412661128821
hires,2048,2048,128,128,5,64,1024,200.0,os,sobel,9077760.0,0.550692864,accelergy_plugin,19296512.0,1.721137152,47.04352786659061,31.995873388711786
hires,2048,2048,128,128,5,64,1024,200.0,ws,gaussian,4565760.0,1.098668032,accelergy_plugin,9152512.0,1.60392192,49.88532110091743,68.49884762470234
hires,2048,2048,128,128,5,64,1024,200.0,ws,sobel,4586752.0,0.505253888,accelergy_plugin,9152512.0,1.60392192,50.11467889908256,31.501152375297675
hires,2048,2048,128,128,5,64,1024,800.0,is,gaussian,12598016.0,1.111826432,accelergy_plugin,25238272.0,1.60395264,49.91631756722489,69.31790903751373
hires,2048,2048,128,128,5,64,1024,800.0,is,sobel,12640256.0,0.492126208,accelergy_plugin,25238272.0,1.60395264,50.08368243277511,30.682090962486274
hires,2048,2048,128,128,5,64,1024,800.0,os,gaussian,9976576.0,1.170751488,accelergy_plugin,18881280.0,1.7215979520000002,52.83845163039794,68.00376862901844
hires,2048,2048,128,128,5,64,1024,800.0,os,sobel,8904704.0,0.550846464,accelergy_plugin,18881280.0,1.7215979520000002,47.161548369602066,31.996231370981555
hires,2048,2048,128,128,5,64,1024,800.0,ws,gaussian,4323584.0,1.098975232,accelergy_plugin,8652288.0,1.60443392,49.970412450440854,68.49613550927668
hires,2048,2048,128,128,5,64,1024,800.0,ws,sobel,4328704.0,0.505458688,accelergy_plugin,8652288.0,1.60443392,50.02958754955914,31.50386449072331
hires,2048,2048,128,128,5,64,4096,50.0,is,gaussian,14697984.0,1.095263232,accelergy_plugin,28203520.0,1.58709504,52.11400562766634,69.01056360178657
hires,2048,2048,128,128,5,64,4096,50.0,is,sobel,13505536.0,0.491831808,accelergy_plugin,28203520.0,1.58709504,47.88599437233367,30.98943639821343
hires,2048,2048,128,128,5,64,4096,50.0,os,gaussian,12076544.0,1.154367488,accelergy_plugin,21846528.0,1.705034752,55.27900817924019,67.70345804658416
hires,2048,2048,128,128,5,64,4096,50.0,os,sobel,9769984.0,0.550667264,accelergy_plugin,21846528.0,1.705034752,44.72099182075981,32.29654195341586
hires,2048,2048,128,128,5,64,4096,50.0,ws,gaussian,9157888.0,1.219308032,accelergy_plugin,18399744.0,1.90566912,49.77182291231878,63.98319725094774
hires,2048,2048,128,128,5,64,4096,50.0,ws,sobel,9241856.0,0.686361088,accelergy_plugin,18399744.0,1.90566912,50.228177087681225,36.01680274905226
hires,2048,2048,128,128,5,64,4096,200.0,is,gaussian,13062144.0,1.095288832,accelergy_plugin,25875456.0,1.58715904,50.48082630891606,69.00939379080751
hires,2048,2048,128,128,5,64,4096,200.0,is,sobel,12813312.0,0.491870208,accelergy_plugin,25875456.0,1.58715904,49.519173691083935,30.990606209192496
hires,2048,2048,128,128,5,64,4096,200.0,os,gaussian,10440704.0,1.154367488,accelergy_plugin,19518464.0,1.705060352,53.49142227585122,67.70244153797555
hires,2048,2048,128,128,5,64,4096,200.0,os,sobel,9077760.0,0.550692864,accelergy_plugin,19518464.0,1.705060352,46.508577724148786,32.297558462024455
hires,2048,2048,128,128,5,64,4096,200.0,ws,gaussian,5471488.0,1.219346432,accelergy_plugin,10963968.0,1.90574592,49.90426823573363,63.98263373954908
hires,2048,2048,128,128,5,64,4096,200.0,ws,sobel,5492480.0,0.686399488,accelergy_plugin,10963968.0,1.90574592,50.09573176426637,36.01736626045092
hires,2048,2048,128,128,5,64,4096,800.0,is,gaussian,12653312.0,1.095442432,accelergy_plugin,25293568.0,1.58756864,50.02580893292714,69.00126422250317
hires,2048,2048,128,128,5,64,4096,800.0,is,sobel,12640256.0,0.492126208,accelergy_plugin,25293568.0,1.58756864,49.97419106707286,30.99873577749684
hires,2048,2048,128,128,5,64,4096,800.0,os,gaussian,10031872.0,1.154367488,accelergy_plugin,18936576.0,1.7052139520000003,52.97616633545579,67.69634312726993
hires,2048,2048,128,128,5,64,4096,800.0,os,sobel,8904704.0,0.550846464,accelergy_plugin,18936576.0,1.7052139520000003,47.02383366454421,32.303656872730066
hires,2048,2048,128,128,5,64,4096,800.0,ws,gaussian,4549888.0,1.219397632,accelergy_plugin,9104896.0,1.90589952,49.97188325929258,63.98016365521725
hires,2048,2048,128,128,5,64,4096,800.0,ws,sobel,4555008.0,0.686501888,accelergy_plugin,9104896.0,1.90589952,50.02811674070742,36.01983634478275
hires,2048,2048,128,128,5,128,256,50.0,is,gaussian,24387072.0,2.144901632,accelergy_plugin,37438976.0,2.790312448,65.1381918137932,76.8695861833463
hires,2048,2048,128,128,5,128,256,50.0,is,sobel,13051904.0,0.645410816,accelergy_plugin,37438976.0,2.790312448,34.8618081862068,23.1304138166537
hires,2048,2048,128,128,5,128,256,50.0,os,gaussian,147709184.0,8.401625088,accelergy_plugin,156796160.0,9.10598656,94.20459276553711,92.2648527168483
hires,2048,2048,128,128,5,128,256,50.0,os,sobel,9086976.0,0.704361472,accelergy_plugin,156796160.0,9.10598656,5.795407234462885,7.735147283151711
hires,2048,2048,128,128,5,128,256,50.0,ws,gaussian,4677120.0,1.083692032,accelergy_plugin,9438208.0,1.57386752,49.55516979494413,68.85535270465458
hires,2048,2048,128,128,5,128,256,50.0,ws,sobel,4761088.0,0.490175488,accelergy_plugin,9438208.0,1.57386752,50.44483020505588,31.14464729534542
hires,2048,2048,128,128,5,128,256,200.0,is,gaussian,12646144.0,2.146885632,accelergy_plugin,25346048.0,2.792654848,49.893947963800905,76.87615365491811
hires,2048,2048,128,128,5,128,256,200.0,is,sobel,12699904.0,0.645769216,accelergy_plugin,25346048.0,2.792654848,50.1060520361991,23.123846345081883
hires,2048,2048,128,128,5,128,256,200.0,os,gaussian,37136384.0,8.414117888,accelergy_plugin,45871360.0,9.11881216,80.95766944777743,92.27208259545947
hires,2048,2048,128,128,5,128,256,200.0,os,sobel,8734976.0,0.704694272,accelergy_plugin,45871360.0,9.11881216,19.042330552222563,7.72791740454055
hires,2048,2048,128,128,5,128,256,200.0,ws,gaussian,4388096.0,1.083871232,accelergy_plugin,8797184.0,1.5741235199999999,49.88068909323711,68.85553885885652
hires,2048,2048,128,128,5,128,256,200.0,ws,sobel,4409088.0,0.490252288,accelergy_plugin,8797184.0,1.5741235199999999,50.11931090676289,31.144461141143488
hires,2048,2048,128,128,5,128,256,800.0,is,gaussian,12573952.0,2.150981632,accelergy_plugin,25185792.0,2.797518848,49.9247829887581,76.88890580800835
hires,2048,2048,128,128,5,128,256,800.0,is,sobel,12611840.0,0.646537216,accelergy_plugin,25185792.0,2.797518848,50.07521701124189,23.11109419199166
hires,2048,2048,128,128,5,128,256,800.0,os,gaussian,9516544.0,8.439103488,accelergy_plugin,18163456.0,9.14456576,52.39390565319728,92.28544809545993
hires,2048,2048,128,128,5,128,256,800.0,os,sobel,8646912.0,0.705462272,accelergy_plugin,18163456.0,9.14456576,47.60609434680273,7.7145519045400786
hires,2048,2048,128,128,5,128,256,800.0,ws,gaussian,4315904.0,1.084229632,accelergy_plugin,8636928.0,1.57473792,49.97035983164385,68.85143351345727
hires,2048,2048,128,128,5,128,256,800.0,ws,sobel,4321024.0,0.490508288,accelergy_plugin,8636928.0,1.57473792,50.02964016835616,31.148566486542727
hires,2048,2048,128,128,5,128,1024,50.0,is,gaussian,13842176.0,1.104722432,accelergy_plugin,27347712.0,1.591874048,50.6154811049641,69.39760299427911
hires,2048,2048,128,128,5,128,1024,50.0,is,sobel,13505536.0,0.487151616,accelergy_plugin,27347712.0,1.591874048,49.3845188950359,30.602397005720896
hires,2048,2048,128,128,5,128,1024,50.0,os,gaussian,10434304.0,1.164223488,accelergy_plugin,19974912.0,1.71032576,52.23704615069143,68.07027732541432
hires,2048,2048,128,128,5,128,1024,50.0,os,sobel,9540608.0,0.546102272,accelergy_plugin,19974912.0,1.71032576,47.76295384930857,31.92972267458569
hires,2048,2048,128,128,5,128,1024,50.0,ws,gaussian,5584128.0,1.099000832,accelergy_plugin,11252224.0,1.60436992,49.62688265004323,68.50046353399595
hires,2048,2048,128,128,5,128,1024,50.0,ws,sobel,5668096.0,0.505369088,accelergy_plugin,11252224.0,1.60436992,50.37311734995677,31.499536466004052
hires,2048,2048,128,128,5,128,1024,200.0,is,gaussian,12872960.0,1.104812032,accelergy_plugin,25686272.0,1.592014848,50.11610871363506,69.3970934622841
hires,2048,2048,128,128,5,128,1024,200.0,is,sobel,12813312.0,0.487202816,accelergy_plugin,25686272.0,1.592014848,49.88389128636495,30.602906537715906
hires,2048,2048,128,128,5,128,1024,200.0,os,gaussian,9465088.0,1.164300288,accelergy_plugin,18313472.0,1.71042816,51.68374407649189,68.07069219440353
hires,2048,2048,128,128,5,128,1024,200.0,os,sobel,8848384.0,0.546127872,accelergy_plugin,18313472.0,1.71042816,48.316255923508116,31.92930780559647
hires,2048,2048,128,128,5,128,1024,200.0,ws,gaussian,4614912.0,1.099077632,accelergy_plugin,9250816.0,1.60448512,49.88653973876467,68.50033186970285
hires,2048,2048,128,128,5,128,1024,200.0,ws,sobel,4635904.0,0.505407488,accelergy_plugin,9250816.0,1.60448512,50.11346026123533,31.49966813029715
hires,2048,2048,128,128,5,128,1024,800.0,is,gaussian,12630784.0,1.105272832,accelergy_plugin,25271040.0,1.592680448,49.98125918046903,69.39702395342019
hires,2048,2048,128,128,5,128,1024,800.0,is,sobel,12640256.0,0.487407616,accelergy_plugin,25271040.0,1.592680448,50.01874081953097,30.602976046579805
hires,2048,2048,128,128,5,128,1024,800.0,os,gaussian,9222912.0,1.164607488,accelergy_plugin,17898240.0,1.7109401599999998,51.52971465350783,68.0682770343061
hires,2048,2048,128,128,5,128,1024,800.0,os,sobel,8675328.0,0.546332672,accelergy_plugin,17898240.0,1.7109401599999998,48.47028534649217,31.931722965693908
hires,2048,2048,128,128,5,128,1024,800.0,ws,gaussian,4372736.0,1.099384832,accelergy_plugin,8750592.0,1.6050483199999999,49.97074483646364,68.49543520284797
hires,2048,2048,128,128,5,128,1024,800.0,ws,sobel,4377856.0,0.505663488,accelergy_plugin,8750592.0,1.6050483199999999,50.02925516353637,31.504564797152028
hires,2048,2048,128,128,5,128,4096,50.0,is,gaussian,14730752.0,1.088722432,accelergy_plugin,28236288.0,1.575874048,52.1695769642242,69.08689392922854
hires,2048,2048,128,128,5,128,4096,50.0,is,sobel,13505536.0,0.487151616,accelergy_plugin,28236288.0,1.575874048,47.83042303577581,30.913106070771462
hires,2048,2048,128,128,5,128,4096,50.0,os,gaussian,11322880.0,1.148223488,accelergy_plugin,20863488.0,1.69432576,54.2712704606248,67.7687558737229
hires,2048,2048,128,128,5,128,4096,50.0,os,sobel,9540608.0,0.546102272,accelergy_plugin,20863488.0,1.69432576,45.7287295393752,32.23124412627711
hires,2048,2048,128,128,5,128,4096,50.0,ws,gaussian,9207040.0,1.219717632,accelergy_plugin,18498048.0,1.90623232,49.77303551163885,63.98578070484084
hires,2048,2048,128,128,5,128,4096,50.0,ws,sobel,9291008.0,0.686514688,accelergy_plugin,18498048.0,1.90623232,50.22696448836115,36.01421929515916
hires,2048,2048,128,128,5,128,4096,200.0,is,gaussian,13094912.0,1.088735232,accelergy_plugin,25908224.0,1.575938048,50.543456780364416,69.08490047446332
hires,2048,2048,128,128,5,128,4096,200.0,is,sobel,12813312.0,0.487202816,accelergy_plugin,25908224.0,1.575938048,49.456543219635584,30.915099525536675
hires,2048,2048,128,128,5,128,4096,200.0,os,gaussian,9687040.0,1.148223488,accelergy_plugin,18535424.0,1.69435136,52.26230594994752,67.76773195377847
hires,2048,2048,128,128,5,128,4096,200.0,os,sobel,8848384.0,0.546127872,accelergy_plugin,18535424.0,1.69435136,47.73769405005248,32.232268046221535
hires,2048,2048,128,128,5,128,4096,200.0,ws,gaussian,5520640.0,1.219756032,accelergy_plugin,11062272.0,1.90630912,49.90511894844025,63.98521725584568
hires,2048,2048,128,128,5,128,4096,200.0,ws,sobel,5541632.0,0.686553088,accelergy_plugin,11062272.0,1.90630912,50.094881051559746,36.01478274415432
hires,2048,2048,128,128,5,128,4096,800.0,is,gaussian,12686080.0,1.088888832,accelergy_plugin,25326336.0,1.5762964480000001,50.090467093226586,69.07893711120003
hires,2048,2048,128,128,5,128,4096,800.0,is,sobel,12640256.0,0.487407616,accelergy_plugin,25326336.0,1.5762964480000001,49.90953290677341,30.92106288879996
hires,2048,2048,128,128,5,128,4096,800.0,os,gaussian,9278208.0,1.148223488,accelergy_plugin,17953536.0,1.6945561599999999,51.679000727210514,67.75954170795968
hires,2048,2048,128,128,5,128,4096,800.0,os,sobel,8675328.0,0.546332672,accelergy_plugin,17953536.0,1.6945561599999999,48.32099927278949,32.240458292040316
hires,2048,2048,128,128,5,128,4096,800.0,ws,gaussian,4599040.0,1.219807232,accelergy_plugin,9203200.0,1.90651392,49.97218358831711,63.98102941729373
hires,2048,2048,128,128,5,128,4096,800.0,ws,sobel,4604160.0,0.686706688,accelergy_plugin,9203200.0,1.90651392,50.02781641168289,36.01897058270626
hires,2048,2048,128,128,7,8,256,50.0,is,gaussian,117258496.0,8.050064384,accelergy_plugin,142759680.0,8.833298944000001,82.13698433619352,91.1331591405948
hires,2048,2048,128,128,7,8,256,50.0,is,sobel,25501184.0,0.78323456,accelergy_plugin,142759680.0,8.833298944000001,17.863015663806475,8.8668408594052
hires,2048,2048,128,128,7,8,256,50.0,os,gaussian,33415168.0,2.569781248,accelergy_plugin,45942784.0,3.269248,72.73213569295235,78.6046591754434
hires,2048,2048,128,128,7,8,256,50.0,os,sobel,12527616.0,0.699466752,accelergy_plugin,45942784.0,3.269248,27.267864307047653,21.395340824556595
hires,2048,2048,128,128,7,8,256,50.0,ws,gaussian,29986560.0,2.29586944,accelergy_plugin,38721792.0,2.8528721920000004,77.44104405085385,80.47572009843475
hires,2048,2048,128,128,7,8,256,50.0,ws,sobel,8735232.0,0.557002752,accelergy_plugin,38721792.0,2.8528721920000004,22.558955949146156,19.52427990156525
hires,2048,2048,128,128,7,8,256,200.0,is,gaussian,84557056.0,8.059869184,accelergy_plugin,109806592.0,8.843474944,77.00544608469407,91.1391645822251
hires,2048,2048,128,128,7,8,256,200.0,is,sobel,25249536.0,0.78360576,accelergy_plugin,109806592.0,8.843474944,22.994553915305925,8.860835417774888
hires,2048,2048,128,128,7,8,256,200.0,os,gaussian,33126144.0,2.570498048,accelergy_plugin,45301760.0,3.2701952000000003,73.12330470162749,78.60381080615616
hires,2048,2048,128,128,7,8,256,200.0,os,sobel,12175616.0,0.699697152,accelergy_plugin,45301760.0,3.2701952000000003,26.876695298372518,21.39618919384384
hires,2048,2048,128,128,7,8,256,200.0,ws,gaussian,29546240.0,2.29622784,accelergy_plugin,38029824.0,2.853332992,77.69228697981877,80.47528439330505
hires,2048,2048,128,128,7,8,256,200.0,ws,sobel,8483584.0,0.557105152,accelergy_plugin,38029824.0,2.853332992,22.307713020181215,19.52471560669495
hires,2048,2048,128,128,7,8,256,800.0,is,gaussian,84446720.0,8.079581184,accelergy_plugin,109633280.0,8.864006144000001,77.02653792716956,91.15044656719948
hires,2048,2048,128,128,7,8,256,800.0,is,sobel,25186560.0,0.78442496,accelergy_plugin,109633280.0,8.864006144000001,22.97346207283044,8.849553432800507
hires,2048,2048,128,128,7,8,256,800.0,os,gaussian,33053952.0,2.572034048,accelergy_plugin,45141504.0,3.2722944,73.22297458232671,78.6003254474903
hires,2048,2048,128,128,7,8,256,800.0,os,sobel,12087552.0,0.700260352,accelergy_plugin,45141504.0,3.2722944,26.77702541767328,21.399674552509705
hires,2048,2048,128,128,7,8,256,800.0,ws,gaussian,29435904.0,2.29704704,accelergy_plugin,37856512.0,2.854459392,77.75651385949133,80.47222694559181
hires,2048,2048,128,128,7,8,256,800.0,ws,sobel,8420608.0,0.557412352,accelergy_plugin,37856512.0,2.854459392,22.24348614050867,19.527773054408197
hires,2048,2048,128,128,7,8,1024,50.0,is,gaussian,86205696.0,3.559120384,accelergy_plugin,112461824.0,4.1840957439999995,76.65329703348934,85.06307220870328
hires,2048,2048,128,128,7,8,1024,50.0,is,sobel,26256128.0,0.62497536,accelergy_plugin,112461824.0,4.1840957439999995,23.346702966510662,14.936927791296739
hires,2048,2048,128,128,7,8,1024,50.0,os,gaussian,34322176.0,2.389301248,accelergy_plugin,47303424.0,3.0059008,72.55748759328712,79.48702924594186
hires,2048,2048,128,128,7,8,1024,50.0,os,sobel,12981248.0,0.616599552,accelergy_plugin,47303424.0,3.0059008,27.442512406712883,20.512970754058152
hires,2048,2048,128,128,7,8,1024,50.0,ws,gaussian,31194880.0,2.32648704,accelergy_plugin,41138432.0,2.8986833919999997,75.82904472392141,80.26012935461702
hires,2048,2048,128,128,7,8,1024,50.0,ws,sobel,9943552.0,0.572196352,accelergy_plugin,41138432.0,2.8986833919999997,24.170955276078583,19.739870645382993
hires,2048,2048,128,128,7,8,1024,200.0,is,gaussian,84859136.0,3.559952384,accelergy_plugin,110297344.0,4.1849917439999995,76.93669940048602,85.06474090669079
hires,2048,2048,128,128,7,8,1024,200.0,is,sobel,25438208.0,0.62503936,accelergy_plugin,110297344.0,4.1849917439999995,23.063300599513983,14.93525909330922
hires,2048,2048,128,128,7,8,1024,200.0,os,gaussian,33352960.0,2.389454848,accelergy_plugin,45641984.0,3.0061056,73.07517569788378,79.48672355355714
hires,2048,2048,128,128,7,8,1024,200.0,os,sobel,12289024.0,0.616650752,accelergy_plugin,45641984.0,3.0061056,26.924824302116228,20.513276446442863
hires,2048,2048,128,128,7,8,1024,200.0,ws,gaussian,29848320.0,2.32664064,accelergy_plugin,38633984.0,2.8989009919999997,77.25923373577004,80.25940335391766
hires,2048,2048,128,128,7,8,1024,200.0,ws,sobel,8785664.0,0.572260352,accelergy_plugin,38633984.0,2.8989009919999997,22.740766264229958,19.740596646082352
hires,2048,2048,128,128,7,8,1024,800.0,is,gaussian,84522496.0,3.563331584,accelergy_plugin,109756160.0,4.188626944,77.00934143468577,85.07159104021655
hires,2048,2048,128,128,7,8,1024,800.0,is,sobel,25233664.0,0.62529536,accelergy_plugin,109756160.0,4.188626944,22.990658565314238,14.928408959783457
hires,2048,2048,128,128,7,8,1024,800.0,os,gaussian,33110784.0,2.390171648,accelergy_plugin,45226752.0,3.0070784,73.2106165837423,79.48484642103112
hires,2048,2048,128,128,7,8,1024,800.0,os,sobel,12115968.0,0.616906752,accelergy_plugin,45226752.0,3.0070784,26.789383416257706,20.515153578968874
hires,2048,2048,128,128,7,8,1024,800.0,ws,gaussian,29511680.0,2.32735744,accelergy_plugin,38007808.0,2.899924992,77.6463615055096,80.25578062951499
hires,2048,2048,128,128,7,8,1024,800.0,ws,sobel,8496128.0,0.572567552,accelergy_plugin,38007808.0,2.899924992,22.353638494490397,19.744219370485013
hires,2048,2048,128,128,7,8,4096,50.0,is,gaussian,89107712.0,2.495645184,accelergy_plugin,115363840.0,3.120620544,77.2405911592402,79.97272173312975
hires,2048,2048,128,128,7,8,4096,50.0,is,sobel,26256128.0,0.62497536,accelergy_plugin,115363840.0,3.120620544,22.75940884075981,20.027278266870244
hires,2048,2048,128,128,7,8,4096,50.0,os,gaussian,37224192.0,2.353115648,accelergy_plugin,50205440.0,2.9697152000000004,74.14374219208118,79.23708132012119
hires,2048,2048,128,128,7,8,4096,50.0,os,sobel,12981248.0,0.616599552,accelergy_plugin,50205440.0,2.9697152000000004,25.856257807918826,20.762918679878798
hires,2048,2048,128,128,7,8,4096,50.0,ws,gaussian,34684160.0,2.31966464,accelergy_plugin,44761344.0,2.898542592,77.48686009070684,80.02865462119799
hires,2048,2048,128,128,7,8,4096,50.0,ws,sobel,10077184.0,0.578877952,accelergy_plugin,44761344.0,2.898542592,22.513139909293162,19.97134537880201
hires,2048,2048,128,128,7,8,4096,200.0,is,gaussian,85584640.0,2.495709184,accelergy_plugin,111022848.0,3.120748544,77.08741177311539,79.97149237795173
hires,2048,2048,128,128,7,8,4096,200.0,is,sobel,25438208.0,0.62503936,accelergy_plugin,111022848.0,3.120748544,22.912588226884615,20.02850762204826
hires,2048,2048,128,128,7,8,4096,200.0,os,gaussian,34078464.0,2.353154048,accelergy_plugin,46367488.0,2.9698048,73.4964637290681,79.23598372526033
hires,2048,2048,128,128,7,8,4096,200.0,os,sobel,12289024.0,0.616650752,accelergy_plugin,46367488.0,2.9698048,26.50353627093191,20.76401627473967
hires,2048,2048,128,128,7,8,4096,200.0,ws,gaussian,30720512.0,2.31967744,accelergy_plugin,39539456.0,2.898593792,77.69583880971959,80.02768260948515
hires,2048,2048,128,128,7,8,4096,200.0,ws,sobel,8818944.0,0.578916352,accelergy_plugin,39539456.0,2.898593792,22.304161190280414,19.972317390514856
hires,2048,2048,128,128,7,8,4096,800.0,is,gaussian,84703744.0,2.495913984,accelergy_plugin,109937408.0,3.121209344,77.04724491958189,79.96624733928773
hires,2048,2048,128,128,7,8,4096,800.0,is,sobel,25233664.0,0.62529536,accelergy_plugin,109937408.0,3.121209344,22.95275508041812,20.03375266071227
hires,2048,2048,128,128,7,8,4096,800.0,os,gaussian,33292032.0,2.353307648,accelergy_plugin,45408000.0,2.9702143999999997,73.31754756871037,79.23022822864235
hires,2048,2048,128,128,7,8,4096,800.0,os,sobel,12115968.0,0.616906752,accelergy_plugin,45408000.0,2.9702143999999997,26.68245243128964,20.769771771357654
hires,2048,2048,128,128,7,8,4096,800.0,ws,gaussian,29729536.0,2.31977984,accelergy_plugin,38233856.0,2.8989009919999997,77.75709570073184,80.0227343535298
hires,2048,2048,128,128,7,8,4096,800.0,ws,sobel,8504320.0,0.579121152,accelergy_plugin,38233856.0,2.8989009919999997,22.24290429926817,19.977265646470208
hires,2048,2048,128,128,7,16,256,50.0,is,gaussian,140485376.0,9.08306944,accelergy_plugin,153537280.0,9.761446399999999,91.49919550483115,93.05044629451635
hires,2048,2048,128,128,7,16,256,50.0,is,sobel,13051904.0,0.67837696,accelergy_plugin,153537280.0,9.761446399999999,8.500804495168861,6.949553705483648
hires,2048,2048,128,128,7,16,256,50.0,os,gaussian,34947584.0,3.4924544,accelergy_plugin,45640192.0,4.229577216,76.57194781301534,82.57218680837532
hires,2048,2048,128,128,7,16,256,50.0,os,sobel,10692608.0,0.737122816,accelergy_plugin,45640192.0,4.229577216,23.428052186984665,17.42781319162468
hires,2048,2048,128,128,7,16,256,50.0,ws,gaussian,17159680.0,2.195308544,accelergy_plugin,21834752.0,2.685215232,78.58884772311589,81.75540335978549
hires,2048,2048,128,128,7,16,256,50.0,ws,sobel,4675072.0,0.489906688,accelergy_plugin,21834752.0,2.685215232,21.411152276884117,18.2445966402145
hires,2048,2048,128,128,7,16,256,200.0,is,gaussian,49366784.0,9.09497344,accelergy_plugin,62066688.0,9.7737216,79.53829274731076,93.05537657221585
hires,2048,2048,128,128,7,16,256,200.0,is,sobel,12699904.0,0.67874816,accelergy_plugin,62066688.0,9.7737216,20.461707252689237,6.944623427784152
hires,2048,2048,128,128,7,16,256,200.0,os,gaussian,20805376.0,3.494912,accelergy_plugin,31145984.0,4.232380416,66.79954629142556,82.57556402037751
hires,2048,2048,128,128,7,16,256,200.0,os,sobel,10340608.0,0.737468416,accelergy_plugin,31145984.0,4.232380416,33.200453708574436,17.42443597962249
hires,2048,2048,128,128,7,16,256,200.0,ws,gaussian,16908032.0,2.195666944,accelergy_plugin,21231104.0,2.685663232,79.63802541780211,81.75511053799913
hires,2048,2048,128,128,7,16,256,200.0,ws,sobel,4323072.0,0.489996288,accelergy_plugin,21231104.0,2.685663232,20.36197458219789,18.24488946200087
hires,2048,2048,128,128,7,16,256,800.0,is,gaussian,49303808.0,9.11888384,accelergy_plugin,61915648.0,9.7984512,79.63060969659882,93.06454309840313
hires,2048,2048,128,128,7,16,256,800.0,is,sobel,12611840.0,0.67956736,accelergy_plugin,61915648.0,9.7984512,20.36939030340117,6.935456901596855
hires,2048,2048,128,128,7,16,256,800.0,os,gaussian,20733184.0,3.4998272,accelergy_plugin,30985728.0,4.2381148159999995,66.91204415142352,82.57981088165027
hires,2048,2048,128,128,7,16,256,800.0,os,sobel,10252544.0,0.738287616,accelergy_plugin,30985728.0,4.2381148159999995,33.08795584857648,17.42018911834974
hires,2048,2048,128,128,7,16,256,800.0,ws,gaussian,16845056.0,2.196383744,accelergy_plugin,21080064.0,2.6866872319999997,79.90989021665209,81.7506302125457
hires,2048,2048,128,128,7,16,256,800.0,ws,sobel,4235008.0,0.490303488,accelergy_plugin,21080064.0,2.6866872319999997,20.090109783347906,18.249369787454295
hires,2048,2048,128,128,7,16,1024,50.0,is,gaussian,50826752.0,3.35569664,accelergy_plugin,64332288.0,3.8758144000000003,79.0065977445105,86.58042655499706
hires,2048,2048,128,128,7,16,1024,50.0,is,sobel,13505536.0,0.52011776,accelergy_plugin,64332288.0,3.8758144000000003,20.9934022554895,13.41957344500294
hires,2048,2048,128,128,7,16,1024,50.0,os,gaussian,22001408.0,2.4679296,accelergy_plugin,33147648.0,3.046793216,66.37396414973395,81.00088929697814
hires,2048,2048,128,128,7,16,1024,50.0,os,sobel,11146240.0,0.578863616,accelergy_plugin,33147648.0,3.046793216,33.62603585026606,18.999110703021863
hires,2048,2048,128,128,7,16,1024,50.0,ws,gaussian,18368000.0,2.225926144,accelergy_plugin,23950080.0,2.731026432,76.69285447063224,81.50511170153332
hires,2048,2048,128,128,7,16,1024,50.0,ws,sobel,5582080.0,0.505100288,accelergy_plugin,23950080.0,2.731026432,23.30714552936775,18.494888298466673
hires,2048,2048,128,128,7,16,1024,200.0,is,gaussian,49668864.0,3.35652864,accelergy_plugin,62482176.0,3.8767104000000003,79.4928524896444,86.58187725345694
hires,2048,2048,128,128,7,16,1024,200.0,is,sobel,12813312.0,0.52018176,accelergy_plugin,62482176.0,3.8767104000000003,20.507147510355594,13.418122746543048
hires,2048,2048,128,128,7,16,1024,200.0,os,gaussian,21032192.0,2.4681984,accelergy_plugin,31486208.0,3.047100416,66.79811046157099,81.00154451884003
hires,2048,2048,128,128,7,16,1024,200.0,os,sobel,10454016.0,0.578902016,accelergy_plugin,31486208.0,3.047100416,33.201889538429015,18.99845548115996
hires,2048,2048,128,128,7,16,1024,200.0,ws,gaussian,17210112.0,2.226079744,accelergy_plugin,21760000.0,2.7312312320000003,79.0905882352941,81.50462391900474
hires,2048,2048,128,128,7,16,1024,200.0,ws,sobel,4549888.0,0.505151488,accelergy_plugin,21760000.0,2.7312312320000003,20.909411764705883,18.49537608099525
hires,2048,2048,128,128,7,16,1024,800.0,is,gaussian,49379328.0,3.35990784,accelergy_plugin,62019584.0,3.8803456,79.6189281114817,86.58785031931177
hires,2048,2048,128,128,7,16,1024,800.0,is,sobel,12640256.0,0.52043776,accelergy_plugin,62019584.0,3.8803456,20.38107188851831,13.412149680688234
hires,2048,2048,128,128,7,16,1024,800.0,os,gaussian,20790016.0,2.4692736,accelergy_plugin,31070976.0,3.0484316160000002,66.91137092056587,81.00144307124258
hires,2048,2048,128,128,7,16,1024,800.0,os,sobel,10280960.0,0.579158016,accelergy_plugin,31070976.0,3.0484316160000002,33.088629079434135,18.998556928757427
hires,2048,2048,128,128,7,16,1024,800.0,ws,gaussian,16920576.0,2.226694144,accelergy_plugin,21212416.0,2.732152832,79.767321176428,81.49961883245044
hires,2048,2048,128,128,7,16,1024,800.0,ws,sobel,4291840.0,0.505458688,accelergy_plugin,21212416.0,2.732152832,20.232678823572005,18.500381167549563
hires,2048,2048,128,128,7,16,4096,50.0,is,gaussian,53728768.0,2.29222144,accelergy_plugin,67234304.0,2.8123392000000003,79.91273026340839,81.50586671764202
hires,2048,2048,128,128,7,16,4096,50.0,is,sobel,13505536.0,0.52011776,accelergy_plugin,67234304.0,2.8123392000000003,20.087269736591608,18.49413328235797
hires,2048,2048,128,128,7,16,4096,50.0,os,gaussian,24903424.0,2.2504576,accelergy_plugin,36049664.0,2.829321216,69.0808768703087,79.54054800400577
hires,2048,2048,128,128,7,16,4096,50.0,os,sobel,11146240.0,0.578863616,accelergy_plugin,36049664.0,2.829321216,30.919123129691307,20.459451995994225
hires,2048,2048,128,128,7,16,4096,50.0,ws,gaussian,21990912.0,2.225785344,accelergy_plugin,27706624.0,2.737567232,79.37059383344575,81.3052303513253
hires,2048,2048,128,128,7,16,4096,50.0,ws,sobel,5715712.0,0.511781888,accelergy_plugin,27706624.0,2.737567232,20.62940616655425,18.694769648674697
hires,2048,2048,128,128,7,16,4096,200.0,is,gaussian,50394368.0,2.29228544,accelergy_plugin,63207680.0,2.8124672000000004,79.72823555618558,81.50443283391891
hires,2048,2048,128,128,7,16,4096,200.0,is,sobel,12813312.0,0.52018176,accelergy_plugin,63207680.0,2.8124672000000004,20.271764443814423,18.495567166081084
hires,2048,2048,128,128,7,16,4096,200.0,os,gaussian,21757696.0,2.250496,accelergy_plugin,32211712.0,2.829398016,67.54591621829972,79.539746167688
hires,2048,2048,128,128,7,16,4096,200.0,os,sobel,10454016.0,0.578902016,accelergy_plugin,32211712.0,2.829398016,32.45408378170027,20.460253832312013
hires,2048,2048,128,128,7,16,4096,200.0,ws,gaussian,18115840.0,2.225823744,accelergy_plugin,22699008.0,2.737631232,79.80895024134975,81.30473228031904
hires,2048,2048,128,128,7,16,4096,200.0,ws,sobel,4583168.0,0.511807488,accelergy_plugin,22699008.0,2.737631232,20.191049758650244,18.695267719680952
hires,2048,2048,128,128,7,16,4096,800.0,is,gaussian,49560576.0,2.29249024,accelergy_plugin,62200832.0,2.812928,79.67831684309303,81.49836184929013
hires,2048,2048,128,128,7,16,4096,800.0,is,sobel,12640256.0,0.52043776,accelergy_plugin,62200832.0,2.812928,20.32168315690697,18.501638150709866
hires,2048,2048,128,128,7,16,4096,800.0,os,gaussian,20971264.0,2.2505472,accelergy_plugin,31252224.0,2.8297052160000002,67.10326919453796,79.53292050616201
hires,2048,2048,128,128,7,16,4096,800.0,os,sobel,10280960.0,0.579158016,accelergy_plugin,31252224.0,2.8297052160000002,32.896730805462035,20.46707949383799
hires,2048,2048,128,128,7,16,4096,800.0,ws,gaussian,17146880.0,2.225874944,accelergy_plugin,21446912.0,2.7378872320000003,79.95034436659226,81.2990001189355
hires,2048,2048,128,128,7,16,4096,800.0,ws,sobel,4300032.0,0.512012288,accelergy_plugin,21446912.0,2.7378872320000003,20.04965563340774,18.700999881064494
hires,2048,2048,128,128,7,32,256,50.0,is,gaussian,152655360.0,9.582794752,accelergy_plugin,165707264.0,10.242310144,92.1235172888981,93.5608726671263
hires,2048,2048,128,128,7,32,256,50.0,is,sobel,13051904.0,0.659515392,accelergy_plugin,165707264.0,10.242310144,7.876482711101911,6.439127332873704
hires,2048,2048,128,128,7,32,256,50.0,os,gaussian,78915584.0,5.914136576,accelergy_plugin,88690688.0,6.632423424,88.97843254976216,89.17006948921843
hires,2048,2048,128,128,7,32,256,50.0,os,sobel,9775104.0,0.718286848,accelergy_plugin,88690688.0,6.632423424,11.021567450237843,10.829930510781574
hires,2048,2048,128,128,7,32,256,50.0,ws,gaussian,8905728.0,2.12840448,accelergy_plugin,13593088.0,2.6183495679999997,65.51659196203246,81.28801845300437
hires,2048,2048,128,128,7,32,256,50.0,ws,sobel,4687360.0,0.489945088,accelergy_plugin,13593088.0,2.6183495679999997,34.483408037967536,18.711981546995638
hires,2048,2048,128,128,7,32,256,200.0,is,gaussian,38375168.0,9.595748352,accelergy_plugin,51075072.0,10.255622144,75.13482898271782,93.56573611298602
hires,2048,2048,128,128,7,32,256,200.0,is,sobel,12699904.0,0.659873792,accelergy_plugin,51075072.0,10.255622144,24.86517101728217,6.43426388701397
hires,2048,2048,128,128,7,32,256,200.0,os,gaussian,20185600.0,5.920792576,accelergy_plugin,29608704.0,6.639437824,68.17454759249172,89.17611299254484
hires,2048,2048,128,128,7,32,256,200.0,os,sobel,9423104.0,0.718645248,accelergy_plugin,29608704.0,6.639437824,31.82545240750828,10.823887007455166
hires,2048,2048,128,128,7,32,256,200.0,ws,gaussian,8553728.0,2.12876288,accelergy_plugin,12889088.0,2.618810368,66.36410582346866,81.28740079892643
hires,2048,2048,128,128,7,32,256,200.0,ws,sobel,4335360.0,0.490047488,accelergy_plugin,12889088.0,2.618810368,33.635894176531345,18.712599201073576
hires,2048,2048,128,128,7,32,256,800.0,is,gaussian,24932608.0,9.621757952,accelergy_plugin,37544448.0,10.282450943999999,66.40824230522713,93.57455731519414
hires,2048,2048,128,128,7,32,256,800.0,is,sobel,12611840.0,0.660692992,accelergy_plugin,37544448.0,10.282450943999999,33.59175769477287,6.425442684805869
hires,2048,2048,128,128,7,32,256,800.0,os,gaussian,14572800.0,5.934104576,accelergy_plugin,23907840.0,6.653517824,60.95406360424028,89.18747545238409
hires,2048,2048,128,128,7,32,256,800.0,os,sobel,9335040.0,0.719413248,accelergy_plugin,23907840.0,6.653517824,39.04593639575972,10.812524547615912
hires,2048,2048,128,128,7,32,256,800.0,ws,gaussian,8465664.0,2.12947968,accelergy_plugin,12712960.0,2.619783168,66.59081755940394,81.28457751813451
hires,2048,2048,128,128,7,32,256,800.0,ws,sobel,4247296.0,0.490303488,accelergy_plugin,12712960.0,2.619783168,33.409182440596055,18.71542248186549
hires,2048,2048,128,128,7,32,1024,50.0,is,gaussian,26279680.0,3.237207552,accelergy_plugin,39785216.0,3.738463744,66.05388292977975,86.59192046988593
hires,2048,2048,128,128,7,32,1024,50.0,is,sobel,13505536.0,0.501256192,accelergy_plugin,39785216.0,3.738463744,33.946117070220254,13.408079530114069
hires,2048,2048,128,128,7,32,1024,50.0,os,gaussian,15841024.0,2.416754176,accelergy_plugin,26069760.0,2.976781824,60.76398094957529,81.18680907398607
hires,2048,2048,128,128,7,32,1024,50.0,os,sobel,10228736.0,0.560027648,accelergy_plugin,26069760.0,2.976781824,39.23601905042471,18.81319092601393
hires,2048,2048,128,128,7,32,1024,50.0,ws,gaussian,9812736.0,2.15902208,accelergy_plugin,15407104.0,2.6641607680000003,63.68968496610394,81.03948177349633
hires,2048,2048,128,128,7,32,1024,50.0,ws,sobel,5594368.0,0.505138688,accelergy_plugin,15407104.0,2.6641607680000003,36.31031503389605,18.96051822650366
hires,2048,2048,128,128,7,32,1024,200.0,is,gaussian,25247488.0,3.238039552,accelergy_plugin,38060800.0,3.7393469440000002,66.33462249873887,86.59371811421839
hires,2048,2048,128,128,7,32,1024,200.0,is,sobel,12813312.0,0.501307392,accelergy_plugin,38060800.0,3.7393469440000002,33.66537750126114,13.406281885781604
hires,2048,2048,128,128,7,32,1024,200.0,os,gaussian,14871808.0,2.417022976,accelergy_plugin,24408320.0,2.977101824,60.92925690911951,81.18711145568128
hires,2048,2048,128,128,7,32,1024,200.0,os,sobel,9536512.0,0.560078848,accelergy_plugin,24408320.0,2.977101824,39.07074309088049,18.812888544318728
hires,2048,2048,128,128,7,32,1024,200.0,ws,gaussian,8780544.0,2.15917568,accelergy_plugin,13342720.0,2.6643783680000004,65.80775134305449,81.03862821933855
hires,2048,2048,128,128,7,32,1024,200.0,ws,sobel,4562176.0,0.505202688,accelergy_plugin,13342720.0,2.6643783680000004,34.19224865694551,18.961371780661445
hires,2048,2048,128,128,7,32,1024,800.0,is,gaussian,24989440.0,3.241418752,accelergy_plugin,37629696.0,3.742982144,66.40882775135893,86.59989888533116
hires,2048,2048,128,128,7,32,1024,800.0,is,sobel,12640256.0,0.501563392,accelergy_plugin,37629696.0,3.742982144,33.59117224864107,13.40010111466885
hires,2048,2048,128,128,7,32,1024,800.0,os,gaussian,14629632.0,2.418098176,accelergy_plugin,23993088.0,2.978381824,60.97436061585737,81.1883203326989
hires,2048,2048,128,128,7,32,1024,800.0,os,sobel,9363456.0,0.560283648,accelergy_plugin,23993088.0,2.978381824,39.025639384142636,18.811679667301114
hires,2048,2048,128,128,7,32,1024,800.0,ws,gaussian,8522496.0,2.15979008,accelergy_plugin,12826624.0,2.665248768,66.44379690244293,81.03521539644888
hires,2048,2048,128,128,7,32,1024,800.0,ws,sobel,4304128.0,0.505458688,accelergy_plugin,12826624.0,2.665248768,33.55620309755708,18.964784603551124
hires,2048,2048,128,128,7,32,4096,50.0,is,gaussian,29181696.0,2.173732352,accelergy_plugin,42687232.0,2.674988544,68.3616496848519,81.26137051598528
hires,2048,2048,128,128,7,32,4096,50.0,is,sobel,13505536.0,0.501256192,accelergy_plugin,42687232.0,2.674988544,31.638350315148102,18.73862948401472
hires,2048,2048,128,128,7,32,4096,50.0,os,gaussian,18743040.0,2.199282176,accelergy_plugin,28971776.0,2.7593098240000002,64.69413542338584,79.70406791115023
hires,2048,2048,128,128,7,32,4096,50.0,os,sobel,10228736.0,0.560027648,accelergy_plugin,28971776.0,2.7593098240000002,35.30586457661415,20.295932088849767
hires,2048,2048,128,128,7,32,4096,50.0,ws,gaussian,13435648.0,2.15888128,accelergy_plugin,20505856.0,2.737811968,65.52102970000374,78.85425680190468
hires,2048,2048,128,128,7,32,4096,50.0,ws,sobel,7070208.0,0.578930688,accelergy_plugin,20505856.0,2.737811968,34.478970299996256,21.145743198095335
hires,2048,2048,128,128,7,32,4096,200.0,is,gaussian,25972992.0,2.173796352,accelergy_plugin,38786304.0,2.6751037440000003,66.96433875215334,81.26026352718529
hires,2048,2048,128,128,7,32,4096,200.0,is,sobel,12813312.0,0.501307392,accelergy_plugin,38786304.0,2.6751037440000003,33.03566124784666,18.739736472814712
hires,2048,2048,128,128,7,32,4096,200.0,os,gaussian,15597312.0,2.199320576,accelergy_plugin,25133824.0,2.7593994239999997,62.057059045213336,79.7028714607719
hires,2048,2048,128,128,7,32,4096,200.0,os,sobel,9536512.0,0.560078848,accelergy_plugin,25133824.0,2.7593994239999997,37.942940954786664,20.29712853922811
hires,2048,2048,128,128,7,32,4096,200.0,ws,gaussian,9686272.0,2.15891968,accelergy_plugin,14617344.0,2.737901568,66.26560885479606,78.8530787678047
hires,2048,2048,128,128,7,32,4096,200.0,ws,sobel,4931072.0,0.578981888,accelergy_plugin,14617344.0,2.737901568,33.73439114520394,21.146921232195297
hires,2048,2048,128,128,7,32,4096,800.0,is,gaussian,25170688.0,2.174001152,accelergy_plugin,37810944.0,2.675564544,66.56984813708962,81.25392291040914
hires,2048,2048,128,128,7,32,4096,800.0,is,sobel,12640256.0,0.501563392,accelergy_plugin,37810944.0,2.675564544,33.43015186291038,18.74607708959085
hires,2048,2048,128,128,7,32,4096,800.0,os,gaussian,14810880.0,2.199371776,accelergy_plugin,24174336.0,2.759655424,61.2669568256187,79.69733311168635
hires,2048,2048,128,128,7,32,4096,800.0,os,sobel,9363456.0,0.560283648,accelergy_plugin,24174336.0,2.759655424,38.733043174381294,20.302666888313663
hires,2048,2048,128,128,7,32,4096,800.0,ws,gaussian,8748800.0,2.15897088,accelergy_plugin,13145088.0,2.738157568,66.55565942198332,78.84757638607888
hires,2048,2048,128,128,7,32,4096,800.0,ws,sobel,4396288.0,0.579186688,accelergy_plugin,13145088.0,2.738157568,33.44434057801667,21.15242361392111
hires,2048,2048,128,128,7,64,256,50.0,is,gaussian,152800000.0,9.523550208,accelergy_plugin,165851904.0,10.173641216,92.13038639580526,93.61004586069333
hires,2048,2048,128,128,7,64,256,50.0,is,sobel,13051904.0,0.650091008,accelergy_plugin,165851904.0,10.173641216,7.869613604194741,6.3899541393066555
hires,2048,2048,128,128,7,64,256,50.0,os,gaussian,152616704.0,9.583051264,accelergy_plugin,161933056.0,10.291977727999999,94.24678800602639,93.11185388527107
hires,2048,2048,128,128,7,64,256,50.0,os,sobel,9316352.0,0.708926464,accelergy_plugin,161933056.0,10.291977727999999,5.753211993973609,6.888146114728942
hires,2048,2048,128,128,7,64,256,50.0,ws,gaussian,4627968.0,2.095246848,accelergy_plugin,9339904.0,2.5852687359999997,49.55048788510032,81.04561119018615
hires,2048,2048,128,128,7,64,256,50.0,ws,sobel,4711936.0,0.490021888,accelergy_plugin,9339904.0,2.5852687359999997,50.44951211489968,18.954388809813853
hires,2048,2048,128,128,7,64,256,200.0,is,gaussian,38324736.0,9.536503808,accelergy_plugin,51024640.0,10.186940416,75.11025261520709,93.61499546047801
hires,2048,2048,128,128,7,64,256,200.0,is,sobel,12699904.0,0.650436608,accelergy_plugin,51024640.0,10.186940416,24.889747384792916,6.3850045395219865
hires,2048,2048,128,128,7,64,256,200.0,os,gaussian,38331392.0,9.595992064,accelergy_plugin,47295744.0,10.305251328,81.04617616333512,93.11749668760723
hires,2048,2048,128,128,7,64,256,200.0,os,sobel,8964352.0,0.709259264,accelergy_plugin,47295744.0,10.305251328,18.953823836664878,6.882503312392769
hires,2048,2048,128,128,7,64,256,200.0,ws,gaussian,4338944.0,2.095618048,accelergy_plugin,8698880.0,2.585716736,49.87934078869923,81.04592505526482
hires,2048,2048,128,128,7,64,256,200.0,ws,sobel,4359936.0,0.490098688,accelergy_plugin,8698880.0,2.585716736,50.12065921130077,18.954074944735165
hires,2048,2048,128,128,7,64,256,800.0,is,gaussian,12541184.0,9.562513408,accelergy_plugin,25153024.0,10.213769216,49.859547702892506,93.62374658926306
hires,2048,2048,128,128,7,64,256,800.0,is,sobel,12611840.0,0.651255808,accelergy_plugin,25153024.0,10.213769216,50.140452297107494,6.376253410736944
hires,2048,2048,128,128,7,64,256,800.0,os,gaussian,11492608.0,9.621848064,accelergy_plugin,20368896.0,10.331824128,56.42234120101551,93.12826026455568
hires,2048,2048,128,128,7,64,256,800.0,os,sobel,8876288.0,0.709976064,accelergy_plugin,20368896.0,10.331824128,43.577658798984494,6.871739735444324
hires,2048,2048,128,128,7,64,256,800.0,ws,gaussian,4266752.0,2.096334848,accelergy_plugin,8538624.0,2.586638336,49.97001858847515,81.04476063869797
hires,2048,2048,128,128,7,64,256,800.0,ws,sobel,4271872.0,0.490303488,accelergy_plugin,8538624.0,2.586638336,50.02998141152486,18.955239361302038
hires,2048,2048,128,128,7,64,1024,50.0,is,gaussian,25867264.0,3.177963008,accelergy_plugin,39372800.0,3.669794816,65.69830949284786,86.59783904387093
hires,2048,2048,128,128,7,64,1024,50.0,is,sobel,13505536.0,0.491831808,accelergy_plugin,39372800.0,3.669794816,34.301690507152145,13.402160956129054
hires,2048,2048,128,128,7,64,1024,50.0,os,gaussian,25781760.0,3.237464064,accelergy_plugin,35551744.0,3.788131328,72.51897403401645,85.46335339723471
hires,2048,2048,128,128,7,64,1024,50.0,os,sobel,9769984.0,0.550667264,accelergy_plugin,35551744.0,3.788131328,27.48102596598355,14.536646602765298
hires,2048,2048,128,128,7,64,1024,50.0,ws,gaussian,5534976.0,2.125864448,accelergy_plugin,11153920.0,2.6310799360000003,49.623594216203806,80.79817032210457
hires,2048,2048,128,128,7,64,1024,50.0,ws,sobel,5618944.0,0.505215488,accelergy_plugin,11153920.0,2.6310799360000003,50.37640578379619,19.201829677895425
hires,2048,2048,128,128,7,64,1024,200.0,is,gaussian,12840192.0,3.178795008,accelergy_plugin,25653504.0,3.6706652159999997,50.05239050384696,86.59997087568773
hires,2048,2048,128,128,7,64,1024,200.0,is,sobel,12813312.0,0.491870208,accelergy_plugin,25653504.0,3.6706652159999997,49.94760949615304,13.400029124312274
hires,2048,2048,128,128,7,64,1024,200.0,os,gaussian,11791616.0,3.238283264,accelergy_plugin,20869376.0,3.788976128,56.50200561818427,85.46591888160874
hires,2048,2048,128,128,7,64,1024,200.0,os,sobel,9077760.0,0.550692864,accelergy_plugin,20869376.0,3.788976128,43.49799438181573,14.534081118391255
hires,2048,2048,128,128,7,64,1024,200.0,ws,gaussian,4565760.0,2.126030848,accelergy_plugin,9152512.0,2.631284736,49.88532110091743,80.79820548922912
hires,2048,2048,128,128,7,64,1024,200.0,ws,sobel,4586752.0,0.505253888,accelergy_plugin,9152512.0,2.631284736,50.11467889908256,19.20179451077088
hires,2048,2048,128,128,7,64,1024,800.0,is,gaussian,12598016.0,3.182174208,accelergy_plugin,25238272.0,3.6743004160000003,49.91631756722489,86.60626099441946
hires,2048,2048,128,128,7,64,1024,800.0,is,sobel,12640256.0,0.492126208,accelergy_plugin,25238272.0,3.6743004160000003,50.08368243277511,13.393739005580537
hires,2048,2048,128,128,7,64,1024,800.0,os,gaussian,11549440.0,3.241508864,accelergy_plugin,20454144.0,3.792355328,56.46503710935056,85.4748193046957
hires,2048,2048,128,128,7,64,1024,800.0,os,sobel,8904704.0,0.550846464,accelergy_plugin,20454144.0,3.792355328,43.53496289064944,14.525180695304298
hires,2048,2048,128,128,7,64,1024,800.0,ws,gaussian,4323584.0,2.126645248,accelergy_plugin,8652288.0,2.632103936,49.970412450440854,80.79640089106267
hires,2048,2048,128,128,7,64,1024,800.0,ws,sobel,4328704.0,0.505458688,accelergy_plugin,8652288.0,2.632103936,50.02958754955914,19.203599108937315
hires,2048,2048,128,128,7,64,4096,50.0,is,gaussian,16711424.0,2.114487808,accelergy_plugin,30216960.0,2.606319616,55.30478247977295,81.12925962799491
hires,2048,2048,128,128,7,64,4096,50.0,is,sobel,13505536.0,0.491831808,accelergy_plugin,30216960.0,2.606319616,44.69521752022705,18.870740372005088
hires,2048,2048,128,128,7,64,4096,50.0,os,gaussian,15662848.0,2.173988864,accelergy_plugin,25432832.0,2.724656128,61.58515103626683,79.78947661170695
hires,2048,2048,128,128,7,64,4096,50.0,os,sobel,9769984.0,0.550667264,accelergy_plugin,25432832.0,2.724656128,38.41484896373318,20.210523388293055
hires,2048,2048,128,128,7,64,4096,50.0,ws,gaussian,9157888.0,2.125723648,accelergy_plugin,18399744.0,2.812084736,49.77182291231878,75.59244644326394
hires,2048,2048,128,128,7,64,4096,50.0,ws,sobel,9241856.0,0.686361088,accelergy_plugin,18399744.0,2.812084736,50.228177087681225,24.407553556736065
hires,2048,2048,128,128,7,64,4096,200.0,is,gaussian,13565696.0,2.114551808,accelergy_plugin,26379008.0,2.606422016,51.426103665460055,81.12852772956319
hires,2048,2048,128,128,7,64,4096,200.0,is,sobel,12813312.0,0.491870208,accelergy_plugin,26379008.0,2.606422016,48.57389633453995,18.871472270436808
hires,2048,2048,128,128,7,64,4096,200.0,os,gaussian,12517120.0,2.174040064,accelergy_plugin,21594880.0,2.724732928,57.963369094896564,79.78910672892195
hires,2048,2048,128,128,7,64,4096,200.0,os,sobel,9077760.0,0.550692864,accelergy_plugin,21594880.0,2.724732928,42.036630905103436,20.21089327107805
hires,2048,2048,128,128,7,64,4096,200.0,ws,gaussian,5471488.0,2.125774848,accelergy_plugin,10963968.0,2.812174336,49.90426823573363,75.591858612282
hires,2048,2048,128,128,7,64,4096,200.0,ws,sobel,5492480.0,0.686399488,accelergy_plugin,10963968.0,2.812174336,50.09573176426637,24.408141387718
hires,2048,2048,128,128,7,64,4096,800.0,is,gaussian,12779264.0,2.114756608,accelergy_plugin,25419520.0,2.606882816,50.27342766503852,81.12204334696109
hires,2048,2048,128,128,7,64,4096,800.0,is,sobel,12640256.0,0.492126208,accelergy_plugin,25419520.0,2.606882816,49.726572334961475,18.877956653038904
hires,2048,2048,128,128,7,64,4096,800.0,os,gaussian,11730688.0,2.174091264,accelergy_plugin,20635392.0,2.724937728,56.84742019923827,79.78498890672631
hires,2048,2048,128,128,7,64,4096,800.0,os,sobel,8904704.0,0.550846464,accelergy_plugin,20635392.0,2.724937728,43.15257980076172,20.215011093273688
hires,2048,2048,128,128,7,64,4096,800.0,ws,gaussian,4549888.0,2.125826048,accelergy_plugin,9104896.0,2.812327936,49.97188325929258,75.58955059215398
hires,2048,2048,128,128,7,64,4096,800.0,ws,sobel,4555008.0,0.686501888,accelergy_plugin,9104896.0,2.812327936,50.02811674070742,24.410449407846013
hires,2048,2048,128,128,7,128,256,50.0,is,gaussian,152853760.0,9.510717952,accelergy_plugin,165905664.0,10.156128768,92.13293646201254,93.64510995534475
hires,2048,2048,128,128,7,128,256,50.0,is,sobel,13051904.0,0.645410816,accelergy_plugin,165905664.0,10.156128768,7.867063537987468,6.354890044655251
hires,2048,2048,128,128,7,128,256,50.0,os,gaussian,152822016.0,9.571012608,accelergy_plugin,161908992.0,10.27537408,94.38760263543608,93.1451500790519
hires,2048,2048,128,128,7,128,256,50.0,os,sobel,9086976.0,0.704361472,accelergy_plugin,161908992.0,10.27537408,5.612397364563915,6.854849920948085
hires,2048,2048,128,128,7,128,256,50.0,ws,gaussian,4677120.0,2.096053248,accelergy_plugin,9438208.0,2.586228736,49.55516979494413,81.04670785005152
hires,2048,2048,128,128,7,128,256,50.0,ws,sobel,4761088.0,0.490175488,accelergy_plugin,9438208.0,2.586228736,50.44483020505588,18.95329214994849
hires,2048,2048,128,128,7,128,256,200.0,is,gaussian,38361088.0,9.523658752,accelergy_plugin,51060992.0,10.169427967999999,75.12797244518869,93.64989635570424
hires,2048,2048,128,128,7,128,256,200.0,is,sobel,12699904.0,0.645769216,accelergy_plugin,51060992.0,10.169427967999999,24.872027554811314,6.350103644295759
hires,2048,2048,128,128,7,128,256,200.0,os,gaussian,38364160.0,9.583966208,accelergy_plugin,47099136.0,10.288660479999999,81.4540631913078,93.1507675525901
hires,2048,2048,128,128,7,128,256,200.0,os,sobel,8734976.0,0.704694272,accelergy_plugin,47099136.0,10.288660479999999,18.5459368086922,6.849232447409909
hires,2048,2048,128,128,7,128,256,200.0,ws,gaussian,4388096.0,2.096437248,accelergy_plugin,8797184.0,2.5866895359999997,49.88068909323711,81.04711519581453
hires,2048,2048,128,128,7,128,256,200.0,ws,sobel,4409088.0,0.490252288,accelergy_plugin,8797184.0,2.5866895359999997,50.11931090676289,18.952884804185484
hires,2048,2048,128,128,7,128,256,800.0,is,gaussian,12573952.0,9.549668352,accelergy_plugin,25185792.0,10.196205568,49.9247829887581,93.65904098649102
hires,2048,2048,128,128,7,128,256,800.0,is,sobel,12611840.0,0.646537216,accelergy_plugin,25185792.0,10.196205568,50.07521701124189,6.340959013508976
hires,2048,2048,128,128,7,128,256,800.0,os,gaussian,9952512.0,9.609822208,accelergy_plugin,18599424.0,10.31528448,53.50978610950533,93.16100032560615
hires,2048,2048,128,128,7,128,256,800.0,os,sobel,8646912.0,0.705462272,accelergy_plugin,18599424.0,10.31528448,46.49021389049467,6.838999674393856
hires,2048,2048,128,128,7,128,256,800.0,ws,gaussian,4315904.0,2.097154048,accelergy_plugin,8636928.0,2.587662336,49.97035983164385,81.04434720187541
hires,2048,2048,128,128,7,128,256,800.0,ws,sobel,4321024.0,0.490508288,accelergy_plugin,8636928.0,2.587662336,50.02964016835616,18.955652798124582
hires,2048,2048,128,128,7,128,1024,50.0,is,gaussian,25950720.0,3.165130752,accelergy_plugin,39456256.0,3.652282368,65.77086280056577,86.66172089353635
hires,2048,2048,128,128,7,128,1024,50.0,is,sobel,13505536.0,0.487151616,accelergy_plugin,39456256.0,3.652282368,34.22913719943423,13.338279106463654
hires,2048,2048,128,128,7,128,1024,50.0,os,gaussian,25856000.0,3.225425408,accelergy_plugin,35396608.0,3.77152768,73.0465472849828,85.52039602159303
hires,2048,2048,128,128,7,128,1024,50.0,os,sobel,9540608.0,0.546102272,accelergy_plugin,35396608.0,3.77152768,26.953452715017214,14.479603978406969
hires,2048,2048,128,128,7,128,1024,50.0,ws,gaussian,5584128.0,2.126670848,accelergy_plugin,11252224.0,2.632039936,49.62688265004323,80.7993381449969
hires,2048,2048,128,128,7,128,1024,50.0,ws,sobel,5668096.0,0.505369088,accelergy_plugin,11252224.0,2.632039936,50.37311734995677,19.2006618550031
hires,2048,2048,128,128,7,128,1024,200.0,is,gaussian,12872960.0,3.165949952,accelergy_plugin,25686272.0,3.653152768,50.11610871363506,86.66349734214018
hires,2048,2048,128,128,7,128,1024,200.0,is,sobel,12813312.0,0.487202816,accelergy_plugin,25686272.0,3.653152768,49.88389128636495,13.33650265785983
hires,2048,2048,128,128,7,128,1024,200.0,os,gaussian,10251520.0,3.226257408,accelergy_plugin,19099904.0,3.77238528,53.67314935195486,85.52300914502561
hires,2048,2048,128,128,7,128,1024,200.0,os,sobel,8848384.0,0.546127872,accelergy_plugin,19099904.0,3.77238528,46.326850648045145,14.476990854974389
hires,2048,2048,128,128,7,128,1024,200.0,ws,gaussian,4614912.0,2.126850048,accelergy_plugin,9250816.0,2.632257536,49.88653973876467,80.79946657620663
hires,2048,2048,128,128,7,128,1024,200.0,ws,sobel,4635904.0,0.505407488,accelergy_plugin,9250816.0,2.632257536,50.11346026123533,19.200533423793377
hires,2048,2048,128,128,7,128,1024,800.0,is,gaussian,12630784.0,3.169329152,accelergy_plugin,25271040.0,3.656736768,49.98125918046903,86.67096794428053
hires,2048,2048,128,128,7,128,1024,800.0,is,sobel,12640256.0,0.487407616,accelergy_plugin,25271040.0,3.656736768,50.01874081953097,13.329032055719466
hires,2048,2048,128,128,7,128,1024,800.0,os,gaussian,10009344.0,3.229483008,accelergy_plugin,18684672.0,3.77581568,53.56981380245798,85.53073777160648
hires,2048,2048,128,128,7,128,1024,800.0,os,sobel,8675328.0,0.546332672,accelergy_plugin,18684672.0,3.77581568,46.43018619754203,14.469262228393523
hires,2048,2048,128,128,7,128,1024,800.0,ws,gaussian,4372736.0,2.127464448,accelergy_plugin,8750592.0,2.633127936,49.97074483646364,80.79609117785
hires,2048,2048,128,128,7,128,1024,800.0,ws,sobel,4377856.0,0.505663488,accelergy_plugin,8750592.0,2.633127936,50.02925516353637,19.20390882214999
hires,2048,2048,128,128,7,128,4096,50.0,is,gaussian,16744192.0,2.101655552,accelergy_plugin,30249728.0,2.5888071679999998,55.353198547768756,81.18239079288581
hires,2048,2048,128,128,7,128,4096,50.0,is,sobel,13505536.0,0.487151616,accelergy_plugin,30249728.0,2.5888071679999998,44.64680145223124,18.817609207114188
hires,2048,2048,128,128,7,128,4096,50.0,os,gaussian,14122752.0,2.161950208,accelergy_plugin,23663360.0,2.70805248,59.68193865959863,79.83413260883334
hires,2048,2048,128,128,7,128,4096,50.0,os,sobel,9540608.0,0.546102272,accelergy_plugin,23663360.0,2.70805248,40.318061340401364,20.165867391166657
hires,2048,2048,128,128,7,128,4096,50.0,ws,gaussian,9207040.0,2.126530048,accelergy_plugin,18498048.0,2.8130447359999997,49.77303551163885,75.59531566582238
hires,2048,2048,128,128,7,128,4096,50.0,ws,sobel,9291008.0,0.686514688,accelergy_plugin,18498048.0,2.8130447359999997,50.22696448836115,24.404684334177617
hires,2048,2048,128,128,7,128,4096,200.0,is,gaussian,13598464.0,2.101706752,accelergy_plugin,26411776.0,2.588909568,51.48636729313469,81.18115742542615
hires,2048,2048,128,128,7,128,4096,200.0,is,sobel,12813312.0,0.487202816,accelergy_plugin,26411776.0,2.588909568,48.5136327068653,18.818842574573853
hires,2048,2048,128,128,7,128,4096,200.0,os,gaussian,10977024.0,2.162014208,accelergy_plugin,19825408.0,2.70814208,55.36846454811927,79.83385450736765
hires,2048,2048,128,128,7,128,4096,200.0,os,sobel,8848384.0,0.546127872,accelergy_plugin,19825408.0,2.70814208,44.63153545188074,20.16614549263235
hires,2048,2048,128,128,7,128,4096,200.0,ws,gaussian,5520640.0,2.126594048,accelergy_plugin,11062272.0,2.813147136,49.90511894844025,75.5948389896091
hires,2048,2048,128,128,7,128,4096,200.0,ws,sobel,5541632.0,0.686553088,accelergy_plugin,11062272.0,2.813147136,50.094881051559746,24.40516101039089
hires,2048,2048,128,128,7,128,4096,800.0,is,gaussian,12812032.0,2.101911552,accelergy_plugin,25452288.0,2.589319168,50.33744706959155,81.17622493110899
hires,2048,2048,128,128,7,128,4096,800.0,is,sobel,12640256.0,0.487407616,accelergy_plugin,25452288.0,2.589319168,49.66255293040845,18.823775068891006
hires,2048,2048,128,128,7,128,4096,800.0,os,gaussian,10190592.0,2.162065408,accelergy_plugin,18865920.0,2.7083980800000003,54.01587624669245,79.8281989625395
hires,2048,2048,128,128,7,128,4096,800.0,os,sobel,8675328.0,0.546332672,accelergy_plugin,18865920.0,2.7083980800000003,45.98412375330755,20.171801037460487
hires,2048,2048,128,128,7,128,4096,800.0,ws,gaussian,4599040.0,2.126645248,accelergy_plugin,9203200.0,2.813351936,49.97218358831711,75.59115590151319
hires,2048,2048,128,128,7,128,4096,800.0,ws,sobel,4604160.0,0.686706688,accelergy_plugin,9203200.0,2.813351936,50.02781641168289,24.408844098486796
hires,2048,2048,128,128,11,8,256,50.0,os,gaussian,71163904.0,6.690556928,accelergy_plugin,83691520.0,7.3900236800000005,85.03120029364982,90.53498632361622
hires,2048,2048,128,128,11,8,256,50.0,os,sobel,12527616.0,0.699466752,accelergy_plugin,83691520.0,7.3900236800000005,14.968799706350177,9.46501367638378
hires,2048,2048,128,128,11,8,256,50.0,ws,gaussian,67636480.0,5.617637376,accelergy_plugin,76371712.0,6.174640128,88.56221528725192,90.97918679545108
hires,2048,2048,128,128,11,8,256,50.0,ws,sobel,8735232.0,0.557002752,accelergy_plugin,76371712.0,6.174640128,11.437784712748092,9.020813204548915
hires,2048,2048,128,128,11,8,256,200.0,os,gaussian,70874880.0,6.693142528,accelergy_plugin,83050496.0,7.39283968,85.33950236733084,90.53547510447298
hires,2048,2048,128,128,11,8,256,200.0,os,sobel,12175616.0,0.699697152,accelergy_plugin,83050496.0,7.39283968,14.660497632669165,9.46452489552702
hires,2048,2048,128,128,11,8,256,200.0,ws,gaussian,67308288.0,5.618507776,accelergy_plugin,75791872.0,6.1756129280000005,88.80673642682952,90.97894964442953
hires,2048,2048,128,128,11,8,256,200.0,ws,sobel,8483584.0,0.557105152,accelergy_plugin,75791872.0,6.1756129280000005,11.193263573170485,9.02105035557047
hires,2048,2048,128,128,11,8,256,800.0,os,gaussian,70802688.0,6.698467328,accelergy_plugin,82890240.0,7.39872768,85.41740016677475,90.5353949721258
hires,2048,2048,128,128,11,8,256,800.0,os,sobel,12087552.0,0.700260352,accelergy_plugin,82890240.0,7.39872768,14.582599833225238,9.464605027874198
hires,2048,2048,128,128,11,8,256,800.0,ws,gaussian,67226112.0,5.620402176,accelergy_plugin,75646720.0,6.177814528,88.8685087734141,90.9771918617237
hires,2048,2048,128,128,11,8,256,800.0,ws,sobel,8420608.0,0.557412352,accelergy_plugin,75646720.0,6.177814528,11.131491226585897,9.022808138276307
hires,2048,2048,128,128,11,8,1024,50.0,is,gaussian,194279936.0,11.715325952,accelergy_plugin,220536064.0,12.340301312000001,88.09440618292706,94.93549351674048
hires,2048,2048,128,128,11,8,1024,50.0,is,sobel,26256128.0,0.62497536,accelergy_plugin,220536064.0,12.340301312000001,11.90559381707293,5.064506483259523
hires,2048,2048,128,128,11,8,1024,50.0,os,gaussian,72070912.0,6.194928128,accelergy_plugin,85052160.0,6.81152768,84.73730943458696,90.9477054051992
hires,2048,2048,128,128,11,8,1024,50.0,os,sobel,12981248.0,0.616599552,accelergy_plugin,85052160.0,6.81152768,15.262690565413036,9.052294594800795
hires,2048,2048,128,128,11,8,1024,50.0,ws,gaussian,68540928.0,5.648830976,accelergy_plugin,78484480.0,6.221027328,87.33054993802595,90.80222089003497
hires,2048,2048,128,128,11,8,1024,50.0,ws,sobel,9943552.0,0.572196352,accelergy_plugin,78484480.0,6.221027328,12.669450061974036,9.197779109965035
hires,2048,2048,128,128,11,8,1024,200.0,is,gaussian,193273344.0,11.719217152,accelergy_plugin,218711552.0,12.344256512000001,88.3690606337977,94.9365977659943
hires,2048,2048,128,128,11,8,1024,200.0,is,sobel,25438208.0,0.62503936,accelergy_plugin,218711552.0,12.344256512000001,11.630939366202293,5.063402234005683
hires,2048,2048,128,128,11,8,1024,200.0,os,gaussian,71101696.0,6.195580928,accelergy_plugin,83390720.0,6.81223168,85.26331946768178,90.94788931195012
hires,2048,2048,128,128,11,8,1024,200.0,os,sobel,12289024.0,0.616650752,accelergy_plugin,83390720.0,6.81223168,14.736680532318225,9.052110688049881
hires,2048,2048,128,128,11,8,1024,200.0,ws,gaussian,67534336.0,5.649176576,accelergy_plugin,76320000.0,6.221436928,88.4883857442348,90.80179774186084
hires,2048,2048,128,128,11,8,1024,200.0,ws,sobel,8785664.0,0.572260352,accelergy_plugin,76320000.0,6.221436928,11.511614255765199,9.198202258139167
hires,2048,2048,128,128,11,8,1024,800.0,is,gaussian,193021696.0,11.734884352,accelergy_plugin,218255360.0,12.360179712,88.43846767382941,94.9410496079363
hires,2048,2048,128,128,11,8,1024,800.0,is,sobel,25233664.0,0.62529536,accelergy_plugin,218255360.0,12.360179712,11.561532326170592,5.058950392063684
hires,2048,2048,128,128,11,8,1024,800.0,os,gaussian,70859520.0,6.198345728,accelergy_plugin,82975488.0,6.81525248,85.39813589285549,90.94814529893982
hires,2048,2048,128,128,11,8,1024,800.0,os,sobel,12115968.0,0.616906752,accelergy_plugin,82975488.0,6.81525248,14.601864107144511,9.051854701060174
hires,2048,2048,128,128,11,8,1024,800.0,ws,gaussian,67282688.0,5.650712576,accelergy_plugin,75778816.0,6.223280128,88.78825449054258,90.79958574540323
hires,2048,2048,128,128,11,8,1024,800.0,ws,sobel,8496128.0,0.572567552,accelergy_plugin,75778816.0,6.223280128,11.211745509457419,9.200414254596769
hires,2048,2048,128,128,11,8,4096,50.0,is,gaussian,199111168.0,7.303037952,accelergy_plugin,225367296.0,7.928013312,88.3496281554534,92.11687297429201
hires,2048,2048,128,128,11,8,4096,50.0,is,sobel,26256128.0,0.62497536,accelergy_plugin,225367296.0,7.928013312,11.650371844546601,7.883127025708
hires,2048,2048,128,128,11,8,4096,50.0,os,gaussian,75693824.0,5.892361728,accelergy_plugin,88675072.0,6.50896128,85.36088248115547,90.52691319743109
hires,2048,2048,128,128,11,8,4096,50.0,os,sobel,12981248.0,0.616599552,accelergy_plugin,88675072.0,6.50896128,14.63911751884453,9.473086802568904
hires,2048,2048,128,128,11,8,4096,50.0,ws,gaussian,73372160.0,5.829694976,accelergy_plugin,83449344.0,6.408572928,87.92419027284384,90.96713170773485
hires,2048,2048,128,128,11,8,4096,50.0,ws,sobel,10077184.0,0.578877952,accelergy_plugin,83449344.0,6.408572928,12.075809727156154,9.032868292265146
hires,2048,2048,128,128,11,8,4096,200.0,is,gaussian,194481152.0,7.303319552,accelergy_plugin,219919360.0,7.928358911999999,88.43293832793984,92.11640937377382
hires,2048,2048,128,128,11,8,4096,200.0,is,sobel,25438208.0,0.62503936,accelergy_plugin,219919360.0,7.928358911999999,11.567061672060158,7.883590626226182
hires,2048,2048,128,128,11,8,4096,200.0,os,gaussian,72007424.0,5.892476928,accelergy_plugin,84296448.0,6.50912768,85.42165857332446,90.52636878064743
hires,2048,2048,128,128,11,8,4096,200.0,os,sobel,12289024.0,0.616650752,accelergy_plugin,84296448.0,6.50912768,14.578341426675534,9.473631219352576
hires,2048,2048,128,128,11,8,4096,200.0,ws,gaussian,68742144.0,5.829810176,accelergy_plugin,77561088.0,6.408726528,88.62967987246388,90.96674901837845
hires,2048,2048,128,128,11,8,4096,200.0,ws,sobel,8818944.0,0.578916352,accelergy_plugin,77561088.0,6.408726528,11.370320127536116,9.03325098162154
hires,2048,2048,128,128,11,8,4096,800.0,is,gaussian,193323520.0,7.303831552,accelergy_plugin,218557184.0,7.929126912,88.45443396635272,92.11394436058687
hires,2048,2048,128,128,11,8,4096,800.0,is,sobel,25233664.0,0.62529536,accelergy_plugin,218557184.0,7.929126912,11.545566033647285,7.886055639413127
hires,2048,2048,128,128,11,8,4096,800.0,os,gaussian,71085824.0,5.892784128,accelergy_plugin,83201792.0,6.50969088,85.43785210780077,90.52325581395348
hires,2048,2048,128,128,11,8,4096,800.0,os,sobel,12115968.0,0.616906752,accelergy_plugin,83201792.0,6.50969088,14.562147892199246,9.476744186046512
hires,2048,2048,128,128,11,8,4096,800.0,ws,gaussian,67584512.0,5.830117376,accelergy_plugin,76088832.0,6.4092385279999995,88.82316921358446,90.964275249392
hires,2048,2048,128,128,11,8,4096,800.0,ws,sobel,8504320.0,0.579121152,accelergy_plugin,76088832.0,6.4092385279999995,11.176830786415541,9.035724750608004
hires,2048,2048,128,128,11,16,256,50.0,os,gaussian,56786688.0,7.462375936,accelergy_plugin,67479296.0,8.199498752,84.15423895353028,91.01014783592468
hires,2048,2048,128,128,11,16,256,50.0,os,sobel,10692608.0,0.737122816,accelergy_plugin,67479296.0,8.199498752,15.84576104646972,8.989852164075309
hires,2048,2048,128,128,11,16,256,50.0,ws,gaussian,34018048.0,5.34944512,accelergy_plugin,38693120.0,5.839351808,87.9175626054451,91.61025565664977
hires,2048,2048,128,128,11,16,256,50.0,ws,sobel,4675072.0,0.489906688,accelergy_plugin,38693120.0,5.839351808,12.082437394554898,8.389744343350241
hires,2048,2048,128,128,11,16,256,200.0,os,gaussian,39679744.0,7.466715136,accelergy_plugin,50020352.0,8.204183552,79.32719865705863,91.01106878794513
hires,2048,2048,128,128,11,16,256,200.0,os,sobel,10340608.0,0.737468416,accelergy_plugin,50020352.0,8.204183552,20.67280134294137,8.988931212054872
hires,2048,2048,128,128,11,16,256,200.0,ws,gaussian,33740800.0,5.35032832,accelergy_plugin,38063872.0,5.840324608,88.64258475858684,91.61011894221069
hires,2048,2048,128,128,11,16,256,200.0,ws,sobel,4323072.0,0.489996288,accelergy_plugin,38063872.0,5.840324608,11.35741524141317,8.389881057789312
hires,2048,2048,128,128,11,16,256,800.0,os,gaussian,39607552.0,7.475470336,accelergy_plugin,49860096.0,8.213757952,79.43737613341138,91.01157326141768
hires,2048,2048,128,128,11,16,256,800.0,os,sobel,10252544.0,0.738287616,accelergy_plugin,49860096.0,8.213757952,20.562623866588623,8.988426738582325
hires,2048,2048,128,128,11,16,256,800.0,ws,gaussian,33671424.0,5.35217152,accelergy_plugin,37906432.0,5.842475008,88.8277324544816,91.60794890301393
hires,2048,2048,128,128,11,16,256,800.0,ws,sobel,4235008.0,0.490303488,accelergy_plugin,37906432.0,5.842475008,11.172267545518396,8.392051096986053
hires,2048,2048,128,128,11,16,1024,50.0,os,gaussian,40875776.0,5.457985536,accelergy_plugin,52022016.0,6.036849152,78.57399451801331,90.41116315109143
hires,2048,2048,128,128,11,16,1024,50.0,os,sobel,11146240.0,0.578863616,accelergy_plugin,52022016.0,6.036849152,21.426005481986703,9.58883684890856
hires,2048,2048,128,128,11,16,1024,50.0,ws,gaussian,35527936.0,5.38063872,accelergy_plugin,41110016.0,5.885739008,86.42160586850659,91.41823503703684
hires,2048,2048,128,128,11,16,1024,50.0,ws,sobel,5582080.0,0.505100288,accelergy_plugin,41110016.0,5.885739008,13.578394131493404,8.581764962963168
hires,2048,2048,128,128,11,16,1024,200.0,os,gaussian,39906560.0,5.458343936,accelergy_plugin,50360576.0,6.037245952,79.24166713263962,90.41115732897676
hires,2048,2048,128,128,11,16,1024,200.0,os,sobel,10454016.0,0.578902016,accelergy_plugin,50360576.0,6.037245952,20.758332867360373,9.588842671023253
hires,2048,2048,128,128,11,16,1024,200.0,ws,gaussian,34118400.0,5.38099712,accelergy_plugin,38668288.0,5.886148608,88.23354165563264,91.41796237843134
hires,2048,2048,128,128,11,16,1024,200.0,ws,sobel,4549888.0,0.505151488,accelergy_plugin,38668288.0,5.886148608,11.766458344367352,8.58203762156866
hires,2048,2048,128,128,11,16,1024,800.0,os,gaussian,39664384.0,5.459828736,accelergy_plugin,49945344.0,6.0389867520000005,79.41557875745134,90.40968228969547
hires,2048,2048,128,128,11,16,1024,800.0,os,sobel,10280960.0,0.579158016,accelergy_plugin,49945344.0,6.0389867520000005,20.584421242548657,9.590317710304525
hires,2048,2048,128,128,11,16,1024,800.0,ws,gaussian,33765888.0,5.38248192,accelergy_plugin,38057728.0,5.887940608,88.7228160335793,91.41535688533902
hires,2048,2048,128,128,11,16,1024,800.0,ws,sobel,4291840.0,0.505458688,accelergy_plugin,38057728.0,5.887940608,11.277183966420697,8.584643114660985
hires,2048,2048,128,128,11,16,4096,50.0,is,gaussian,104068352.0,6.780847104,accelergy_plugin,117573888.0,7.300964864,88.51315013075012,92.87604077421841
hires,2048,2048,128,128,11,16,4096,50.0,is,sobel,13505536.0,0.52011776,accelergy_plugin,117573888.0,7.300964864,11.486849869249879,7.123959225781586
hires,2048,2048,128,128,11,16,4096,50.0,os,gaussian,44498688.0,5.638849536,accelergy_plugin,55644928.0,6.217713152,79.96899196275355,90.69008811038827
hires,2048,2048,128,128,11,16,4096,50.0,os,sobel,11146240.0,0.578863616,accelergy_plugin,55644928.0,6.217713152,20.03100803724645,9.309911889611726
hires,2048,2048,128,128,11,16,4096,50.0,ws,gaussian,39150848.0,5.56150272,accelergy_plugin,44866560.0,6.073284608,87.26064133287686,91.5732273220679
hires,2048,2048,128,128,11,16,4096,50.0,ws,sobel,5715712.0,0.511781888,accelergy_plugin,44866560.0,6.073284608,12.739358667123133,8.426772677932107
hires,2048,2048,128,128,11,16,4096,200.0,is,gaussian,99941632.0,6.781128704,accelergy_plugin,112754944.0,7.301310464,88.63614175534511,92.87550142450702
hires,2048,2048,128,128,11,16,4096,200.0,is,sobel,12813312.0,0.52018176,accelergy_plugin,112754944.0,7.301310464,11.363858244654887,7.124498575492982
hires,2048,2048,128,128,11,16,4096,200.0,os,gaussian,40812288.0,5.638977536,accelergy_plugin,51266304.0,6.217879551999999,79.60840711278894,90.68971968403933
hires,2048,2048,128,128,11,16,4096,200.0,os,sobel,10454016.0,0.578902016,accelergy_plugin,51266304.0,6.217879551999999,20.39159288721106,9.31028031596068
hires,2048,2048,128,128,11,16,4096,200.0,ws,gaussian,35024128.0,5.56163072,accelergy_plugin,39607296.0,6.073438208,88.4284754000879,91.57301893142107
hires,2048,2048,128,128,11,16,4096,200.0,ws,sobel,4583168.0,0.511807488,accelergy_plugin,39607296.0,6.073438208,11.571524599912097,8.42698106857894
hires,2048,2048,128,128,11,16,4096,800.0,is,gaussian,98909696.0,6.781640704,accelergy_plugin,111549952.0,7.302078464,88.66852403486467,92.87274489632217
hires,2048,2048,128,128,11,16,4096,800.0,is,sobel,12640256.0,0.52043776,accelergy_plugin,111549952.0,7.302078464,11.331475965135333,7.127255103677833
hires,2048,2048,128,128,11,16,4096,800.0,os,gaussian,39890688.0,5.639233536,accelergy_plugin,50171648.0,6.218391552,79.50842675129985,90.68636943883459
hires,2048,2048,128,128,11,16,4096,800.0,os,sobel,10280960.0,0.579158016,accelergy_plugin,50171648.0,6.218391552,20.491573248700142,9.31363056116541
hires,2048,2048,128,128,11,16,4096,800.0,ws,gaussian,33992192.0,5.56188672,accelergy_plugin,38292224.0,6.073899008000001,88.77048248751495,91.57028644490758
hires,2048,2048,128,128,11,16,4096,800.0,ws,sobel,4300032.0,0.512012288,accelergy_plugin,38292224.0,6.073899008000001,11.229517512485042,8.42971355509242
hires,2048,2048,128,128,11,32,256,50.0,os,gaussian,122206976.0,10.87942144,accelergy_plugin,131982080.0,11.597708288,92.59361270863438,93.80664843292186
hires,2048,2048,128,128,11,32,256,50.0,os,sobel,9775104.0,0.718286848,accelergy_plugin,131982080.0,11.597708288,7.406387291365616,6.193351567078146
hires,2048,2048,128,128,11,32,256,50.0,ws,gaussian,17208832.0,5.215726592,accelergy_plugin,21896192.0,5.70567168,78.59280737034092,91.41301646014094
hires,2048,2048,128,128,11,32,256,50.0,ws,sobel,4687360.0,0.489945088,accelergy_plugin,21896192.0,5.70567168,21.407192629659075,8.58698353985906
hires,2048,2048,128,128,11,32,256,200.0,os,gaussian,31033088.0,10.88978944,accelergy_plugin,40456192.0,11.608434688,76.7078819479599,93.80928378963198
hires,2048,2048,128,128,11,32,256,200.0,os,sobel,9423104.0,0.718645248,accelergy_plugin,40456192.0,11.608434688,23.29211805204009,6.190716210368017
hires,2048,2048,128,128,11,32,256,200.0,ws,gaussian,16957184.0,5.216622592,accelergy_plugin,21292544.0,5.70667008,79.63906990165196,91.41272438865083
hires,2048,2048,128,128,11,32,256,200.0,ws,sobel,4335360.0,0.490047488,accelergy_plugin,21292544.0,5.70667008,20.36093009834804,8.587275611349165
hires,2048,2048,128,128,11,32,256,800.0,os,gaussian,24009984.0,10.91047424,accelergy_plugin,33345024.0,11.629887488,72.00469851213782,93.81409967428912
hires,2048,2048,128,128,11,32,256,800.0,os,sobel,9335040.0,0.719413248,accelergy_plugin,33345024.0,11.629887488,27.99530148786218,6.185900325710872
hires,2048,2048,128,128,11,32,256,800.0,ws,gaussian,16894208.0,5.218363392,accelergy_plugin,21141504.0,5.70866688,79.91015208757145,91.41124367025598
hires,2048,2048,128,128,11,32,256,800.0,ws,sobel,4247296.0,0.490303488,accelergy_plugin,21141504.0,5.70866688,20.089847912428556,8.588756329744013
hires,2048,2048,128,128,11,32,1024,50.0,os,gaussian,34508288.0,5.81503744,accelergy_plugin,44737024.0,6.375065088,77.13585955114046,91.21534227071409
hires,2048,2048,128,128,11,32,1024,50.0,os,sobel,10228736.0,0.560027648,accelergy_plugin,44737024.0,6.375065088,22.86414044885954,8.784657729285916
hires,2048,2048,128,128,11,32,1024,50.0,ws,gaussian,18417152.0,5.246920192,accelergy_plugin,24011520.0,5.75205888,76.7013167013167,91.21812383116635
hires,2048,2048,128,128,11,32,1024,50.0,ws,sobel,5594368.0,0.505138688,accelergy_plugin,24011520.0,5.75205888,23.298683298683297,8.781876168833653
hires,2048,2048,128,128,11,32,1024,200.0,os,gaussian,24476672.0,5.81571584,accelergy_plugin,34013184.0,6.375794688,71.96230732177264,91.21554448649147
hires,2048,2048,128,128,11,32,1024,200.0,os,sobel,9536512.0,0.560078848,accelergy_plugin,34013184.0,6.375794688,28.037692678227362,8.78445551350853
hires,2048,2048,128,128,11,32,1024,200.0,ws,gaussian,17259264.0,5.247291392,accelergy_plugin,21821440.0,5.75249408,79.09314875645236,91.21767565556539
hires,2048,2048,128,128,11,32,1024,200.0,ws,sobel,4562176.0,0.505202688,accelergy_plugin,21821440.0,5.75249408,20.90685124354763,8.782324344434615
hires,2048,2048,128,128,11,32,1024,800.0,os,gaussian,24066816.0,5.81832704,accelergy_plugin,33430272.0,6.378610688,71.99108640216866,91.21621187739119
hires,2048,2048,128,128,11,32,1024,800.0,os,sobel,9363456.0,0.560283648,accelergy_plugin,33430272.0,6.378610688,28.00891359783133,8.783788122608808
hires,2048,2048,128,128,11,32,1024,800.0,ws,gaussian,16969728.0,5.248673792,accelergy_plugin,21273856.0,5.75413248,79.76799316494386,91.2157273097751
hires,2048,2048,128,128,11,32,1024,800.0,ws,sobel,4304128.0,0.505458688,accelergy_plugin,21273856.0,5.75413248,20.232006835056136,8.784272690224888
hires,2048,2048,128,128,11,32,4096,50.0,is,gaussian,54973952.0,6.51975168,accelergy_plugin,68479488.0,7.021007872,80.27798338679168,92.86062341563486
hires,2048,2048,128,128,11,32,4096,50.0,is,sobel,13505536.0,0.501256192,accelergy_plugin,68479488.0,7.021007872,19.722016613208325,7.139376584365123
hires,2048,2048,128,128,11,32,4096,50.0,os,gaussian,28901120.0,5.51247104,accelergy_plugin,39129856.0,6.0724986880000005,73.85951024200038,90.77764069168623
hires,2048,2048,128,128,11,32,4096,50.0,os,sobel,10228736.0,0.560027648,accelergy_plugin,39129856.0,6.0724986880000005,26.140489757999617,9.222359308313777
hires,2048,2048,128,128,11,32,4096,50.0,ws,gaussian,22040064.0,5.427784192,accelergy_plugin,29110272.0,6.00671488,75.71232587589701,90.36194160093046
hires,2048,2048,128,128,11,32,4096,50.0,ws,sobel,7070208.0,0.578930688,accelergy_plugin,29110272.0,6.00671488,24.287674124103,9.638058399069543
hires,2048,2048,128,128,11,32,4096,200.0,is,gaussian,51098880.0,6.52003328,accelergy_plugin,63912192.0,7.021340672,79.95169372378903,92.86023260487651
hires,2048,2048,128,128,11,32,4096,200.0,is,sobel,12813312.0,0.501307392,accelergy_plugin,63912192.0,7.021340672,20.048306276210962,7.139767395123482
hires,2048,2048,128,128,11,32,4096,200.0,os,gaussian,25214720.0,5.51261184,accelergy_plugin,34751232.0,6.072690688,72.55777291579187,90.7770891557716
hires,2048,2048,128,128,11,32,4096,200.0,os,sobel,9536512.0,0.560078848,accelergy_plugin,34751232.0,6.072690688,27.44222708420812,9.222910844228396
hires,2048,2048,128,128,11,32,4096,200.0,ws,gaussian,18164992.0,5.427924992,accelergy_plugin,23096064.0,6.006906880000001,78.6497301011982,90.36139731202225
hires,2048,2048,128,128,11,32,4096,200.0,ws,sobel,4931072.0,0.578981888,accelergy_plugin,23096064.0,6.006906880000001,21.350269898801805,9.638602687977741
hires,2048,2048,128,128,11,32,4096,800.0,is,gaussian,50129920.0,6.52054528,accelergy_plugin,62770176.0,7.022108672,79.86264049984501,92.85736784450607
hires,2048,2048,128,128,11,32,4096,800.0,is,sobel,12640256.0,0.501563392,accelergy_plugin,62770176.0,7.022108672,20.13735950015498,7.142632155493933
hires,2048,2048,128,128,11,32,4096,800.0,os,gaussian,24293120.0,5.51276544,accelergy_plugin,33656576.0,6.073049087999999,72.17941599288056,90.7742611679677
hires,2048,2048,128,128,11,32,4096,800.0,os,sobel,9363456.0,0.560283648,accelergy_plugin,33656576.0,6.073049087999999,27.820584007119443,9.22573883203231
hires,2048,2048,128,128,11,32,4096,800.0,ws,gaussian,17196032.0,5.428078592,accelergy_plugin,21592320.0,6.00726528,79.63957555278914,90.35856315637854
hires,2048,2048,128,128,11,32,4096,800.0,ws,sobel,4396288.0,0.579186688,accelergy_plugin,21592320.0,6.00726528,20.36042444721086,9.641436843621461
hires,2048,2048,128,128,11,64,256,50.0,os,gaussian,214045184.0,15.385723392,accelergy_plugin,223361536.0,16.094649856,95.82902581758749,95.5952663130741
hires,2048,2048,128,128,11,64,256,50.0,os,sobel,9316352.0,0.708926464,accelergy_plugin,223361536.0,16.094649856,4.1709741824124995,4.404733686925883
hires,2048,2048,128,128,11,64,256,50.0,ws,gaussian,10636288.0,5.149603328,accelergy_plugin,15348224.0,5.639625216000001,69.29979651065817,91.31109126525332
hires,2048,2048,128,128,11,64,256,50.0,ws,sobel,4711936.0,0.490021888,accelergy_plugin,15348224.0,5.639625216000001,30.700203489341828,8.688908734746674
hires,2048,2048,128,128,11,64,256,200.0,os,gaussian,54086656.0,15.403835392,accelergy_plugin,63051008.0,16.113094656,85.78238114765746,95.59824304925873
hires,2048,2048,128,128,11,64,256,200.0,os,sobel,8964352.0,0.709259264,accelergy_plugin,63051008.0,16.113094656,14.217618852342534,4.401756950741269
hires,2048,2048,128,128,11,64,256,200.0,ws,gaussian,8602880.0,5.150486528,accelergy_plugin,12962816.0,5.640585216,66.36582668457224,91.31120851414862
hires,2048,2048,128,128,11,64,256,200.0,ws,sobel,4359936.0,0.490098688,accelergy_plugin,12962816.0,5.640585216,33.63417331542776,8.688791485851386
hires,2048,2048,128,128,11,64,256,800.0,os,gaussian,17019136.0,15.440084992,accelergy_plugin,25895424.0,16.150061056,65.72256163868953,95.6038800005884
hires,2048,2048,128,128,11,64,256,800.0,os,sobel,8876288.0,0.709976064,accelergy_plugin,25895424.0,16.150061056,34.27743836131047,4.396119999411599
hires,2048,2048,128,128,11,64,256,800.0,ws,gaussian,8514816.0,5.152278528,accelergy_plugin,12786688.0,5.642582016,66.59125490510131,91.31065376436347
hires,2048,2048,128,128,11,64,256,800.0,ws,sobel,4271872.0,0.490303488,accelergy_plugin,12786688.0,5.642582016,33.4087450948987,8.689346235636533
hires,2048,2048,128,128,11,64,1024,50.0,os,gaussian,73371392.0,8.290593792,accelergy_plugin,83141376.0,8.841261055999999,88.24895079917849,93.77162080712121
hires,2048,2048,128,128,11,64,1024,50.0,os,sobel,9769984.0,0.550667264,accelergy_plugin,83141376.0,8.841261055999999,11.751049200821502,6.228379192878795
hires,2048,2048,128,128,11,64,1024,50.0,ws,gaussian,11515136.0,5.180796928,accelergy_plugin,17134080.0,5.6860124160000005,67.20603615717914,91.11476635931426
hires,2048,2048,128,128,11,64,1024,50.0,ws,sobel,5618944.0,0.505215488,accelergy_plugin,17134080.0,5.6860124160000005,32.79396384282086,8.88523364068574
hires,2048,2048,128,128,11,64,1024,200.0,os,gaussian,19006464.0,8.292872192,accelergy_plugin,28084224.0,8.843565056000001,67.67665718661124,93.7729540008712
hires,2048,2048,128,128,11,64,1024,200.0,os,sobel,9077760.0,0.550692864,accelergy_plugin,28084224.0,8.843565056000001,32.323342813388756,6.227045999128792
hires,2048,2048,128,128,11,64,1024,200.0,ws,gaussian,8829696.0,5.181155328,accelergy_plugin,13416448.0,5.686409216,65.81247137841551,91.11471108026566
hires,2048,2048,128,128,11,64,1024,200.0,ws,sobel,4586752.0,0.505253888,accelergy_plugin,13416448.0,5.686409216,34.18752862158449,8.885288919734334
hires,2048,2048,128,128,11,64,1024,800.0,is,gaussian,25120512.0,11.851603968,accelergy_plugin,37760768.0,12.343730176,66.52542660149285,96.01314836776938
hires,2048,2048,128,128,11,64,1024,800.0,is,sobel,12640256.0,0.492126208,accelergy_plugin,37760768.0,12.343730176,33.474573398507154,3.9868516322306236
hires,2048,2048,128,128,11,64,1024,800.0,os,gaussian,16268032.0,8.301985792,accelergy_plugin,25172736.0,8.852832256,64.62560128545422,93.77773747348863
hires,2048,2048,128,128,11,64,1024,800.0,os,sobel,8904704.0,0.550846464,accelergy_plugin,25172736.0,8.852832256,35.37439871454577,6.222262526511381
hires,2048,2048,128,128,11,64,1024,800.0,ws,gaussian,8571648.0,5.182588928,accelergy_plugin,12900352.0,5.688047616,66.44507064613431,91.11366988950326
hires,2048,2048,128,128,11,64,1024,800.0,ws,sobel,4328704.0,0.505458688,accelergy_plugin,12900352.0,5.688047616,33.554929353865695,8.88633011049674
hires,2048,2048,128,128,11,64,4096,50.0,is,gaussian,41447424.0,6.389203968,accelergy_plugin,54952960.0,6.881035776,75.42346035591167,92.85235792966759
hires,2048,2048,128,128,11,64,4096,50.0,is,sobel,13505536.0,0.491831808,accelergy_plugin,54952960.0,6.881035776,24.576539644088324,7.147642070332407
hires,2048,2048,128,128,11,64,4096,50.0,os,gaussian,40429312.0,6.416315392,accelergy_plugin,50199296.0,6.966982656,80.53760753935673,92.09604370802096
hires,2048,2048,128,128,11,64,4096,50.0,os,sobel,9769984.0,0.550667264,accelergy_plugin,50199296.0,6.966982656,19.462392460643272,7.903956291979034
hires,2048,2048,128,128,11,64,4096,50.0,ws,gaussian,15549184.0,5.361660928,accelergy_plugin,24791040.0,6.048022016,62.720983064849236,88.65147834805765
hires,2048,2048,128,128,11,64,4096,50.0,ws,sobel,9241856.0,0.686361088,accelergy_plugin,24791040.0,6.048022016,37.279016935150764,11.348521651942347
hires,2048,2048,128,128,11,64,4096,200.0,is,gaussian,26284288.0,6.389485568,accelergy_plugin,39097600.0,6.8813557759999995,67.22736945490261,92.85213228306712
hires,2048,2048,128,128,11,64,4096,200.0,is,sobel,12813312.0,0.491870208,accelergy_plugin,39097600.0,6.8813557759999995,32.7726305450974,7.147867716932879
hires,2048,2048,128,128,11,64,4096,200.0,os,gaussian,17415936.0,6.416596992,accelergy_plugin,26493696.0,6.967289856,65.73615096964953,92.09602477603596
hires,2048,2048,128,128,11,64,4096,200.0,os,sobel,9077760.0,0.550692864,accelergy_plugin,26493696.0,6.967289856,34.263849030350464,7.903975223964042
hires,2048,2048,128,128,11,64,4096,200.0,ws,gaussian,9735424.0,5.361788928,accelergy_plugin,15227904.0,6.048188416,63.93147737206644,88.65115567193335
hires,2048,2048,128,128,11,64,4096,200.0,ws,sobel,5492480.0,0.686399488,accelergy_plugin,15227904.0,6.048188416,36.06852262793356,11.348844328066646
hires,2048,2048,128,128,11,64,4096,800.0,is,gaussian,25346816.0,6.389997568,accelergy_plugin,37987072.0,6.882123776,66.7248478640312,92.84921015637369
hires,2048,2048,128,128,11,64,4096,800.0,is,sobel,12640256.0,0.492126208,accelergy_plugin,37987072.0,6.882123776,33.27515213596878,7.150789843626317
hires,2048,2048,128,128,11,64,4096,800.0,os,gaussian,16494336.0,6.417006592,accelergy_plugin,25399040.0,6.967853056,64.94078516353375,92.09445923194853
hires,2048,2048,128,128,11,64,4096,800.0,os,sobel,8904704.0,0.550846464,accelergy_plugin,25399040.0,6.967853056,35.05921483646626,7.905540768051466
hires,2048,2048,128,128,11,64,4096,800.0,ws,gaussian,8797952.0,5.361993728,accelergy_plugin,13352960.0,6.048495616,65.88765337423312,88.65003909097649
hires,2048,2048,128,128,11,64,4096,800.0,ws,sobel,4555008.0,0.686501888,accelergy_plugin,13352960.0,6.048495616,34.11234662576687,11.349960909023498
hires,2048,2048,128,128,11,128,256,50.0,ws,gaussian,10605568.0,5.117482496,accelergy_plugin,15366656.0,5.607657984,69.01675940425815,91.2588198246293
hires,2048,2048,128,128,11,128,256,50.0,ws,sobel,4761088.0,0.490175488,accelergy_plugin,15366656.0,5.607657984,30.983240595741847,8.741180175370694
hires,2048,2048,128,128,11,128,256,200.0,ws,gaussian,4388096.0,5.118365696,accelergy_plugin,8797184.0,5.6086179839999994,49.88068909323711,91.25894668885333
hires,2048,2048,128,128,11,128,256,200.0,ws,sobel,4409088.0,0.490252288,accelergy_plugin,8797184.0,5.6086179839999994,50.11931090676289,8.741053311146677
hires,2048,2048,128,128,11,128,256,800.0,ws,gaussian,4315904.0,5.120157696,accelergy_plugin,8636928.0,5.610665984,49.97035983164385,91.25757460168208
hires,2048,2048,128,128,11,128,256,800.0,ws,sobel,4321024.0,0.490508288,accelergy_plugin,8636928.0,5.610665984,50.02964016835616,8.74242539831792
hires,2048,2048,128,128,11,128,1024,50.0,ws,gaussian,11259648.0,5.149226496,accelergy_plugin,16927744.0,5.654595584,66.51593974956143,91.06268378538033
hires,2048,2048,128,128,11,128,1024,50.0,ws,sobel,5668096.0,0.505369088,accelergy_plugin,16927744.0,5.654595584,33.48406025043857,8.937316214619674
hires,2048,2048,128,128,11,128,1024,200.0,ws,gaussian,4614912.0,5.149597696,accelergy_plugin,9250816.0,5.655005184,49.88653973876467,91.06265208332654
hires,2048,2048,128,128,11,128,1024,200.0,ws,sobel,4635904.0,0.505407488,accelergy_plugin,9250816.0,5.655005184,50.11346026123533,8.937347916673458
hires,2048,2048,128,128,11,128,1024,800.0,ws,gaussian,4372736.0,5.151082496,accelergy_plugin,8750592.0,5.656745984,49.97074483646364,91.06087688168675
hires,2048,2048,128,128,11,128,1024,800.0,ws,sobel,4377856.0,0.505663488,accelergy_plugin,8750592.0,5.656745984,50.02925516353637,8.939123118313246
hires,2048,2048,128,128,11,128,4096,50.0,is,gaussian,36792064.0,6.323930112,accelergy_plugin,50297600.0,6.8110817280000004,73.14874665988039,92.8476615689789
hires,2048,2048,128,128,11,128,4096,50.0,is,sobel,13505536.0,0.487151616,accelergy_plugin,50297600.0,6.8110817280000004,26.85125334011961,7.152338431021099
hires,2048,2048,128,128,11,128,4096,50.0,os,gaussian,36529920.0,6.386579968,accelergy_plugin,46070528.0,6.93268224,79.29129876696877,92.1227851920125
hires,2048,2048,128,128,11,128,4096,50.0,os,sobel,9540608.0,0.546102272,accelergy_plugin,46070528.0,6.93268224,20.708701233031235,7.8772148079875075
hires,2048,2048,128,128,11,128,4096,50.0,ws,gaussian,14877440.0,5.330090496,accelergy_plugin,24168448.0,6.016605184,61.55728328107788,88.58966697988339
hires,2048,2048,128,128,11,128,4096,50.0,ws,sobel,9291008.0,0.686514688,accelergy_plugin,24168448.0,6.016605184,38.44271671892213,11.410333020116614
hires,2048,2048,128,128,11,128,4096,200.0,is,gaussian,13778688.0,6.324211712,accelergy_plugin,26592000.0,6.811414528,51.815162454873644,92.8472593468327
hires,2048,2048,128,128,11,128,4096,200.0,is,sobel,12813312.0,0.487202816,accelergy_plugin,26592000.0,6.811414528,48.18483754512635,7.152740653167306
hires,2048,2048,128,128,11,128,4096,200.0,os,gaussian,13516544.0,6.386874368,accelergy_plugin,22364928.0,6.93300224,60.43634032714078,92.12277952473299
hires,2048,2048,128,128,11,128,4096,200.0,os,sobel,8848384.0,0.546127872,accelergy_plugin,22364928.0,6.93300224,39.56365967285922,7.877220475267004
hires,2048,2048,128,128,11,128,4096,200.0,ws,gaussian,5520640.0,5.330231296,accelergy_plugin,11062272.0,6.016784384,49.90511894844025,88.58936860317445
hires,2048,2048,128,128,11,128,4096,200.0,ws,sobel,5541632.0,0.686553088,accelergy_plugin,11062272.0,6.016784384,50.094881051559746,11.410631396825538
hires,2048,2048,128,128,11,128,4096,800.0,is,gaussian,12857088.0,6.324723712,accelergy_plugin,25497344.0,6.8121313279999995,50.425205072340084,92.84500558589349
hires,2048,2048,128,128,11,128,4096,800.0,is,sobel,12640256.0,0.487407616,accelergy_plugin,25497344.0,6.8121313279999995,49.574794927659916,7.1549944141065165
hires,2048,2048,128,128,11,128,4096,800.0,os,gaussian,12594944.0,6.387335168,accelergy_plugin,21270272.0,6.93366784,59.213836099510154,92.120581997767
hires,2048,2048,128,128,11,128,4096,800.0,os,sobel,8675328.0,0.546332672,accelergy_plugin,21270272.0,6.93366784,40.786163900489846,7.879418002233001
hires,2048,2048,128,128,11,128,4096,800.0,ws,gaussian,4599040.0,5.330487296,accelergy_plugin,9203200.0,6.017193984,49.97218358831711,88.58759265820605
hires,2048,2048,128,128,11,128,4096,800.0,ws,sobel,4604160.0,0.686706688,accelergy_plugin,9203200.0,6.017193984,50.02781641168289,11.412407341793951
