resolution,frame_width,frame_height,tile_width,tile_height,gaussian_kernel,array_size,sram_budget_kb,bandwidth_gbps,dataflow,total_cycles,total_stall_cycles,total_macs,total_sram_accesses,total_sram_ifmap_reads,total_sram_filter_reads,total_sram_ofmap_writes,total_dram_accesses,total_dram_ifmap_reads,total_dram_filter_reads,total_dram_ofmap_writes,energy_mac_pj,energy_sram_ifmap_pj,energy_sram_filter_pj,energy_sram_ofmap_pj,energy_sram_pj,energy_dram_ifmap_pj,energy_dram_filter_pj,energy_dram_ofmap_pj,energy_dram_pj,energy_total_pj,analytical_lower_bound_ms,energy_backend,energy_model,sram_read_pj_per_byte,sram_write_pj_per_byte,dram_read_pj_per_byte,dram_write_pj_per_byte,latency_ms,num_pes,cycles_x_pes,stall_pct,energy_total_mj,edp_mj_ms,average_power_w_at_30fps
1080p,1920,1080,128,128,3,8,256,50.0,is,24790035.0,0.0,55987200,56764800.0,37324800.0,6998400.0,12441600.0,199757100.0,187302000.0,13500.0,12441600.0,55987200.0,298598400.0,55987200.0,87091200.0,441676800.0,187302000.0,13500.0,12441600.0,199757100.0,697421100.0,0.8748,accelergy_plugin,accelergy_component_library_table_plugin,8.0,7.0,1.0,1.0,24.790035,64,1586562240.0,0.0,0.6974211,17.2890934787385,0.020922633
1080p,1920,1080,128,128,3,8,256,50.0,os,12365265.0,0.0,55987200,58838400.0,37324800.0,6998400.0,14515200.0,122869800.0,116622000.0,27000.0,6220800.0,55987200.0,298598400.0,55987200.0,101606400.0,456192000.0,116622000.0,27000.0,6220800.0,122869800.0,635049000.0,0.8748,accelergy_plugin,accelergy_component_library_table_plugin,8.0,7.0,1.0,1.0,12.365265,64,791376960.0,0.0,0.635049,7.852549172985,0.01905147
1080p,1920,1080,128,128,3,8,256,50.0,ws,8731515.0,0.0,55987200,49770045.0,37324800.0,3645.0,12441600.0,58410600.0,45942000.0,27000.0,12441600.0,55987200.0,298598400.0,29160.0,87091200.0,385718760.0,45942000.0,27000.0,12441600.0,58410600.0,500116560.0,0.8748,accelergy_plugin,accelergy_component_library_table_plugin,8.0,7.0,1.0,1.0,8.731515,64,558816960.0,0.0,0.50011656,4.3667752453884,0.0150034968
1080p,1920,1080,128,128,3,8,256,200.0,is,24470910.0,0.0,55987200,56764800.0,37324800.0,6998400.0,12441600.0,200115600.0,187620000.0,54000.0,12441600.0,55987200.0,298598400.0,55987200.0,87091200.0,441676800.0,187620000.0,54000.0,12441600.0,200115600.0,697779600.0,0.8748,accelergy_plugin,accelergy_component_library_table_plugin,8.0,7.0,1.0,1.0,24.47091,64,1566138240.0,0.0,0.6977796,17.075301791436,0.020933388
1080p,1920,1080,128,128,3,8,256,200.0,os,12033450.0,0.0,55987200,58838400.0,37324800.0,6998400.0,14515200.0,123094800.0,116820000.0,54000.0,6220800.0,55987200.0,298598400.0,55987200.0,101606400.0,456192000.0,116820000.0,54000.0,6220800.0,123094800.0,635274000.0,0.8748,accelergy_plugin,accelergy_component_library_table_plugin,8.0,7.0,1.0,1.0,12.03345,64,770140800.0,0.0,0.635274,7.6445379153,0.01905822
1080p,1920,1080,128,128,3,8,256,200.0,ws,8412390.0,0.0,55987200,49770045.0,37324800.0,3645.0,12441600.0,58515600.0,46020000.0,54000.0,12441600.0,55987200.0,298598400.0,29160.0,87091200.0,385718760.0,46020000.0,54000.0,12441600.0,58515600.0,500221560.0,0.8748,accelergy_plugin,accelergy_component_library_table_plugin,8.0,7.0,1.0,1.0,8.41239,64,538392960.0,0.0,0.50022156,4.2080588491284,0.0150066468
1080p,1920,1080,128,128,3,8,256,800.0,is,24391050.0,0.0,55987200,56764800.0,37324800.0,6998400.0,12441600.0,200913600.0,188256000.0,216000.0,12441600.0,55987200.0,298598400.0,55987200.0,87091200.0,441676800.0,188256000.0,216000.0,12441600.0,200913600.0,698577600.0,0.8748,accelergy_plugin,accelergy_component_library_table_plugin,8.0,7.0,1.0,1.0,24.39105,64,1561027200.0,0.0,0.6985776,17.03904117048,0.020957328
1080p,1920,1080,128,128,3,8,256,800.0,os,11950485.0,0.0,55987200,58838400.0,37324800.0,6998400.0,14515200.0,123652800.0,117216000.0,216000.0,6220800.0,55987200.0,298598400.0,55987200.0,101606400.0,456192000.0,117216000.0,216000.0,6220800.0,123652800.0,635832000.0,0.8748,accelergy_plugin,accelergy_component_library_table_plugin,8.0,7.0,1.0,1.0,11.950485,64,764831040.0,0.0,0.635832,7.59850077852,0.01907496
1080p,1920,1080,128,128,3,8,256,800.0,ws,8332530.0,0.0,55987200,49770045.0,37324800.0,3645.0,12441600.0,58833600.0,46176000.0,216000.0,12441600.0,55987200.0,298598400.0,29160.0,87091200.0,385718760.0,46176000.0,216000.0,12441600.0,58833600.0,500539560.0,0.8748,accelergy_plugin,accelergy_component_library_table_plugin,8.0,7.0,1.0,1.0,8.33253,64,533281920.0,0.0,0.50053956,4.1707608998868,0.0150161868
1080p,1920,1080,128,128,3,8,1024,50.0,is,25359945.0,0.0,55987200,56764800.0,37324800.0,6998400.0,12441600.0,49791600.0,37336500.0,13500.0,12441600.0,55987200.0,298598400.0,55987200.0,87091200.0,441676800.0,37336500.0,13500.0,12441600.0,49791600.0,547455600.0,0.8748,accelergy_plugin,accelergy_component_library_table_plugin,8.0,7.0,1.0,1.0,25.359945,64,1623036480.0,0.0,0.5474556,13.883443905942,0.016423668
1080p,1920,1080,128,128,3,8,1024,50.0,os,12793935.0,0.0,55987200,58838400.0,37324800.0,6998400.0,14515200.0,43584300.0,37336500.0,27000.0,6220800.0,55987200.0,298598400.0,55987200.0,101606400.0,456192000.0,37336500.0,27000.0,6220800.0,43584300.0,555763500.0,0.8748,accelergy_plugin,accelergy_component_library_table_plugin,8.0,7.0,1.0,1.0,12.793935,64,818811840.0,0.0,0.5557635,7.110402094372499,0.016672905
1080p,1920,1080,128,128,3,8,1024,50.0,ws,9756555.0,0.0,55987200,49770045.0,37324800.0,3645.0,12441600.0,72561600.0,60093000.0,27000.0,12441600.0,55987200.0,298598400.0,29160.0,87091200.0,385718760.0,60093000.0,27000.0,12441600.0,72561600.0,514267560.0,0.8748,accelergy_plugin,accelergy_component_library_table_plugin,8.0,7.0,1.0,1.0,9.756555,64,624419520.0,0.0,0.51426756,5.0174797338558,0.0154280268
1080p,1920,1080,128,128,3,8,1024,200.0,is,24613350.0,0.0,55987200,56764800.0,37324800.0,6998400.0,12441600.0,49857600.0,37362000.0,54000.0,12441600.0,55987200.0,298598400.0,55987200.0,87091200.0,441676800.0,37362000.0,54000.0,12441600.0,49857600.0,547521600.0,0.8748,accelergy_plugin,accelergy_component_library_table_plugin,8.0,7.0,1.0,1.0,24.61335,64,1575254400.0,0.0,0.5475216,13.476340773360002,0.016425648
1080p,1920,1080,128,128,3,8,1024,200.0,os,12140610.0,0.0,55987200,58838400.0,37324800.0,6998400.0,14515200.0,43636800.0,37362000.0,54000.0,6220800.0,55987200.0,298598400.0,55987200.0,101606400.0,456192000.0,37362000.0,54000.0,6220800.0,43636800.0,555816000.0,0.8748,accelergy_plugin,accelergy_component_library_table_plugin,8.0,7.0,1.0,1.0,12.140609999999999,64,776999040.0,0.0,0.555816,6.7479452877599995,0.01667448
1080p,1920,1080,128,128,3,8,1024,200.0,ws,8668680.0,0.0,55987200,49770045.0,37324800.0,3645.0,12441600.0,72627600.0,60132000.0,54000.0,12441600.0,55987200.0,298598400.0,29160.0,87091200.0,385718760.0,60132000.0,54000.0,12441600.0,72627600.0,514333560.0,0.8748,accelergy_plugin,accelergy_component_library_table_plugin,8.0,7.0,1.0,1.0,8.66868,64,554795520.0,0.0,0.51433356,4.4585930449008,0.0154300068
1080p,1920,1080,128,128,3,8,1024,800.0,is,24426660.0,0.0,55987200,56764800.0,37324800.0,6998400.0,12441600.0,50121600.0,37464000.0,216000.0,12441600.0,55987200.0,298598400.0,55987200.0,87091200.0,441676800.0,37464000.0,216000.0,12441600.0,50121600.0,547785600.0,0.8748,accelergy_plugin,accelergy_component_library_table_plugin,8.0,7.0,1.0,1.0,24.42666,64,1563306240.0,0.0,0.5477856,13.380572604095999,0.016433568
1080p,1920,1080,128,128,3,8,1024,800.0,os,11977335.0,0.0,55987200,58838400.0,37324800.0,6998400.0,14515200.0,43900800.0,37464000.0,216000.0,6220800.0,55987200.0,298598400.0,55987200.0,101606400.0,456192000.0,37464000.0,216000.0,6220800.0,43900800.0,556080000.0,0.8748,accelergy_plugin,accelergy_component_library_table_plugin,8.0,7.0,1.0,1.0,11.977335,64,766549440.0,0.0,0.55608,6.6603564468,0.0166824
1080p,1920,1080,128,128,3,8,1024,800.0,ws,8396670.0,0.0,55987200,49770045.0,37324800.0,3645.0,12441600.0,72945600.0,60288000.0,216000.0,12441600.0,55987200.0,298598400.0,29160.0,87091200.0,385718760.0,60288000.0,216000.0,12441600.0,72945600.0,514651560.0,0.8748,accelergy_plugin,accelergy_component_library_table_plugin,8.0,7.0,1.0,1.0,8.39667,64,537386880.0,0.0,0.51465156,4.3213593143052,0.0154395468
1080p,1920,1080,128,128,3,8,4096,50.0,is,25359945.0,0.0,55987200,56764800.0,37324800.0,6998400.0,12441600.0,49791600.0,37336500.0,13500.0,12441600.0,55987200.0,298598400.0,55987200.0,87091200.0,441676800.0,37336500.0,13500.0,12441600.0,49791600.0,547455600.0,0.8748,accelergy_plugin,accelergy_component_library_table_plugin,8.0,7.0,1.0,1.0,25.359945,64,1623036480.0,0.0,0.5474556,13.883443905942,0.016423668
1080p,1920,1080,128,128,3,8,4096,50.0,os,12793935.0,0.0,55987200,58838400.0,37324800.0,6998400.0,14515200.0,43584300.0,37336500.0,27000.0,6220800.0,55987200.0,298598400.0,55987200.0,101606400.0,456192000.0,37336500.0,27000.0,6220800.0,43584300.0,555763500.0,0.8748,accelergy_plugin,accelergy_component_library_table_plugin,8.0,7.0,1.0,1.0,12.793935,64,818811840.0,0.0,0.5557635,7.110402094372499,0.016672905
1080p,1920,1080,128,128,3,8,4096,50.0,ws,9881835.0,0.0,55987200,49770045.0,37324800.0,3645.0,12441600.0,78825600.0,66357000.0,27000.0,12441600.0,55987200.0,298598400.0,29160.0,87091200.0,385718760.0,66357000.0,27000.0,12441600.0,78825600.0,520531560.0,0.8748,accelergy_plugin,accelergy_component_library_table_plugin,8.0,7.0,1.0,1.0,9.881835,64,632437440.0,0.0,0.52053156,5.1438069882126,0.0156159468
1080p,1920,1080,128,128,3,8,4096,200.0,is,24613350.0,0.0,55987200,56764800.0,37324800.0,6998400.0,12441600.0,49857600.0,37362000.0,54000.0,12441600.0,55987200.0,298598400.0,55987200.0,87091200.0,441676800.0,37362000.0,54000.0,12441600.0,49857600.0,547521600.0,0.8748,accelergy_plugin,accelergy_component_library_table_plugin,8.0,7.0,1.0,1.0,24.61335,64,1575254400.0,0.0,0.5475216,13.476340773360002,0.016425648
1080p,1920,1080,128,128,3,8,4096,200.0,os,12140610.0,0.0,55987200,58838400.0,37324800.0,6998400.0,14515200.0,43636800.0,37362000.0,54000.0,6220800.0,55987200.0,298598400.0,55987200.0,101606400.0,456192000.0,37362000.0,54000.0,6220800.0,43636800.0,555816000.0,0.8748,accelergy_plugin,accelergy_component_library_table_plugin,8.0,7.0,1.0,1.0,12.140609999999999,64,776999040.0,0.0,0.555816,6.7479452877599995,0.01667448
1080p,1920,1080,128,128,3,8,4096,200.0,ws,8699880.0,0.0,55987200,49770045.0,37324800.0,3645.0,12441600.0,78867600.0,66372000.0,54000.0,12441600.0,55987200.0,298598400.0,29160.0,87091200.0,385718760.0,66372000.0,54000.0,12441600.0,78867600.0,520573560.0,0.8748,accelergy_plugin,accelergy_component_library_table_plugin,8.0,7.0,1.0,1.0,8.69988,64,556792320.0,0.0,0.52057356,4.5289275031728,0.0156172068
1080p,1920,1080,128,128,3,8,4096,800.0,is,24426660.0,0.0,55987200,56764800.0,37324800.0,6998400.0,12441600.0,50121600.0,37464000.0,216000.0,12441600.0,55987200.0,298598400.0,55987200.0,87091200.0,441676800.0,37464000.0,216000.0,12441600.0,50121600.0,547785600.0,0.8748,accelergy_plugin,accelergy_component_library_table_plugin,8.0,7.0,1.0,1.0,24.42666,64,1563306240.0,0.0,0.5477856,13.380572604095999,0.016433568
1080p,1920,1080,128,128,3,8,4096,800.0,os,11977335.0,0.0,55987200,58838400.0,37324800.0,6998400.0,14515200.0,43900800.0,37464000.0,216000.0,6220800.0,55987200.0,298598400.0,55987200.0,101606400.0,456192000.0,37464000.0,216000.0,6220800.0,43900800.0,556080000.0,0.8748,accelergy_plugin,accelergy_component_library_table_plugin,8.0,7.0,1.0,1.0,11.977335,64,766549440.0,0.0,0.55608,6.6603564468,0.0166824
1080p,1920,1080,128,128,3,8,4096,800.0,ws,8404350.0,0.0,55987200,49770045.0,37324800.0,3645.0,12441600.0,79089600.0,66432000.0,216000.0,12441600.0,55987200.0,298598400.0,29160.0,87091200.0,385718760.0,66432000.0,216000.0,12441600.0,79089600.0,520795560.0,0.8748,accelergy_plugin,accelergy_component_library_table_plugin,8.0,7.0,1.0,1.0,8.404349999999999,64,537878400.0,0.0,0.52079556,4.376948164686,0.0156238668
1080p,1920,1080,128,128,3,16,256,50.0,is,12754065.0,0.0,55987200,47044800.0,37324800.0,3499200.0,6220800.0,193536300.0,187302000.0,13500.0,6220800.0,55987200.0,298598400.0,27993600.0,43545600.0,370137600.0,187302000.0,13500.0,6220800.0,193536300.0,619661100.0,0.2187,accelergy_plugin,accelergy_component_library_table_plugin,8.0,7.0,1.0,1.0,12.754065,256,3265040640.0,0.0,0.6196611,7.9031979473715,0.018589833
1080p,1920,1080,128,128,3,16,256,50.0,os,10550865.0,0.0,55987200,55339200.0,37324800.0,3499200.0,14515200.0,193563300.0,187302000.0,40500.0,6220800.0,55987200.0,298598400.0,27993600.0,101606400.0,428198400.0,187302000.0,40500.0,6220800.0,193563300.0,677748900.0,0.2187,accelergy_plugin,accelergy_component_library_table_plugin,8.0,7.0,1.0,1.0,10.550865,256,2701021440.0,0.0,0.6777489,7.1508371477985,0.020332467
1080p,1920,1080,128,128,3,16,256,50.0,ws,4601685.0,0.0,55987200,43549245.0,37324800.0,3645.0,6220800.0,52203300.0,45942000.0,40500.0,6220800.0,55987200.0,298598400.0,29160.0,43545600.0,342173160.0,45942000.0,40500.0,6220800.0,52203300.0,450363660.0,0.2187,accelergy_plugin,accelergy_component_library_table_plugin,8.0,7.0,1.0,1.0,4.601685000000001,256,1178031360.0,0.0,0.45036366,2.0724316987671,0.0135109098
1080p,1920,1080,128,128,3,16,256,200.0,is,12422250.0,0.0,55987200,47044800.0,37324800.0,3499200.0,6220800.0,193894800.0,187620000.0,54000.0,6220800.0,55987200.0,298598400.0,27993600.0,43545600.0,370137600.0,187620000.0,54000.0,6220800.0,193894800.0,620019600.0,0.2187,accelergy_plugin,accelergy_component_library_table_plugin,8.0,7.0,1.0,1.0,12.42225,256,3180096000.0,0.0,0.6200196,7.7020384761,0.018600588
1080p,1920,1080,128,128,3,16,256,200.0,os,10219050.0,0.0,55987200,55339200.0,37324800.0,3499200.0,14515200.0,193894800.0,187620000.0,54000.0,6220800.0,55987200.0,298598400.0,27993600.0,101606400.0,428198400.0,187620000.0,54000.0,6220800.0,193894800.0,678080400.0,0.2187,accelergy_plugin,accelergy_component_library_table_plugin,8.0,7.0,1.0,1.0,10.219050000000001,256,2616076800.0,0.0,0.6780804,6.929337511620001,0.020342412
1080p,1920,1080,128,128,3,16,256,200.0,ws,4269870.0,0.0,55987200,43549245.0,37324800.0,3645.0,6220800.0,52294800.0,46020000.0,54000.0,6220800.0,55987200.0,298598400.0,29160.0,43545600.0,342173160.0,46020000.0,54000.0,6220800.0,52294800.0,450455160.0,0.2187,accelergy_plugin,accelergy_component_library_table_plugin,8.0,7.0,1.0,1.0,4.26987,256,1093086720.0,0.0,0.45045516,1.9233849740292002,0.0135136548
1080p,1920,1080,128,128,3,16,256,800.0,is,12339285.0,0.0,55987200,47044800.0,37324800.0,3499200.0,6220800.0,194692800.0,188256000.0,216000.0,6220800.0,55987200.0,298598400.0,27993600.0,43545600.0,370137600.0,188256000.0,216000.0,6220800.0,194692800.0,620817600.0,0.2187,accelergy_plugin,accelergy_component_library_table_plugin,8.0,7.0,1.0,1.0,12.339285,256,3158856960.0,0.0,0.6208176,7.660445299416,0.018624528
1080p,1920,1080,128,128,3,16,256,800.0,os,10136085.0,0.0,55987200,55339200.0,37324800.0,3499200.0,14515200.0,194692800.0,188256000.0,216000.0,6220800.0,55987200.0,298598400.0,27993600.0,101606400.0,428198400.0,188256000.0,216000.0,6220800.0,194692800.0,678878400.0,0.2187,accelergy_plugin,accelergy_component_library_table_plugin,8.0,7.0,1.0,1.0,10.136085,256,2594837760.0,0.0,0.6788784,6.881169167064,0.020366352
1080p,1920,1080,128,128,3,16,256,800.0,ws,4186905.0,0.0,55987200,43549245.0,37324800.0,3645.0,6220800.0,52612800.0,46176000.0,216000.0,6220800.0,55987200.0,298598400.0,29160.0,43545600.0,342173160.0,46176000.0,216000.0,6220800.0,52612800.0,450773160.0,0.2187,accelergy_plugin,accelergy_component_library_table_plugin,8.0,7.0,1.0,1.0,4.186905,256,1071847680.0,0.0,0.45077316,1.8873443974698,0.0135231948
1080p,1920,1080,128,128,3,16,1024,50.0,is,13182735.0,0.0,55987200,47044800.0,37324800.0,3499200.0,6220800.0,43570800.0,37336500.0,13500.0,6220800.0,55987200.0,298598400.0,27993600.0,43545600.0,370137600.0,37336500.0,13500.0,6220800.0,43570800.0,469695600.0,0.2187,accelergy_plugin,accelergy_component_library_table_plugin,8.0,7.0,1.0,1.0,13.182735,256,3374780160.0,0.0,0.4696956,6.191872625466,0.014090868
1080p,1920,1080,128,128,3,16,1024,50.0,os,10979535.0,0.0,55987200,55339200.0,37324800.0,3499200.0,14515200.0,43597800.0,37336500.0,40500.0,6220800.0,55987200.0,298598400.0,27993600.0,101606400.0,428198400.0,37336500.0,40500.0,6220800.0,43597800.0,527783400.0,0.2187,accelergy_plugin,accelergy_component_library_table_plugin,8.0,7.0,1.0,1.0,10.979535,256,2810760960.0,0.0,0.5277834,5.794816312719,0.015833502
1080p,1920,1080,128,128,3,16,1024,50.0,ws,5485485.0,0.0,55987200,43549245.0,37324800.0,3645.0,6220800.0,66354300.0,60093000.0,40500.0,6220800.0,55987200.0,298598400.0,29160.0,43545600.0,342173160.0,60093000.0,40500.0,6220800.0,66354300.0,464514660.0,0.2187,accelergy_plugin,accelergy_component_library_table_plugin,8.0,7.0,1.0,1.0,5.485485,256,1404284160.0,0.0,0.46451466,2.5480881997101,0.0139354398
1080p,1920,1080,128,128,3,16,1024,200.0,is,12529410.0,0.0,55987200,47044800.0,37324800.0,3499200.0,6220800.0,43636800.0,37362000.0,54000.0,6220800.0,55987200.0,298598400.0,27993600.0,43545600.0,370137600.0,37362000.0,54000.0,6220800.0,43636800.0,469761600.0,0.2187,accelergy_plugin,accelergy_component_library_table_plugin,8.0,7.0,1.0,1.0,12.52941,256,3207528960.0,0.0,0.4697616,5.885835688656,0.014092848
1080p,1920,1080,128,128,3,16,1024,200.0,os,10326210.0,0.0,55987200,55339200.0,37324800.0,3499200.0,14515200.0,43636800.0,37362000.0,54000.0,6220800.0,55987200.0,298598400.0,27993600.0,101606400.0,428198400.0,37362000.0,54000.0,6220800.0,43636800.0,527822400.0,0.2187,accelergy_plugin,accelergy_component_library_table_plugin,8.0,7.0,1.0,1.0,10.326210000000001,256,2643509760.0,0.0,0.5278224,5.450404945104001,0.015834672
1080p,1920,1080,128,128,3,16,1024,200.0,ws,4490880.0,0.0,55987200,43549245.0,37324800.0,3645.0,6220800.0,66406800.0,60132000.0,54000.0,6220800.0,55987200.0,298598400.0,29160.0,43545600.0,342173160.0,60132000.0,54000.0,6220800.0,66406800.0,464567160.0,0.2187,accelergy_plugin,accelergy_component_library_table_plugin,8.0,7.0,1.0,1.0,4.49088,256,1149665280.0,0.0,0.46456716,2.0863153675008,0.0139370148
1080p,1920,1080,128,128,3,16,1024,800.0,is,12366135.0,0.0,55987200,47044800.0,37324800.0,3499200.0,6220800.0,43900800.0,37464000.0,216000.0,6220800.0,55987200.0,298598400.0,27993600.0,43545600.0,370137600.0,37464000.0,216000.0,6220800.0,43900800.0,470025600.0,0.2187,accelergy_plugin,accelergy_component_library_table_plugin,8.0,7.0,1.0,1.0,12.366135,256,3165730560.0,0.0,0.4700256,5.812400023056,0.014100768
1080p,1920,1080,128,128,3,16,1024,800.0,os,10162935.0,0.0,55987200,55339200.0,37324800.0,3499200.0,14515200.0,43900800.0,37464000.0,216000.0,6220800.0,55987200.0,298598400.0,27993600.0,101606400.0,428198400.0,37464000.0,216000.0,6220800.0,43900800.0,528086400.0,0.2187,accelergy_plugin,accelergy_component_library_table_plugin,8.0,7.0,1.0,1.0,10.162935,256,2601711360.0,0.0,0.5280864,5.366907757583999,0.015842592
1080p,1920,1080,128,128,3,16,1024,800.0,ws,4242285.0,0.0,55987200,43549245.0,37324800.0,3645.0,6220800.0,66724800.0,60288000.0,216000.0,6220800.0,55987200.0,298598400.0,29160.0,43545600.0,342173160.0,60288000.0,216000.0,6220800.0,66724800.0,464885160.0,0.2187,accelergy_plugin,accelergy_component_library_table_plugin,8.0,7.0,1.0,1.0,4.242285,256,1086024960.0,0.0,0.46488516,1.9721753409906,0.0139465548
1080p,1920,1080,128,128,3,16,4096,50.0,is,13182735.0,0.0,55987200,47044800.0,37324800.0,3499200.0,6220800.0,43570800.0,37336500.0,13500.0,6220800.0,55987200.0,298598400.0,27993600.0,43545600.0,370137600.0,37336500.0,13500.0,6220800.0,43570800.0,469695600.0,0.2187,accelergy_plugin,accelergy_component_library_table_plugin,8.0,7.0,1.0,1.0,13.182735,256,3374780160.0,0.0,0.4696956,6.191872625466,0.014090868
1080p,1920,1080,128,128,3,16,4096,50.0,os,10979535.0,0.0,55987200,55339200.0,37324800.0,3499200.0,14515200.0,43597800.0,37336500.0,40500.0,6220800.0,55987200.0,298598400.0,27993600.0,101606400.0,428198400.0,37336500.0,40500.0,6220800.0,43597800.0,527783400.0,0.2187,accelergy_plugin,accelergy_component_library_table_plugin,8.0,7.0,1.0,1.0,10.979535,256,2810760960.0,0.0,0.5277834,5.794816312719,0.015833502
1080p,1920,1080,128,128,3,16,4096,50.0,ws,5610765.0,0.0,55987200,43549245.0,37324800.0,3645.0,6220800.0,72618300.0,66357000.0,40500.0,6220800.0,55987200.0,298598400.0,29160.0,43545600.0,342173160.0,66357000.0,40500.0,6220800.0,72618300.0,470778660.0,0.2187,accelergy_plugin,accelergy_component_library_table_plugin,8.0,7.0,1.0,1.0,5.610765,256,1436355840.0,0.0,0.47077866,2.6414284282749,0.0141233598
1080p,1920,1080,128,128,3,16,4096,200.0,is,12529410.0,0.0,55987200,47044800.0,37324800.0,3499200.0,6220800.0,43636800.0,37362000.0,54000.0,6220800.0,55987200.0,298598400.0,27993600.0,43545600.0,370137600.0,37362000.0,54000.0,6220800.0,43636800.0,469761600.0,0.2187,accelergy_plugin,accelergy_component_library_table_plugin,8.0,7.0,1.0,1.0,12.52941,256,3207528960.0,0.0,0.4697616,5.885835688656,0.014092848
1080p,1920,1080,128,128,3,16,4096,200.0,os,10326210.0,0.0,55987200,55339200.0,37324800.0,3499200.0,14515200.0,43636800.0,37362000.0,54000.0,6220800.0,55987200.0,298598400.0,27993600.0,101606400.0,428198400.0,37362000.0,54000.0,6220800.0,43636800.0,527822400.0,0.2187,accelergy_plugin,accelergy_component_library_table_plugin,8.0,7.0,1.0,1.0,10.326210000000001,256,2643509760.0,0.0,0.5278224,5.450404945104001,0.015834672
1080p,1920,1080,128,128,3,16,4096,200.0,ws,4522080.0,0.0,55987200,43549245.0,37324800.0,3645.0,6220800.0,72646800.0,66372000.0,54000.0,6220800.0,55987200.0,298598400.0,29160.0,43545600.0,342173160.0,66372000.0,54000.0,6220800.0,72646800.0,470807160.0,0.2187,accelergy_plugin,accelergy_component_library_table_plugin,8.0,7.0,1.0,1.0,4.522080000000001,256,1157652480.0,0.0,0.47080716,2.1290276420928005,0.0141242148
1080p,1920,1080,128,128,3,16,4096,800.0,is,12366135.0,0.0,55987200,47044800.0,37324800.0,3499200.0,6220800.0,43900800.0,37464000.0,216000.0,6220800.0,55987200.0,298598400.0,27993600.0,43545600.0,370137600.0,37464000.0,216000.0,6220800.0,43900800.0,470025600.0,0.2187,accelergy_plugin,accelergy_component_library_table_plugin,8.0,7.0,1.0,1.0,12.366135,256,3165730560.0,0.0,0.4700256,5.812400023056,0.014100768
1080p,1920,1080,128,128,3,16,4096,800.0,os,10162935.0,0.0,55987200,55339200.0,37324800.0,3499200.0,14515200.0,43900800.0,37464000.0,216000.0,6220800.0,55987200.0,298598400.0,27993600.0,101606400.0,428198400.0,37464000.0,216000.0,6220800.0,43900800.0,528086400.0,0.2187,accelergy_plugin,accelergy_component_library_table_plugin,8.0,7.0,1.0,1.0,10.162935,256,2601711360.0,0.0,0.5280864,5.366907757583999,0.015842592
1080p,1920,1080,128,128,3,16,4096,800.0,ws,4249965.0,0.0,55987200,43549245.0,37324800.0,3645.0,6220800.0,72868800.0,66432000.0,216000.0,6220800.0,55987200.0,298598400.0,29160.0,43545600.0,342173160.0,66432000.0,216000.0,6220800.0,72868800.0,471029160.0,0.2187,accelergy_plugin,accelergy_component_library_table_plugin,8.0,7.0,1.0,1.0,4.2499649999999995,256,1087991040.0,0.0,0.47102916,2.0018574439793997,0.0141308748
1080p,1920,1080,128,128,3,32,256,50.0,is,12818865.0,0.0,55987200,45295200.0,37324800.0,1749600.0,6220800.0,193543050.0,187302000.0,20250.0,6220800.0,55987200.0,298598400.0,13996800.0,43545600.0,356140800.0,187302000.0,20250.0,6220800.0,193543050.0,605671050.0,0.054675,accelergy_plugin,accelergy_component_library_table_plugin,8.0,7.0,1.0,1.0,12.818865,1024,13126517760.0,0.0,0.60567105,7.76401542435825,0.0181701315
1080p,1920,1080,128,128,3,32,256,50.0,os,9643665.0,0.0,55987200,53589600.0,37324800.0,1749600.0,14515200.0,193603800.0,187302000.0,81000.0,6220800.0,55987200.0,298598400.0,13996800.0,101606400.0,414201600.0,187302000.0,81000.0,6220800.0,193603800.0,663792600.0,0.054675,accelergy_plugin,accelergy_component_library_table_plugin,8.0,7.0,1.0,1.0,9.643664999999999,1024,9875112960.0,0.0,0.6637926,6.401393463878999,0.019913778
1080p,1920,1080,128,128,3,32,256,50.0,ws,4614645.0,0.0,55987200,43549245.0,37324800.0,3645.0,6220800.0,52243800.0,45942000.0,81000.0,6220800.0,55987200.0,298598400.0,29160.0,43545600.0,342173160.0,45942000.0,81000.0,6220800.0,52243800.0,450404160.0,0.054675,accelergy_plugin,accelergy_component_library_table_plugin,8.0,7.0,1.0,1.0,4.614644999999999,1024,4725396480.0,0.0,0.45040416,2.0784553049231995,0.0135121248
1080p,1920,1080,128,128,3,32,256,200.0,is,12487050.0,0.0,55987200,45295200.0,37324800.0,1749600.0,6220800.0,193894800.0,187620000.0,54000.0,6220800.0,55987200.0,298598400.0,13996800.0,43545600.0,356140800.0,187620000.0,54000.0,6220800.0,193894800.0,606022800.0,0.054675,accelergy_plugin,accelergy_component_library_table_plugin,8.0,7.0,1.0,1.0,12.48705,1024,12786739200.0,0.0,0.6060228,7.5674370047399995,0.018180684
1080p,1920,1080,128,128,3,32,256,200.0,os,9311850.0,0.0,55987200,53589600.0,37324800.0,1749600.0,14515200.0,193948800.0,187620000.0,108000.0,6220800.0,55987200.0,298598400.0,13996800.0,101606400.0,414201600.0,187620000.0,108000.0,6220800.0,193948800.0,664137600.0,0.054675,accelergy_plugin,accelergy_component_library_table_plugin,8.0,7.0,1.0,1.0,9.31185,1024,9535334400.0,0.0,0.6641376,6.184349710559999,0.019924128
1080p,1920,1080,128,128,3,32,256,200.0,ws,4282830.0,0.0,55987200,43549245.0,37324800.0,3645.0,6220800.0,52348800.0,46020000.0,108000.0,6220800.0,55987200.0,298598400.0,29160.0,43545600.0,342173160.0,46020000.0,108000.0,6220800.0,52348800.0,450509160.0,0.054675,accelergy_plugin,accelergy_component_library_table_plugin,8.0,7.0,1.0,1.0,4.28283,1024,4385617920.0,0.0,0.45050916,1.9294541457228,0.0135152748
1080p,1920,1080,128,128,3,32,256,800.0,is,12404085.0,0.0,55987200,45295200.0,37324800.0,1749600.0,6220800.0,194692800.0,188256000.0,216000.0,6220800.0,55987200.0,298598400.0,13996800.0,43545600.0,356140800.0,188256000.0,216000.0,6220800.0,194692800.0,606820800.0,0.054675,accelergy_plugin,accelergy_component_library_table_plugin,8.0,7.0,1.0,1.0,12.404085,1024,12701783040.0,0.0,0.6068208,7.527056782968001,0.018204624
1080p,1920,1080,128,128,3,32,256,800.0,os,9228885.0,0.0,55987200,53589600.0,37324800.0,1749600.0,14515200.0,194692800.0,188256000.0,216000.0,6220800.0,55987200.0,298598400.0,13996800.0,101606400.0,414201600.0,188256000.0,216000.0,6220800.0,194692800.0,664881600.0,0.054675,accelergy_plugin,accelergy_component_library_table_plugin,8.0,7.0,1.0,1.0,9.228885,1024,9450378240.0,0.0,0.6648816,6.136115825016,0.019946448
1080p,1920,1080,128,128,3,32,256,800.0,ws,4199865.0,0.0,55987200,43549245.0,37324800.0,3645.0,6220800.0,52612800.0,46176000.0,216000.0,6220800.0,55987200.0,298598400.0,29160.0,43545600.0,342173160.0,46176000.0,216000.0,6220800.0,52612800.0,450773160.0,0.054675,accelergy_plugin,accelergy_component_library_table_plugin,8.0,7.0,1.0,1.0,4.199865,1024,4300661760.0,0.0,0.45077316,1.8931864176234,0.0135231948
1080p,1920,1080,128,128,3,32,1024,50.0,is,13247535.0,0.0,55987200,45295200.0,37324800.0,1749600.0,6220800.0,43577550.0,37336500.0,20250.0,6220800.0,55987200.0,298598400.0,13996800.0,43545600.0,356140800.0,37336500.0,20250.0,6220800.0,43577550.0,455705550.0,0.054675,accelergy_plugin,accelergy_component_library_table_plugin,8.0,7.0,1.0,1.0,13.247535,1024,13565475840.0,0.0,0.45570555,6.03697522331925,0.0136711665
1080p,1920,1080,128,128,3,32,1024,50.0,os,10072335.0,0.0,55987200,53589600.0,37324800.0,1749600.0,14515200.0,43638300.0,37336500.0,81000.0,6220800.0,55987200.0,298598400.0,13996800.0,101606400.0,414201600.0,37336500.0,81000.0,6220800.0,43638300.0,513827100.0,0.054675,accelergy_plugin,accelergy_component_library_table_plugin,8.0,7.0,1.0,1.0,10.072335,1024,10314071040.0,0.0,0.5138271,5.1754386832785,0.015414813
1080p,1920,1080,128,128,3,32,1024,50.0,ws,5567265.0,0.0,55987200,43549245.0,37324800.0,3645.0,6220800.0,69835800.0,63534000.0,81000.0,6220800.0,55987200.0,298598400.0,29160.0,43545600.0,342173160.0,63534000.0,81000.0,6220800.0,69835800.0,467996160.0,0.054675,accelergy_plugin,accelergy_component_library_table_plugin,8.0,7.0,1.0,1.0,5.567265,1024,5700879360.0,0.0,0.46799616,2.6054586417023997,0.0140398848
1080p,1920,1080,128,128,3,32,1024,200.0,is,12594210.0,0.0,55987200,45295200.0,37324800.0,1749600.0,6220800.0,43636800.0,37362000.0,54000.0,6220800.0,55987200.0,298598400.0,13996800.0,43545600.0,356140800.0,37362000.0,54000.0,6220800.0,43636800.0,455764800.0,0.054675,accelergy_plugin,accelergy_component_library_table_plugin,8.0,7.0,1.0,1.0,12.59421,1024,12896471040.0,0.0,0.4557648,5.739997601808001,0.013672944
1080p,1920,1080,128,128,3,32,1024,200.0,os,9419010.0,0.0,55987200,53589600.0,37324800.0,1749600.0,14515200.0,43690800.0,37362000.0,108000.0,6220800.0,55987200.0,298598400.0,13996800.0,101606400.0,414201600.0,37362000.0,108000.0,6220800.0,43690800.0,513879600.0,0.054675,accelergy_plugin,accelergy_component_library_table_plugin,8.0,7.0,1.0,1.0,9.41901,1024,9645066240.0,0.0,0.5138796,4.840237091196,0.015416388
1080p,1920,1080,128,128,3,32,1024,200.0,ws,4521030.0,0.0,55987200,43549245.0,37324800.0,3645.0,6220800.0,69898800.0,63570000.0,108000.0,6220800.0,55987200.0,298598400.0,29160.0,43545600.0,342173160.0,63570000.0,108000.0,6220800.0,69898800.0,468059160.0,0.054675,accelergy_plugin,accelergy_component_library_table_plugin,8.0,7.0,1.0,1.0,4.52103,1024,4629534720.0,0.0,0.46805916,2.1161095041348,0.0140417748
1080p,1920,1080,128,128,3,32,1024,800.0,is,12430935.0,0.0,55987200,45295200.0,37324800.0,1749600.0,6220800.0,43900800.0,37464000.0,216000.0,6220800.0,55987200.0,298598400.0,13996800.0,43545600.0,356140800.0,37464000.0,216000.0,6220800.0,43900800.0,456028800.0,0.054675,accelergy_plugin,accelergy_component_library_table_plugin,8.0,7.0,1.0,1.0,12.430935,1024,12729277440.0,0.0,0.4560288,5.668864370928,0.013680864
1080p,1920,1080,128,128,3,32,1024,800.0,os,9255735.0,0.0,55987200,53589600.0,37324800.0,1749600.0,14515200.0,43900800.0,37464000.0,216000.0,6220800.0,55987200.0,298598400.0,13996800.0,101606400.0,414201600.0,37464000.0,216000.0,6220800.0,43900800.0,514089600.0,0.054675,accelergy_plugin,accelergy_component_library_table_plugin,8.0,7.0,1.0,1.0,9.255735,1024,9477872640.0,0.0,0.5140896,4.758277103856,0.015422688
1080p,1920,1080,128,128,3,32,1024,800.0,ws,4259535.0,0.0,55987200,43549245.0,37324800.0,3645.0,6220800.0,70156800.0,63720000.0,216000.0,6220800.0,55987200.0,298598400.0,29160.0,43545600.0,342173160.0,63720000.0,216000.0,6220800.0,70156800.0,468317160.0,0.054675,accelergy_plugin,accelergy_component_library_table_plugin,8.0,7.0,1.0,1.0,4.259535,1024,4361763840.0,0.0,0.46831716,1.9948133341205998,0.0140495148
1080p,1920,1080,128,128,3,32,4096,50.0,is,13247535.0,0.0,55987200,45295200.0,37324800.0,1749600.0,6220800.0,43577550.0,37336500.0,20250.0,6220800.0,55987200.0,298598400.0,13996800.0,43545600.0,356140800.0,37336500.0,20250.0,6220800.0,43577550.0,455705550.0,0.054675,accelergy_plugin,accelergy_component_library_table_plugin,8.0,7.0,1.0,1.0,13.247535,1024,13565475840.0,0.0,0.45570555,6.03697522331925,0.0136711665
1080p,1920,1080,128,128,3,32,4096,50.0,os,10072335.0,0.0,55987200,53589600.0,37324800.0,1749600.0,14515200.0,43638300.0,37336500.0,81000.0,6220800.0,55987200.0,298598400.0,13996800.0,101606400.0,414201600.0,37336500.0,81000.0,6220800.0,43638300.0,513827100.0,0.054675,accelergy_plugin,accelergy_component_library_table_plugin,8.0,7.0,1.0,1.0,10.072335,1024,10314071040.0,0.0,0.5138271,5.1754386832785,0.015414813
1080p,1920,1080,128,128,3,32,4096,50.0,ws,6950865.0,0.0,55987200,43549245.0,37324800.0,3645.0,6220800.0,139015800.0,132714000.0,81000.0,6220800.0,55987200.0,298598400.0,29160.0,43545600.0,342173160.0,132714000.0,81000.0,6220800.0,139015800.0,537176160.0,0.054675,accelergy_plugin,accelergy_component_library_table_plugin,8.0,7.0,1.0,1.0,6.950864999999999,1024,7117685760.0,0.0,0.53717616,3.7338389693783998,0.0161152848
1080p,1920,1080,128,128,3,32,4096,200.0,is,12594210.0,0.0,55987200,45295200.0,37324800.0,1749600.0,6220800.0,43636800.0,37362000.0,54000.0,6220800.0,55987200.0,298598400.0,13996800.0,43545600.0,356140800.0,37362000.0,54000.0,6220800.0,43636800.0,455764800.0,0.054675,accelergy_plugin,accelergy_component_library_table_plugin,8.0,7.0,1.0,1.0,12.59421,1024,12896471040.0,0.0,0.4557648,5.739997601808001,0.013672944
1080p,1920,1080,128,128,3,32,4096,200.0,os,9419010.0,0.0,55987200,53589600.0,37324800.0,1749600.0,14515200.0,43690800.0,37362000.0,108000.0,6220800.0,55987200.0,298598400.0,13996800.0,101606400.0,414201600.0,37362000.0,108000.0,6220800.0,43690800.0,513879600.0,0.054675,accelergy_plugin,accelergy_component_library_table_plugin,8.0,7.0,1.0,1.0,9.41901,1024,9645066240.0,0.0,0.5138796,4.840237091196,0.015416388
1080p,1920,1080,128,128,3,32,4096,200.0,ws,4866870.0,0.0,55987200,43549245.0,37324800.0,3645.0,6220800.0,139066800.0,132738000.0,108000.0,6220800.0,55987200.0,298598400.0,29160.0,43545600.0,342173160.0,132738000.0,108000.0,6220800.0,139066800.0,537227160.0,0.054675,accelergy_plugin,accelergy_component_library_table_plugin,8.0,7.0,1.0,1.0,4.86687,1024,4983674880.0,0.0,0.53722716,2.6146147481892,0.0161168148
1080p,1920,1080,128,128,3,32,4096,800.0,is,12430935.0,0.0,55987200,45295200.0,37324800.0,1749600.0,6220800.0,43900800.0,37464000.0,216000.0,6220800.0,55987200.0,298598400.0,13996800.0,43545600.0,356140800.0,37464000.0,216000.0,6220800.0,43900800.0,456028800.0,0.054675,accelergy_plugin,accelergy_component_library_table_plugin,8.0,7.0,1.0,1.0,12.430935,1024,12729277440.0,0.0,0.4560288,5.668864370928,0.013680864
1080p,1920,1080,128,128,3,32,4096,800.0,os,9255735.0,0.0,55987200,53589600.0,37324800.0,1749600.0,14515200.0,43900800.0,37464000.0,216000.0,6220800.0,55987200.0,298598400.0,13996800.0,101606400.0,414201600.0,37464000.0,216000.0,6220800.0,43900800.0,514089600.0,0.054675,accelergy_plugin,accelergy_component_library_table_plugin,8.0,7.0,1.0,1.0,9.255735,1024,9477872640.0,0.0,0.5140896,4.758277103856,0.015422688
1080p,1920,1080,128,128,3,32,4096,800.0,ws,4345935.0,0.0,55987200,43549245.0,37324800.0,3645.0,6220800.0,139276800.0,132840000.0,216000.0,6220800.0,55987200.0,298598400.0,29160.0,43545600.0,342173160.0,132840000.0,216000.0,6220800.0,139276800.0,537437160.0,0.054675,accelergy_plugin,accelergy_component_library_table_plugin,8.0,7.0,1.0,1.0,4.345935000000001,1024,4450237440.0,0.0,0.53743716,2.3356669639446004,0.0161231148
1080p,1920,1080,128,128,3,64,256,50.0,is,12851265.0,0.0,55987200,44420400.0,37324800.0,874800.0,6220800.0,193556550.0,187302000.0,33750.0,6220800.0,55987200.0,298598400.0,6998400.0,43545600.0,349142400.0,187302000.0,33750.0,6220800.0,193556550.0,598686150.0,0.041472,accelergy_plugin,accelergy_component_library_table_plugin,8.0,7.0,1.0,1.0,12.851265000000001,4096,52638781440.0,0.0,0.59868615,7.6938743654797515,0.0179605845
1080p,1920,1080,128,128,3,64,256,50.0,os,9190065.0,0.0,55987200,52714800.0,37324800.0,874800.0,14515200.0,193684800.0,187302000.0,162000.0,6220800.0,55987200.0,298598400.0,6998400.0,101606400.0,407203200.0,187302000.0,162000.0,6220800.0,193684800.0,656875200.0,0.041472,accelergy_plugin,accelergy_component_library_table_plugin,8.0,7.0,1.0,1.0,9.190065,4096,37642506240.0,0.0,0.6568752,6.0367257848880005,0.019706256
1080p,1920,1080,128,128,3,64,256,50.0,ws,4640565.0,0.0,55987200,43549245.0,37324800.0,3645.0,6220800.0,52324800.0,45942000.0,162000.0,6220800.0,55987200.0,298598400.0,29160.0,43545600.0,342173160.0,45942000.0,162000.0,6220800.0,52324800.0,450485160.0,0.041472,accelergy_plugin,accelergy_component_library_table_plugin,8.0,7.0,1.0,1.0,4.6405650000000005,4096,19007754240.0,0.0,0.45048516,2.0905056665154,0.0135145548
1080p,1920,1080,128,128,3,64,256,200.0,is,12519450.0,0.0,55987200,44420400.0,37324800.0,874800.0,6220800.0,193894800.0,187620000.0,54000.0,6220800.0,55987200.0,298598400.0,6998400.0,43545600.0,349142400.0,187620000.0,54000.0,6220800.0,193894800.0,599024400.0,0.01366875,accelergy_plugin,accelergy_component_library_table_plugin,8.0,7.0,1.0,1.0,12.519449999999999,4096,51279667200.0,0.0,0.5990244,7.49945602458,0.017970732
1080p,1920,1080,128,128,3,64,256,200.0,os,8858250.0,0.0,55987200,52714800.0,37324800.0,874800.0,14515200.0,194002800.0,187620000.0,162000.0,6220800.0,55987200.0,298598400.0,6998400.0,101606400.0,407203200.0,187620000.0,162000.0,6220800.0,194002800.0,657193200.0,0.01366875,accelergy_plugin,accelergy_component_library_table_plugin,8.0,7.0,1.0,1.0,8.85825,4096,36283392000.0,0.0,0.6571932,5.8215816639,0.019715796
1080p,1920,1080,128,128,3,64,256,200.0,ws,4308750.0,0.0,55987200,43549245.0,37324800.0,3645.0,6220800.0,52402800.0,46020000.0,162000.0,6220800.0,55987200.0,298598400.0,29160.0,43545600.0,342173160.0,46020000.0,162000.0,6220800.0,52402800.0,450563160.0,0.01366875,accelergy_plugin,accelergy_component_library_table_plugin,8.0,7.0,1.0,1.0,4.30875,4096,17648640000.0,0.0,0.45056316,1.94136401565,0.0135168948
1080p,1920,1080,128,128,3,64,256,800.0,is,12436485.0,0.0,55987200,44420400.0,37324800.0,874800.0,6220800.0,194692800.0,188256000.0,216000.0,6220800.0,55987200.0,298598400.0,6998400.0,43545600.0,349142400.0,188256000.0,216000.0,6220800.0,194692800.0,599822400.0,0.01366875,accelergy_plugin,accelergy_component_library_table_plugin,8.0,7.0,1.0,1.0,12.436485000000001,4096,50939842560.0,0.0,0.5998224,7.459682280264,0.017994672
1080p,1920,1080,128,128,3,64,256,800.0,os,8775285.0,0.0,55987200,52714800.0,37324800.0,874800.0,14515200.0,194692800.0,188256000.0,216000.0,6220800.0,55987200.0,298598400.0,6998400.0,101606400.0,407203200.0,188256000.0,216000.0,6220800.0,194692800.0,657883200.0,0.01366875,accelergy_plugin,accelergy_component_library_table_plugin,8.0,7.0,1.0,1.0,8.775285,4096,35943567360.0,0.0,0.6578832,5.773112576712,0.019736496
1080p,1920,1080,128,128,3,64,256,800.0,ws,4225785.0,0.0,55987200,43549245.0,37324800.0,3645.0,6220800.0,52612800.0,46176000.0,216000.0,6220800.0,55987200.0,298598400.0,29160.0,43545600.0,342173160.0,46176000.0,216000.0,6220800.0,52612800.0,450773160.0,0.01366875,accelergy_plugin,accelergy_component_library_table_plugin,8.0,7.0,1.0,1.0,4.225785,4096,17308815360.0,0.0,0.45077316,1.9048704579306002,0.0135231948
1080p,1920,1080,128,128,3,64,1024,50.0,is,13279935.0,0.0,55987200,44420400.0,37324800.0,874800.0,6220800.0,43591050.0,37336500.0,33750.0,6220800.0,55987200.0,298598400.0,6998400.0,43545600.0,349142400.0,37336500.0,33750.0,6220800.0,43591050.0,448720650.0,0.041472,accelergy_plugin,accelergy_component_library_table_plugin,8.0,7.0,1.0,1.0,13.279935,4096,54394613760.0,0.0,0.44872065,5.95898106515775,0.0134616195
1080p,1920,1080,128,128,3,64,1024,50.0,os,9618735.0,0.0,55987200,52714800.0,37324800.0,874800.0,14515200.0,43719300.0,37336500.0,162000.0,6220800.0,55987200.0,298598400.0,6998400.0,101606400.0,407203200.0,37336500.0,162000.0,6220800.0,43719300.0,506909700.0,0.041472,accelergy_plugin,accelergy_component_library_table_plugin,8.0,7.0,1.0,1.0,9.618735,4096,39398338560.0,0.0,0.5069097,4.8758300732294995,0.015207291
1080p,1920,1080,128,128,3,64,1024,50.0,ws,5597175.0,0.0,55987200,43549245.0,37324800.0,3645.0,6220800.0,70116300.0,63733500.0,162000.0,6220800.0,55987200.0,298598400.0,29160.0,43545600.0,342173160.0,63733500.0,162000.0,6220800.0,70116300.0,468276660.0,0.041472,accelergy_plugin,accelergy_component_library_table_plugin,8.0,7.0,1.0,1.0,5.597175,4096,22926028800.0,0.0,0.46827666,2.6210264144355,0.0140482998
1080p,1920,1080,128,128,3,64,1024,200.0,is,12626610.0,0.0,55987200,44420400.0,37324800.0,874800.0,6220800.0,43636800.0,37362000.0,54000.0,6220800.0,55987200.0,298598400.0,6998400.0,43545600.0,349142400.0,37362000.0,54000.0,6220800.0,43636800.0,448766400.0,0.01366875,accelergy_plugin,accelergy_component_library_table_plugin,8.0,7.0,1.0,1.0,12.62661,4096,51718594560.0,0.0,0.4487664,5.666398313904,0.013462992
1080p,1920,1080,128,128,3,64,1024,200.0,os,8965410.0,0.0,55987200,52714800.0,37324800.0,874800.0,14515200.0,43744800.0,37362000.0,162000.0,6220800.0,55987200.0,298598400.0,6998400.0,101606400.0,407203200.0,37362000.0,162000.0,6220800.0,43744800.0,506935200.0,0.01366875,accelergy_plugin,accelergy_component_library_table_plugin,8.0,7.0,1.0,1.0,8.96541,4096,36722319360.0,0.0,0.5069352,4.544881911432,0.015208056
1080p,1920,1080,128,128,3,64,1024,200.0,ws,4547970.0,0.0,55987200,43549245.0,37324800.0,3645.0,6220800.0,70156800.0,63774000.0,162000.0,6220800.0,55987200.0,298598400.0,29160.0,43545600.0,342173160.0,63774000.0,162000.0,6220800.0,70156800.0,468317160.0,0.01366875,accelergy_plugin,accelergy_component_library_table_plugin,8.0,7.0,1.0,1.0,4.54797,4096,18628485120.0,0.0,0.46831716,2.1298923941652004,0.0140495148
1080p,1920,1080,128,128,3,64,1024,800.0,is,12463335.0,0.0,55987200,44420400.0,37324800.0,874800.0,6220800.0,43900800.0,37464000.0,216000.0,6220800.0,55987200.0,298598400.0,6998400.0,43545600.0,349142400.0,37464000.0,216000.0,6220800.0,43900800.0,449030400.0,0.01366875,accelergy_plugin,accelergy_component_library_table_plugin,8.0,7.0,1.0,1.0,12.463335,4096,51049820160.0,0.0,0.4490304,5.596416300384,0.013470912
1080p,1920,1080,128,128,3,64,1024,800.0,os,8802135.0,0.0,55987200,52714800.0,37324800.0,874800.0,14515200.0,43900800.0,37464000.0,216000.0,6220800.0,55987200.0,298598400.0,6998400.0,101606400.0,407203200.0,37464000.0,216000.0,6220800.0,43900800.0,507091200.0,0.01366875,accelergy_plugin,accelergy_component_library_table_plugin,8.0,7.0,1.0,1.0,8.802135000000002,4096,36053544960.0,0.0,0.5070912,4.463485199712,0.015212736
1080p,1920,1080,128,128,3,64,1024,800.0,ws,4285725.0,0.0,55987200,43549245.0,37324800.0,3645.0,6220800.0,70372800.0,63936000.0,216000.0,6220800.0,55987200.0,298598400.0,29160.0,43545600.0,342173160.0,63936000.0,216000.0,6220800.0,70372800.0,468533160.0,0.01366875,accelergy_plugin,accelergy_component_library_table_plugin,8.0,7.0,1.0,1.0,4.285724999999999,4096,17554329600.0,0.0,0.46853316,2.0080042771409996,0.0140559948
1080p,1920,1080,128,128,3,64,4096,50.0,is,13279935.0,0.0,55987200,44420400.0,37324800.0,874800.0,6220800.0,43591050.0,37336500.0,33750.0,6220800.0,55987200.0,298598400.0,6998400.0,43545600.0,349142400.0,37336500.0,33750.0,6220800.0,43591050.0,448720650.0,0.041472,accelergy_plugin,accelergy_component_library_table_plugin,8.0,7.0,1.0,1.0,13.279935,4096,54394613760.0,0.0,0.44872065,5.95898106515775,0.0134616195
1080p,1920,1080,128,128,3,64,4096,50.0,os,9618735.0,0.0,55987200,52714800.0,37324800.0,874800.0,14515200.0,43719300.0,37336500.0,162000.0,6220800.0,55987200.0,298598400.0,6998400.0,101606400.0,407203200.0,37336500.0,162000.0,6220800.0,43719300.0,506909700.0,0.041472,accelergy_plugin,accelergy_component_library_table_plugin,8.0,7.0,1.0,1.0,9.618735,4096,39398338560.0,0.0,0.5069097,4.8758300732294995,0.015207291
1080p,1920,1080,128,128,3,64,4096,50.0,ws,9127305.0,0.0,55987200,43549245.0,37324800.0,3645.0,6220800.0,246622800.0,240240000.0,162000.0,6220800.0,55987200.0,298598400.0,29160.0,43545600.0,342173160.0,240240000.0,162000.0,6220800.0,246622800.0,644783160.0,0.041472,accelergy_plugin,accelergy_component_library_table_plugin,8.0,7.0,1.0,1.0,9.127305,4096,37385441280.0,0.0,0.64478316,5.8851325601838,0.0193434948
1080p,1920,1080,128,128,3,64,4096,200.0,is,12626610.0,0.0,55987200,44420400.0,37324800.0,874800.0,6220800.0,43636800.0,37362000.0,54000.0,6220800.0,55987200.0,298598400.0,6998400.0,43545600.0,349142400.0,37362000.0,54000.0,6220800.0,43636800.0,448766400.0,0.01366875,accelergy_plugin,accelergy_component_library_table_plugin,8.0,7.0,1.0,1.0,12.62661,4096,51718594560.0,0.0,0.4487664,5.666398313904,0.013462992
1080p,1920,1080,128,128,3,64,4096,200.0,os,8965410.0,0.0,55987200,52714800.0,37324800.0,874800.0,14515200.0,43744800.0,37362000.0,162000.0,6220800.0,55987200.0,298598400.0,6998400.0,101606400.0,407203200.0,37362000.0,162000.0,6220800.0,43744800.0,506935200.0,0.01366875,accelergy_plugin,accelergy_component_library_table_plugin,8.0,7.0,1.0,1.0,8.96541,4096,36722319360.0,0.0,0.5069352,4.544881911432,0.015208056
1080p,1920,1080,128,128,3,64,4096,200.0,ws,5430480.0,0.0,55987200,43549245.0,37324800.0,3645.0,6220800.0,246658800.0,240276000.0,162000.0,6220800.0,55987200.0,298598400.0,29160.0,43545600.0,342173160.0,240276000.0,162000.0,6220800.0,246658800.0,644819160.0,0.01366875,accelergy_plugin,accelergy_component_library_table_plugin,8.0,7.0,1.0,1.0,5.430479999999999,4096,22243246080.0,0.0,0.64481916,3.5016775519967993,0.0193445748
1080p,1920,1080,128,128,3,64,4096,800.0,is,12463335.0,0.0,55987200,44420400.0,37324800.0,874800.0,6220800.0,43900800.0,37464000.0,216000.0,6220800.0,55987200.0,298598400.0,6998400.0,43545600.0,349142400.0,37464000.0,216000.0,6220800.0,43900800.0,449030400.0,0.01366875,accelergy_plugin,accelergy_component_library_table_plugin,8.0,7.0,1.0,1.0,12.463335,4096,51049820160.0,0.0,0.4490304,5.596416300384,0.013470912
1080p,1920,1080,128,128,3,64,4096,800.0,os,8802135.0,0.0,55987200,52714800.0,37324800.0,874800.0,14515200.0,43900800.0,37464000.0,216000.0,6220800.0,55987200.0,298598400.0,6998400.0,101606400.0,407203200.0,37464000.0,216000.0,6220800.0,43900800.0,507091200.0,0.01366875,accelergy_plugin,accelergy_component_library_table_plugin,8.0,7.0,1.0,1.0,8.802135000000002,4096,36053544960.0,0.0,0.5070912,4.463485199712,0.015212736
1080p,1920,1080,128,128,3,64,4096,800.0,ws,4506225.0,0.0,55987200,43549245.0,37324800.0,3645.0,6220800.0,246772800.0,240336000.0,216000.0,6220800.0,55987200.0,298598400.0,29160.0,43545600.0,342173160.0,240336000.0,216000.0,6220800.0,246772800.0,644933160.0,0.01366875,accelergy_plugin,accelergy_component_library_table_plugin,8.0,7.0,1.0,1.0,4.506225,4096,18457497600.0,0.0,0.64493316,2.906213928921,0.0193479948
1080p,1920,1080,128,128,3,128,256,50.0,is,12867465.0,0.0,55987200,43983000.0,37324800.0,437400.0,6220800.0,193583550.0,187302000.0,60750.0,6220800.0,55987200.0,298598400.0,3499200.0,43545600.0,345643200.0,187302000.0,60750.0,6220800.0,193583550.0,595213950.0,0.041472,accelergy_plugin,accelergy_component_library_table_plugin,8.0,7.0,1.0,1.0,12.867465,16384,210820546560.0,0.0,0.59521395,7.65889466913675,0.0178564185
1080p,1920,1080,128,128,3,128,256,50.0,os,8963265.0,0.0,55987200,52277400.0,37324800.0,437400.0,14515200.0,193846800.0,187302000.0,324000.0,6220800.0,55987200.0,298598400.0,3499200.0,101606400.0,403704000.0,187302000.0,324000.0,6220800.0,193846800.0,653538000.0,0.041472,accelergy_plugin,accelergy_component_library_table_plugin,8.0,7.0,1.0,1.0,8.963265,16384,146854133760.0,0.0,0.653538,5.85783428157,0.01960614
1080p,1920,1080,128,128,3,128,256,50.0,ws,4692405.0,0.0,55987200,43549245.0,37324800.0,3645.0,6220800.0,52486800.0,45942000.0,324000.0,6220800.0,55987200.0,298598400.0,29160.0,43545600.0,342173160.0,45942000.0,324000.0,6220800.0,52486800.0,450647160.0,0.041472,accelergy_plugin,accelergy_component_library_table_plugin,8.0,7.0,1.0,1.0,4.692405,16384,76880363520.0,0.0,0.45064716,2.1146189868197998,0.0135194148
1080p,1920,1080,128,128,3,128,256,200.0,is,12535650.0,0.0,55987200,43983000.0,37324800.0,437400.0,6220800.0,193921800.0,187620000.0,81000.0,6220800.0,55987200.0,298598400.0,3499200.0,43545600.0,345643200.0,187620000.0,81000.0,6220800.0,193921800.0,595552200.0,0.010368,accelergy_plugin,accelergy_component_library_table_plugin,8.0,7.0,1.0,1.0,12.53565,16384,205384089600.0,0.0,0.5955522,7.46563393593,0.017866566
1080p,1920,1080,128,128,3,128,256,200.0,os,8631450.0,0.0,55987200,52277400.0,37324800.0,437400.0,14515200.0,194164800.0,187620000.0,324000.0,6220800.0,55987200.0,298598400.0,3499200.0,101606400.0,403704000.0,187620000.0,324000.0,6220800.0,194164800.0,653856000.0,0.010368,accelergy_plugin,accelergy_component_library_table_plugin,8.0,7.0,1.0,1.0,8.631450000000001,16384,141417676800.0,0.0,0.653856,5.6437253712,0.01961568
1080p,1920,1080,128,128,3,128,256,200.0,ws,4360590.0,0.0,55987200,43549245.0,37324800.0,3645.0,6220800.0,52564800.0,46020000.0,324000.0,6220800.0,55987200.0,298598400.0,29160.0,43545600.0,342173160.0,46020000.0,324000.0,6220800.0,52564800.0,450725160.0,0.010368,accelergy_plugin,accelergy_component_library_table_plugin,8.0,7.0,1.0,1.0,4.36059,16384,71443906560.0,0.0,0.45072516,1.9654276254444,0.0135217548
1080p,1920,1080,128,128,3,128,256,800.0,is,12452685.0,0.0,55987200,43983000.0,37324800.0,437400.0,6220800.0,194692800.0,188256000.0,216000.0,6220800.0,55987200.0,298598400.0,3499200.0,43545600.0,345643200.0,188256000.0,216000.0,6220800.0,194692800.0,596323200.0,0.0034171875,accelergy_plugin,accelergy_component_library_table_plugin,8.0,7.0,1.0,1.0,12.452685,16384,204024791040.0,0.0,0.5963232,7.425824967792001,0.017889696
1080p,1920,1080,128,128,3,128,256,800.0,os,8548485.0,0.0,55987200,52277400.0,37324800.0,437400.0,14515200.0,194908800.0,188256000.0,432000.0,6220800.0,55987200.0,298598400.0,3499200.0,101606400.0,403704000.0,188256000.0,432000.0,6220800.0,194908800.0,654600000.0,0.0034171875,accelergy_plugin,accelergy_component_library_table_plugin,8.0,7.0,1.0,1.0,8.548485,16384,140058378240.0,0.0,0.6546,5.595838280999999,0.019638
1080p,1920,1080,128,128,3,128,256,800.0,ws,4277625.0,0.0,55987200,43549245.0,37324800.0,3645.0,6220800.0,52828800.0,46176000.0,432000.0,6220800.0,55987200.0,298598400.0,29160.0,43545600.0,342173160.0,46176000.0,432000.0,6220800.0,52828800.0,450989160.0,0.0034171875,accelergy_plugin,accelergy_component_library_table_plugin,8.0,7.0,1.0,1.0,4.2776250000000005,16384,70084608000.0,0.0,0.45098916,1.9291625055450001,0.0135296748
1080p,1920,1080,128,128,3,128,1024,50.0,is,13296135.0,0.0,55987200,43983000.0,37324800.0,437400.0,6220800.0,43618050.0,37336500.0,60750.0,6220800.0,55987200.0,298598400.0,3499200.0,43545600.0,345643200.0,37336500.0,60750.0,6220800.0,43618050.0,445248450.0,0.041472,accelergy_plugin,accelergy_component_library_table_plugin,8.0,7.0,1.0,1.0,13.296135000000001,16384,217843875840.0,0.0,0.44524845,5.920083499740751,0.0133574535
1080p,1920,1080,128,128,3,128,1024,50.0,os,9391935.0,0.0,55987200,52277400.0,37324800.0,437400.0,14515200.0,43881300.0,37336500.0,324000.0,6220800.0,55987200.0,298598400.0,3499200.0,101606400.0,403704000.0,37336500.0,324000.0,6220800.0,43881300.0,503572500.0,0.041472,accelergy_plugin,accelergy_component_library_table_plugin,8.0,7.0,1.0,1.0,9.391935,16384,153877463040.0,0.0,0.5035725,4.7295201877875,0.015107175
1080p,1920,1080,128,128,3,128,1024,50.0,ws,5649015.0,0.0,55987200,43549245.0,37324800.0,3645.0,6220800.0,70278300.0,63733500.0,324000.0,6220800.0,55987200.0,298598400.0,29160.0,43545600.0,342173160.0,63733500.0,324000.0,6220800.0,70278300.0,468438660.0,0.041472,accelergy_plugin,accelergy_component_library_table_plugin,8.0,7.0,1.0,1.0,5.649015,16384,92553461760.0,0.0,0.46843866,2.6462170169199,0.0140531598
1080p,1920,1080,128,128,3,128,1024,200.0,is,12642810.0,0.0,55987200,43983000.0,37324800.0,437400.0,6220800.0,43663800.0,37362000.0,81000.0,6220800.0,55987200.0,298598400.0,3499200.0,43545600.0,345643200.0,37362000.0,81000.0,6220800.0,43663800.0,445294200.0,0.010368,accelergy_plugin,accelergy_component_library_table_plugin,8.0,7.0,1.0,1.0,12.64281,16384,207139799040.0,0.0,0.4452942,5.629769964702,0.013358826
1080p,1920,1080,128,128,3,128,1024,200.0,os,8738610.0,0.0,55987200,52277400.0,37324800.0,437400.0,14515200.0,43906800.0,37362000.0,324000.0,6220800.0,55987200.0,298598400.0,3499200.0,101606400.0,403704000.0,37362000.0,324000.0,6220800.0,43906800.0,503598000.0,0.010368,accelergy_plugin,accelergy_component_library_table_plugin,8.0,7.0,1.0,1.0,8.738610000000001,16384,143173386240.0,0.0,0.503598,4.400746518780001,0.01510794
1080p,1920,1080,128,128,3,128,1024,200.0,ws,4599810.0,0.0,55987200,43549245.0,37324800.0,3645.0,6220800.0,70318800.0,63774000.0,324000.0,6220800.0,55987200.0,298598400.0,29160.0,43545600.0,342173160.0,63774000.0,324000.0,6220800.0,70318800.0,468479160.0,0.010368,accelergy_plugin,accelergy_component_library_table_plugin,8.0,7.0,1.0,1.0,4.599810000000001,16384,75363287040.0,0.0,0.46847916,2.1549151249596004,0.0140543748
1080p,1920,1080,128,128,3,128,1024,800.0,is,12479535.0,0.0,55987200,43983000.0,37324800.0,437400.0,6220800.0,43900800.0,37464000.0,216000.0,6220800.0,55987200.0,298598400.0,3499200.0,43545600.0,345643200.0,37464000.0,216000.0,6220800.0,43900800.0,445531200.0,0.0034171875,accelergy_plugin,accelergy_component_library_table_plugin,8.0,7.0,1.0,1.0,12.479535,16384,204464701440.0,0.0,0.4455312,5.560022203992,0.013365936
1080p,1920,1080,128,128,3,128,1024,800.0,os,8575335.0,0.0,55987200,52277400.0,37324800.0,437400.0,14515200.0,44116800.0,37464000.0,432000.0,6220800.0,55987200.0,298598400.0,3499200.0,101606400.0,403704000.0,37464000.0,432000.0,6220800.0,44116800.0,503808000.0,0.0034171875,accelergy_plugin,accelergy_component_library_table_plugin,8.0,7.0,1.0,1.0,8.575334999999999,16384,140498288640.0,0.0,0.503808,4.32032237568,0.01511424
1080p,1920,1080,128,128,3,128,1024,800.0,ws,4337565.0,0.0,55987200,43549245.0,37324800.0,3645.0,6220800.0,70588800.0,63936000.0,432000.0,6220800.0,55987200.0,298598400.0,29160.0,43545600.0,342173160.0,63936000.0,432000.0,6220800.0,70588800.0,468749160.0,0.0034171875,accelergy_plugin,accelergy_component_library_table_plugin,8.0,7.0,1.0,1.0,4.337565,16384,71066664960.0,0.0,0.46874916,2.0332299501953996,0.0140624748
1080p,1920,1080,128,128,3,128,4096,50.0,is,13296135.0,0.0,55987200,43983000.0,37324800.0,437400.0,6220800.0,43618050.0,37336500.0,60750.0,6220800.0,55987200.0,298598400.0,3499200.0,43545600.0,345643200.0,37336500.0,60750.0,6220800.0,43618050.0,445248450.0,0.041472,accelergy_plugin,accelergy_component_library_table_plugin,8.0,7.0,1.0,1.0,13.296135000000001,16384,217843875840.0,0.0,0.44524845,5.920083499740751,0.0133574535
1080p,1920,1080,128,128,3,128,4096,50.0,os,9391935.0,0.0,55987200,52277400.0,37324800.0,437400.0,14515200.0,43881300.0,37336500.0,324000.0,6220800.0,55987200.0,298598400.0,3499200.0,101606400.0,403704000.0,37336500.0,324000.0,6220800.0,43881300.0,503572500.0,0.041472,accelergy_plugin,accelergy_component_library_table_plugin,8.0,7.0,1.0,1.0,9.391935,16384,153877463040.0,0.0,0.5035725,4.7295201877875,0.015107175
1080p,1920,1080,128,128,3,128,4096,50.0,ws,9454395.0,0.0,55987200,43549245.0,37324800.0,3645.0,6220800.0,260547300.0,254002500.0,324000.0,6220800.0,55987200.0,298598400.0,29160.0,43545600.0,342173160.0,254002500.0,324000.0,6220800.0,260547300.0,658707660.0,0.041472,accelergy_plugin,accelergy_component_library_table_plugin,8.0,7.0,1.0,1.0,9.454395000000002,16384,154900807680.0,0.0,0.65870766,6.227682407165702,0.0197612298
1080p,1920,1080,128,128,3,128,4096,200.0,is,12642810.0,0.0,55987200,43983000.0,37324800.0,437400.0,6220800.0,43663800.0,37362000.0,81000.0,6220800.0,55987200.0,298598400.0,3499200.0,43545600.0,345643200.0,37362000.0,81000.0,6220800.0,43663800.0,445294200.0,0.010368,accelergy_plugin,accelergy_component_library_table_plugin,8.0,7.0,1.0,1.0,12.64281,16384,207139799040.0,0.0,0.4452942,5.629769964702,0.013358826
1080p,1920,1080,128,128,3,128,4096,200.0,os,8738610.0,0.0,55987200,52277400.0,37324800.0,437400.0,14515200.0,43906800.0,37362000.0,324000.0,6220800.0,55987200.0,298598400.0,3499200.0,101606400.0,403704000.0,37362000.0,324000.0,6220800.0,43906800.0,503598000.0,0.010368,accelergy_plugin,accelergy_component_library_table_plugin,8.0,7.0,1.0,1.0,8.738610000000001,16384,143173386240.0,0.0,0.503598,4.400746518780001,0.01510794
1080p,1920,1080,128,128,3,128,4096,200.0,ws,5551140.0,0.0,55987200,43549245.0,37324800.0,3645.0,6220800.0,260584800.0,254040000.0,324000.0,6220800.0,55987200.0,298598400.0,29160.0,43545600.0,342173160.0,254040000.0,324000.0,6220800.0,260584800.0,658745160.0,0.010368,accelergy_plugin,accelergy_component_library_table_plugin,8.0,7.0,1.0,1.0,5.55114,16384,90949877760.0,0.0,0.65874516,3.6567866074824003,0.0197623548
1080p,1920,1080,128,128,3,128,4096,800.0,is,12479535.0,0.0,55987200,43983000.0,37324800.0,437400.0,6220800.0,43900800.0,37464000.0,216000.0,6220800.0,55987200.0,298598400.0,3499200.0,43545600.0,345643200.0,37464000.0,216000.0,6220800.0,43900800.0,445531200.0,0.0034171875,accelergy_plugin,accelergy_component_library_table_plugin,8.0,7.0,1.0,1.0,12.479535,16384,204464701440.0,0.0,0.4455312,5.560022203992,0.013365936
1080p,1920,1080,128,128,3,128,4096,800.0,os,8575335.0,0.0,55987200,52277400.0,37324800.0,437400.0,14515200.0,44116800.0,37464000.0,432000.0,6220800.0,55987200.0,298598400.0,3499200.0,101606400.0,403704000.0,37464000.0,432000.0,6220800.0,44116800.0,503808000.0,0.0034171875,accelergy_plugin,accelergy_component_library_table_plugin,8.0,7.0,1.0,1.0,8.575334999999999,16384,140498288640.0,0.0,0.503808,4.32032237568,0.01511424
1080p,1920,1080,128,128,3,128,4096,800.0,ws,4575255.0,0.0,55987200,43549245.0,37324800.0,3645.0,6220800.0,260740800.0,254088000.0,432000.0,6220800.0,55987200.0,298598400.0,29160.0,43545600.0,342173160.0,254088000.0,432000.0,6220800.0,260740800.0,658901160.0,0.0034171875,accelergy_plugin,accelergy_component_library_table_plugin,8.0,7.0,1.0,1.0,4.575255,16384,74960977920.0,0.0,0.65890116,3.0146408267958003,0.0197670348
1080p,1920,1080,128,128,5,8,256,50.0,is,87880860.0,51225960.0,89164800,98236800.0,70502400.0,11145600.0,16588800.0,3811234800.0,3794632500.0,13500.0,16588800.0,89164800.0,564019200.0,89164800.0,116121600.0,769305600.0,3794632500.0,13500.0,16588800.0,3811234800.0,4669705200.0,1.3932,accelergy_plugin,accelergy_component_library_table_plugin,8.0,7.0,1.0,1.0,87.88086,64,5624375040.0,58.29023521162628,4.6697052,410.377708922472,0.140091156
1080p,1920,1080,128,128,5,8,256,50.0,os,16512465.0,0.0,89164800,96163200.0,70502400.0,11145600.0,14515200.0,169708800.0,163447500.0,40500.0,6220800.0,89164800.0,564019200.0,89164800.0,101606400.0,754790400.0,163447500.0,40500.0,6220800.0,169708800.0,1013664000.0,1.3932,accelergy_plugin,accelergy_component_library_table_plugin,8.0,7.0,1.0,1.0,16.512465,64,1056797760.0,0.0,1.013664,16.73809132176,0.03040992
1080p,1920,1080,128,128,5,8,256,50.0,ws,12826320.0,0.0,89164800,87097005.0,70502400.0,5805.0,16588800.0,92610300.0,75981000.0,40500.0,16588800.0,89164800.0,564019200.0,46440.0,116121600.0,680187240.0,75981000.0,40500.0,16588800.0,92610300.0,861962340.0,1.3932,accelergy_plugin,accelergy_component_library_table_plugin,8.0,7.0,1.0,1.0,12.82632,64,820884480.0,0.0,0.86196234,11.0558048007888,0.0258588702
1080p,1920,1080,128,128,5,8,256,200.0,is,36379590.0,0.0,89164800,98236800.0,70502400.0,11145600.0,16588800.0,3817717800.0,3801075000.0,54000.0,16588800.0,89164800.0,564019200.0,89164800.0,116121600.0,769305600.0,3801075000.0,54000.0,16588800.0,3817717800.0,4676188200.0,1.3932,accelergy_plugin,accelergy_component_library_table_plugin,8.0,7.0,1.0,1.0,36.37959,64,2328293760.0,0.0,4.6761882,170.117809478838,0.140285646
1080p,1920,1080,128,128,5,8,256,200.0,os,16180650.0,0.0,89164800,96163200.0,70502400.0,11145600.0,14515200.0,169999800.0,163725000.0,54000.0,6220800.0,89164800.0,564019200.0,89164800.0,101606400.0,754790400.0,163725000.0,54000.0,6220800.0,169999800.0,1013955000.0,1.3932,accelergy_plugin,accelergy_component_library_table_plugin,8.0,7.0,1.0,1.0,16.18065,64,1035561600.0,0.0,1.013955,16.406450970749997,0.03041865
1080p,1920,1080,128,128,5,8,256,200.0,ws,12551010.0,0.0,89164800,87097005.0,70502400.0,5805.0,16588800.0,92752800.0,76110000.0,54000.0,16588800.0,89164800.0,564019200.0,46440.0,116121600.0,680187240.0,76110000.0,54000.0,16588800.0,92752800.0,862104840.0,1.3932,accelergy_plugin,accelergy_component_library_table_plugin,8.0,7.0,1.0,1.0,12.55101,64,803264640.0,0.0,0.86210484,10.8202864678884,0.0258631452
1080p,1920,1080,128,128,5,8,256,800.0,is,36310680.0,0.0,89164800,98236800.0,70502400.0,11145600.0,16588800.0,3830764800.0,3813960000.0,216000.0,16588800.0,89164800.0,564019200.0,89164800.0,116121600.0,769305600.0,3813960000.0,216000.0,16588800.0,3830764800.0,4689235200.0,1.3932,accelergy_plugin,accelergy_component_library_table_plugin,8.0,7.0,1.0,1.0,36.31068,64,2323883520.0,0.0,4.6892352,170.26931879193597,0.140677056
1080p,1920,1080,128,128,5,8,256,800.0,os,16097685.0,0.0,89164800,96163200.0,70502400.0,11145600.0,14515200.0,170716800.0,164280000.0,216000.0,6220800.0,89164800.0,564019200.0,89164800.0,101606400.0,754790400.0,164280000.0,216000.0,6220800.0,170716800.0,1014672000.0,1.3932,accelergy_plugin,accelergy_component_library_table_plugin,8.0,7.0,1.0,1.0,16.097685000000002,64,1030251840.0,0.0,1.014672,16.333870234320003,0.03044016
1080p,1920,1080,128,128,5,8,256,800.0,ws,12482100.0,0.0,89164800,87097005.0,70502400.0,5805.0,16588800.0,93172800.0,76368000.0,216000.0,16588800.0,89164800.0,564019200.0,46440.0,116121600.0,680187240.0,76368000.0,216000.0,16588800.0,93172800.0,862524840.0,1.3932,accelergy_plugin,accelergy_component_library_table_plugin,8.0,7.0,1.0,1.0,12.482099999999999,64,798854400.0,0.0,0.86252484,10.766121305363999,0.0258757452
1080p,1920,1080,128,128,5,8,1024,50.0,is,37612965.0,0.0,89164800,98236800.0,70502400.0,11145600.0,16588800.0,94610550.0,78008250.0,13500.0,16588800.0,89164800.0,564019200.0,89164800.0,116121600.0,769305600.0,78008250.0,13500.0,16588800.0,94610550.0,953080950.0,1.3932,accelergy_plugin,accelergy_component_library_table_plugin,8.0,7.0,1.0,1.0,37.612964999999996,64,2407229760.0,0.0,0.95308095,35.84820041451675,0.0285924285
1080p,1920,1080,128,128,5,8,1024,50.0,os,17188050.0,0.0,89164800,96163200.0,70502400.0,11145600.0,14515200.0,84269550.0,78008250.0,40500.0,6220800.0,89164800.0,564019200.0,89164800.0,101606400.0,754790400.0,78008250.0,40500.0,6220800.0,84269550.0,928224750.0,1.3932,accelergy_plugin,accelergy_component_library_table_plugin,8.0,7.0,1.0,1.0,17.18805,64,1100035200.0,0.0,0.92822475,15.954373414237502,0.0278467425
1080p,1920,1080,128,128,5,8,1024,50.0,ws,14027010.0,0.0,89164800,87097005.0,70502400.0,5805.0,16588800.0,106768800.0,90139500.0,40500.0,16588800.0,89164800.0,564019200.0,46440.0,116121600.0,680187240.0,90139500.0,40500.0,16588800.0,106768800.0,876120840.0,1.3932,accelergy_plugin,accelergy_component_library_table_plugin,8.0,7.0,1.0,1.0,14.027009999999999,64,897728640.0,0.0,0.87612084,12.2893557838884,0.0262836252
1080p,1920,1080,128,128,5,8,1024,200.0,is,36619065.0,0.0,89164800,98236800.0,70502400.0,11145600.0,16588800.0,94699800.0,78057000.0,54000.0,16588800.0,89164800.0,564019200.0,89164800.0,116121600.0,769305600.0,78057000.0,54000.0,16588800.0,94699800.0,953170200.0,1.3932,accelergy_plugin,accelergy_component_library_table_plugin,8.0,7.0,1.0,1.0,36.619065,64,2343620160.0,0.0,0.9531702,34.904201509863,0.028595106
1080p,1920,1080,128,128,5,8,1024,200.0,os,16349565.0,0.0,89164800,96163200.0,70502400.0,11145600.0,14515200.0,84331800.0,78057000.0,54000.0,6220800.0,89164800.0,564019200.0,89164800.0,101606400.0,754790400.0,78057000.0,54000.0,6220800.0,84331800.0,928287000.0,1.3932,accelergy_plugin,accelergy_component_library_table_plugin,8.0,7.0,1.0,1.0,16.349565,64,1046372160.0,0.0,0.928287,15.177088645154997,0.02784861
1080p,1920,1080,128,128,5,8,1024,200.0,ws,12851175.0,0.0,89164800,87097005.0,70502400.0,5805.0,16588800.0,106837800.0,90195000.0,54000.0,16588800.0,89164800.0,564019200.0,46440.0,116121600.0,680187240.0,90195000.0,54000.0,16588800.0,106837800.0,876189840.0,1.3932,accelergy_plugin,accelergy_component_library_table_plugin,8.0,7.0,1.0,1.0,12.851175,64,822475200.0,0.0,0.87618984,11.260068967061999,0.0262856952
1080p,1920,1080,128,128,5,8,1024,800.0,is,36370515.0,0.0,89164800,98236800.0,70502400.0,11145600.0,16588800.0,95056800.0,78252000.0,216000.0,16588800.0,89164800.0,564019200.0,89164800.0,116121600.0,769305600.0,78252000.0,216000.0,16588800.0,95056800.0,953527200.0,1.3932,accelergy_plugin,accelergy_component_library_table_plugin,8.0,7.0,1.0,1.0,36.370515,64,2327712960.0,0.0,0.9535272,34.680275330507996,0.028605816
1080p,1920,1080,128,128,5,8,1024,800.0,os,16140000.0,0.0,89164800,96163200.0,70502400.0,11145600.0,14515200.0,84688800.0,78252000.0,216000.0,6220800.0,89164800.0,564019200.0,89164800.0,101606400.0,754790400.0,78252000.0,216000.0,6220800.0,84688800.0,928644000.0,1.3932,accelergy_plugin,accelergy_component_library_table_plugin,8.0,7.0,1.0,1.0,16.14,64,1032960000.0,0.0,0.928644,14.988314160000002,0.02785932
1080p,1920,1080,128,128,5,8,1024,800.0,ws,12557145.0,0.0,89164800,87097005.0,70502400.0,5805.0,16588800.0,107224800.0,90420000.0,216000.0,16588800.0,89164800.0,564019200.0,46440.0,116121600.0,680187240.0,90420000.0,216000.0,16588800.0,107224800.0,876576840.0,1.3932,accelergy_plugin,accelergy_component_library_table_plugin,8.0,7.0,1.0,1.0,12.557145,64,803657280.0,0.0,0.87657684,11.0073024835218,0.0262973052
1080p,1920,1080,128,128,5,8,4096,50.0,is,38029485.0,0.0,89164800,98236800.0,70502400.0,11145600.0,16588800.0,87110550.0,70508250.0,13500.0,16588800.0,89164800.0,564019200.0,89164800.0,116121600.0,769305600.0,70508250.0,13500.0,16588800.0,87110550.0,945580950.0,1.3932,accelergy_plugin,accelergy_component_library_table_plugin,8.0,7.0,1.0,1.0,38.029485,64,2433887040.0,0.0,0.94558095,35.95995655431075,0.0283674285
1080p,1920,1080,128,128,5,8,4096,50.0,os,17604570.0,0.0,89164800,96163200.0,70502400.0,11145600.0,14515200.0,76769550.0,70508250.0,40500.0,6220800.0,89164800.0,564019200.0,89164800.0,101606400.0,754790400.0,70508250.0,40500.0,6220800.0,76769550.0,920724750.0,1.3932,accelergy_plugin,accelergy_component_library_table_plugin,8.0,7.0,1.0,1.0,17.60457,64,1126692480.0,0.0,0.92072475,16.2089633121075,0.0276217425
1080p,1920,1080,128,128,5,8,4096,50.0,ws,14781450.0,0.0,89164800,87097005.0,70502400.0,5805.0,16588800.0,116164800.0,99535500.0,40500.0,16588800.0,89164800.0,564019200.0,46440.0,116121600.0,680187240.0,99535500.0,40500.0,16588800.0,116164800.0,885516840.0,1.3932,accelergy_plugin,accelergy_component_library_table_plugin,8.0,7.0,1.0,1.0,14.78145,64,946012800.0,0.0,0.88551684,13.089222894617999,0.0265655052
1080p,1920,1080,128,128,5,8,4096,200.0,is,36723105.0,0.0,89164800,98236800.0,70502400.0,11145600.0,16588800.0,87163800.0,70521000.0,54000.0,16588800.0,89164800.0,564019200.0,89164800.0,116121600.0,769305600.0,70521000.0,54000.0,16588800.0,87163800.0,945634200.0,1.3932,accelergy_plugin,accelergy_component_library_table_plugin,8.0,7.0,1.0,1.0,36.723105,64,2350278720.0,0.0,0.9456342,34.726624018190996,0.028369026
1080p,1920,1080,128,128,5,8,4096,200.0,os,16453605.0,0.0,89164800,96163200.0,70502400.0,11145600.0,14515200.0,76795800.0,70521000.0,54000.0,6220800.0,89164800.0,564019200.0,89164800.0,101606400.0,754790400.0,70521000.0,54000.0,6220800.0,76795800.0,920751000.0,1.3932,accelergy_plugin,accelergy_component_library_table_plugin,8.0,7.0,1.0,1.0,16.453605,64,1053030720.0,0.0,0.920751,15.149673257355,0.02762253
1080p,1920,1080,128,128,5,8,4096,200.0,ws,13039695.0,0.0,89164800,87097005.0,70502400.0,5805.0,16588800.0,116197800.0,99555000.0,54000.0,16588800.0,89164800.0,564019200.0,46440.0,116121600.0,680187240.0,99555000.0,54000.0,16588800.0,116197800.0,885549840.0,1.3932,accelergy_plugin,accelergy_component_library_table_plugin,8.0,7.0,1.0,1.0,13.039695,64,834540480.0,0.0,0.88554984,11.5472998208988,0.0265664952
1080p,1920,1080,128,128,5,8,4096,800.0,is,36396435.0,0.0,89164800,98236800.0,70502400.0,11145600.0,16588800.0,87376800.0,70572000.0,216000.0,16588800.0,89164800.0,564019200.0,89164800.0,116121600.0,769305600.0,70572000.0,216000.0,16588800.0,87376800.0,945847200.0,1.3932,accelergy_plugin,accelergy_component_library_table_plugin,8.0,7.0,1.0,1.0,36.396435,64,2329371840.0,0.0,0.9458472,34.425466134732,0.028375416
1080p,1920,1080,128,128,5,8,4096,800.0,os,16165920.0,0.0,89164800,96163200.0,70502400.0,11145600.0,14515200.0,77008800.0,70572000.0,216000.0,6220800.0,89164800.0,564019200.0,89164800.0,101606400.0,754790400.0,70572000.0,216000.0,6220800.0,77008800.0,920964000.0,1.3932,accelergy_plugin,accelergy_component_library_table_plugin,8.0,7.0,1.0,1.0,16.16592,64,1034618880.0,0.0,0.920964,14.88823034688,0.02762892
1080p,1920,1080,128,128,5,8,4096,800.0,ws,12604185.0,0.0,89164800,87097005.0,70502400.0,5805.0,16588800.0,116440800.0,99636000.0,216000.0,16588800.0,89164800.0,564019200.0,46440.0,116121600.0,680187240.0,99636000.0,216000.0,16588800.0,116440800.0,885792840.0,1.3932,accelergy_plugin,accelergy_component_library_table_plugin,8.0,7.0,1.0,1.0,12.604185000000001,64,806667840.0,0.0,0.88579284,11.164696827035401,0.0265737852
1080p,1920,1080,128,128,5,16,256,50.0,is,130410210.0,111523440.0,89164800,84369600.0,70502400.0,5572800.0,8294400.0,6262604400.0,6254296500.0,13500.0,8294400.0,89164800.0,564019200.0,44582400.0,58060800.0,666662400.0,6254296500.0,13500.0,8294400.0,6262604400.0,7018431600.0,0.3483,accelergy_plugin,accelergy_component_library_table_plugin,8.0,7.0,1.0,1.0,130.41021,256,33385013760.0,85.51741462574134,7.0184316,915.2751388266361,0.210552948
1080p,1920,1080,128,128,5,16,256,50.0,os,23884785.0,11260320.0,89164800,90590400.0,70502400.0,5572800.0,14515200.0,999349050.0,993054000.0,74250.0,6220800.0,89164800.0,564019200.0,44582400.0,101606400.0,710208000.0,993054000.0,74250.0,6220800.0,999349050.0,1798721850.0,0.3483,accelergy_plugin,accelergy_component_library_table_plugin,8.0,7.0,1.0,1.0,23.884784999999997,256,6114504960.0,47.14432221181811,1.79872185,42.96208466205224,0.0539616555
1080p,1920,1080,128,128,5,16,256,50.0,ws,6723000.0,0.0,89164800,78802605.0,70502400.0,5805.0,8294400.0,84349650.0,75981000.0,74250.0,8294400.0,89164800.0,564019200.0,46440.0,58060800.0,622126440.0,75981000.0,74250.0,8294400.0,84349650.0,795640890.0,0.3483,accelergy_plugin,accelergy_component_library_table_plugin,8.0,7.0,1.0,1.0,6.723,256,1721088000.0,0.0,0.79564089,5.34909370347,0.0238692267
1080p,1920,1080,128,128,5,16,256,200.0,is,37936350.0,19412520.0,89164800,84369600.0,70502400.0,5572800.0,8294400.0,6273263400.0,6264915000.0,54000.0,8294400.0,89164800.0,564019200.0,44582400.0,58060800.0,666662400.0,6264915000.0,54000.0,8294400.0,6273263400.0,7029090600.0,0.3483,accelergy_plugin,accelergy_component_library_table_plugin,8.0,7.0,1.0,1.0,37.93635,256,9711705600.0,51.171290859558184,7.0290906,266.65804118331,0.210872718
1080p,1920,1080,128,128,5,16,256,200.0,os,12442530.0,149880.0,89164800,90590400.0,70502400.0,5572800.0,14515200.0,1001041800.0,994740000.0,81000.0,6220800.0,89164800.0,564019200.0,44582400.0,101606400.0,710208000.0,994740000.0,81000.0,6220800.0,1001041800.0,1800414600.0,0.3483,accelergy_plugin,accelergy_component_library_table_plugin,8.0,7.0,1.0,1.0,12.44253,256,3185287680.0,1.2045781685878998,1.8004146,22.401712672938,0.054012438
1080p,1920,1080,128,128,5,16,256,200.0,ws,6360060.0,0.0,89164800,78802605.0,70502400.0,5805.0,8294400.0,84485400.0,76110000.0,81000.0,8294400.0,89164800.0,564019200.0,46440.0,58060800.0,622126440.0,76110000.0,81000.0,8294400.0,84485400.0,795776640.0,0.3483,accelergy_plugin,accelergy_component_library_table_plugin,8.0,7.0,1.0,1.0,6.36006,256,1628175360.0,0.0,0.79577664,5.0611871769984,0.0238732992
1080p,1920,1080,128,128,5,16,256,800.0,is,18433020.0,0.0,89164800,84369600.0,70502400.0,5572800.0,8294400.0,6294662400.0,6286152000.0,216000.0,8294400.0,89164800.0,564019200.0,44582400.0,58060800.0,666662400.0,6286152000.0,216000.0,8294400.0,6294662400.0,7050489600.0,0.3483,accelergy_plugin,accelergy_component_library_table_plugin,8.0,7.0,1.0,1.0,18.433020000000003,256,4718853120.0,0.0,7.0504896,129.961815806592,0.211514688
1080p,1920,1080,128,128,5,16,256,800.0,os,12209685.0,0.0,89164800,90590400.0,70502400.0,5572800.0,14515200.0,1004548800.0,998112000.0,216000.0,6220800.0,89164800.0,564019200.0,44582400.0,101606400.0,710208000.0,998112000.0,216000.0,6220800.0,1004548800.0,1803921600.0,0.3483,accelergy_plugin,accelergy_component_library_table_plugin,8.0,7.0,1.0,1.0,12.209685,256,3125679360.0,0.0,1.8039216,22.025314500696002,0.054117648
1080p,1920,1080,128,128,5,16,256,800.0,ws,6269250.0,0.0,89164800,78802605.0,70502400.0,5805.0,8294400.0,84878400.0,76368000.0,216000.0,8294400.0,89164800.0,564019200.0,46440.0,58060800.0,622126440.0,76368000.0,216000.0,8294400.0,84878400.0,796169640.0,0.3483,accelergy_plugin,accelergy_component_library_table_plugin,8.0,7.0,1.0,1.0,6.2692499999999995,256,1604928000.0,0.0,0.79616964,4.9913865155699995,0.0238850892
1080p,1920,1080,128,128,5,16,1024,50.0,is,19562355.0,0.0,89164800,84369600.0,70502400.0,5572800.0,8294400.0,86316150.0,78008250.0,13500.0,8294400.0,89164800.0,564019200.0,44582400.0,58060800.0,666662400.0,78008250.0,13500.0,8294400.0,86316150.0,842143350.0,0.3483,accelergy_plugin,accelergy_component_library_table_plugin,8.0,7.0,1.0,1.0,19.562355,256,5007962880.0,0.0,0.84214335,16.47430717358925,0.0252643005
1080p,1920,1080,128,128,5,16,1024,50.0,os,13300050.0,0.0,89164800,90590400.0,70502400.0,5572800.0,14515200.0,84303300.0,78008250.0,74250.0,6220800.0,89164800.0,564019200.0,44582400.0,101606400.0,710208000.0,78008250.0,74250.0,6220800.0,84303300.0,883676100.0,0.3483,accelergy_plugin,accelergy_component_library_table_plugin,8.0,7.0,1.0,1.0,13.30005,256,3404812800.0,0.0,0.8836761,11.752936313805,0.026510283
1080p,1920,1080,128,128,5,16,1024,50.0,ws,7641210.0,0.0,89164800,78802605.0,70502400.0,5805.0,8294400.0,98508150.0,90139500.0,74250.0,8294400.0,89164800.0,564019200.0,46440.0,58060800.0,622126440.0,90139500.0,74250.0,8294400.0,98508150.0,809799390.0,0.3483,accelergy_plugin,accelergy_component_library_table_plugin,8.0,7.0,1.0,1.0,7.64121,256,1956149760.0,0.0,0.80979939,6.1878471968619,0.0242939817
1080p,1920,1080,128,128,5,16,1024,200.0,is,18692745.0,0.0,89164800,84369600.0,70502400.0,5572800.0,8294400.0,86405400.0,78057000.0,54000.0,8294400.0,89164800.0,564019200.0,44582400.0,58060800.0,666662400.0,78057000.0,54000.0,8294400.0,86405400.0,842232600.0,0.3483,accelergy_plugin,accelergy_component_library_table_plugin,8.0,7.0,1.0,1.0,18.692745,256,4785342720.0,0.0,0.8422326,15.743639222487,0.025266978
1080p,1920,1080,128,128,5,16,1024,200.0,os,12461565.0,0.0,89164800,90590400.0,70502400.0,5572800.0,14515200.0,84358800.0,78057000.0,81000.0,6220800.0,89164800.0,564019200.0,44582400.0,101606400.0,710208000.0,78057000.0,81000.0,6220800.0,84358800.0,883731600.0,0.3483,accelergy_plugin,accelergy_component_library_table_plugin,8.0,7.0,1.0,1.0,12.461565,256,3190160640.0,0.0,0.8837316,11.012678775953999,0.026511948
1080p,1920,1080,128,128,5,16,1024,200.0,ws,6589665.0,0.0,89164800,78802605.0,70502400.0,5805.0,8294400.0,98570400.0,90195000.0,81000.0,8294400.0,89164800.0,564019200.0,46440.0,58060800.0,622126440.0,90195000.0,81000.0,8294400.0,98570400.0,809861640.0,0.3483,accelergy_plugin,accelergy_component_library_table_plugin,8.0,7.0,1.0,1.0,6.589665,256,1686954240.0,0.0,0.80986164,5.336716903950601,0.0242958492
1080p,1920,1080,128,128,5,16,1024,800.0,is,18475335.0,0.0,89164800,84369600.0,70502400.0,5572800.0,8294400.0,86762400.0,78252000.0,216000.0,8294400.0,89164800.0,564019200.0,44582400.0,58060800.0,666662400.0,78252000.0,216000.0,8294400.0,86762400.0,842589600.0,0.3483,accelergy_plugin,accelergy_component_library_table_plugin,8.0,7.0,1.0,1.0,18.475334999999998,256,4729685760.0,0.0,0.8425896,15.567125127515999,0.025277688
1080p,1920,1080,128,128,5,16,1024,800.0,os,12252000.0,0.0,89164800,90590400.0,70502400.0,5572800.0,14515200.0,84688800.0,78252000.0,216000.0,6220800.0,89164800.0,564019200.0,44582400.0,101606400.0,710208000.0,78252000.0,216000.0,6220800.0,84688800.0,884061600.0,0.3483,accelergy_plugin,accelergy_component_library_table_plugin,8.0,7.0,1.0,1.0,12.252,256,3136512000.0,0.0,0.8840616,10.8315227232,0.026521848
1080p,1920,1080,128,128,5,16,1024,800.0,ws,6326775.0,0.0,89164800,78802605.0,70502400.0,5805.0,8294400.0,98930400.0,90420000.0,216000.0,8294400.0,89164800.0,564019200.0,46440.0,58060800.0,622126440.0,90420000.0,216000.0,8294400.0,98930400.0,810221640.0,0.3483,accelergy_plugin,accelergy_component_library_table_plugin,8.0,7.0,1.0,1.0,6.326775,256,1619654400.0,0.0,0.81022164,5.126090016410999,0.0243066492
1080p,1920,1080,128,128,5,16,4096,50.0,is,19978875.0,0.0,89164800,84369600.0,70502400.0,5572800.0,8294400.0,78816150.0,70508250.0,13500.0,8294400.0,89164800.0,564019200.0,44582400.0,58060800.0,666662400.0,70508250.0,13500.0,8294400.0,78816150.0,834643350.0,0.3483,accelergy_plugin,accelergy_component_library_table_plugin,8.0,7.0,1.0,1.0,19.978875,256,5114592000.0,0.0,0.83464335,16.67523515923125,0.0250393005
1080p,1920,1080,128,128,5,16,4096,50.0,os,13716570.0,0.0,89164800,90590400.0,70502400.0,5572800.0,14515200.0,76803300.0,70508250.0,74250.0,6220800.0,89164800.0,564019200.0,44582400.0,101606400.0,710208000.0,70508250.0,74250.0,6220800.0,76803300.0,876176100.0,0.3483,accelergy_plugin,accelergy_component_library_table_plugin,8.0,7.0,1.0,1.0,13.71657,256,3511441920.0,0.0,0.8761761,12.018130807977,0.026285283
1080p,1920,1080,128,128,5,16,4096,50.0,ws,8395650.0,0.0,89164800,78802605.0,70502400.0,5805.0,8294400.0,107904150.0,99535500.0,74250.0,8294400.0,89164800.0,564019200.0,46440.0,58060800.0,622126440.0,99535500.0,74250.0,8294400.0,107904150.0,819195390.0,0.3483,accelergy_plugin,accelergy_component_library_table_plugin,8.0,7.0,1.0,1.0,8.39565,256,2149286400.0,0.0,0.81919539,6.8776777760535,0.0245758617
1080p,1920,1080,128,128,5,16,4096,200.0,is,18796785.0,0.0,89164800,84369600.0,70502400.0,5572800.0,8294400.0,78869400.0,70521000.0,54000.0,8294400.0,89164800.0,564019200.0,44582400.0,58060800.0,666662400.0,70521000.0,54000.0,8294400.0,78869400.0,834696600.0,0.3483,accelergy_plugin,accelergy_component_library_table_plugin,8.0,7.0,1.0,1.0,18.796785,256,4811976960.0,0.0,0.8346966,15.689612530431,0.025040898
1080p,1920,1080,128,128,5,16,4096,200.0,os,12565605.0,0.0,89164800,90590400.0,70502400.0,5572800.0,14515200.0,76822800.0,70521000.0,81000.0,6220800.0,89164800.0,564019200.0,44582400.0,101606400.0,710208000.0,70521000.0,81000.0,6220800.0,76822800.0,876195600.0,0.3483,accelergy_plugin,accelergy_component_library_table_plugin,8.0,7.0,1.0,1.0,12.565605,256,3216794880.0,0.0,0.8761956,11.009927812337999,0.026285868
1080p,1920,1080,128,128,5,16,4096,200.0,ws,6778185.0,0.0,89164800,78802605.0,70502400.0,5805.0,8294400.0,107930400.0,99555000.0,81000.0,8294400.0,89164800.0,564019200.0,46440.0,58060800.0,622126440.0,99555000.0,81000.0,8294400.0,107930400.0,819221640.0,0.3483,accelergy_plugin,accelergy_component_library_table_plugin,8.0,7.0,1.0,1.0,6.778185,256,1735215360.0,0.0,0.81922164,5.5528358319233995,0.0245766492
1080p,1920,1080,128,128,5,16,4096,800.0,is,18501255.0,0.0,89164800,84369600.0,70502400.0,5572800.0,8294400.0,79082400.0,70572000.0,216000.0,8294400.0,89164800.0,564019200.0,44582400.0,58060800.0,666662400.0,70572000.0,216000.0,8294400.0,79082400.0,834909600.0,0.3483,accelergy_plugin,accelergy_component_library_table_plugin,8.0,7.0,1.0,1.0,18.501255,256,4736321280.0,0.0,0.8349096,15.446875411548001,0.025047288
1080p,1920,1080,128,128,5,16,4096,800.0,os,12277920.0,0.0,89164800,90590400.0,70502400.0,5572800.0,14515200.0,77008800.0,70572000.0,216000.0,6220800.0,89164800.0,564019200.0,44582400.0,101606400.0,710208000.0,70572000.0,216000.0,6220800.0,77008800.0,876381600.0,0.3483,accelergy_plugin,accelergy_component_library_table_plugin,8.0,7.0,1.0,1.0,12.27792,256,3143147520.0,0.0,0.8763816,10.760143174272,0.026291448
1080p,1920,1080,128,128,5,16,4096,800.0,ws,6373815.0,0.0,89164800,78802605.0,70502400.0,5805.0,8294400.0,108146400.0,99636000.0,216000.0,8294400.0,89164800.0,564019200.0,46440.0,58060800.0,622126440.0,99636000.0,216000.0,8294400.0,108146400.0,819437640.0,0.3483,accelergy_plugin,accelergy_component_library_table_plugin,8.0,7.0,1.0,1.0,6.373815,256,1631696640.0,0.0,0.81943764,5.2229439213966,0.0245831292
1080p,1920,1080,128,128,5,32,256,50.0,is,154630185.0,141811320.0,89164800,79509600.0,70502400.0,2786400.0,6220800.0,7490369550.0,7484128500.0,20250.0,6220800.0,89164800.0,564019200.0,22291200.0,43545600.0,629856000.0,7484128500.0,20250.0,6220800.0,7490369550.0,8209390350.0,0.087075,accelergy_plugin,accelergy_component_library_table_plugin,8.0,7.0,1.0,1.0,154.630185,1024,158341309440.0,91.70998534341791,8.20939035,1269.4195485577147,0.2462817105
1080p,1920,1080,128,128,5,32,256,50.0,os,153029745.0,142349280.0,89164800,87804000.0,70502400.0,2786400.0,14515200.0,7490497800.0,7484128500.0,148500.0,6220800.0,89164800.0,564019200.0,22291200.0,101606400.0,687916800.0,7484128500.0,148500.0,6220800.0,7490497800.0,8267579400.0,0.087075,accelergy_plugin,accelergy_component_library_table_plugin,8.0,7.0,1.0,1.0,153.029745,1024,156702458880.0,93.02066078722146,8.2675794,1265.185567349253,0.248027382
1080p,1920,1080,128,128,5,32,256,50.0,ws,4614645.0,0.0,89164800,76729005.0,70502400.0,5805.0,6220800.0,82350300.0,75981000.0,148500.0,6220800.0,89164800.0,564019200.0,46440.0,43545600.0,607611240.0,75981000.0,148500.0,6220800.0,82350300.0,779126340.0,0.087075,accelergy_plugin,accelergy_component_library_table_plugin,8.0,7.0,1.0,1.0,4.614644999999999,1024,4725396480.0,0.0,0.77912634,3.5953914692492996,0.0233737902
1080p,1920,1080,128,128,5,32,256,200.0,is,43731450.0,31244400.0,89164800,79509600.0,70502400.0,2786400.0,6220800.0,7503109800.0,7496835000.0,54000.0,6220800.0,89164800.0,564019200.0,22291200.0,43545600.0,629856000.0,7496835000.0,54000.0,6220800.0,7503109800.0,8222130600.0,0.087075,accelergy_plugin,accelergy_component_library_table_plugin,8.0,7.0,1.0,1.0,43.731449999999995,1024,44781004800.0,71.44606455994484,8.2221306,359.56569322736993,0.246663918
1080p,1920,1080,128,128,5,32,256,200.0,os,42086250.0,31737600.0,89164800,87804000.0,70502400.0,2786400.0,14515200.0,7503217800.0,7496835000.0,162000.0,6220800.0,89164800.0,564019200.0,22291200.0,101606400.0,687916800.0,7496835000.0,162000.0,6220800.0,7503217800.0,8280299400.0,0.087075,accelergy_plugin,accelergy_component_library_table_plugin,8.0,7.0,1.0,1.0,42.08625,1024,43096320000.0,75.41085271317829,8.2802994,348.48675062325003,0.248408982
1080p,1920,1080,128,128,5,32,256,200.0,ws,4282830.0,0.0,89164800,76729005.0,70502400.0,5805.0,6220800.0,82492800.0,76110000.0,162000.0,6220800.0,89164800.0,564019200.0,46440.0,43545600.0,607611240.0,76110000.0,162000.0,6220800.0,82492800.0,779268840.0,0.087075,accelergy_plugin,accelergy_component_library_table_plugin,8.0,7.0,1.0,1.0,4.28283,1024,4385617920.0,0.0,0.77926884,3.3374759660171995,0.0233780652
1080p,1920,1080,128,128,5,32,256,800.0,is,15994965.0,3590880.0,89164800,79509600.0,70502400.0,2786400.0,6220800.0,7528684800.0,7522248000.0,216000.0,6220800.0,89164800.0,564019200.0,22291200.0,43545600.0,629856000.0,7522248000.0,216000.0,6220800.0,7528684800.0,8247705600.0,0.087075,accelergy_plugin,accelergy_component_library_table_plugin,8.0,7.0,1.0,1.0,15.994965,1024,16378844160.0,22.45006475475251,8.2477056,131.921762402304,0.247431168
1080p,1920,1080,128,128,5,32,256,800.0,os,14347485.0,4081800.0,89164800,87804000.0,70502400.0,2786400.0,14515200.0,7528684800.0,7522248000.0,216000.0,6220800.0,89164800.0,564019200.0,22291200.0,101606400.0,687916800.0,7522248000.0,216000.0,6220800.0,7528684800.0,8305766400.0,0.087075,accelergy_plugin,accelergy_component_library_table_plugin,8.0,7.0,1.0,1.0,14.347485,1024,14691824640.0,28.449585415144185,8.3057664,119.166858837504,0.249172992
1080p,1920,1080,128,128,5,32,256,800.0,ws,4199865.0,0.0,89164800,76729005.0,70502400.0,5805.0,6220800.0,82804800.0,76368000.0,216000.0,6220800.0,89164800.0,564019200.0,46440.0,43545600.0,607611240.0,76368000.0,216000.0,6220800.0,82804800.0,779580840.0,0.087075,accelergy_plugin,accelergy_component_library_table_plugin,8.0,7.0,1.0,1.0,4.199865,1024,4300661760.0,0.0,0.77958084,3.2741342845866,0.0233874252
1080p,1920,1080,128,128,5,32,1024,50.0,is,13494450.0,0.0,89164800,79509600.0,70502400.0,2786400.0,6220800.0,84249300.0,78008250.0,20250.0,6220800.0,89164800.0,564019200.0,22291200.0,43545600.0,629856000.0,78008250.0,20250.0,6220800.0,84249300.0,803270100.0,0.087075,accelergy_plugin,accelergy_component_library_table_plugin,8.0,7.0,1.0,1.0,13.49445,1024,13818316800.0,0.0,0.8032701,10.839688200945,0.024098103
1080p,1920,1080,128,128,5,32,1024,50.0,os,11356050.0,0.0,89164800,87804000.0,70502400.0,2786400.0,14515200.0,84377550.0,78008250.0,148500.0,6220800.0,89164800.0,564019200.0,22291200.0,101606400.0,687916800.0,78008250.0,148500.0,6220800.0,84377550.0,861459150.0,0.087075,accelergy_plugin,accelergy_component_library_table_plugin,8.0,7.0,1.0,1.0,11.35605,1024,11628595200.0,0.0,0.86145915,9.782773180357498,0.0258437745
1080p,1920,1080,128,128,5,32,1024,50.0,ws,5567265.0,0.0,89164800,76729005.0,70502400.0,5805.0,6220800.0,98229300.0,91860000.0,148500.0,6220800.0,89164800.0,564019200.0,46440.0,43545600.0,607611240.0,91860000.0,148500.0,6220800.0,98229300.0,795005340.0,0.087075,accelergy_plugin,accelergy_component_library_table_plugin,8.0,7.0,1.0,1.0,5.567265,1024,5700879360.0,0.0,0.79500534,4.4260054041951,0.0238501602
1080p,1920,1080,128,128,5,32,1024,200.0,is,12655965.0,0.0,89164800,79509600.0,70502400.0,2786400.0,6220800.0,84331800.0,78057000.0,54000.0,6220800.0,89164800.0,564019200.0,22291200.0,43545600.0,629856000.0,78057000.0,54000.0,6220800.0,84331800.0,803352600.0,0.087075,accelergy_plugin,accelergy_component_library_table_plugin,8.0,7.0,1.0,1.0,12.655965,1024,12959708160.0,0.0,0.8033526,10.167202388259,0.024100578
1080p,1920,1080,128,128,5,32,1024,200.0,os,10517565.0,0.0,89164800,87804000.0,70502400.0,2786400.0,14515200.0,84439800.0,78057000.0,162000.0,6220800.0,89164800.0,564019200.0,22291200.0,101606400.0,687916800.0,78057000.0,162000.0,6220800.0,84439800.0,861521400.0,0.087075,accelergy_plugin,accelergy_component_library_table_plugin,8.0,7.0,1.0,1.0,10.517565,1024,10769986560.0,0.0,0.8615214,9.061107323391,0.025845642
1080p,1920,1080,128,128,5,32,1024,200.0,ws,4521030.0,0.0,89164800,76729005.0,70502400.0,5805.0,6220800.0,98296800.0,91914000.0,162000.0,6220800.0,89164800.0,564019200.0,46440.0,43545600.0,607611240.0,91914000.0,162000.0,6220800.0,98296800.0,795072840.0,0.087075,accelergy_plugin,accelergy_component_library_table_plugin,8.0,7.0,1.0,1.0,4.52103,1024,4629534720.0,0.0,0.79507284,3.5945481618251995,0.0238521852
1080p,1920,1080,128,128,5,32,1024,800.0,is,12446400.0,0.0,89164800,79509600.0,70502400.0,2786400.0,6220800.0,84688800.0,78252000.0,216000.0,6220800.0,89164800.0,564019200.0,22291200.0,43545600.0,629856000.0,78252000.0,216000.0,6220800.0,84688800.0,803709600.0,0.087075,accelergy_plugin,accelergy_component_library_table_plugin,8.0,7.0,1.0,1.0,12.4464,1024,12745113600.0,0.0,0.8037096,10.00329116544,0.024111288
1080p,1920,1080,128,128,5,32,1024,800.0,os,10308000.0,0.0,89164800,87804000.0,70502400.0,2786400.0,14515200.0,84688800.0,78252000.0,216000.0,6220800.0,89164800.0,564019200.0,22291200.0,101606400.0,687916800.0,78252000.0,216000.0,6220800.0,84688800.0,861770400.0,0.087075,accelergy_plugin,accelergy_component_library_table_plugin,8.0,7.0,1.0,1.0,10.308,1024,10555392000.0,0.0,0.8617704,8.8831292832,0.025853112
1080p,1920,1080,128,128,5,32,1024,800.0,ws,4259535.0,0.0,89164800,76729005.0,70502400.0,5805.0,6220800.0,98572800.0,92136000.0,216000.0,6220800.0,89164800.0,564019200.0,46440.0,43545600.0,607611240.0,92136000.0,216000.0,6220800.0,98572800.0,795348840.0,0.087075,accelergy_plugin,accelergy_component_library_table_plugin,8.0,7.0,1.0,1.0,4.259535,1024,4361763840.0,0.0,0.79534884,3.3878162211893996,0.0238604652
1080p,1920,1080,128,128,5,32,4096,50.0,is,13910970.0,0.0,89164800,79509600.0,70502400.0,2786400.0,6220800.0,76749300.0,70508250.0,20250.0,6220800.0,89164800.0,564019200.0,22291200.0,43545600.0,629856000.0,70508250.0,20250.0,6220800.0,76749300.0,795770100.0,0.087075,accelergy_plugin,accelergy_component_library_table_plugin,8.0,7.0,1.0,1.0,13.91097,1024,14244833280.0,0.0,0.7957701,11.069933987997,0.023873103
1080p,1920,1080,128,128,5,32,4096,50.0,os,11772570.0,0.0,89164800,87804000.0,70502400.0,2786400.0,14515200.0,76877550.0,70508250.0,148500.0,6220800.0,89164800.0,564019200.0,22291200.0,101606400.0,687916800.0,70508250.0,148500.0,6220800.0,76877550.0,853959150.0,0.087075,accelergy_plugin,accelergy_component_library_table_plugin,8.0,7.0,1.0,1.0,11.77257,1024,12055111680.0,0.0,0.85395915,10.0532938705155,0.0256187745
1080p,1920,1080,128,128,5,32,4096,50.0,ws,6950865.0,0.0,89164800,76729005.0,70502400.0,5805.0,6220800.0,139083300.0,132714000.0,148500.0,6220800.0,89164800.0,564019200.0,46440.0,43545600.0,607611240.0,132714000.0,148500.0,6220800.0,139083300.0,835859340.0,0.087075,accelergy_plugin,accelergy_component_library_table_plugin,8.0,7.0,1.0,1.0,6.950864999999999,1024,7117685760.0,0.0,0.83585934,5.8099454313290995,0.0250757802
1080p,1920,1080,128,128,5,32,4096,200.0,is,12760005.0,0.0,89164800,79509600.0,70502400.0,2786400.0,6220800.0,76795800.0,70521000.0,54000.0,6220800.0,89164800.0,564019200.0,22291200.0,43545600.0,629856000.0,70521000.0,54000.0,6220800.0,76795800.0,795816600.0,0.087075,accelergy_plugin,accelergy_component_library_table_plugin,8.0,7.0,1.0,1.0,12.760005,1024,13066245120.0,0.0,0.7958166,10.154623795083,0.023874498
1080p,1920,1080,128,128,5,32,4096,200.0,os,10621605.0,0.0,89164800,87804000.0,70502400.0,2786400.0,14515200.0,76903800.0,70521000.0,162000.0,6220800.0,89164800.0,564019200.0,22291200.0,101606400.0,687916800.0,70521000.0,162000.0,6220800.0,76903800.0,853985400.0,0.087075,accelergy_plugin,accelergy_component_library_table_plugin,8.0,7.0,1.0,1.0,10.621604999999999,1024,10876523520.0,0.0,0.8539854,9.070695594566999,0.025619562
1080p,1920,1080,128,128,5,32,4096,200.0,ws,4866870.0,0.0,89164800,76729005.0,70502400.0,5805.0,6220800.0,139120800.0,132738000.0,162000.0,6220800.0,89164800.0,564019200.0,46440.0,43545600.0,607611240.0,132738000.0,162000.0,6220800.0,139120800.0,835896840.0,0.087075,accelergy_plugin,accelergy_component_library_table_plugin,8.0,7.0,1.0,1.0,4.86687,1024,4983674880.0,0.0,0.83589684,4.068201253690799,0.0250769052
1080p,1920,1080,128,128,5,32,4096,800.0,is,12472320.0,0.0,89164800,79509600.0,70502400.0,2786400.0,6220800.0,77008800.0,70572000.0,216000.0,6220800.0,89164800.0,564019200.0,22291200.0,43545600.0,629856000.0,70572000.0,216000.0,6220800.0,77008800.0,796029600.0,0.087075,accelergy_plugin,accelergy_component_library_table_plugin,8.0,7.0,1.0,1.0,12.47232,1024,12771655680.0,0.0,0.7960296,9.928335900672,0.023880888
1080p,1920,1080,128,128,5,32,4096,800.0,os,10333920.0,0.0,89164800,87804000.0,70502400.0,2786400.0,14515200.0,77008800.0,70572000.0,216000.0,6220800.0,89164800.0,564019200.0,22291200.0,101606400.0,687916800.0,70572000.0,216000.0,6220800.0,77008800.0,854090400.0,0.087075,accelergy_plugin,accelergy_component_library_table_plugin,8.0,7.0,1.0,1.0,10.333919999999999,1024,10581934080.0,0.0,0.8540904,8.826101866367999,0.025622712
1080p,1920,1080,128,128,5,32,4096,800.0,ws,4345935.0,0.0,89164800,76729005.0,70502400.0,5805.0,6220800.0,139276800.0,132840000.0,216000.0,6220800.0,89164800.0,564019200.0,46440.0,43545600.0,607611240.0,132840000.0,216000.0,6220800.0,139276800.0,836052840.0,0.087075,accelergy_plugin,accelergy_component_library_table_plugin,8.0,7.0,1.0,1.0,4.345935000000001,1024,4450237440.0,0.0,0.83605284,3.6334312992054008,0.0250815852
1080p,1920,1080,128,128,5,64,256,50.0,is,154691385.0,141840120.0,89164800,78116400.0,70502400.0,1393200.0,6220800.0,7490383050.0,7484128500.0,33750.0,6220800.0,89164800.0,564019200.0,11145600.0,43545600.0,618710400.0,7484128500.0,33750.0,6220800.0,7490383050.0,8198258250.0,0.041472,accelergy_plugin,accelergy_component_library_table_plugin,8.0,7.0,1.0,1.0,154.691385,4096,633615912960.0,91.69232016378935,8.19825825,1268.1999232801763,0.2459477475
1080p,1920,1080,128,128,5,64,256,50.0,os,152789745.0,143081280.0,89164800,86410800.0,70502400.0,1393200.0,14515200.0,7490646300.0,7484128500.0,297000.0,6220800.0,89164800.0,564019200.0,11145600.0,101606400.0,676771200.0,7484128500.0,297000.0,6220800.0,7490646300.0,8256582300.0,0.041472,accelergy_plugin,accelergy_component_library_table_plugin,8.0,7.0,1.0,1.0,152.789745,4096,625826795520.0,93.64586608872212,8.2565823,1261.5211041885136,0.247697469
1080p,1920,1080,128,128,5,64,256,50.0,ws,4640565.0,0.0,89164800,76729005.0,70502400.0,5805.0,6220800.0,82498800.0,75981000.0,297000.0,6220800.0,89164800.0,564019200.0,46440.0,43545600.0,607611240.0,75981000.0,297000.0,6220800.0,82498800.0,779274840.0,0.041472,accelergy_plugin,accelergy_component_library_table_plugin,8.0,7.0,1.0,1.0,4.6405650000000005,4096,19007754240.0,0.0,0.77927484,3.6162755478846007,0.0233782452
1080p,1920,1080,128,128,5,64,256,200.0,is,43742610.0,31223160.0,89164800,78116400.0,70502400.0,1393200.0,6220800.0,7503109800.0,7496835000.0,54000.0,6220800.0,89164800.0,564019200.0,11145600.0,43545600.0,618710400.0,7496835000.0,54000.0,6220800.0,7503109800.0,8210985000.0,0.02176875,accelergy_plugin,accelergy_component_library_table_plugin,8.0,7.0,1.0,1.0,43.74261,4096,179169730560.0,71.37927983721136,8.210985,359.16991457085004,0.24632955
1080p,1920,1080,128,128,5,64,256,200.0,os,41839650.0,32463000.0,89164800,86410800.0,70502400.0,1393200.0,14515200.0,7503352800.0,7496835000.0,297000.0,6220800.0,89164800.0,564019200.0,11145600.0,101606400.0,676771200.0,7496835000.0,297000.0,6220800.0,7503352800.0,8269288800.0,0.02176875,accelergy_plugin,accelergy_component_library_table_plugin,8.0,7.0,1.0,1.0,41.83965,4096,171375206400.0,77.58908117061209,8.2692888,345.98414914092,0.248078664
1080p,1920,1080,128,128,5,64,256,200.0,ws,4308750.0,0.0,89164800,76729005.0,70502400.0,5805.0,6220800.0,82627800.0,76110000.0,297000.0,6220800.0,89164800.0,564019200.0,46440.0,43545600.0,607611240.0,76110000.0,297000.0,6220800.0,82627800.0,779403840.0,0.02176875,accelergy_plugin,accelergy_component_library_table_plugin,8.0,7.0,1.0,1.0,4.30875,4096,17648640000.0,0.0,0.77940384,3.3582562955999995,0.0233821152
1080p,1920,1080,128,128,5,64,256,800.0,is,16005165.0,3568680.0,89164800,78116400.0,70502400.0,1393200.0,6220800.0,7528684800.0,7522248000.0,216000.0,6220800.0,89164800.0,564019200.0,11145600.0,43545600.0,618710400.0,7522248000.0,216000.0,6220800.0,7528684800.0,8236560000.0,0.02176875,accelergy_plugin,accelergy_component_library_table_plugin,8.0,7.0,1.0,1.0,16.005164999999998,4096,65557155840.0,22.29705223282609,8.23656,131.8275018324,0.2470968
1080p,1920,1080,128,128,5,64,256,800.0,os,14086965.0,4793280.0,89164800,86410800.0,70502400.0,1393200.0,14515200.0,7528792800.0,7522248000.0,324000.0,6220800.0,89164800.0,564019200.0,11145600.0,101606400.0,676771200.0,7522248000.0,324000.0,6220800.0,7528792800.0,8294728800.0,0.02176875,accelergy_plugin,accelergy_component_library_table_plugin,8.0,7.0,1.0,1.0,14.086965,4096,57700208640.0,34.026349891548676,8.2947288,116.84755429009199,0.248841864
1080p,1920,1080,128,128,5,64,256,800.0,ws,4225785.0,0.0,89164800,76729005.0,70502400.0,5805.0,6220800.0,82912800.0,76368000.0,324000.0,6220800.0,89164800.0,564019200.0,46440.0,43545600.0,607611240.0,76368000.0,324000.0,6220800.0,82912800.0,779688840.0,0.02176875,accelergy_plugin,accelergy_component_library_table_plugin,8.0,7.0,1.0,1.0,4.225785,4096,17308815360.0,0.0,0.77968884,3.2947974047394,0.0233906652
1080p,1920,1080,128,128,5,64,1024,50.0,is,13526850.0,0.0,89164800,78116400.0,70502400.0,1393200.0,6220800.0,84262800.0,78008250.0,33750.0,6220800.0,89164800.0,564019200.0,11145600.0,43545600.0,618710400.0,78008250.0,33750.0,6220800.0,84262800.0,792138000.0,0.041472,accelergy_plugin,accelergy_component_library_table_plugin,8.0,7.0,1.0,1.0,13.52685,4096,55405977600.0,0.0,0.792138,10.7151319053,0.02376414
1080p,1920,1080,128,128,5,64,1024,50.0,os,10384050.0,0.0,89164800,86410800.0,70502400.0,1393200.0,14515200.0,84526050.0,78008250.0,297000.0,6220800.0,89164800.0,564019200.0,11145600.0,101606400.0,676771200.0,78008250.0,297000.0,6220800.0,84526050.0,850462050.0,0.041472,accelergy_plugin,accelergy_component_library_table_plugin,8.0,7.0,1.0,1.0,10.38405,4096,42533068800.0,0.0,0.85046205,8.8312404503025,0.0255138615
1080p,1920,1080,128,128,5,64,1024,50.0,ws,5597175.0,0.0,89164800,76729005.0,70502400.0,5805.0,6220800.0,98577300.0,92059500.0,297000.0,6220800.0,89164800.0,564019200.0,46440.0,43545600.0,607611240.0,92059500.0,297000.0,6220800.0,98577300.0,795353340.0,0.041472,accelergy_plugin,accelergy_component_library_table_plugin,8.0,7.0,1.0,1.0,5.597175,4096,22926028800.0,0.0,0.79535334,4.4517318308145,0.0238606002
1080p,1920,1080,128,128,5,64,1024,200.0,is,12688365.0,0.0,89164800,78116400.0,70502400.0,1393200.0,6220800.0,84331800.0,78057000.0,54000.0,6220800.0,89164800.0,564019200.0,11145600.0,43545600.0,618710400.0,78057000.0,54000.0,6220800.0,84331800.0,792207000.0,0.02176875,accelergy_plugin,accelergy_component_library_table_plugin,8.0,7.0,1.0,1.0,12.688365,4096,51971543040.0,0.0,0.792207,10.051811571555,0.02376621
1080p,1920,1080,128,128,5,64,1024,200.0,os,9545565.0,0.0,89164800,86410800.0,70502400.0,1393200.0,14515200.0,84574800.0,78057000.0,297000.0,6220800.0,89164800.0,564019200.0,11145600.0,101606400.0,676771200.0,78057000.0,297000.0,6220800.0,84574800.0,850510800.0,0.02176875,accelergy_plugin,accelergy_component_library_table_plugin,8.0,7.0,1.0,1.0,9.545565,4096,39098634240.0,0.0,0.8505108,8.118606124602,0.025515324
1080p,1920,1080,128,128,5,64,1024,200.0,ws,4547970.0,0.0,89164800,76729005.0,70502400.0,5805.0,6220800.0,98635800.0,92118000.0,297000.0,6220800.0,89164800.0,564019200.0,46440.0,43545600.0,607611240.0,92118000.0,297000.0,6220800.0,98635800.0,795411840.0,0.02176875,accelergy_plugin,accelergy_component_library_table_plugin,8.0,7.0,1.0,1.0,4.54797,4096,18628485120.0,0.0,0.79541184,3.6175091859648,0.0238623552
1080p,1920,1080,128,128,5,64,1024,800.0,is,12478800.0,0.0,89164800,78116400.0,70502400.0,1393200.0,6220800.0,84688800.0,78252000.0,216000.0,6220800.0,89164800.0,564019200.0,11145600.0,43545600.0,618710400.0,78252000.0,216000.0,6220800.0,84688800.0,792564000.0,0.02176875,accelergy_plugin,accelergy_component_library_table_plugin,8.0,7.0,1.0,1.0,12.4788,4096,51113164800.0,0.0,0.792564,9.8902476432,0.02377692
1080p,1920,1080,128,128,5,64,1024,800.0,os,9336000.0,0.0,89164800,86410800.0,70502400.0,1393200.0,14515200.0,84796800.0,78252000.0,324000.0,6220800.0,89164800.0,564019200.0,11145600.0,101606400.0,676771200.0,78252000.0,324000.0,6220800.0,84796800.0,850732800.0,0.02176875,accelergy_plugin,accelergy_component_library_table_plugin,8.0,7.0,1.0,1.0,9.336,4096,38240256000.0,0.0,0.8507328,7.9424414208,0.025521984
1080p,1920,1080,128,128,5,64,1024,800.0,ws,4285725.0,0.0,89164800,76729005.0,70502400.0,5805.0,6220800.0,98896800.0,92352000.0,324000.0,6220800.0,89164800.0,564019200.0,46440.0,43545600.0,607611240.0,92352000.0,324000.0,6220800.0,98896800.0,795672840.0,0.02176875,accelergy_plugin,accelergy_component_library_table_plugin,8.0,7.0,1.0,1.0,4.285724999999999,4096,17554329600.0,0.0,0.79567284,3.4100349822089995,0.0238701852
1080p,1920,1080,128,128,5,64,4096,50.0,is,13943370.0,0.0,89164800,78116400.0,70502400.0,1393200.0,6220800.0,76762800.0,70508250.0,33750.0,6220800.0,89164800.0,564019200.0,11145600.0,43545600.0,618710400.0,70508250.0,33750.0,6220800.0,76762800.0,784638000.0,0.041472,accelergy_plugin,accelergy_component_library_table_plugin,8.0,7.0,1.0,1.0,13.94337,4096,57112043520.0,0.0,0.784638,10.94049795006,0.02353914
1080p,1920,1080,128,128,5,64,4096,50.0,os,10800570.0,0.0,89164800,86410800.0,70502400.0,1393200.0,14515200.0,77026050.0,70508250.0,297000.0,6220800.0,89164800.0,564019200.0,11145600.0,101606400.0,676771200.0,70508250.0,297000.0,6220800.0,77026050.0,842962050.0,0.041472,accelergy_plugin,accelergy_component_library_table_plugin,8.0,7.0,1.0,1.0,10.80057,4096,44239134720.0,0.0,0.84296205,9.104470628368501,0.0252888615
1080p,1920,1080,128,128,5,64,4096,50.0,ws,9127305.0,0.0,89164800,76729005.0,70502400.0,5805.0,6220800.0,246757800.0,240240000.0,297000.0,6220800.0,89164800.0,564019200.0,46440.0,43545600.0,607611240.0,240240000.0,297000.0,6220800.0,246757800.0,943533840.0,0.041472,accelergy_plugin,accelergy_component_library_table_plugin,8.0,7.0,1.0,1.0,9.127305,4096,37385441280.0,0.0,0.94353384,8.6119211355012,0.0283060152
1080p,1920,1080,128,128,5,64,4096,200.0,is,12792405.0,0.0,89164800,78116400.0,70502400.0,1393200.0,6220800.0,76795800.0,70521000.0,54000.0,6220800.0,89164800.0,564019200.0,11145600.0,43545600.0,618710400.0,70521000.0,54000.0,6220800.0,76795800.0,784671000.0,0.02176875,accelergy_plugin,accelergy_component_library_table_plugin,8.0,7.0,1.0,1.0,12.792405,4096,52397690880.0,0.0,0.784671,10.037829223755,0.02354013
1080p,1920,1080,128,128,5,64,4096,200.0,os,9649605.0,0.0,89164800,86410800.0,70502400.0,1393200.0,14515200.0,77038800.0,70521000.0,297000.0,6220800.0,89164800.0,564019200.0,11145600.0,101606400.0,676771200.0,70521000.0,297000.0,6220800.0,77038800.0,842974800.0,0.02176875,accelergy_plugin,accelergy_component_library_table_plugin,8.0,7.0,1.0,1.0,9.649605000000001,4096,39524782080.0,0.0,0.8429748,8.134373844954002,0.025289244
1080p,1920,1080,128,128,5,64,4096,200.0,ws,5430480.0,0.0,89164800,76729005.0,70502400.0,5805.0,6220800.0,246793800.0,240276000.0,297000.0,6220800.0,89164800.0,564019200.0,46440.0,43545600.0,607611240.0,240276000.0,297000.0,6220800.0,246793800.0,943569840.0,0.02176875,accelergy_plugin,accelergy_component_library_table_plugin,8.0,7.0,1.0,1.0,5.430479999999999,4096,22243246080.0,0.0,0.94356984,5.124037144723199,0.0283070952
1080p,1920,1080,128,128,5,64,4096,800.0,is,12504720.0,0.0,89164800,78116400.0,70502400.0,1393200.0,6220800.0,77008800.0,70572000.0,216000.0,6220800.0,89164800.0,564019200.0,11145600.0,43545600.0,618710400.0,70572000.0,216000.0,6220800.0,77008800.0,784884000.0,0.02176875,accelergy_plugin,accelergy_component_library_table_plugin,8.0,7.0,1.0,1.0,12.50472,4096,51219333120.0,0.0,0.784884,9.814754652480001,0.02354652
1080p,1920,1080,128,128,5,64,4096,800.0,os,9361920.0,0.0,89164800,86410800.0,70502400.0,1393200.0,14515200.0,77116800.0,70572000.0,324000.0,6220800.0,89164800.0,564019200.0,11145600.0,101606400.0,676771200.0,70572000.0,324000.0,6220800.0,77116800.0,843052800.0,0.02176875,accelergy_plugin,accelergy_component_library_table_plugin,8.0,7.0,1.0,1.0,9.36192,4096,38346424320.0,0.0,0.8430528,7.892592869376,0.025291584
1080p,1920,1080,128,128,5,64,4096,800.0,ws,4506225.0,0.0,89164800,76729005.0,70502400.0,5805.0,6220800.0,246880800.0,240336000.0,324000.0,6220800.0,89164800.0,564019200.0,46440.0,43545600.0,607611240.0,240336000.0,324000.0,6220800.0,246880800.0,943656840.0,0.02176875,accelergy_plugin,accelergy_component_library_table_plugin,8.0,7.0,1.0,1.0,4.506225,4096,18457497600.0,0.0,0.94365684,4.252330043829,0.0283097052
1080p,1920,1080,128,128,5,128,256,50.0,is,18235545.0,5368080.0,89164800,77419800.0,70502400.0,696600.0,6220800.0,655654050.0,649372500.0,60750.0,6220800.0,89164800.0,564019200.0,5572800.0,43545600.0,613137600.0,649372500.0,60750.0,6220800.0,655654050.0,1357956450.0,0.041472,accelergy_plugin,accelergy_component_library_table_plugin,8.0,7.0,1.0,1.0,18.235545,16384,298771169280.0,29.43745306213771,1.35795645,24.76307595201525,0.0407386935
1080p,1920,1080,128,128,5,128,256,50.0,os,74284620.0,65062155.0,89164800,85714200.0,70502400.0,696600.0,14515200.0,3574387800.0,3567573000.0,594000.0,6220800.0,89164800.0,564019200.0,5572800.0,101606400.0,671198400.0,3567573000.0,594000.0,6220800.0,3574387800.0,4334751000.0,0.041472,accelergy_plugin,accelergy_component_library_table_plugin,8.0,7.0,1.0,1.0,74.28461999999999,16384,1217079214080.0,87.58496038614723,4.334751,322.00533082961994,0.13004253
1080p,1920,1080,128,128,5,128,256,50.0,ws,4692405.0,0.0,89164800,76729005.0,70502400.0,5805.0,6220800.0,82795800.0,75981000.0,594000.0,6220800.0,89164800.0,564019200.0,46440.0,43545600.0,607611240.0,75981000.0,594000.0,6220800.0,82795800.0,779571840.0,0.041472,accelergy_plugin,accelergy_component_library_table_plugin,8.0,7.0,1.0,1.0,4.692405,16384,76880363520.0,0.0,0.77957184,3.6580667998752,0.0233871552
1080p,1920,1080,128,128,5,128,256,200.0,is,12535650.0,0.0,89164800,77419800.0,70502400.0,696600.0,6220800.0,656776800.0,650475000.0,81000.0,6220800.0,89164800.0,564019200.0,5572800.0,43545600.0,613137600.0,650475000.0,81000.0,6220800.0,656776800.0,1359079200.0,0.010368,accelergy_plugin,accelergy_component_library_table_plugin,8.0,7.0,1.0,1.0,12.53565,16384,205384089600.0,0.0,1.3590792,17.036941173480002,0.040772376
1080p,1920,1080,128,128,5,128,256,200.0,os,21967890.0,13077240.0,89164800,85714200.0,70502400.0,696600.0,14515200.0,3580444800.0,3573630000.0,594000.0,6220800.0,89164800.0,564019200.0,5572800.0,101606400.0,671198400.0,3573630000.0,594000.0,6220800.0,3580444800.0,4340808000.0,0.010368,accelergy_plugin,accelergy_component_library_table_plugin,8.0,7.0,1.0,1.0,21.96789,16384,359921909760.0,59.52888511368183,4.340808,95.35839265512,0.13022424
1080p,1920,1080,128,128,5,128,256,200.0,ws,4360590.0,0.0,89164800,76729005.0,70502400.0,5805.0,6220800.0,82924800.0,76110000.0,594000.0,6220800.0,89164800.0,564019200.0,46440.0,43545600.0,607611240.0,76110000.0,594000.0,6220800.0,82924800.0,779700840.0,0.010368,accelergy_plugin,accelergy_component_library_table_plugin,8.0,7.0,1.0,1.0,4.36059,16384,71443906560.0,0.0,0.77970084,3.3999556858955997,0.0233910252
1080p,1920,1080,128,128,5,128,256,800.0,is,12452685.0,0.0,89164800,77419800.0,70502400.0,696600.0,6220800.0,659116800.0,652680000.0,216000.0,6220800.0,89164800.0,564019200.0,5572800.0,43545600.0,613137600.0,652680000.0,216000.0,6220800.0,659116800.0,1361419200.0,0.0054421875,accelergy_plugin,accelergy_component_library_table_plugin,8.0,7.0,1.0,1.0,12.452685,16384,204024791040.0,0.0,1.3614192,16.953324450552003,0.040842576
1080p,1920,1080,128,128,5,128,256,800.0,os,8971965.0,164280.0,89164800,85714200.0,70502400.0,696600.0,14515200.0,3592612800.0,3585744000.0,648000.0,6220800.0,89164800.0,564019200.0,5572800.0,101606400.0,671198400.0,3585744000.0,648000.0,6220800.0,3592612800.0,4352976000.0,0.0054421875,accelergy_plugin,accelergy_component_library_table_plugin,8.0,7.0,1.0,1.0,8.971965,16384,146996674560.0,1.8310370136307934,4.352976,39.05474831784,0.13058928
1080p,1920,1080,128,128,5,128,256,800.0,ws,4277625.0,0.0,89164800,76729005.0,70502400.0,5805.0,6220800.0,83236800.0,76368000.0,648000.0,6220800.0,89164800.0,564019200.0,46440.0,43545600.0,607611240.0,76368000.0,648000.0,6220800.0,83236800.0,780012840.0,0.0054421875,accelergy_plugin,accelergy_component_library_table_plugin,8.0,7.0,1.0,1.0,4.2776250000000005,16384,70084608000.0,0.0,0.78001284,3.3366024247050006,0.0234003852
1080p,1920,1080,128,128,5,128,1024,50.0,is,13543050.0,0.0,89164800,77419800.0,70502400.0,696600.0,6220800.0,84289800.0,78008250.0,60750.0,6220800.0,89164800.0,564019200.0,5572800.0,43545600.0,613137600.0,78008250.0,60750.0,6220800.0,84289800.0,786592200.0,0.041472,accelergy_plugin,accelergy_component_library_table_plugin,8.0,7.0,1.0,1.0,13.54305,16384,221889331200.0,0.0,0.7865922,10.652857494209998,0.023597766
1080p,1920,1080,128,128,5,128,1024,50.0,os,9898050.0,0.0,89164800,85714200.0,70502400.0,696600.0,14515200.0,84823050.0,78008250.0,594000.0,6220800.0,89164800.0,564019200.0,5572800.0,101606400.0,671198400.0,78008250.0,594000.0,6220800.0,84823050.0,845186250.0,0.041472,accelergy_plugin,accelergy_component_library_table_plugin,8.0,7.0,1.0,1.0,9.89805,16384,162169651200.0,0.0,0.84518625,8.3656957618125,0.0253555875
1080p,1920,1080,128,128,5,128,1024,50.0,ws,5649015.0,0.0,89164800,76729005.0,70502400.0,5805.0,6220800.0,98874300.0,92059500.0,594000.0,6220800.0,89164800.0,564019200.0,46440.0,43545600.0,607611240.0,92059500.0,594000.0,6220800.0,98874300.0,795650340.0,0.041472,accelergy_plugin,accelergy_component_library_table_plugin,8.0,7.0,1.0,1.0,5.649015,16384,92553461760.0,0.0,0.79565034,4.4946407054151,0.0238695102
1080p,1920,1080,128,128,5,128,1024,200.0,is,12704565.0,0.0,89164800,77419800.0,70502400.0,696600.0,6220800.0,84358800.0,78057000.0,81000.0,6220800.0,89164800.0,564019200.0,5572800.0,43545600.0,613137600.0,78057000.0,81000.0,6220800.0,84358800.0,786661200.0,0.010368,accelergy_plugin,accelergy_component_library_table_plugin,8.0,7.0,1.0,1.0,12.704564999999999,16384,208151592960.0,0.0,0.7866612,9.994188348377998,0.023599836
1080p,1920,1080,128,128,5,128,1024,200.0,os,9059565.0,0.0,89164800,85714200.0,70502400.0,696600.0,14515200.0,84871800.0,78057000.0,594000.0,6220800.0,89164800.0,564019200.0,5572800.0,101606400.0,671198400.0,78057000.0,594000.0,6220800.0,84871800.0,845235000.0,0.010368,accelergy_plugin,accelergy_component_library_table_plugin,8.0,7.0,1.0,1.0,9.059565000000001,16384,148431912960.0,0.0,0.845235,7.657461422775,0.02535705
1080p,1920,1080,128,128,5,128,1024,200.0,ws,4599810.0,0.0,89164800,76729005.0,70502400.0,5805.0,6220800.0,98932800.0,92118000.0,594000.0,6220800.0,89164800.0,564019200.0,46440.0,43545600.0,607611240.0,92118000.0,594000.0,6220800.0,98932800.0,795708840.0,0.010368,accelergy_plugin,accelergy_component_library_table_plugin,8.0,7.0,1.0,1.0,4.599810000000001,16384,75363287040.0,0.0,0.79570884,3.6601094793204005,0.0238712652
1080p,1920,1080,128,128,5,128,1024,800.0,is,12495000.0,0.0,89164800,77419800.0,70502400.0,696600.0,6220800.0,84688800.0,78252000.0,216000.0,6220800.0,89164800.0,564019200.0,5572800.0,43545600.0,613137600.0,78252000.0,216000.0,6220800.0,84688800.0,786991200.0,0.0054421875,accelergy_plugin,accelergy_component_library_table_plugin,8.0,7.0,1.0,1.0,12.495,16384,204718080000.0,0.0,0.7869912,9.833455043999999,0.023609736
1080p,1920,1080,128,128,5,128,1024,800.0,os,8850000.0,0.0,89164800,85714200.0,70502400.0,696600.0,14515200.0,85120800.0,78252000.0,648000.0,6220800.0,89164800.0,564019200.0,5572800.0,101606400.0,671198400.0,78252000.0,648000.0,6220800.0,85120800.0,845484000.0,0.0054421875,accelergy_plugin,accelergy_component_library_table_plugin,8.0,7.0,1.0,1.0,8.85,16384,144998400000.0,0.0,0.845484,7.4825333999999994,0.02536452
1080p,1920,1080,128,128,5,128,1024,800.0,ws,4337565.0,0.0,89164800,76729005.0,70502400.0,5805.0,6220800.0,99220800.0,92352000.0,648000.0,6220800.0,89164800.0,564019200.0,46440.0,43545600.0,607611240.0,92352000.0,648000.0,6220800.0,99220800.0,795996840.0,0.0054421875,accelergy_plugin,accelergy_component_library_table_plugin,8.0,7.0,1.0,1.0,4.337565,16384,71066664960.0,0.0,0.79599684,3.4526880332945997,0.0238799052
1080p,1920,1080,128,128,5,128,4096,50.0,is,13959570.0,0.0,89164800,77419800.0,70502400.0,696600.0,6220800.0,76789800.0,70508250.0,60750.0,6220800.0,89164800.0,564019200.0,5572800.0,43545600.0,613137600.0,70508250.0,60750.0,6220800.0,76789800.0,779092200.0,0.041472,accelergy_plugin,accelergy_component_library_table_plugin,8.0,7.0,1.0,1.0,13.95957,16384,228713594880.0,0.0,0.7790922,10.875792102354,0.023372766
1080p,1920,1080,128,128,5,128,4096,50.0,os,10314570.0,0.0,89164800,85714200.0,70502400.0,696600.0,14515200.0,77323050.0,70508250.0,594000.0,6220800.0,89164800.0,564019200.0,5572800.0,101606400.0,671198400.0,70508250.0,594000.0,6220800.0,77323050.0,837686250.0,0.041472,accelergy_plugin,accelergy_component_library_table_plugin,8.0,7.0,1.0,1.0,10.31457,16384,168993914880.0,0.0,0.83768625,8.640373463662499,0.0251305875
1080p,1920,1080,128,128,5,128,4096,50.0,ws,9454395.0,0.0,89164800,76729005.0,70502400.0,5805.0,6220800.0,260817300.0,254002500.0,594000.0,6220800.0,89164800.0,564019200.0,46440.0,43545600.0,607611240.0,254002500.0,594000.0,6220800.0,260817300.0,957593340.0,0.041472,accelergy_plugin,accelergy_component_library_table_plugin,8.0,7.0,1.0,1.0,9.454395000000002,16384,154900807680.0,0.0,0.95759334,9.053465685729302,0.0287278002
1080p,1920,1080,128,128,5,128,4096,200.0,is,12808605.0,0.0,89164800,77419800.0,70502400.0,696600.0,6220800.0,76822800.0,70521000.0,81000.0,6220800.0,89164800.0,564019200.0,5572800.0,43545600.0,613137600.0,70521000.0,81000.0,6220800.0,76822800.0,779125200.0,0.010368,accelergy_plugin,accelergy_component_library_table_plugin,8.0,7.0,1.0,1.0,12.808605,16384,209856184320.0,0.0,0.7791252,9.979506932346,0.023373756
1080p,1920,1080,128,128,5,128,4096,200.0,os,9163605.0,0.0,89164800,85714200.0,70502400.0,696600.0,14515200.0,77335800.0,70521000.0,594000.0,6220800.0,89164800.0,564019200.0,5572800.0,101606400.0,671198400.0,70521000.0,594000.0,6220800.0,77335800.0,837699000.0,0.010368,accelergy_plugin,accelergy_component_library_table_plugin,8.0,7.0,1.0,1.0,9.163605,16384,150136504320.0,0.0,0.837699,7.676342744895,0.02513097
1080p,1920,1080,128,128,5,128,4096,200.0,ws,5551140.0,0.0,89164800,76729005.0,70502400.0,5805.0,6220800.0,260854800.0,254040000.0,594000.0,6220800.0,89164800.0,564019200.0,46440.0,43545600.0,607611240.0,254040000.0,594000.0,6220800.0,260854800.0,957630840.0,0.010368,accelergy_plugin,accelergy_component_library_table_plugin,8.0,7.0,1.0,1.0,5.55114,16384,90949877760.0,0.0,0.95763084,5.3159428611576,0.0287289252
1080p,1920,1080,128,128,5,128,4096,800.0,is,12520920.0,0.0,89164800,77419800.0,70502400.0,696600.0,6220800.0,77008800.0,70572000.0,216000.0,6220800.0,89164800.0,564019200.0,5572800.0,43545600.0,613137600.0,70572000.0,216000.0,6220800.0,77008800.0,779311200.0,0.0054421875,accelergy_plugin,accelergy_component_library_table_plugin,8.0,7.0,1.0,1.0,12.52092,16384,205142753280.0,0.0,0.7793112,9.757693190304,0.023379336
1080p,1920,1080,128,128,5,128,4096,800.0,os,8875920.0,0.0,89164800,85714200.0,70502400.0,696600.0,14515200.0,77440800.0,70572000.0,648000.0,6220800.0,89164800.0,564019200.0,5572800.0,101606400.0,671198400.0,70572000.0,648000.0,6220800.0,77440800.0,837804000.0,0.0054421875,accelergy_plugin,accelergy_component_library_table_plugin,8.0,7.0,1.0,1.0,8.87592,16384,145423073280.0,0.0,0.837804,7.43628127968,0.02513412
1080p,1920,1080,128,128,5,128,4096,800.0,ws,4575255.0,0.0,89164800,76729005.0,70502400.0,5805.0,6220800.0,260956800.0,254088000.0,648000.0,6220800.0,89164800.0,564019200.0,46440.0,43545600.0,607611240.0,254088000.0,648000.0,6220800.0,260956800.0,957732840.0,0.0054421875,accelergy_plugin,accelergy_component_library_table_plugin,8.0,7.0,1.0,1.0,4.575255,16384,74960977920.0,0.0,0.95773284,4.3818719648742,0.0287319852
1080p,1920,1080,128,128,7,8,256,50.0,is,74341245.0,19677135.0,138931200,160444800.0,120268800.0,17366400.0,22809600.0,3138934350.0,3116104500.0,20250.0,22809600.0,138931200.0,962150400.0,138931200.0,159667200.0,1260748800.0,3116104500.0,20250.0,22809600.0,3138934350.0,4538614350.0,2.1708000000000003,accelergy_plugin,accelergy_component_library_table_plugin,8.0,7.0,1.0,1.0,74.341245,64,4757839680.0,26.468664871028192,4.53861435,337.4062413538657,0.1361584305
1080p,1920,1080,128,128,7,8,256,50.0,os,23270475.0,537210.0,138931200,152150400.0,120268800.0,17366400.0,14515200.0,320814300.0,314526000.0,67500.0,6220800.0,138931200.0,962150400.0,138931200.0,101606400.0,1202688000.0,314526000.0,67500.0,6220800.0,320814300.0,1662433500.0,2.1708000000000003,accelergy_plugin,accelergy_component_library_table_plugin,8.0,7.0,1.0,1.0,23.270474999999998,64,1489310400.0,2.308547633857925,1.6624335,38.685617200912496,0.049873005
1080p,1920,1080,128,128,7,8,256,50.0,ws,19180440.0,0.0,138931200,143087445.0,120268800.0,9045.0,22809600.0,150101100.0,127224000.0,67500.0,22809600.0,138931200.0,962150400.0,72360.0,159667200.0,1121889960.0,127224000.0,67500.0,22809600.0,150101100.0,1410922260.0,2.1708000000000003,accelergy_plugin,accelergy_component_library_table_plugin,8.0,7.0,1.0,1.0,19.18044,64,1227548160.0,0.0,1.41092226,27.062109752594402,0.0423276678
1080p,1920,1080,128,128,7,8,256,200.0,is,54295515.0,0.0,138931200,160444800.0,120268800.0,17366400.0,22809600.0,3144258600.0,3121395000.0,54000.0,22809600.0,138931200.0,962150400.0,138931200.0,159667200.0,1260748800.0,3121395000.0,54000.0,22809600.0,3144258600.0,4543938600.0,2.1708000000000003,accelergy_plugin,accelergy_component_library_table_plugin,8.0,7.0,1.0,1.0,54.295515,64,3474912960.0,0.0,4.5439386,246.715486415379,0.136318158
1080p,1920,1080,128,128,7,8,256,200.0,os,22401450.0,0.0,138931200,152150400.0,120268800.0,17366400.0,14515200.0,321361800.0,315060000.0,81000.0,6220800.0,138931200.0,962150400.0,138931200.0,101606400.0,1202688000.0,315060000.0,81000.0,6220800.0,321361800.0,1662981000.0,2.1708000000000003,accelergy_plugin,accelergy_component_library_table_plugin,8.0,7.0,1.0,1.0,22.40145,64,1433692800.0,0.0,1.662981,37.25318572245,0.04988943
1080p,1920,1080,128,128,7,8,256,200.0,ws,18811845.0,0.0,138931200,143087445.0,120268800.0,9045.0,22809600.0,150330600.0,127440000.0,81000.0,22809600.0,138931200.0,962150400.0,72360.0,159667200.0,1121889960.0,127440000.0,81000.0,22809600.0,150330600.0,1411151760.0,2.1708000000000003,accelergy_plugin,accelergy_component_library_table_plugin,8.0,7.0,1.0,1.0,18.811845,64,1203958080.0,0.0,1.41115176,26.546368180597206,0.0423345528
1080p,1920,1080,128,128,7,8,256,800.0,is,54203205.0,0.0,138931200,160444800.0,120268800.0,17366400.0,22809600.0,3155001600.0,3131976000.0,216000.0,22809600.0,138931200.0,962150400.0,138931200.0,159667200.0,1260748800.0,3131976000.0,216000.0,22809600.0,3155001600.0,4554681600.0,2.1708000000000003,accelergy_plugin,accelergy_component_library_table_plugin,8.0,7.0,1.0,1.0,54.203205,64,3469005120.0,0.0,4.5546816,246.87834047452802,0.136640448
1080p,1920,1080,128,128,7,8,256,800.0,os,22318485.0,0.0,138931200,152150400.0,120268800.0,17366400.0,14515200.0,322564800.0,316128000.0,216000.0,6220800.0,138931200.0,962150400.0,138931200.0,101606400.0,1202688000.0,316128000.0,216000.0,6220800.0,322564800.0,1664184000.0,2.1708000000000003,accelergy_plugin,accelergy_component_library_table_plugin,8.0,7.0,1.0,1.0,22.318485,64,1428383040.0,0.0,1.664184,37.14206564124,0.04992552
1080p,1920,1080,128,128,7,8,256,800.0,ws,18719535.0,0.0,138931200,143087445.0,120268800.0,9045.0,22809600.0,150897600.0,127872000.0,216000.0,22809600.0,138931200.0,962150400.0,72360.0,159667200.0,1121889960.0,127872000.0,216000.0,22809600.0,150897600.0,1411718760.0,2.1708000000000003,accelergy_plugin,accelergy_component_library_table_plugin,8.0,7.0,1.0,1.0,18.719535,64,1198050240.0,0.0,1.41171876,26.426718737976604,0.0423515628
1080p,1920,1080,128,128,7,8,1024,50.0,is,55639230.0,0.0,138931200,160444800.0,120268800.0,17366400.0,22809600.0,643425600.0,620595750.0,20250.0,22809600.0,138931200.0,962150400.0,138931200.0,159667200.0,1260748800.0,620595750.0,20250.0,22809600.0,643425600.0,2043105600.0,2.1708000000000003,accelergy_plugin,accelergy_component_library_table_plugin,8.0,7.0,1.0,1.0,55.63923,64,3560910720.0,0.0,2.0431056,113.676822392688,0.061293168
1080p,1920,1080,128,128,7,8,1024,50.0,os,23425905.0,0.0,138931200,152150400.0,120268800.0,17366400.0,14515200.0,145342050.0,139053750.0,67500.0,6220800.0,138931200.0,962150400.0,138931200.0,101606400.0,1202688000.0,139053750.0,67500.0,6220800.0,145342050.0,1486961250.0,2.1708000000000003,accelergy_plugin,accelergy_component_library_table_plugin,8.0,7.0,1.0,1.0,23.425905,64,1499257920.0,0.0,1.48696125,34.83341298118125,0.0446088375
1080p,1920,1080,128,128,7,8,1024,50.0,ws,20383125.0,0.0,138931200,143087445.0,120268800.0,9045.0,22809600.0,173309100.0,150432000.0,67500.0,22809600.0,138931200.0,962150400.0,72360.0,159667200.0,1121889960.0,150432000.0,67500.0,22809600.0,173309100.0,1434130260.0,2.1708000000000003,accelergy_plugin,accelergy_component_library_table_plugin,8.0,7.0,1.0,1.0,20.383125,64,1304520000.0,0.0,1.43413026,29.2320563558625,0.0430239078
1080p,1920,1080,128,128,7,8,1024,200.0,is,54539265.0,0.0,138931200,160444800.0,120268800.0,17366400.0,22809600.0,643854600.0,620991000.0,54000.0,22809600.0,138931200.0,962150400.0,138931200.0,159667200.0,1260748800.0,620991000.0,54000.0,22809600.0,643854600.0,2043534600.0,2.1708000000000003,accelergy_plugin,accelergy_component_library_table_plugin,8.0,7.0,1.0,1.0,54.539265,64,3490512960.0,0.0,2.0435346,111.452875086069,0.061306038
1080p,1920,1080,128,128,7,8,1024,200.0,os,22574640.0,0.0,138931200,152150400.0,120268800.0,17366400.0,14515200.0,145444800.0,139143000.0,81000.0,6220800.0,138931200.0,962150400.0,138931200.0,101606400.0,1202688000.0,139143000.0,81000.0,6220800.0,145444800.0,1487064000.0,2.1708000000000003,accelergy_plugin,accelergy_component_library_table_plugin,8.0,7.0,1.0,1.0,22.57464,64,1444776960.0,0.0,1.487064,33.56993445696,0.04461192
1080p,1920,1080,128,128,7,8,1024,200.0,ws,19112520.0,0.0,138931200,143087445.0,120268800.0,9045.0,22809600.0,173418600.0,150528000.0,81000.0,22809600.0,138931200.0,962150400.0,72360.0,159667200.0,1121889960.0,150528000.0,81000.0,22809600.0,173418600.0,1434239760.0,2.1708000000000003,accelergy_plugin,accelergy_component_library_table_plugin,8.0,7.0,1.0,1.0,19.11252,64,1223201280.0,0.0,1.43423976,27.411936097795202,0.0430271928
1080p,1920,1080,128,128,7,8,1024,800.0,is,54264240.0,0.0,138931200,160444800.0,120268800.0,17366400.0,22809600.0,645597600.0,622572000.0,216000.0,22809600.0,138931200.0,962150400.0,138931200.0,159667200.0,1260748800.0,622572000.0,216000.0,22809600.0,645597600.0,2045277600.0,2.1708000000000003,accelergy_plugin,accelergy_component_library_table_plugin,8.0,7.0,1.0,1.0,54.26424,64,3472911360.0,0.0,2.0452776,110.98543455302399,0.061358328
1080p,1920,1080,128,128,7,8,1024,800.0,os,22361880.0,0.0,138931200,152150400.0,120268800.0,17366400.0,14515200.0,145936800.0,139500000.0,216000.0,6220800.0,138931200.0,962150400.0,138931200.0,101606400.0,1202688000.0,139500000.0,216000.0,6220800.0,145936800.0,1487556000.0,2.1708000000000003,accelergy_plugin,accelergy_component_library_table_plugin,8.0,7.0,1.0,1.0,22.36188,64,1431160320.0,0.0,1.487556,33.264548765280004,0.04462668
1080p,1920,1080,128,128,7,8,1024,800.0,ws,18794835.0,0.0,138931200,143087445.0,120268800.0,9045.0,22809600.0,173937600.0,150912000.0,216000.0,22809600.0,138931200.0,962150400.0,72360.0,159667200.0,1121889960.0,150912000.0,216000.0,22809600.0,173937600.0,1434758760.0,2.1708000000000003,accelergy_plugin,accelergy_component_library_table_plugin,8.0,7.0,1.0,1.0,18.794835,64,1202869440.0,0.0,1.43475876,26.9660541590046,0.0430427628
1080p,1920,1080,128,128,7,8,4096,50.0,is,57034110.0,0.0,138931200,160444800.0,120268800.0,17366400.0,22809600.0,143108850.0,120279000.0,20250.0,22809600.0,138931200.0,962150400.0,138931200.0,159667200.0,1260748800.0,120279000.0,20250.0,22809600.0,143108850.0,1542788850.0,2.1708000000000003,accelergy_plugin,accelergy_component_library_table_plugin,8.0,7.0,1.0,1.0,57.03411,64,3650183040.0,0.0,1.54278885,87.9915889776735,0.0462836655
1080p,1920,1080,128,128,7,8,4096,50.0,os,24820785.0,0.0,138931200,152150400.0,120268800.0,17366400.0,14515200.0,126567300.0,120279000.0,67500.0,6220800.0,138931200.0,962150400.0,138931200.0,101606400.0,1202688000.0,120279000.0,67500.0,6220800.0,126567300.0,1468186500.0,2.1708000000000003,accelergy_plugin,accelergy_component_library_table_plugin,8.0,7.0,1.0,1.0,24.820785,64,1588530240.0,0.0,1.4681865,36.441541456402504,0.044045595
1080p,1920,1080,128,128,7,8,4096,50.0,ws,22130985.0,0.0,138931200,143087445.0,120268800.0,9045.0,22809600.0,172183350.0,149306250.0,67500.0,22809600.0,138931200.0,962150400.0,72360.0,159667200.0,1121889960.0,149306250.0,67500.0,22809600.0,172183350.0,1433004510.0,2.1708000000000003,accelergy_plugin,accelergy_component_library_table_plugin,8.0,7.0,1.0,1.0,22.130985,64,1416383040.0,0.0,1.43300451,31.713801315742348,0.0429901353
1080p,1920,1080,128,128,7,8,4096,200.0,is,54887985.0,0.0,138931200,160444800.0,120268800.0,17366400.0,22809600.0,143175600.0,120312000.0,54000.0,22809600.0,138931200.0,962150400.0,138931200.0,159667200.0,1260748800.0,120312000.0,54000.0,22809600.0,143175600.0,1542855600.0,2.1708000000000003,accelergy_plugin,accelergy_component_library_table_plugin,8.0,7.0,1.0,1.0,54.887985,64,3512831040.0,0.0,1.5428556,84.684235029966,0.046285668
1080p,1920,1080,128,128,7,8,4096,200.0,os,22923360.0,0.0,138931200,152150400.0,120268800.0,17366400.0,14515200.0,126613800.0,120312000.0,81000.0,6220800.0,138931200.0,962150400.0,138931200.0,101606400.0,1202688000.0,120312000.0,81000.0,6220800.0,126613800.0,1468233000.0,2.1708000000000003,accelergy_plugin,accelergy_component_library_table_plugin,8.0,7.0,1.0,1.0,22.92336,64,1467095040.0,0.0,1.468233,33.656833622879994,0.04404699
1080p,1920,1080,128,128,7,8,4096,200.0,ws,19549365.0,0.0,138931200,143087445.0,120268800.0,9045.0,22809600.0,172212600.0,149322000.0,81000.0,22809600.0,138931200.0,962150400.0,72360.0,159667200.0,1121889960.0,149322000.0,81000.0,22809600.0,172212600.0,1433033760.0,2.1708000000000003,accelergy_plugin,accelergy_component_library_table_plugin,8.0,7.0,1.0,1.0,19.549364999999998,64,1251159360.0,0.0,1.43303376,28.014900031562398,0.0429910128
1080p,1920,1080,128,128,7,8,4096,800.0,is,54351360.0,0.0,138931200,160444800.0,120268800.0,17366400.0,22809600.0,143421600.0,120396000.0,216000.0,22809600.0,138931200.0,962150400.0,138931200.0,159667200.0,1260748800.0,120396000.0,216000.0,22809600.0,143421600.0,1543101600.0,2.1708000000000003,accelergy_plugin,accelergy_component_library_table_plugin,8.0,7.0,1.0,1.0,54.35136,64,3478487040.0,0.0,1.5431016,83.869670578176,0.046293048
1080p,1920,1080,128,128,7,8,4096,800.0,os,22449000.0,0.0,138931200,152150400.0,120268800.0,17366400.0,14515200.0,126832800.0,120396000.0,216000.0,6220800.0,138931200.0,962150400.0,138931200.0,101606400.0,1202688000.0,120396000.0,216000.0,6220800.0,126832800.0,1468452000.0,2.1708000000000003,accelergy_plugin,accelergy_component_library_table_plugin,8.0,7.0,1.0,1.0,22.449,64,1436736000.0,0.0,1.468452,32.965278948000005,0.04405356
1080p,1920,1080,128,128,7,8,4096,800.0,ws,18903885.0,0.0,138931200,143087445.0,120268800.0,9045.0,22809600.0,172377600.0,149352000.0,216000.0,22809600.0,138931200.0,962150400.0,72360.0,159667200.0,1121889960.0,149352000.0,216000.0,22809600.0,172377600.0,1433198760.0,2.1708000000000003,accelergy_plugin,accelergy_component_library_table_plugin,8.0,7.0,1.0,1.0,18.903885,64,1209848640.0,0.0,1.43319876,27.093024541182597,0.0429959628
1080p,1920,1080,128,128,7,16,256,50.0,is,83821275.0,52810440.0,138931200,141393600.0,120268800.0,8683200.0,12441600.0,3951104850.0,3938643000.0,20250.0,12441600.0,138931200.0,962150400.0,69465600.0,87091200.0,1118707200.0,3938643000.0,20250.0,12441600.0,3951104850.0,5208743250.0,0.5427000000000001,accelergy_plugin,accelergy_component_library_table_plugin,8.0,7.0,1.0,1.0,83.821275,256,21458246400.0,63.00362288691027,5.20874325,436.6035003626438,0.1562622975
1080p,1920,1080,128,128,7,16,256,50.0,os,22277610.0,6542745.0,138931200,143467200.0,120268800.0,8683200.0,14515200.0,794431050.0,788082000.0,128250.0,6220800.0,138931200.0,962150400.0,69465600.0,101606400.0,1133222400.0,788082000.0,128250.0,6220800.0,794431050.0,2066584650.0,0.5427000000000001,accelergy_plugin,accelergy_component_library_table_plugin,8.0,7.0,1.0,1.0,22.27761,256,5703068160.0,29.369151358696016,2.06658465,46.038566864686494,0.0619975395
1080p,1920,1080,128,128,7,16,256,50.0,ws,10824285.0,0.0,138931200,132719445.0,120268800.0,9045.0,12441600.0,139793850.0,127224000.0,128250.0,12441600.0,138931200.0,962150400.0,72360.0,87091200.0,1049313960.0,127224000.0,128250.0,12441600.0,139793850.0,1328039010.0,0.5427000000000001,accelergy_plugin,accelergy_component_library_table_plugin,8.0,7.0,1.0,1.0,10.824285,256,2771016960.0,0.0,1.32803901,14.375072735357849,0.0398411703
1080p,1920,1080,128,128,7,16,256,200.0,is,32444880.0,1753170.0,138931200,141393600.0,120268800.0,8683200.0,12441600.0,3957825600.0,3945330000.0,54000.0,12441600.0,138931200.0,962150400.0,69465600.0,87091200.0,1118707200.0,3945330000.0,54000.0,12441600.0,3957825600.0,5215464000.0,0.5427000000000001,accelergy_plugin,accelergy_component_library_table_plugin,8.0,7.0,1.0,1.0,32.444880000000005,256,8305889280.0,5.403533623795187,5.215464,169.21510362432002,0.15646392
1080p,1920,1080,128,128,7,16,256,200.0,os,15403050.0,0.0,138931200,143467200.0,120268800.0,8683200.0,14515200.0,795775800.0,789420000.0,135000.0,6220800.0,138931200.0,962150400.0,69465600.0,101606400.0,1133222400.0,789420000.0,135000.0,6220800.0,795775800.0,2067929400.0,0.5427000000000001,accelergy_plugin,accelergy_component_library_table_plugin,8.0,7.0,1.0,1.0,15.40305,256,3943180800.0,0.0,2.0679294,31.852419944670004,0.062037882
1080p,1920,1080,128,128,7,16,256,200.0,ws,10505160.0,0.0,138931200,132719445.0,120268800.0,9045.0,12441600.0,140016600.0,127440000.0,135000.0,12441600.0,138931200.0,962150400.0,72360.0,87091200.0,1049313960.0,127440000.0,135000.0,12441600.0,140016600.0,1328261760.0,0.5427000000000001,accelergy_plugin,accelergy_component_library_table_plugin,8.0,7.0,1.0,1.0,10.50516,256,2689320960.0,0.0,1.32826176,13.9536023106816,0.0398478528
1080p,1920,1080,128,128,7,16,256,800.0,is,30611850.0,0.0,138931200,141393600.0,120268800.0,8683200.0,12441600.0,3971361600.0,3958704000.0,216000.0,12441600.0,138931200.0,962150400.0,69465600.0,87091200.0,1118707200.0,3958704000.0,216000.0,12441600.0,3971361600.0,5229000000.0,0.5427000000000001,accelergy_plugin,accelergy_component_library_table_plugin,8.0,7.0,1.0,1.0,30.61185,256,7836633600.0,0.0,5.229,160.06936365,0.15687
1080p,1920,1080,128,128,7,16,256,800.0,os,15320085.0,0.0,138931200,143467200.0,120268800.0,8683200.0,14515200.0,798532800.0,792096000.0,216000.0,6220800.0,138931200.0,962150400.0,69465600.0,101606400.0,1133222400.0,792096000.0,216000.0,6220800.0,798532800.0,2070686400.0,0.5427000000000001,accelergy_plugin,accelergy_component_library_table_plugin,8.0,7.0,1.0,1.0,15.320085,256,3921941760.0,0.0,2.0706864,31.723091656344003,0.062120592
1080p,1920,1080,128,128,7,16,256,800.0,ws,10425300.0,0.0,138931200,132719445.0,120268800.0,9045.0,12441600.0,140529600.0,127872000.0,216000.0,12441600.0,138931200.0,962150400.0,72360.0,87091200.0,1049313960.0,127872000.0,216000.0,12441600.0,140529600.0,1328774760.0,0.5427000000000001,accelergy_plugin,accelergy_component_library_table_plugin,8.0,7.0,1.0,1.0,10.4253,256,2668876800.0,0.0,1.32877476,13.852875505427999,0.0398632428
1080p,1920,1080,128,128,7,16,1024,50.0,is,31844715.0,0.0,138931200,141393600.0,120268800.0,8683200.0,12441600.0,633057600.0,620595750.0,20250.0,12441600.0,138931200.0,962150400.0,69465600.0,87091200.0,1118707200.0,620595750.0,20250.0,12441600.0,633057600.0,1890696000.0,0.5427000000000001,accelergy_plugin,accelergy_component_library_table_plugin,8.0,7.0,1.0,1.0,31.844715000000004,256,8152247040.0,0.0,1.890696,60.208675271640004,0.05672088
1080p,1920,1080,128,128,7,16,1024,50.0,os,16427505.0,0.0,138931200,143467200.0,120268800.0,8683200.0,14515200.0,230380800.0,224031750.0,128250.0,6220800.0,138931200.0,962150400.0,69465600.0,101606400.0,1133222400.0,224031750.0,128250.0,6220800.0,230380800.0,1502534400.0,0.5427000000000001,accelergy_plugin,accelergy_component_library_table_plugin,8.0,7.0,1.0,1.0,16.427505,256,4205441280.0,0.0,1.5025344,24.682891368672,0.045076032
1080p,1920,1080,128,128,7,16,1024,50.0,ws,11885730.0,0.0,138931200,132719445.0,120268800.0,9045.0,12441600.0,163001850.0,150432000.0,128250.0,12441600.0,138931200.0,962150400.0,72360.0,87091200.0,1049313960.0,150432000.0,128250.0,12441600.0,163001850.0,1351247010.0,0.5427000000000001,accelergy_plugin,accelergy_component_library_table_plugin,8.0,7.0,1.0,1.0,11.88573,256,3042746880.0,0.0,1.35124701,16.0605571241673,0.0405374103
1080p,1920,1080,128,128,7,16,1024,200.0,is,30900180.0,0.0,138931200,141393600.0,120268800.0,8683200.0,12441600.0,633486600.0,620991000.0,54000.0,12441600.0,138931200.0,962150400.0,69465600.0,87091200.0,1118707200.0,620991000.0,54000.0,12441600.0,633486600.0,1891125000.0,0.5427000000000001,accelergy_plugin,accelergy_component_library_table_plugin,8.0,7.0,1.0,1.0,30.90018,256,7910446080.0,0.0,1.891125,58.4361029025,0.05673375
1080p,1920,1080,128,128,7,16,1024,200.0,os,15576240.0,0.0,138931200,143467200.0,120268800.0,8683200.0,14515200.0,230530800.0,224175000.0,135000.0,6220800.0,138931200.0,962150400.0,69465600.0,101606400.0,1133222400.0,224175000.0,135000.0,6220800.0,230530800.0,1502684400.0,0.5427000000000001,accelergy_plugin,accelergy_component_library_table_plugin,8.0,7.0,1.0,1.0,15.57624,256,3987517440.0,0.0,1.5026844,23.406172858656,0.045080532
1080p,1920,1080,128,128,7,16,1024,200.0,ws,10770555.0,0.0,138931200,132719445.0,120268800.0,9045.0,12441600.0,163104600.0,150528000.0,135000.0,12441600.0,138931200.0,962150400.0,72360.0,87091200.0,1049313960.0,150528000.0,135000.0,12441600.0,163104600.0,1351349760.0,0.5427000000000001,accelergy_plugin,accelergy_component_library_table_plugin,8.0,7.0,1.0,1.0,10.770555,256,2757262080.0,0.0,1.35134976,14.5547869143168,0.0405404928
1080p,1920,1080,128,128,7,16,1024,800.0,is,30664005.0,0.0,138931200,141393600.0,120268800.0,8683200.0,12441600.0,635229600.0,622572000.0,216000.0,12441600.0,138931200.0,962150400.0,69465600.0,87091200.0,1118707200.0,622572000.0,216000.0,12441600.0,635229600.0,1892868000.0,0.5427000000000001,accelergy_plugin,accelergy_component_library_table_plugin,8.0,7.0,1.0,1.0,30.664005,256,7849985280.0,0.0,1.892868,58.04291381634,0.05678604
1080p,1920,1080,128,128,7,16,1024,800.0,os,15363480.0,0.0,138931200,143467200.0,120268800.0,8683200.0,14515200.0,231184800.0,224748000.0,216000.0,6220800.0,138931200.0,962150400.0,69465600.0,101606400.0,1133222400.0,224748000.0,216000.0,6220800.0,231184800.0,1503338400.0,0.5427000000000001,accelergy_plugin,accelergy_component_library_table_plugin,8.0,7.0,1.0,1.0,15.363480000000001,256,3933050880.0,0.0,1.5033384,23.096509441632,0.045100152
1080p,1920,1080,128,128,7,16,1024,800.0,ws,10491720.0,0.0,138931200,132719445.0,120268800.0,9045.0,12441600.0,163569600.0,150912000.0,216000.0,12441600.0,138931200.0,962150400.0,72360.0,87091200.0,1049313960.0,150912000.0,216000.0,12441600.0,163569600.0,1351814760.0,0.5427000000000001,accelergy_plugin,accelergy_component_library_table_plugin,8.0,7.0,1.0,1.0,10.491719999999999,256,2685880320.0,0.0,1.35181476,14.182861953787198,0.0405544428
1080p,1920,1080,128,128,7,16,4096,50.0,is,33239595.0,0.0,138931200,141393600.0,120268800.0,8683200.0,12441600.0,132740850.0,120279000.0,20250.0,12441600.0,138931200.0,962150400.0,69465600.0,87091200.0,1118707200.0,120279000.0,20250.0,12441600.0,132740850.0,1390379250.0,0.5427000000000001,accelergy_plugin,accelergy_component_library_table_plugin,8.0,7.0,1.0,1.0,33.239594999999994,256,8509336320.0,0.0,1.39037925,46.215643166403744,0.0417113775
1080p,1920,1080,128,128,7,16,4096,50.0,os,17822385.0,0.0,138931200,143467200.0,120268800.0,8683200.0,14515200.0,126628050.0,120279000.0,128250.0,6220800.0,138931200.0,962150400.0,69465600.0,101606400.0,1133222400.0,120279000.0,128250.0,6220800.0,126628050.0,1398781650.0,0.5427000000000001,accelergy_plugin,accelergy_component_library_table_plugin,8.0,7.0,1.0,1.0,17.822385,256,4562530560.0,0.0,1.39878165,24.929625097235252,0.0419634495
1080p,1920,1080,128,128,7,16,4096,50.0,ws,13713435.0,0.0,138931200,132719445.0,120268800.0,9045.0,12441600.0,165868350.0,153298500.0,128250.0,12441600.0,138931200.0,962150400.0,72360.0,87091200.0,1049313960.0,153298500.0,128250.0,12441600.0,165868350.0,1354113510.0,0.5427000000000001,accelergy_plugin,accelergy_component_library_table_plugin,8.0,7.0,1.0,1.0,13.713434999999999,256,3510639360.0,0.0,1.35411351,18.569547602006846,0.0406234053
1080p,1920,1080,128,128,7,16,4096,200.0,is,31248900.0,0.0,138931200,141393600.0,120268800.0,8683200.0,12441600.0,132807600.0,120312000.0,54000.0,12441600.0,138931200.0,962150400.0,69465600.0,87091200.0,1118707200.0,120312000.0,54000.0,12441600.0,132807600.0,1390446000.0,0.5427000000000001,accelergy_plugin,accelergy_component_library_table_plugin,8.0,7.0,1.0,1.0,31.2489,256,7999718400.0,0.0,1.390446,43.4499080094,0.04171338
1080p,1920,1080,128,128,7,16,4096,200.0,os,15924960.0,0.0,138931200,143467200.0,120268800.0,8683200.0,14515200.0,126667800.0,120312000.0,135000.0,6220800.0,138931200.0,962150400.0,69465600.0,101606400.0,1133222400.0,120312000.0,135000.0,6220800.0,126667800.0,1398821400.0,0.5427000000000001,accelergy_plugin,accelergy_component_library_table_plugin,8.0,7.0,1.0,1.0,15.924959999999999,256,4076789760.0,0.0,1.3988214,22.276174842144,0.041964642
1080p,1920,1080,128,128,7,16,4096,200.0,ws,11227410.0,0.0,138931200,132719445.0,120268800.0,9045.0,12441600.0,165900600.0,153324000.0,135000.0,12441600.0,138931200.0,962150400.0,72360.0,87091200.0,1049313960.0,153324000.0,135000.0,12441600.0,165900600.0,1354145760.0,0.5427000000000001,accelergy_plugin,accelergy_component_library_table_plugin,8.0,7.0,1.0,1.0,11.22741,256,2874216960.0,0.0,1.35414576,15.203549647281601,0.0406243728
1080p,1920,1080,128,128,7,16,4096,800.0,is,30751125.0,0.0,138931200,141393600.0,120268800.0,8683200.0,12441600.0,133053600.0,120396000.0,216000.0,12441600.0,138931200.0,962150400.0,69465600.0,87091200.0,1118707200.0,120396000.0,216000.0,12441600.0,133053600.0,1390692000.0,0.5427000000000001,accelergy_plugin,accelergy_component_library_table_plugin,8.0,7.0,1.0,1.0,30.751125000000002,256,7872288000.0,0.0,1.390692,42.765343528500004,0.04172076
1080p,1920,1080,128,128,7,16,4096,800.0,os,15450600.0,0.0,138931200,143467200.0,120268800.0,8683200.0,14515200.0,126832800.0,120396000.0,216000.0,6220800.0,138931200.0,962150400.0,69465600.0,101606400.0,1133222400.0,120396000.0,216000.0,6220800.0,126832800.0,1398986400.0,0.5427000000000001,accelergy_plugin,accelergy_component_library_table_plugin,8.0,7.0,1.0,1.0,15.4506,256,3955353600.0,0.0,1.3989864,21.615179271840002,0.041969592
1080p,1920,1080,128,128,7,16,4096,800.0,ws,10605810.0,0.0,138931200,132719445.0,120268800.0,9045.0,12441600.0,166041600.0,153384000.0,216000.0,12441600.0,138931200.0,962150400.0,72360.0,87091200.0,1049313960.0,153384000.0,216000.0,12441600.0,166041600.0,1354286760.0,0.5427000000000001,accelergy_plugin,accelergy_component_library_table_plugin,8.0,7.0,1.0,1.0,10.60581,256,2715087360.0,0.0,1.35428676,14.3633080620756,0.0406286028
1080p,1920,1080,128,128,7,32,256,50.0,os,42963780.0,30728115.0,138931200,139125600.0,120268800.0,4341600.0,14515200.0,1990818300.0,1984341000.0,256500.0,6220800.0,138931200.0,962150400.0,34732800.0,101606400.0,1098489600.0,1984341000.0,256500.0,6220800.0,1990818300.0,3228239100.0,0.13567500000000002,accelergy_plugin,accelergy_component_library_table_plugin,8.0,7.0,1.0,1.0,42.96378,1024,43994910720.0,71.52097650625713,3.2282391,138.697354479798,0.096847173
1080p,1920,1080,128,128,7,32,256,50.0,ws,6742440.0,0.0,138931200,128572245.0,120268800.0,9045.0,8294400.0,135774900.0,127224000.0,256500.0,8294400.0,138931200.0,962150400.0,72360.0,58060800.0,1020283560.0,127224000.0,256500.0,8294400.0,135774900.0,1294989660.0,0.13567500000000002,accelergy_plugin,accelergy_component_library_table_plugin,8.0,7.0,1.0,1.0,6.742439999999999,1024,6904258560.0,0.0,1.29498966,8.731390083170398,0.0388496898
1080p,1920,1080,128,128,7,32,256,200.0,os,14501010.0,2597160.0,138931200,139125600.0,120268800.0,4341600.0,14515200.0,1994200800.0,1987710000.0,270000.0,6220800.0,138931200.0,962150400.0,34732800.0,101606400.0,1098489600.0,1987710000.0,270000.0,6220800.0,1994200800.0,3231621600.0,0.13567500000000002,accelergy_plugin,accelergy_component_library_table_plugin,8.0,7.0,1.0,1.0,14.501009999999999,1024,14849034240.0,17.910200737741715,3.2316216,46.861777137816,0.096948648
1080p,1920,1080,128,128,7,32,256,200.0,ws,6379500.0,0.0,138931200,128572245.0,120268800.0,9045.0,8294400.0,136004400.0,127440000.0,270000.0,8294400.0,138931200.0,962150400.0,72360.0,58060800.0,1020283560.0,127440000.0,270000.0,8294400.0,136004400.0,1295219160.0,0.13567500000000002,accelergy_plugin,accelergy_component_library_table_plugin,8.0,7.0,1.0,1.0,6.3795,1024,6532608000.0,0.0,1.29521916,8.262850631220001,0.0388565748
1080p,1920,1080,128,128,7,32,256,800.0,os,11820885.0,0.0,138931200,139125600.0,120268800.0,4341600.0,14515200.0,2000992800.0,1994448000.0,324000.0,6220800.0,138931200.0,962150400.0,34732800.0,101606400.0,1098489600.0,1994448000.0,324000.0,6220800.0,2000992800.0,3238413600.0,0.13567500000000002,accelergy_plugin,accelergy_component_library_table_plugin,8.0,7.0,1.0,1.0,11.820885,1024,12104586240.0,0.0,3.2384136,38.280914748036004,0.097152408
1080p,1920,1080,128,128,7,32,256,800.0,ws,6288690.0,0.0,138931200,128572245.0,120268800.0,9045.0,8294400.0,136490400.0,127872000.0,324000.0,8294400.0,138931200.0,962150400.0,72360.0,58060800.0,1020283560.0,127872000.0,324000.0,8294400.0,136490400.0,1295705160.0,0.13567500000000002,accelergy_plugin,accelergy_component_library_table_plugin,8.0,7.0,1.0,1.0,6.288690000000001,1024,6439618560.0,0.0,1.29570516,8.1482880826404,0.0388711548
1080p,1920,1080,128,128,7,32,1024,50.0,is,19709010.0,0.0,138931200,132904800.0,120268800.0,4341600.0,8294400.0,628917150.0,620595750.0,27000.0,8294400.0,138931200.0,962150400.0,34732800.0,58060800.0,1054944000.0,620595750.0,27000.0,8294400.0,628917150.0,1822792350.0,0.13567500000000002,accelergy_plugin,accelergy_component_library_table_plugin,8.0,7.0,1.0,1.0,19.70901,1024,20182026240.0,0.0,1.82279235,35.9254326540735,0.0546837705
1080p,1920,1080,128,128,7,32,1024,50.0,os,12928305.0,0.0,138931200,139125600.0,120268800.0,4341600.0,14515200.0,230509050.0,224031750.0,256500.0,6220800.0,138931200.0,962150400.0,34732800.0,101606400.0,1098489600.0,224031750.0,256500.0,6220800.0,230509050.0,1467929850.0,0.13567500000000002,accelergy_plugin,accelergy_component_library_table_plugin,8.0,7.0,1.0,1.0,12.928305,1024,13238584320.0,0.0,1.46792985,18.97784481940425,0.0440378955
1080p,1920,1080,128,128,7,32,1024,50.0,ws,7697055.0,0.0,138931200,128572245.0,120268800.0,9045.0,8294400.0,160703400.0,152152500.0,256500.0,8294400.0,138931200.0,962150400.0,72360.0,58060800.0,1020283560.0,152152500.0,256500.0,8294400.0,160703400.0,1319918160.0,0.13567500000000002,accelergy_plugin,accelergy_component_library_table_plugin,8.0,7.0,1.0,1.0,7.697055000000001,1024,7881784320.0,0.0,1.31991816,10.159482673018802,0.0395975448
1080p,1920,1080,128,128,7,32,1024,200.0,is,18826620.0,0.0,138931200,132904800.0,120268800.0,4341600.0,8294400.0,629339400.0,620991000.0,54000.0,8294400.0,138931200.0,962150400.0,34732800.0,58060800.0,1054944000.0,620991000.0,54000.0,8294400.0,629339400.0,1823214600.0,0.13567500000000002,accelergy_plugin,accelergy_component_library_table_plugin,8.0,7.0,1.0,1.0,18.82662,1024,19278458880.0,0.0,1.8232146,34.324968452651994,0.054696438
1080p,1920,1080,128,128,7,32,1024,200.0,os,12077040.0,0.0,138931200,139125600.0,120268800.0,4341600.0,14515200.0,230665800.0,224175000.0,270000.0,6220800.0,138931200.0,962150400.0,34732800.0,101606400.0,1098489600.0,224175000.0,270000.0,6220800.0,230665800.0,1468086600.0,0.13567500000000002,accelergy_plugin,accelergy_component_library_table_plugin,8.0,7.0,1.0,1.0,12.07704,1024,12366888960.0,0.0,1.4680866,17.730140591664,0.044042598
1080p,1920,1080,128,128,7,32,1024,200.0,ws,6618210.0,0.0,138931200,128572245.0,120268800.0,9045.0,8294400.0,160811400.0,152247000.0,270000.0,8294400.0,138931200.0,962150400.0,72360.0,58060800.0,1020283560.0,152247000.0,270000.0,8294400.0,160811400.0,1320026160.0,0.13567500000000002,accelergy_plugin,accelergy_component_library_table_plugin,8.0,7.0,1.0,1.0,6.61821,1024,6777047040.0,0.0,1.32002616,8.7362103323736,0.0396007848
1080p,1920,1080,128,128,7,32,1024,800.0,is,18606015.0,0.0,138931200,132904800.0,120268800.0,4341600.0,8294400.0,631082400.0,622572000.0,216000.0,8294400.0,138931200.0,962150400.0,34732800.0,58060800.0,1054944000.0,622572000.0,216000.0,8294400.0,631082400.0,1824957600.0,0.13567500000000002,accelergy_plugin,accelergy_component_library_table_plugin,8.0,7.0,1.0,1.0,18.606015,1024,19052559360.0,0.0,1.8249576,33.955188479964,0.054748728
1080p,1920,1080,128,128,7,32,1024,800.0,os,11864280.0,0.0,138931200,139125600.0,120268800.0,4341600.0,14515200.0,231292800.0,224748000.0,324000.0,6220800.0,138931200.0,962150400.0,34732800.0,101606400.0,1098489600.0,224748000.0,324000.0,6220800.0,231292800.0,1468713600.0,0.13567500000000002,accelergy_plugin,accelergy_component_library_table_plugin,8.0,7.0,1.0,1.0,11.864279999999999,1024,12149022720.0,0.0,1.4687136,17.425229390208,0.044061408
1080p,1920,1080,128,128,7,32,1024,800.0,ws,6348495.0,0.0,138931200,128572245.0,120268800.0,9045.0,8294400.0,161246400.0,152628000.0,324000.0,8294400.0,138931200.0,962150400.0,72360.0,58060800.0,1020283560.0,152628000.0,324000.0,8294400.0,161246400.0,1320461160.0,0.13567500000000002,accelergy_plugin,accelergy_component_library_table_plugin,8.0,7.0,1.0,1.0,6.348495,1024,6500858880.0,0.0,1.32046116,8.3829410719542,0.0396138348
1080p,1920,1080,128,128,7,32,4096,50.0,is,21103890.0,0.0,138931200,132904800.0,120268800.0,4341600.0,8294400.0,128600400.0,120279000.0,27000.0,8294400.0,138931200.0,962150400.0,34732800.0,58060800.0,1054944000.0,120279000.0,27000.0,8294400.0,128600400.0,1322475600.0,0.13567500000000002,accelergy_plugin,accelergy_component_library_table_plugin,8.0,7.0,1.0,1.0,21.10389,1024,21610383360.0,0.0,1.3224756,27.909379590084,0.039674268
1080p,1920,1080,128,128,7,32,4096,50.0,os,14323185.0,0.0,138931200,139125600.0,120268800.0,4341600.0,14515200.0,126756300.0,120279000.0,256500.0,6220800.0,138931200.0,962150400.0,34732800.0,101606400.0,1098489600.0,120279000.0,256500.0,6220800.0,126756300.0,1364177100.0,0.13567500000000002,accelergy_plugin,accelergy_component_library_table_plugin,8.0,7.0,1.0,1.0,14.323185,1024,14666941440.0,0.0,1.3641771,19.539360976063502,0.040925313
1080p,1920,1080,128,128,7,32,4096,50.0,ws,10153920.0,0.0,138931200,128572245.0,120268800.0,9045.0,8294400.0,195027900.0,186477000.0,256500.0,8294400.0,138931200.0,962150400.0,72360.0,58060800.0,1020283560.0,186477000.0,256500.0,8294400.0,195027900.0,1354242660.0,0.13567500000000002,accelergy_plugin,accelergy_component_library_table_plugin,8.0,7.0,1.0,1.0,10.153920000000001,1024,10397614080.0,0.0,1.35424266,13.7508716302272,0.0406272798
1080p,1920,1080,128,128,7,32,4096,200.0,is,19175340.0,0.0,138931200,132904800.0,120268800.0,4341600.0,8294400.0,128660400.0,120312000.0,54000.0,8294400.0,138931200.0,962150400.0,34732800.0,58060800.0,1054944000.0,120312000.0,54000.0,8294400.0,128660400.0,1322535600.0,0.13567500000000002,accelergy_plugin,accelergy_component_library_table_plugin,8.0,7.0,1.0,1.0,19.17534,1024,19635548160.0,0.0,1.3225356,25.360069792103996,0.039676068
1080p,1920,1080,128,128,7,32,4096,200.0,os,12425760.0,0.0,138931200,139125600.0,120268800.0,4341600.0,14515200.0,126802800.0,120312000.0,270000.0,6220800.0,138931200.0,962150400.0,34732800.0,101606400.0,1098489600.0,120312000.0,270000.0,6220800.0,126802800.0,1364223600.0,0.13567500000000002,accelergy_plugin,accelergy_component_library_table_plugin,8.0,7.0,1.0,1.0,12.425759999999999,1024,12723978240.0,0.0,1.3642236,16.951515039935998,0.040926708
1080p,1920,1080,128,128,7,32,4096,200.0,ws,7232385.0,0.0,138931200,128572245.0,120268800.0,9045.0,8294400.0,195071400.0,186507000.0,270000.0,8294400.0,138931200.0,962150400.0,72360.0,58060800.0,1020283560.0,186507000.0,270000.0,8294400.0,195071400.0,1354286160.0,0.13567500000000002,accelergy_plugin,accelergy_component_library_table_plugin,8.0,7.0,1.0,1.0,7.232385,1024,7405962240.0,0.0,1.35428616,9.7947189092916,0.0406285848
1080p,1920,1080,128,128,7,32,4096,800.0,is,18693135.0,0.0,138931200,132904800.0,120268800.0,4341600.0,8294400.0,128906400.0,120396000.0,216000.0,8294400.0,138931200.0,962150400.0,34732800.0,58060800.0,1054944000.0,120396000.0,216000.0,8294400.0,128906400.0,1322781600.0,0.13567500000000002,accelergy_plugin,accelergy_component_library_table_plugin,8.0,7.0,1.0,1.0,18.693134999999998,1024,19141770240.0,0.0,1.3227816,24.726935024315996,0.039683448
1080p,1920,1080,128,128,7,32,4096,800.0,os,11951400.0,0.0,138931200,139125600.0,120268800.0,4341600.0,14515200.0,126940800.0,120396000.0,324000.0,6220800.0,138931200.0,962150400.0,34732800.0,101606400.0,1098489600.0,120396000.0,324000.0,6220800.0,126940800.0,1364361600.0,0.13567500000000002,accelergy_plugin,accelergy_component_library_table_plugin,8.0,7.0,1.0,1.0,11.9514,1024,12238233600.0,0.0,1.3643616,16.306031226240002,0.040930848
1080p,1920,1080,128,128,7,32,4096,800.0,ws,6501945.0,0.0,138931200,128572245.0,120268800.0,9045.0,8294400.0,195206400.0,186588000.0,324000.0,8294400.0,138931200.0,962150400.0,72360.0,58060800.0,1020283560.0,186588000.0,324000.0,8294400.0,195206400.0,1354421160.0,0.13567500000000002,accelergy_plugin,accelergy_component_library_table_plugin,8.0,7.0,1.0,1.0,6.501945,1024,6657991680.0,0.0,1.35442116,8.8063718891562,0.0406326348
1080p,1920,1080,128,128,7,64,256,50.0,is,78996735.0,66145470.0,138931200,128660400.0,120268800.0,2170800.0,6220800.0,3711653550.0,3705399000.0,33750.0,6220800.0,138931200.0,962150400.0,17366400.0,43545600.0,1023062400.0,3705399000.0,33750.0,6220800.0,3711653550.0,4873647150.0,0.041472,accelergy_plugin,accelergy_component_library_table_plugin,8.0,7.0,1.0,1.0,78.996735,4096,323570626560.0,83.73190360335778,4.87364715,385.00221239205524,0.1462094145
1080p,1920,1080,128,128,7,64,256,50.0,os,77273730.0,66787665.0,138931200,136954800.0,120268800.0,2170800.0,14515200.0,3722728050.0,3716001000.0,506250.0,6220800.0,138931200.0,962150400.0,17366400.0,101606400.0,1081123200.0,3716001000.0,506250.0,6220800.0,3722728050.0,4942782450.0,0.041472,accelergy_plugin,accelergy_component_library_table_plugin,8.0,7.0,1.0,1.0,77.27373,4096,316513198080.0,86.42997432633315,4.94278245,381.9472364900385,0.1482834735
1080p,1920,1080,128,128,7,64,256,50.0,ws,4640565.0,0.0,138931200,126498645.0,120268800.0,9045.0,6220800.0,133951050.0,127224000.0,506250.0,6220800.0,138931200.0,962150400.0,72360.0,43545600.0,1005768360.0,127224000.0,506250.0,6220800.0,133951050.0,1278650610.0,0.041472,accelergy_plugin,accelergy_component_library_table_plugin,8.0,7.0,1.0,1.0,4.6405650000000005,4096,19007754240.0,0.0,1.27865061,5.93366126799465,0.0383595183
1080p,1920,1080,128,128,7,64,256,200.0,is,24571980.0,12052530.0,138931200,128660400.0,120268800.0,2170800.0,6220800.0,3717964800.0,3711690000.0,54000.0,6220800.0,138931200.0,962150400.0,17366400.0,43545600.0,1023062400.0,3711690000.0,54000.0,6220800.0,3717964800.0,4879958400.0,0.033918750000000004,accelergy_plugin,accelergy_component_library_table_plugin,8.0,7.0,1.0,1.0,24.57198,4096,100646830080.0,49.04989341518266,4.8799584,119.910240205632,0.146398752
1080p,1920,1080,128,128,7,64,256,200.0,os,22711455.0,12557205.0,138931200,136954800.0,120268800.0,2170800.0,14515200.0,3729043800.0,3722310000.0,513000.0,6220800.0,138931200.0,962150400.0,17366400.0,101606400.0,1081123200.0,3722310000.0,513000.0,6220800.0,3729043800.0,4949098200.0,0.033918750000000004,accelergy_plugin,accelergy_component_library_table_plugin,8.0,7.0,1.0,1.0,22.711454999999997,4096,93026119680.0,55.290182861467926,4.9490982,112.40122105988098,0.148472946
1080p,1920,1080,128,128,7,64,256,200.0,ws,4308750.0,0.0,138931200,126498645.0,120268800.0,9045.0,6220800.0,134173800.0,127440000.0,513000.0,6220800.0,138931200.0,962150400.0,72360.0,43545600.0,1005768360.0,127440000.0,513000.0,6220800.0,134173800.0,1278873360.0,0.033918750000000004,accelergy_plugin,accelergy_component_library_table_plugin,8.0,7.0,1.0,1.0,4.30875,4096,17648640000.0,0.0,1.27887336,5.5103455899,0.0383662008
1080p,1920,1080,128,128,7,64,256,800.0,is,12436485.0,0.0,138931200,128660400.0,120268800.0,2170800.0,6220800.0,3730708800.0,3724272000.0,216000.0,6220800.0,138931200.0,962150400.0,17366400.0,43545600.0,1023062400.0,3724272000.0,216000.0,6220800.0,3730708800.0,4892702400.0,0.033918750000000004,accelergy_plugin,accelergy_component_library_table_plugin,8.0,7.0,1.0,1.0,12.436485000000001,4096,50939842560.0,0.0,4.8927024,60.84802000706401,0.146781072
1080p,1920,1080,128,128,7,64,256,800.0,os,10071285.0,0.0,138931200,136954800.0,120268800.0,2170800.0,14515200.0,3741688800.0,3734928000.0,540000.0,6220800.0,138931200.0,962150400.0,17366400.0,101606400.0,1081123200.0,3734928000.0,540000.0,6220800.0,3741688800.0,4961743200.0,0.033918750000000004,accelergy_plugin,accelergy_component_library_table_plugin,8.0,7.0,1.0,1.0,10.071285,4096,41251983360.0,0.0,4.9617432,49.971129864012,0.148852296
1080p,1920,1080,128,128,7,64,256,800.0,ws,4225785.0,0.0,138931200,126498645.0,120268800.0,9045.0,6220800.0,134632800.0,127872000.0,540000.0,6220800.0,138931200.0,962150400.0,72360.0,43545600.0,1005768360.0,127872000.0,540000.0,6220800.0,134632800.0,1279332360.0,0.033918750000000004,accelergy_plugin,accelergy_component_library_table_plugin,8.0,7.0,1.0,1.0,4.225785,4096,17308815360.0,0.0,1.27933236,5.4061834969026,0.0383799708
1080p,1920,1080,128,128,7,64,1024,50.0,is,19196025.0,5652120.0,138931200,128660400.0,120268800.0,2170800.0,6220800.0,626850300.0,620595750.0,33750.0,6220800.0,138931200.0,962150400.0,17366400.0,43545600.0,1023062400.0,620595750.0,33750.0,6220800.0,626850300.0,1788843900.0,0.041472,accelergy_plugin,accelergy_component_library_table_plugin,8.0,7.0,1.0,1.0,19.196025,4096,78626918400.0,29.44422087385279,1.7888439,34.338692225497496,0.053665317
1080p,1920,1080,128,128,7,64,1024,50.0,os,17282265.0,6103560.0,138931200,136954800.0,120268800.0,2170800.0,14515200.0,627322800.0,620595750.0,506250.0,6220800.0,138931200.0,962150400.0,17366400.0,101606400.0,1081123200.0,620595750.0,506250.0,6220800.0,627322800.0,1847377200.0,0.041472,accelergy_plugin,accelergy_component_library_table_plugin,8.0,7.0,1.0,1.0,17.282265000000002,4096,70788157440.0,35.316898566246955,1.8473772,31.926862325358,0.055421316
1080p,1920,1080,128,128,7,64,1024,50.0,ws,5597175.0,0.0,138931200,126498645.0,120268800.0,9045.0,6220800.0,158979300.0,152252250.0,506250.0,6220800.0,138931200.0,962150400.0,72360.0,43545600.0,1005768360.0,152252250.0,506250.0,6220800.0,158979300.0,1303678860.0,0.041472,accelergy_plugin,accelergy_component_library_table_plugin,8.0,7.0,1.0,1.0,5.597175,4096,22926028800.0,0.0,1.30367886,7.2969187232205,0.0391103658
1080p,1920,1080,128,128,7,64,1024,200.0,is,12692640.0,0.0,138931200,128660400.0,120268800.0,2170800.0,6220800.0,627265800.0,620991000.0,54000.0,6220800.0,138931200.0,962150400.0,17366400.0,43545600.0,1023062400.0,620991000.0,54000.0,6220800.0,627265800.0,1789259400.0,0.033918750000000004,accelergy_plugin,accelergy_component_library_table_plugin,8.0,7.0,1.0,1.0,12.692639999999999,4096,51989053440.0,0.0,1.7892594,22.710425430816,0.053677782
1080p,1920,1080,128,128,7,64,1024,200.0,os,10327440.0,0.0,138931200,136954800.0,120268800.0,2170800.0,14515200.0,627724800.0,620991000.0,513000.0,6220800.0,138931200.0,962150400.0,17366400.0,101606400.0,1081123200.0,620991000.0,513000.0,6220800.0,627724800.0,1847779200.0,0.033918750000000004,accelergy_plugin,accelergy_component_library_table_plugin,8.0,7.0,1.0,1.0,10.327440000000001,4096,42301194240.0,0.0,1.8477792,19.082828821248,0.055433376
1080p,1920,1080,128,128,7,64,1024,200.0,ws,4547970.0,0.0,138931200,126498645.0,120268800.0,9045.0,6220800.0,159082800.0,152349000.0,513000.0,6220800.0,138931200.0,962150400.0,72360.0,43545600.0,1005768360.0,152349000.0,513000.0,6220800.0,159082800.0,1303782360.0,0.033918750000000004,accelergy_plugin,accelergy_component_library_table_plugin,8.0,7.0,1.0,1.0,4.54797,4096,18628485120.0,0.0,1.30378236,5.9295630598092,0.0391134708
1080p,1920,1080,128,128,7,64,1024,800.0,is,12479880.0,0.0,138931200,128660400.0,120268800.0,2170800.0,6220800.0,629008800.0,622572000.0,216000.0,6220800.0,138931200.0,962150400.0,17366400.0,43545600.0,1023062400.0,622572000.0,216000.0,6220800.0,629008800.0,1791002400.0,0.033918750000000004,accelergy_plugin,accelergy_component_library_table_plugin,8.0,7.0,1.0,1.0,12.47988,4096,51117588480.0,0.0,1.7910024,22.351495031712,0.053730072
1080p,1920,1080,128,128,7,64,1024,800.0,os,10114680.0,0.0,138931200,136954800.0,120268800.0,2170800.0,14515200.0,629332800.0,622572000.0,540000.0,6220800.0,138931200.0,962150400.0,17366400.0,101606400.0,1081123200.0,622572000.0,540000.0,6220800.0,629332800.0,1849387200.0,0.033918750000000004,accelergy_plugin,accelergy_component_library_table_plugin,8.0,7.0,1.0,1.0,10.11468,4096,41429729280.0,0.0,1.8493872,18.705959724096,0.055481616
1080p,1920,1080,128,128,7,64,1024,800.0,ws,4285725.0,0.0,138931200,126498645.0,120268800.0,9045.0,6220800.0,159496800.0,152736000.0,540000.0,6220800.0,138931200.0,962150400.0,72360.0,43545600.0,1005768360.0,152736000.0,540000.0,6220800.0,159496800.0,1304196360.0,0.033918750000000004,accelergy_plugin,accelergy_component_library_table_plugin,8.0,7.0,1.0,1.0,4.285724999999999,4096,17554329600.0,0.0,1.30419636,5.589426944960999,0.0391258908
1080p,1920,1080,128,128,7,64,4096,50.0,is,14938785.0,0.0,138931200,128660400.0,120268800.0,2170800.0,6220800.0,126533550.0,120279000.0,33750.0,6220800.0,138931200.0,962150400.0,17366400.0,43545600.0,1023062400.0,120279000.0,33750.0,6220800.0,126533550.0,1288527150.0,0.041472,accelergy_plugin,accelergy_component_library_table_plugin,8.0,7.0,1.0,1.0,14.938785,4096,61189263360.0,0.0,1.28852715,19.249030060512748,0.0386558145
1080p,1920,1080,128,128,7,64,4096,50.0,os,12573585.0,0.0,138931200,136954800.0,120268800.0,2170800.0,14515200.0,127006050.0,120279000.0,506250.0,6220800.0,138931200.0,962150400.0,17366400.0,101606400.0,1081123200.0,120279000.0,506250.0,6220800.0,127006050.0,1347060450.0,0.041472,accelergy_plugin,accelergy_component_library_table_plugin,8.0,7.0,1.0,1.0,12.573585,4096,51501404160.0,0.0,1.34706045,16.93737906821325,0.0404118135
1080p,1920,1080,128,128,7,64,4096,50.0,ws,9127305.0,0.0,138931200,126498645.0,120268800.0,9045.0,6220800.0,246967050.0,240240000.0,506250.0,6220800.0,138931200.0,962150400.0,72360.0,43545600.0,1005768360.0,240240000.0,506250.0,6220800.0,246967050.0,1391666610.0,0.041472,accelergy_plugin,accelergy_component_library_table_plugin,8.0,7.0,1.0,1.0,9.127305,4096,37385441280.0,0.0,1.39166661,12.702165607786048,0.0417499983
1080p,1920,1080,128,128,7,64,4096,200.0,is,13041360.0,0.0,138931200,128660400.0,120268800.0,2170800.0,6220800.0,126586800.0,120312000.0,54000.0,6220800.0,138931200.0,962150400.0,17366400.0,43545600.0,1023062400.0,120312000.0,54000.0,6220800.0,126586800.0,1288580400.0,0.033918750000000004,accelergy_plugin,accelergy_component_library_table_plugin,8.0,7.0,1.0,1.0,13.041360000000001,4096,53417410560.0,0.0,1.2885804,16.804840885344003,0.038657412
1080p,1920,1080,128,128,7,64,4096,200.0,os,10676160.0,0.0,138931200,136954800.0,120268800.0,2170800.0,14515200.0,127045800.0,120312000.0,513000.0,6220800.0,138931200.0,962150400.0,17366400.0,101606400.0,1081123200.0,120312000.0,513000.0,6220800.0,127045800.0,1347100200.0,0.033918750000000004,accelergy_plugin,accelergy_component_library_table_plugin,8.0,7.0,1.0,1.0,10.676160000000001,4096,43729551360.0,0.0,1.3471002,14.381857271232002,0.040413006
1080p,1920,1080,128,128,7,64,4096,200.0,ws,5430480.0,0.0,138931200,126498645.0,120268800.0,9045.0,6220800.0,247009800.0,240276000.0,513000.0,6220800.0,138931200.0,962150400.0,72360.0,43545600.0,1005768360.0,240276000.0,513000.0,6220800.0,247009800.0,1391709360.0,0.033918750000000004,accelergy_plugin,accelergy_component_library_table_plugin,8.0,7.0,1.0,1.0,5.430479999999999,4096,22243246080.0,0.0,1.39170936,7.557649845292798,0.0417512808
1080p,1920,1080,128,128,7,64,4096,800.0,is,12567000.0,0.0,138931200,128660400.0,120268800.0,2170800.0,6220800.0,126832800.0,120396000.0,216000.0,6220800.0,138931200.0,962150400.0,17366400.0,43545600.0,1023062400.0,120396000.0,216000.0,6220800.0,126832800.0,1288826400.0,0.033918750000000004,accelergy_plugin,accelergy_component_library_table_plugin,8.0,7.0,1.0,1.0,12.567,4096,51474432000.0,0.0,1.2888264,16.1966813688,0.038664792
1080p,1920,1080,128,128,7,64,4096,800.0,os,10201800.0,0.0,138931200,136954800.0,120268800.0,2170800.0,14515200.0,127156800.0,120396000.0,540000.0,6220800.0,138931200.0,962150400.0,17366400.0,101606400.0,1081123200.0,120396000.0,540000.0,6220800.0,127156800.0,1347211200.0,0.033918750000000004,accelergy_plugin,accelergy_component_library_table_plugin,8.0,7.0,1.0,1.0,10.2018,4096,41786572800.0,0.0,1.3472112,13.743979220160002,0.040416336
1080p,1920,1080,128,128,7,64,4096,800.0,ws,4506225.0,0.0,138931200,126498645.0,120268800.0,9045.0,6220800.0,247096800.0,240336000.0,540000.0,6220800.0,138931200.0,962150400.0,72360.0,43545600.0,1005768360.0,240336000.0,540000.0,6220800.0,247096800.0,1391796360.0,0.033918750000000004,accelergy_plugin,accelergy_component_library_table_plugin,8.0,7.0,1.0,1.0,4.506225,4096,18457497600.0,0.0,1.39179636,6.271747552341,0.0417538908
1080p,1920,1080,128,128,7,128,256,50.0,is,79010400.0,66142935.0,138931200,127575000.0,120268800.0,1085400.0,6220800.0,3711680550.0,3705399000.0,60750.0,6220800.0,138931200.0,962150400.0,8683200.0,43545600.0,1014379200.0,3705399000.0,60750.0,6220800.0,3711680550.0,4864990950.0,0.041472,accelergy_plugin,accelergy_component_library_table_plugin,8.0,7.0,1.0,1.0,79.01039999999999,16384,1294506393600.0,83.71421357188422,4.86499095,384.38488095587996,0.1459497285
1080p,1920,1080,128,128,7,128,256,50.0,os,77775105.0,68163840.0,138931200,135869400.0,120268800.0,1085400.0,14515200.0,3749739300.0,3742506000.0,1012500.0,6220800.0,138931200.0,962150400.0,8683200.0,101606400.0,1072440000.0,3742506000.0,1012500.0,6220800.0,3749739300.0,4961110500.0,0.041472,accelergy_plugin,accelergy_component_library_table_plugin,8.0,7.0,1.0,1.0,77.775105,16384,1274267320320.0,87.64223461993397,4.9611105,385.8508900541025,0.148833315
1080p,1920,1080,128,128,7,128,256,50.0,ws,4692405.0,0.0,138931200,126498645.0,120268800.0,9045.0,6220800.0,134457300.0,127224000.0,1012500.0,6220800.0,138931200.0,962150400.0,72360.0,43545600.0,1005768360.0,127224000.0,1012500.0,6220800.0,134457300.0,1279156860.0,0.041472,accelergy_plugin,accelergy_component_library_table_plugin,8.0,7.0,1.0,1.0,4.692405,16384,76880363520.0,0.0,1.27915686,6.002322045648301,0.0383747058
1080p,1920,1080,128,128,7,128,256,200.0,is,24589530.0,12053880.0,138931200,127575000.0,120268800.0,1085400.0,6220800.0,3717991800.0,3711690000.0,81000.0,6220800.0,138931200.0,962150400.0,8683200.0,43545600.0,1014379200.0,3711690000.0,81000.0,6220800.0,3717991800.0,4871302200.0,0.010368,accelergy_plugin,accelergy_component_library_table_plugin,8.0,7.0,1.0,1.0,24.58953,16384,402874859520.0,49.020375745286714,4.8713022,119.78303158596599,0.146139066
1080p,1920,1080,128,128,7,128,256,200.0,os,22734600.0,13455150.0,138931200,135869400.0,120268800.0,1085400.0,14515200.0,3756106800.0,3748860000.0,1026000.0,6220800.0,138931200.0,962150400.0,8683200.0,101606400.0,1072440000.0,3748860000.0,1026000.0,6220800.0,3756106800.0,4967478000.0,0.010368,accelergy_plugin,accelergy_component_library_table_plugin,8.0,7.0,1.0,1.0,22.7346,16384,372483686400.0,59.18357921406139,4.967478,112.9336253388,0.14902434
1080p,1920,1080,128,128,7,128,256,200.0,ws,4360590.0,0.0,138931200,126498645.0,120268800.0,9045.0,6220800.0,134686800.0,127440000.0,1026000.0,6220800.0,138931200.0,962150400.0,72360.0,43545600.0,1005768360.0,127440000.0,1026000.0,6220800.0,134686800.0,1279386360.0,0.010368,accelergy_plugin,accelergy_component_library_table_plugin,8.0,7.0,1.0,1.0,4.36059,16384,71443906560.0,0.0,1.27938636,5.5788793675524,0.0383815908
1080p,1920,1080,128,128,7,128,256,800.0,is,12452685.0,0.0,138931200,127575000.0,120268800.0,1085400.0,6220800.0,3730708800.0,3724272000.0,216000.0,6220800.0,138931200.0,962150400.0,8683200.0,43545600.0,1014379200.0,3724272000.0,216000.0,6220800.0,3730708800.0,4884019200.0,0.008479687500000001,accelergy_plugin,accelergy_component_library_table_plugin,8.0,7.0,1.0,1.0,12.452685,16384,204024791040.0,0.0,4.8840192,60.819152631552,0.146520576
1080p,1920,1080,128,128,7,128,256,800.0,os,9196485.0,0.0,138931200,135869400.0,120268800.0,1085400.0,14515200.0,3768868800.0,3761568000.0,1080000.0,6220800.0,138931200.0,962150400.0,8683200.0,101606400.0,1072440000.0,3761568000.0,1080000.0,6220800.0,3768868800.0,4980240000.0,0.008479687500000001,accelergy_plugin,accelergy_component_library_table_plugin,8.0,7.0,1.0,1.0,9.196485000000001,16384,150675210240.0,0.0,4.98024,45.8007024564,0.1494072
1080p,1920,1080,128,128,7,128,256,800.0,ws,4277625.0,0.0,138931200,126498645.0,120268800.0,9045.0,6220800.0,135172800.0,127872000.0,1080000.0,6220800.0,138931200.0,962150400.0,72360.0,43545600.0,1005768360.0,127872000.0,1080000.0,6220800.0,135172800.0,1279872360.0,0.008479687500000001,accelergy_plugin,accelergy_component_library_table_plugin,8.0,7.0,1.0,1.0,4.2776250000000005,16384,70084608000.0,0.0,1.27987236,5.474814003945,0.0383961708
1080p,1920,1080,128,128,7,128,1024,50.0,is,19235985.0,5675880.0,138931200,127575000.0,120268800.0,1085400.0,6220800.0,626877300.0,620595750.0,60750.0,6220800.0,138931200.0,962150400.0,8683200.0,43545600.0,1014379200.0,620595750.0,60750.0,6220800.0,626877300.0,1780187700.0,0.041472,accelergy_plugin,accelergy_component_library_table_plugin,8.0,7.0,1.0,1.0,19.235985,16384,315162378240.0,29.506573227209316,1.7801877,34.2436638943845,0.053405631
1080p,1920,1080,128,128,7,128,1024,50.0,os,17164185.0,6860280.0,138931200,135869400.0,120268800.0,1085400.0,14515200.0,627829050.0,620595750.0,1012500.0,6220800.0,138931200.0,962150400.0,8683200.0,101606400.0,1072440000.0,620595750.0,1012500.0,6220800.0,627829050.0,1839200250.0,0.041472,accelergy_plugin,accelergy_component_library_table_plugin,8.0,7.0,1.0,1.0,17.164185,16384,281218007040.0,39.96857409775064,1.83920025,31.56837334304625,0.0551760075
1080p,1920,1080,128,128,7,128,1024,50.0,ws,5649015.0,0.0,138931200,126498645.0,120268800.0,9045.0,6220800.0,159485550.0,152252250.0,1012500.0,6220800.0,138931200.0,962150400.0,72360.0,43545600.0,1005768360.0,152252250.0,1012500.0,6220800.0,159485550.0,1304185110.0,0.041472,accelergy_plugin,accelergy_component_library_table_plugin,8.0,7.0,1.0,1.0,5.649015,16384,92553461760.0,0.0,1.30418511,7.36736124916665,0.0391255533
1080p,1920,1080,128,128,7,128,1024,200.0,is,12708840.0,0.0,138931200,127575000.0,120268800.0,1085400.0,6220800.0,627292800.0,620991000.0,81000.0,6220800.0,138931200.0,962150400.0,8683200.0,43545600.0,1014379200.0,620991000.0,81000.0,6220800.0,627292800.0,1780603200.0,0.010368,accelergy_plugin,accelergy_component_library_table_plugin,8.0,7.0,1.0,1.0,12.70884,16384,208221634560.0,0.0,1.7806032,22.629401172288002,0.053418096
1080p,1920,1080,128,128,7,128,1024,200.0,os,9452640.0,0.0,138931200,135869400.0,120268800.0,1085400.0,14515200.0,628237800.0,620991000.0,1026000.0,6220800.0,138931200.0,962150400.0,8683200.0,101606400.0,1072440000.0,620991000.0,1026000.0,6220800.0,628237800.0,1839609000.0,0.010368,accelergy_plugin,accelergy_component_library_table_plugin,8.0,7.0,1.0,1.0,9.45264,16384,154872053760.0,0.0,1.839609,17.389161617760003,0.05518827
1080p,1920,1080,128,128,7,128,1024,200.0,ws,4599810.0,0.0,138931200,126498645.0,120268800.0,9045.0,6220800.0,159595800.0,152349000.0,1026000.0,6220800.0,138931200.0,962150400.0,72360.0,43545600.0,1005768360.0,152349000.0,1026000.0,6220800.0,159595800.0,1304295360.0,0.010368,accelergy_plugin,accelergy_component_library_table_plugin,8.0,7.0,1.0,1.0,4.599810000000001,16384,75363287040.0,0.0,1.30429536,5.999510839881601,0.0391288608
1080p,1920,1080,128,128,7,128,1024,800.0,is,12496080.0,0.0,138931200,127575000.0,120268800.0,1085400.0,6220800.0,629008800.0,622572000.0,216000.0,6220800.0,138931200.0,962150400.0,8683200.0,43545600.0,1014379200.0,622572000.0,216000.0,6220800.0,629008800.0,1782319200.0,0.008479687500000001,accelergy_plugin,accelergy_component_library_table_plugin,8.0,7.0,1.0,1.0,12.49608,16384,204735774720.0,0.0,1.7823192,22.272003308736,0.053469576
1080p,1920,1080,128,128,7,128,1024,800.0,os,9239880.0,0.0,138931200,135869400.0,120268800.0,1085400.0,14515200.0,629872800.0,622572000.0,1080000.0,6220800.0,138931200.0,962150400.0,8683200.0,101606400.0,1072440000.0,622572000.0,1080000.0,6220800.0,629872800.0,1841244000.0,0.008479687500000001,accelergy_plugin,accelergy_component_library_table_plugin,8.0,7.0,1.0,1.0,9.239880000000001,16384,151386193920.0,0.0,1.841244,17.012873610720003,0.05523732
1080p,1920,1080,128,128,7,128,1024,800.0,ws,4337565.0,0.0,138931200,126498645.0,120268800.0,9045.0,6220800.0,160036800.0,152736000.0,1080000.0,6220800.0,138931200.0,962150400.0,72360.0,43545600.0,1005768360.0,152736000.0,1080000.0,6220800.0,160036800.0,1304736360.0,0.008479687500000001,accelergy_plugin,accelergy_component_library_table_plugin,8.0,7.0,1.0,1.0,4.337565,16384,71066664960.0,0.0,1.30473636,5.659378769363399,0.0391420908
1080p,1920,1080,128,128,7,128,4096,50.0,is,14954985.0,0.0,138931200,127575000.0,120268800.0,1085400.0,6220800.0,126560550.0,120279000.0,60750.0,6220800.0,138931200.0,962150400.0,8683200.0,43545600.0,1014379200.0,120279000.0,60750.0,6220800.0,126560550.0,1279870950.0,0.041472,accelergy_plugin,accelergy_component_library_table_plugin,8.0,7.0,1.0,1.0,14.954985,16384,245022474240.0,0.0,1.27987095,19.14045085918575,0.0383961285
1080p,1920,1080,128,128,7,128,4096,50.0,os,11698785.0,0.0,138931200,135869400.0,120268800.0,1085400.0,14515200.0,127512300.0,120279000.0,1012500.0,6220800.0,138931200.0,962150400.0,8683200.0,101606400.0,1072440000.0,120279000.0,1012500.0,6220800.0,127512300.0,1338883500.0,0.041472,accelergy_plugin,accelergy_component_library_table_plugin,8.0,7.0,1.0,1.0,11.698784999999999,16384,191672893440.0,0.0,1.3388835,15.663310206547498,0.040166505
1080p,1920,1080,128,128,7,128,4096,50.0,ws,9454395.0,0.0,138931200,126498645.0,120268800.0,9045.0,6220800.0,261235800.0,254002500.0,1012500.0,6220800.0,138931200.0,962150400.0,72360.0,43545600.0,1005768360.0,254002500.0,1012500.0,6220800.0,261235800.0,1405935360.0,0.041472,accelergy_plugin,accelergy_component_library_table_plugin,8.0,7.0,1.0,1.0,9.454395000000002,16384,154900807680.0,0.0,1.40593536,13.292268237907201,0.0421780608
1080p,1920,1080,128,128,7,128,4096,200.0,is,13057560.0,0.0,138931200,127575000.0,120268800.0,1085400.0,6220800.0,126613800.0,120312000.0,81000.0,6220800.0,138931200.0,962150400.0,8683200.0,43545600.0,1014379200.0,120312000.0,81000.0,6220800.0,126613800.0,1279924200.0,0.010368,accelergy_plugin,accelergy_component_library_table_plugin,8.0,7.0,1.0,1.0,13.057559999999999,16384,213935063040.0,0.0,1.2799242,16.712687036951998,0.038397726
1080p,1920,1080,128,128,7,128,4096,200.0,os,9801360.0,0.0,138931200,135869400.0,120268800.0,1085400.0,14515200.0,127558800.0,120312000.0,1026000.0,6220800.0,138931200.0,962150400.0,8683200.0,101606400.0,1072440000.0,120312000.0,1026000.0,6220800.0,127558800.0,1338930000.0,0.010368,accelergy_plugin,accelergy_component_library_table_plugin,8.0,7.0,1.0,1.0,9.80136,16384,160585482240.0,0.0,1.33893,13.1233349448,0.0401679
1080p,1920,1080,128,128,7,128,4096,200.0,ws,5551140.0,0.0,138931200,126498645.0,120268800.0,9045.0,6220800.0,261286800.0,254040000.0,1026000.0,6220800.0,138931200.0,962150400.0,72360.0,43545600.0,1005768360.0,254040000.0,1026000.0,6220800.0,261286800.0,1405986360.0,0.010368,accelergy_plugin,accelergy_component_library_table_plugin,8.0,7.0,1.0,1.0,5.55114,16384,90949877760.0,0.0,1.40598636,7.8048271224504004,0.0421795908
1080p,1920,1080,128,128,7,128,4096,800.0,is,12583200.0,0.0,138931200,127575000.0,120268800.0,1085400.0,6220800.0,126832800.0,120396000.0,216000.0,6220800.0,138931200.0,962150400.0,8683200.0,43545600.0,1014379200.0,120396000.0,216000.0,6220800.0,126832800.0,1280143200.0,0.008479687500000001,accelergy_plugin,accelergy_component_library_table_plugin,8.0,7.0,1.0,1.0,12.5832,16384,206163148800.0,0.0,1.2801432,16.108297914239998,0.038404296
1080p,1920,1080,128,128,7,128,4096,800.0,os,9327000.0,0.0,138931200,135869400.0,120268800.0,1085400.0,14515200.0,127696800.0,120396000.0,1080000.0,6220800.0,138931200.0,962150400.0,8683200.0,101606400.0,1072440000.0,120396000.0,1080000.0,6220800.0,127696800.0,1339068000.0,0.008479687500000001,accelergy_plugin,accelergy_component_library_table_plugin,8.0,7.0,1.0,1.0,9.327,16384,152813568000.0,0.0,1.339068,12.489487235999999,0.04017204
1080p,1920,1080,128,128,7,128,4096,800.0,ws,4575255.0,0.0,138931200,126498645.0,120268800.0,9045.0,6220800.0,261388800.0,254088000.0,1080000.0,6220800.0,138931200.0,962150400.0,72360.0,43545600.0,1005768360.0,254088000.0,1080000.0,6220800.0,261388800.0,1406088360.0,0.008479687500000001,accelergy_plugin,accelergy_component_library_table_plugin,8.0,7.0,1.0,1.0,4.575255,16384,74960977920.0,0.0,1.40608836,6.433212799531801,0.0421826508
1080p,1920,1080,128,128,11,8,256,50.0,os,41395665.0,0.0,288230400,320112000.0,269568000.0,36028800.0,14515200.0,805053300.0,798684000.0,148500.0,6220800.0,288230400.0,2156544000.0,288230400.0,101606400.0,2546380800.0,798684000.0,148500.0,6220800.0,805053300.0,3639664500.0,4.5036,accelergy_plugin,accelergy_component_library_table_plugin,8.0,7.0,1.0,1.0,41.395665,64,2649322560.0,0.0,3.6396645,150.6663323543925,0.109189935
1080p,1920,1080,128,128,11,8,256,50.0,ws,37801185.0,0.0,288230400,311058765.0,269568000.0,18765.0,41472000.0,318156000.0,276535500.0,148500.0,41472000.0,288230400.0,2156544000.0,150120.0,290304000.0,2446998120.0,276535500.0,148500.0,41472000.0,318156000.0,3053384520.0,4.5036,accelergy_plugin,accelergy_component_library_table_plugin,8.0,7.0,1.0,1.0,37.801185000000004,64,2419275840.0,0.0,3.05338452,115.4215531166562,0.0916015356
1080p,1920,1080,128,128,11,8,256,200.0,os,41063850.0,0.0,288230400,320112000.0,269568000.0,36028800.0,14515200.0,806422800.0,800040000.0,162000.0,6220800.0,288230400.0,2156544000.0,288230400.0,101606400.0,2546380800.0,800040000.0,162000.0,6220800.0,806422800.0,3641034000.0,4.5036,accelergy_plugin,accelergy_component_library_table_plugin,8.0,7.0,1.0,1.0,41.06385,64,2628086400.0,0.0,3.641034,149.5148740209,0.10923102
1080p,1920,1080,128,128,11,8,256,200.0,ws,37483890.0,0.0,288230400,311058765.0,269568000.0,18765.0,41472000.0,318639000.0,277005000.0,162000.0,41472000.0,288230400.0,2156544000.0,150120.0,290304000.0,2446998120.0,277005000.0,162000.0,41472000.0,318639000.0,3053867520.0,4.5036,accelergy_plugin,accelergy_component_library_table_plugin,8.0,7.0,1.0,1.0,37.48389,64,2398968960.0,0.0,3.05386752,114.4708341942528,0.0916160256
1080p,1920,1080,128,128,11,8,256,800.0,os,40980885.0,0.0,288230400,320112000.0,269568000.0,36028800.0,14515200.0,809296800.0,802752000.0,324000.0,6220800.0,288230400.0,2156544000.0,288230400.0,101606400.0,2546380800.0,802752000.0,324000.0,6220800.0,809296800.0,3643908000.0,4.5036,accelergy_plugin,accelergy_component_library_table_plugin,8.0,7.0,1.0,1.0,40.980885,64,2622776640.0,0.0,3.643908,149.33057469858002,0.10931724
1080p,1920,1080,128,128,11,8,256,800.0,ws,37404450.0,0.0,288230400,311058765.0,269568000.0,18765.0,41472000.0,319740000.0,277944000.0,324000.0,41472000.0,288230400.0,2156544000.0,150120.0,290304000.0,2446998120.0,277944000.0,324000.0,41472000.0,319740000.0,3054968520.0,4.5036,accelergy_plugin,accelergy_component_library_table_plugin,8.0,7.0,1.0,1.0,37.40445,64,2393884800.0,0.0,3.05496852,114.269417257914,0.0916490556
1080p,1920,1080,128,128,11,8,1024,50.0,is,109100460.0,0.0,288230400,347068800.0,269568000.0,36028800.0,41472000.0,3052101000.0,3010602000.0,27000.0,41472000.0,288230400.0,2156544000.0,288230400.0,290304000.0,2735078400.0,3010602000.0,27000.0,41472000.0,3052101000.0,6075409800.0,4.5036,accelergy_plugin,accelergy_component_library_table_plugin,8.0,7.0,1.0,1.0,109.10046,64,6982429440.0,0.0,6.0754098,662.830003868508,0.182262294
1080p,1920,1080,128,128,11,8,1024,50.0,os,42088305.0,0.0,288230400,320112000.0,269568000.0,36028800.0,14515200.0,520742550.0,514373250.0,148500.0,6220800.0,288230400.0,2156544000.0,288230400.0,101606400.0,2546380800.0,514373250.0,148500.0,6220800.0,520742550.0,3355353750.0,4.5036,accelergy_plugin,accelergy_component_library_table_plugin,8.0,7.0,1.0,1.0,42.088305,64,2693651520.0,0.0,3.35535375,141.22115201289375,0.1006606125
1080p,1920,1080,128,128,11,8,1024,50.0,ws,38879085.0,0.0,288230400,311058765.0,269568000.0,18765.0,41472000.0,340764000.0,299143500.0,148500.0,41472000.0,288230400.0,2156544000.0,150120.0,290304000.0,2446998120.0,299143500.0,148500.0,41472000.0,340764000.0,3075992520.0,4.5036,accelergy_plugin,accelergy_component_library_table_plugin,8.0,7.0,1.0,1.0,38.879085,64,2488261440.0,0.0,3.07599252,119.5917746444442,0.0922797756
1080p,1920,1080,128,128,11,8,1024,200.0,is,108145350.0,0.0,288230400,347068800.0,269568000.0,36028800.0,41472000.0,3054042000.0,3012516000.0,54000.0,41472000.0,288230400.0,2156544000.0,288230400.0,290304000.0,2735078400.0,3012516000.0,54000.0,41472000.0,3054042000.0,6077350800.0,4.5036,accelergy_plugin,accelergy_component_library_table_plugin,8.0,7.0,1.0,1.0,108.14535000000001,64,6921302400.0,0.0,6.0773508,657.23722933878,0.182320524
1080p,1920,1080,128,128,11,8,1024,200.0,os,41237040.0,0.0,288230400,320112000.0,269568000.0,36028800.0,14515200.0,521083800.0,514701000.0,162000.0,6220800.0,288230400.0,2156544000.0,288230400.0,101606400.0,2546380800.0,514701000.0,162000.0,6220800.0,521083800.0,3355695000.0,4.5036,accelergy_plugin,accelergy_component_library_table_plugin,8.0,7.0,1.0,1.0,41.23704,64,2639170560.0,0.0,3.355695,138.3789289428,0.10067085
1080p,1920,1080,128,128,11,8,1024,200.0,ws,37753335.0,0.0,288230400,311058765.0,269568000.0,18765.0,41472000.0,340968000.0,299334000.0,162000.0,41472000.0,288230400.0,2156544000.0,150120.0,290304000.0,2446998120.0,299334000.0,162000.0,41472000.0,340968000.0,3076196520.0,4.5036,accelergy_plugin,accelergy_component_library_table_plugin,8.0,7.0,1.0,1.0,37.753335,64,2416213440.0,0.0,3.07619652,116.1366777453942,0.0922858956
1080p,1920,1080,128,128,11,8,1024,800.0,is,107906535.0,0.0,288230400,347068800.0,269568000.0,36028800.0,41472000.0,3061860000.0,3020172000.0,216000.0,41472000.0,288230400.0,2156544000.0,288230400.0,290304000.0,2735078400.0,3020172000.0,216000.0,41472000.0,3061860000.0,6085168800.0,4.5036,accelergy_plugin,accelergy_component_library_table_plugin,8.0,7.0,1.0,1.0,107.90653499999999,64,6906018240.0,0.0,6.0851688,656.6294800981079,0.182555064
1080p,1920,1080,128,128,11,8,1024,800.0,os,41024280.0,0.0,288230400,320112000.0,269568000.0,36028800.0,14515200.0,522556800.0,516012000.0,324000.0,6220800.0,288230400.0,2156544000.0,288230400.0,101606400.0,2546380800.0,516012000.0,324000.0,6220800.0,522556800.0,3357168000.0,4.5036,accelergy_plugin,accelergy_component_library_table_plugin,8.0,7.0,1.0,1.0,41.024280000000005,64,2625553920.0,0.0,3.357168,137.72540003904,0.10071504
1080p,1920,1080,128,128,11,8,1024,800.0,ws,37471860.0,0.0,288230400,311058765.0,269568000.0,18765.0,41472000.0,341892000.0,300096000.0,324000.0,41472000.0,288230400.0,2156544000.0,150120.0,290304000.0,2446998120.0,300096000.0,324000.0,41472000.0,341892000.0,3077120520.0,4.5036,accelergy_plugin,accelergy_component_library_table_plugin,8.0,7.0,1.0,1.0,37.47186,64,2398199040.0,0.0,3.07712052,115.30542932856719,0.0923136156
1080p,1920,1080,128,128,11,8,4096,50.0,is,111554490.0,0.0,288230400,347068800.0,269568000.0,36028800.0,41472000.0,865843500.0,824344500.0,27000.0,41472000.0,288230400.0,2156544000.0,288230400.0,290304000.0,2735078400.0,824344500.0,27000.0,41472000.0,865843500.0,3889152300.0,4.5036,accelergy_plugin,accelergy_component_library_table_plugin,8.0,7.0,1.0,1.0,111.55449,64,7139487360.0,0.0,3.8891523,433.852401358827,0.116674569
1080p,1920,1080,128,128,11,8,4096,50.0,os,43975935.0,0.0,288230400,320112000.0,269568000.0,36028800.0,14515200.0,377761800.0,371392500.0,148500.0,6220800.0,288230400.0,2156544000.0,288230400.0,101606400.0,2546380800.0,371392500.0,148500.0,6220800.0,377761800.0,3212373000.0,4.5036,accelergy_plugin,accelergy_component_library_table_plugin,8.0,7.0,1.0,1.0,43.975935,64,2814459840.0,0.0,3.212373,141.267106243755,0.09637119
1080p,1920,1080,128,128,11,8,4096,50.0,ws,41410815.0,0.0,288230400,311058765.0,269568000.0,18765.0,41472000.0,428276250.0,386655750.0,148500.0,41472000.0,288230400.0,2156544000.0,150120.0,290304000.0,2446998120.0,386655750.0,148500.0,41472000.0,428276250.0,3163504770.0,4.5036,accelergy_plugin,accelergy_component_library_table_plugin,8.0,7.0,1.0,1.0,41.410815,64,2650292160.0,0.0,3.16350477,131.00331078208754,0.0949051431
1080p,1920,1080,128,128,11,8,4096,200.0,is,108758850.0,0.0,288230400,347068800.0,269568000.0,36028800.0,41472000.0,866010000.0,824484000.0,54000.0,41472000.0,288230400.0,2156544000.0,288230400.0,290304000.0,2735078400.0,824484000.0,54000.0,41472000.0,866010000.0,3889318800.0,4.5036,accelergy_plugin,accelergy_component_library_table_plugin,8.0,7.0,1.0,1.0,108.75885000000001,64,6960566400.0,0.0,3.8893188,422.99783997138,0.116679564
1080p,1920,1080,128,128,11,8,4096,200.0,os,41708940.0,0.0,288230400,320112000.0,269568000.0,36028800.0,14515200.0,377842800.0,371460000.0,162000.0,6220800.0,288230400.0,2156544000.0,288230400.0,101606400.0,2546380800.0,371460000.0,162000.0,6220800.0,377842800.0,3212454000.0,4.5036,accelergy_plugin,accelergy_component_library_table_plugin,8.0,7.0,1.0,1.0,41.70894,64,2669372160.0,0.0,3.212454,133.98805113876,0.09637362
1080p,1920,1080,128,128,11,8,4096,200.0,ws,38386200.0,0.0,288230400,311058765.0,269568000.0,18765.0,41472000.0,428352000.0,386718000.0,162000.0,41472000.0,288230400.0,2156544000.0,150120.0,290304000.0,2446998120.0,386718000.0,162000.0,41472000.0,428352000.0,3163580520.0,4.5036,accelergy_plugin,accelergy_component_library_table_plugin,8.0,7.0,1.0,1.0,38.3862,64,2456716800.0,0.0,3.16358052,121.437834556824,0.0949074156
1080p,1920,1080,128,128,11,8,4096,800.0,is,108059850.0,0.0,288230400,347068800.0,269568000.0,36028800.0,41472000.0,866400000.0,824712000.0,216000.0,41472000.0,288230400.0,2156544000.0,288230400.0,290304000.0,2735078400.0,824712000.0,216000.0,41472000.0,866400000.0,3889708800.0,4.5036,accelergy_plugin,accelergy_component_library_table_plugin,8.0,7.0,1.0,1.0,108.05985,64,6915830400.0,0.0,3.8897088,420.32134947168004,0.116691264
1080p,1920,1080,128,128,11,8,4096,800.0,os,41142195.0,0.0,288230400,320112000.0,269568000.0,36028800.0,14515200.0,378136800.0,371592000.0,324000.0,6220800.0,288230400.0,2156544000.0,288230400.0,101606400.0,2546380800.0,371592000.0,324000.0,6220800.0,378136800.0,3212748000.0,4.5036,accelergy_plugin,accelergy_component_library_table_plugin,8.0,7.0,1.0,1.0,41.142195,64,2633100480.0,0.0,3.212748,132.17950470186,0.09638244
1080p,1920,1080,128,128,11,8,4096,800.0,ws,37629945.0,0.0,288230400,311058765.0,269568000.0,18765.0,41472000.0,428616000.0,386820000.0,324000.0,41472000.0,288230400.0,2156544000.0,150120.0,290304000.0,2446998120.0,386820000.0,324000.0,41472000.0,428616000.0,3163844520.0,4.5036,accelergy_plugin,accelergy_component_library_table_plugin,8.0,7.0,1.0,1.0,37.629945,64,2408316480.0,0.0,3.16384452,119.0552952761514,0.0949153356
1080p,1920,1080,128,128,11,16,256,50.0,os,32949465.0,7883400.0,288230400,302097600.0,269568000.0,18014400.0,14515200.0,1334404800.0,1327900500.0,283500.0,6220800.0,288230400.0,2156544000.0,144115200.0,101606400.0,2402265600.0,1327900500.0,283500.0,6220800.0,1334404800.0,4024900800.0,1.1259,accelergy_plugin,accelergy_component_library_table_plugin,8.0,7.0,1.0,1.0,32.949465,256,8435063040.0,23.92572990183604,4.0249008,132.61832803807198,0.120747024
1080p,1920,1080,128,128,11,16,256,50.0,ws,19168080.0,0.0,288230400,290322765.0,269568000.0,18765.0,20736000.0,297555000.0,276535500.0,283500.0,20736000.0,288230400.0,2156544000.0,150120.0,145152000.0,2301846120.0,276535500.0,283500.0,20736000.0,297555000.0,2887631520.0,1.1259,accelergy_plugin,accelergy_component_library_table_plugin,8.0,7.0,1.0,1.0,19.16808,256,4907028480.0,0.0,2.88763152,55.350351985881595,0.0866289456
1080p,1920,1080,128,128,11,16,256,200.0,os,24734250.0,0.0,288230400,302097600.0,269568000.0,18014400.0,14515200.0,1336672800.0,1330155000.0,297000.0,6220800.0,288230400.0,2156544000.0,144115200.0,101606400.0,2402265600.0,1330155000.0,297000.0,6220800.0,1336672800.0,4027168800.0,1.1259,accelergy_plugin,accelergy_component_library_table_plugin,8.0,7.0,1.0,1.0,24.73425,256,6331968000.0,0.0,4.0271688,99.6089998914,0.120815064
1080p,1920,1080,128,128,11,16,256,200.0,ws,18830505.0,0.0,288230400,290322765.0,269568000.0,18765.0,20736000.0,298038000.0,277005000.0,297000.0,20736000.0,288230400.0,2156544000.0,150120.0,145152000.0,2301846120.0,277005000.0,297000.0,20736000.0,298038000.0,2888114520.0,1.1259,accelergy_plugin,accelergy_component_library_table_plugin,8.0,7.0,1.0,1.0,18.830505000000002,256,4820609280.0,0.0,2.88811452,54.384654909432605,0.0866434356
1080p,1920,1080,128,128,11,16,256,800.0,os,24651285.0,0.0,288230400,302097600.0,269568000.0,18014400.0,14515200.0,1341316800.0,1334664000.0,432000.0,6220800.0,288230400.0,2156544000.0,144115200.0,101606400.0,2402265600.0,1334664000.0,432000.0,6220800.0,1341316800.0,4031812800.0,1.1259,accelergy_plugin,accelergy_component_library_table_plugin,8.0,7.0,1.0,1.0,24.651284999999998,256,6310728960.0,0.0,4.0318128,99.389366399448,0.120954384
1080p,1920,1080,128,128,11,16,256,800.0,ws,18746040.0,0.0,288230400,290322765.0,269568000.0,18765.0,20736000.0,299112000.0,277944000.0,432000.0,20736000.0,288230400.0,2156544000.0,150120.0,145152000.0,2301846120.0,277944000.0,432000.0,20736000.0,299112000.0,2889188520.0,1.1259,accelergy_plugin,accelergy_component_library_table_plugin,8.0,7.0,1.0,1.0,18.746039999999997,256,4798986240.0,0.0,2.88918852,54.16084356346079,0.0866756556
1080p,1920,1080,128,128,11,16,1024,50.0,os,25758705.0,0.0,288230400,302097600.0,269568000.0,18014400.0,14515200.0,294269550.0,287765250.0,283500.0,6220800.0,288230400.0,2156544000.0,144115200.0,101606400.0,2402265600.0,287765250.0,283500.0,6220800.0,294269550.0,2984765550.0,1.1259,accelergy_plugin,accelergy_component_library_table_plugin,8.0,7.0,1.0,1.0,25.758705,256,6594228480.0,0.0,2.98476555,76.88369529661276,0.0895429665
1080p,1920,1080,128,128,11,16,1024,50.0,ws,20370885.0,0.0,288230400,290322765.0,269568000.0,18765.0,20736000.0,320163000.0,299143500.0,283500.0,20736000.0,288230400.0,2156544000.0,150120.0,145152000.0,2301846120.0,299143500.0,283500.0,20736000.0,320163000.0,2910239520.0,1.1259,accelergy_plugin,accelergy_component_library_table_plugin,8.0,7.0,1.0,1.0,20.370884999999998,256,5214946560.0,0.0,2.91023952,59.284154584375194,0.0873071856
1080p,1920,1080,128,128,11,16,1024,200.0,os,24907440.0,0.0,288230400,302097600.0,269568000.0,18014400.0,14515200.0,294466800.0,287949000.0,297000.0,6220800.0,288230400.0,2156544000.0,144115200.0,101606400.0,2402265600.0,287949000.0,297000.0,6220800.0,294466800.0,2984962800.0,1.1259,accelergy_plugin,accelergy_component_library_table_plugin,8.0,7.0,1.0,1.0,24.90744,256,6376304640.0,0.0,2.9849628,74.347781843232,0.089548884
1080p,1920,1080,128,128,11,16,1024,200.0,ws,19131300.0,0.0,288230400,290322765.0,269568000.0,18765.0,20736000.0,320367000.0,299334000.0,297000.0,20736000.0,288230400.0,2156544000.0,150120.0,145152000.0,2301846120.0,299334000.0,297000.0,20736000.0,320367000.0,2910443520.0,1.1259,accelergy_plugin,accelergy_component_library_table_plugin,8.0,7.0,1.0,1.0,19.1313,256,4897612800.0,0.0,2.91044352,55.680568114176,0.0873133056
1080p,1920,1080,128,128,11,16,1024,800.0,os,24694680.0,0.0,288230400,302097600.0,269568000.0,18014400.0,14515200.0,295336800.0,288684000.0,432000.0,6220800.0,288230400.0,2156544000.0,144115200.0,101606400.0,2402265600.0,288684000.0,432000.0,6220800.0,295336800.0,2985832800.0,1.1259,accelergy_plugin,accelergy_component_library_table_plugin,8.0,7.0,1.0,1.0,24.69468,256,6321838080.0,0.0,2.9858328,73.734185529504,0.089574984
1080p,1920,1080,128,128,11,16,1024,800.0,ws,18821340.0,0.0,288230400,290322765.0,269568000.0,18765.0,20736000.0,321264000.0,300096000.0,432000.0,20736000.0,288230400.0,2156544000.0,150120.0,145152000.0,2301846120.0,300096000.0,432000.0,20736000.0,321264000.0,2911340520.0,1.1259,accelergy_plugin,accelergy_component_library_table_plugin,8.0,7.0,1.0,1.0,18.82134,256,4818263040.0,0.0,2.91134052,54.7953297826968,0.0873402156
1080p,1920,1080,128,128,11,16,4096,50.0,is,58263060.0,0.0,288230400,308318400.0,269568000.0,18014400.0,20736000.0,845107500.0,824344500.0,27000.0,20736000.0,288230400.0,2156544000.0,144115200.0,145152000.0,2445811200.0,824344500.0,27000.0,20736000.0,845107500.0,3579149100.0,1.1259,accelergy_plugin,accelergy_component_library_table_plugin,8.0,7.0,1.0,1.0,58.263059999999996,256,14915343360.0,0.0,3.5791491,208.532178762246,0.107374473
1080p,1920,1080,128,128,11,16,4096,50.0,os,27646335.0,0.0,288230400,302097600.0,269568000.0,18014400.0,14515200.0,377896800.0,371392500.0,283500.0,6220800.0,288230400.0,2156544000.0,144115200.0,101606400.0,2402265600.0,371392500.0,283500.0,6220800.0,377896800.0,3068392800.0,1.1259,accelergy_plugin,accelergy_component_library_table_plugin,8.0,7.0,1.0,1.0,27.646335,256,7077461760.0,0.0,3.0683928,84.829815260388,0.092051784
1080p,1920,1080,128,128,11,16,4096,50.0,ws,22336215.0,0.0,288230400,290322765.0,269568000.0,18765.0,20736000.0,407675250.0,386655750.0,283500.0,20736000.0,288230400.0,2156544000.0,150120.0,145152000.0,2301846120.0,386655750.0,283500.0,20736000.0,407675250.0,2997751770.0,1.1259,accelergy_plugin,accelergy_component_library_table_plugin,8.0,7.0,1.0,1.0,22.336215,256,5718071040.0,0.0,2.99775177,66.95842805135054,0.0899325531
1080p,1920,1080,128,128,11,16,4096,200.0,is,55778385.0,0.0,288230400,308318400.0,269568000.0,18014400.0,20736000.0,845274000.0,824484000.0,54000.0,20736000.0,288230400.0,2156544000.0,144115200.0,145152000.0,2445811200.0,824484000.0,54000.0,20736000.0,845274000.0,3579315600.0,1.1259,accelergy_plugin,accelergy_component_library_table_plugin,8.0,7.0,1.0,1.0,55.778385,256,14279266560.0,0.0,3.5793156,199.648443573306,0.107379468
1080p,1920,1080,128,128,11,16,4096,200.0,os,25379340.0,0.0,288230400,302097600.0,269568000.0,18014400.0,14515200.0,377977800.0,371460000.0,297000.0,6220800.0,288230400.0,2156544000.0,144115200.0,101606400.0,2402265600.0,371460000.0,297000.0,6220800.0,377977800.0,3068473800.0,1.1259,accelergy_plugin,accelergy_component_library_table_plugin,8.0,7.0,1.0,1.0,25.37934,256,6497111040.0,0.0,3.0684738,77.875839851292,0.092054214
1080p,1920,1080,128,128,11,16,4096,200.0,ws,19622565.0,0.0,288230400,290322765.0,269568000.0,18765.0,20736000.0,407751000.0,386718000.0,297000.0,20736000.0,288230400.0,2156544000.0,150120.0,145152000.0,2301846120.0,386718000.0,297000.0,20736000.0,407751000.0,2997827520.0,1.1259,accelergy_plugin,accelergy_component_library_table_plugin,8.0,7.0,1.0,1.0,19.622565,256,5023376640.0,0.0,2.99782752,58.825065369988806,0.0899348256
1080p,1920,1080,128,128,11,16,4096,800.0,is,55157100.0,0.0,288230400,308318400.0,269568000.0,18014400.0,20736000.0,845664000.0,824712000.0,216000.0,20736000.0,288230400.0,2156544000.0,144115200.0,145152000.0,2445811200.0,824712000.0,216000.0,20736000.0,845664000.0,3579705600.0,1.1259,accelergy_plugin,accelergy_component_library_table_plugin,8.0,7.0,1.0,1.0,55.1571,256,14120217600.0,0.0,3.5797056,197.44617974976,0.107391168
1080p,1920,1080,128,128,11,16,4096,800.0,os,24812595.0,0.0,288230400,302097600.0,269568000.0,18014400.0,14515200.0,378244800.0,371592000.0,432000.0,6220800.0,288230400.0,2156544000.0,144115200.0,101606400.0,2402265600.0,371592000.0,432000.0,6220800.0,378244800.0,3068740800.0,1.1259,accelergy_plugin,accelergy_component_library_table_plugin,8.0,7.0,1.0,1.0,24.812594999999998,256,6352024320.0,0.0,3.0687408,76.143422630376,0.092062224
1080p,1920,1080,128,128,11,16,4096,800.0,ws,18944025.0,0.0,288230400,290322765.0,269568000.0,18765.0,20736000.0,407988000.0,386820000.0,432000.0,20736000.0,288230400.0,2156544000.0,150120.0,145152000.0,2301846120.0,386820000.0,432000.0,20736000.0,407988000.0,2998064520.0,1.1259,accelergy_plugin,accelergy_component_library_table_plugin,8.0,7.0,1.0,1.0,18.944025,256,4849670400.0,0.0,2.99806452,56.795409218493,0.0899419356
1080p,1920,1080,128,128,11,32,256,50.0,os,68146200.0,51244935.0,288230400,293090400.0,269568000.0,9007200.0,14515200.0,3256300800.0,3249513000.0,567000.0,6220800.0,288230400.0,2156544000.0,72057600.0,101606400.0,2330208000.0,3249513000.0,567000.0,6220800.0,3256300800.0,5874739200.0,0.281475,accelergy_plugin,accelergy_component_library_table_plugin,8.0,7.0,1.0,1.0,68.14620000000001,1024,69781708800.0,75.19852170774011,5.8747392,400.34115247104,0.176242176
1080p,1920,1080,128,128,11,32,256,50.0,ws,10856685.0,0.0,288230400,282028365.0,269568000.0,18765.0,12441600.0,289544100.0,276535500.0,567000.0,12441600.0,288230400.0,2156544000.0,150120.0,87091200.0,2243785320.0,276535500.0,567000.0,12441600.0,289544100.0,2821559820.0,0.281475,accelergy_plugin,accelergy_component_library_table_plugin,8.0,7.0,1.0,1.0,10.856684999999999,1024,11117245440.0,0.0,2.82155982,30.632786174396696,0.0846467946
1080p,1920,1080,128,128,11,32,256,200.0,os,20728920.0,4159470.0,288230400,293090400.0,269568000.0,9007200.0,14515200.0,3261844800.0,3255030000.0,594000.0,6220800.0,288230400.0,2156544000.0,72057600.0,101606400.0,2330208000.0,3255030000.0,594000.0,6220800.0,3261844800.0,5880283200.0,0.281475,accelergy_plugin,accelergy_component_library_table_plugin,8.0,7.0,1.0,1.0,20.728920000000002,1024,21226414080.0,20.06602370022172,5.8802832,121.89192003014401,0.176408496
1080p,1920,1080,128,128,11,32,256,200.0,ws,10537560.0,0.0,288230400,282028365.0,269568000.0,18765.0,12441600.0,290040600.0,277005000.0,594000.0,12441600.0,288230400.0,2156544000.0,150120.0,87091200.0,2243785320.0,277005000.0,594000.0,12441600.0,290040600.0,2822056320.0,0.281475,accelergy_plugin,accelergy_component_library_table_plugin,8.0,7.0,1.0,1.0,10.53756,1024,10790461440.0,0.0,2.82205632,29.7375877953792,0.0846616896
1080p,1920,1080,128,128,11,32,256,800.0,os,16486485.0,0.0,288230400,293090400.0,269568000.0,9007200.0,14515200.0,3272932800.0,3266064000.0,648000.0,6220800.0,288230400.0,2156544000.0,72057600.0,101606400.0,2330208000.0,3266064000.0,648000.0,6220800.0,3272932800.0,5891371200.0,0.281475,accelergy_plugin,accelergy_component_library_table_plugin,8.0,7.0,1.0,1.0,16.486485,1024,16882160640.0,0.0,5.8913712,97.12800291823199,0.176741136
1080p,1920,1080,128,128,11,32,256,800.0,ws,10457700.0,0.0,288230400,282028365.0,269568000.0,18765.0,12441600.0,291033600.0,277944000.0,648000.0,12441600.0,288230400.0,2156544000.0,150120.0,87091200.0,2243785320.0,277944000.0,648000.0,12441600.0,291033600.0,2823049320.0,0.281475,accelergy_plugin,accelergy_component_library_table_plugin,8.0,7.0,1.0,1.0,10.4577,1024,10708684800.0,0.0,2.82304932,29.522602873764,0.0846914796
1080p,1920,1080,128,128,11,32,1024,50.0,os,22071540.0,4477635.0,288230400,293090400.0,269568000.0,9007200.0,14515200.0,535324050.0,528536250.0,567000.0,6220800.0,288230400.0,2156544000.0,72057600.0,101606400.0,2330208000.0,528536250.0,567000.0,6220800.0,535324050.0,3153762450.0,0.281475,accelergy_plugin,accelergy_component_library_table_plugin,8.0,7.0,1.0,1.0,22.07154,1024,22601256960.0,20.28691699808894,3.15376245,69.608394065673,0.0946128735
1080p,1920,1080,128,128,11,32,1024,50.0,ws,11952540.0,0.0,288230400,282028365.0,269568000.0,18765.0,12441600.0,313872600.0,300864000.0,567000.0,12441600.0,288230400.0,2156544000.0,150120.0,87091200.0,2243785320.0,300864000.0,567000.0,12441600.0,313872600.0,2845888320.0,0.281475,accelergy_plugin,accelergy_component_library_table_plugin,8.0,7.0,1.0,1.0,11.952539999999999,1024,12239400960.0,0.0,2.84588832,34.015593980332795,0.0853766496
1080p,1920,1080,128,128,11,32,1024,200.0,os,16821240.0,78600.0,288230400,293090400.0,269568000.0,9007200.0,14515200.0,535687800.0,528873000.0,594000.0,6220800.0,288230400.0,2156544000.0,72057600.0,101606400.0,2330208000.0,528873000.0,594000.0,6220800.0,535687800.0,3154126200.0,0.281475,accelergy_plugin,accelergy_component_library_table_plugin,8.0,7.0,1.0,1.0,16.82124,1024,17224949760.0,0.4672663846422737,3.1541262,53.056313800488,0.094623786
1080p,1920,1080,128,128,11,32,1024,200.0,ws,10811550.0,0.0,288230400,282028365.0,269568000.0,18765.0,12441600.0,314088600.0,301053000.0,594000.0,12441600.0,288230400.0,2156544000.0,150120.0,87091200.0,2243785320.0,301053000.0,594000.0,12441600.0,314088600.0,2846104320.0,0.281475,accelergy_plugin,accelergy_component_library_table_plugin,8.0,7.0,1.0,1.0,10.81155,1024,11071027200.0,0.0,2.84610432,30.770799160896,0.0853831296
1080p,1920,1080,128,128,11,32,1024,800.0,os,16529880.0,0.0,288230400,293090400.0,269568000.0,9007200.0,14515200.0,537088800.0,530220000.0,648000.0,6220800.0,288230400.0,2156544000.0,72057600.0,101606400.0,2330208000.0,530220000.0,648000.0,6220800.0,537088800.0,3155527200.0,0.281475,accelergy_plugin,accelergy_component_library_table_plugin,8.0,7.0,1.0,1.0,16.52988,1024,16926597120.0,0.0,3.1555272,52.160485952735996,0.094665816
1080p,1920,1080,128,128,11,32,1024,800.0,ws,10526265.0,0.0,288230400,282028365.0,269568000.0,18765.0,12441600.0,314901600.0,301812000.0,648000.0,12441600.0,288230400.0,2156544000.0,150120.0,87091200.0,2243785320.0,301812000.0,648000.0,12441600.0,314901600.0,2846917320.0,0.281475,accelergy_plugin,accelergy_component_library_table_plugin,8.0,7.0,1.0,1.0,10.526265,1024,10778895360.0,0.0,2.84691732,29.967406143409804,0.0854075196
1080p,1920,1080,128,128,11,32,4096,50.0,is,33991545.0,0.0,288230400,291016800.0,269568000.0,9007200.0,12441600.0,836819850.0,824344500.0,33750.0,12441600.0,288230400.0,2156544000.0,72057600.0,87091200.0,2315692800.0,824344500.0,33750.0,12441600.0,836819850.0,3440743050.0,0.281475,accelergy_plugin,accelergy_component_library_table_plugin,8.0,7.0,1.0,1.0,33.991544999999995,1024,34807342080.0,0.0,3.44074305,116.95617221751223,0.1032222915
1080p,1920,1080,128,128,11,32,4096,50.0,os,19481535.0,0.0,288230400,293090400.0,269568000.0,9007200.0,14515200.0,378180300.0,371392500.0,567000.0,6220800.0,288230400.0,2156544000.0,72057600.0,101606400.0,2330208000.0,371392500.0,567000.0,6220800.0,378180300.0,2996618700.0,0.281475,accelergy_plugin,accelergy_component_library_table_plugin,8.0,7.0,1.0,1.0,19.481535,1024,19949091840.0,0.0,2.9966187,58.3787320857045,0.089898561
1080p,1920,1080,128,128,11,32,4096,50.0,ws,14547030.0,0.0,288230400,282028365.0,269568000.0,18765.0,12441600.0,432842850.0,419834250.0,567000.0,12441600.0,288230400.0,2156544000.0,150120.0,87091200.0,2243785320.0,419834250.0,567000.0,12441600.0,432842850.0,2964858570.0,0.281475,accelergy_plugin,accelergy_component_library_table_plugin,8.0,7.0,1.0,1.0,14.547030000000001,1024,14896158720.0,0.0,2.96485857,43.1298865635471,0.0889457571
1080p,1920,1080,128,128,11,32,4096,200.0,is,31631280.0,0.0,288230400,291016800.0,269568000.0,9007200.0,12441600.0,836979600.0,824484000.0,54000.0,12441600.0,288230400.0,2156544000.0,72057600.0,87091200.0,2315692800.0,824484000.0,54000.0,12441600.0,836979600.0,3440902800.0,0.281475,accelergy_plugin,accelergy_component_library_table_plugin,8.0,7.0,1.0,1.0,31.631279999999997,1024,32390430720.0,0.0,3.4409028,108.84015991958398,0.103227084
1080p,1920,1080,128,128,11,32,4096,200.0,os,17214540.0,0.0,288230400,293090400.0,269568000.0,9007200.0,14515200.0,378274800.0,371460000.0,594000.0,6220800.0,288230400.0,2156544000.0,72057600.0,101606400.0,2330208000.0,371460000.0,594000.0,6220800.0,378274800.0,2996713200.0,0.281475,accelergy_plugin,accelergy_component_library_table_plugin,8.0,7.0,1.0,1.0,17.21454,1024,17627688960.0,0.0,2.9967132,51.587039249928,0.089901396
1080p,1920,1080,128,128,11,32,4096,200.0,ws,11460135.0,0.0,288230400,282028365.0,269568000.0,18765.0,12441600.0,432936600.0,419901000.0,594000.0,12441600.0,288230400.0,2156544000.0,150120.0,87091200.0,2243785320.0,419901000.0,594000.0,12441600.0,432936600.0,2964952320.0,0.281475,accelergy_plugin,accelergy_component_library_table_plugin,8.0,7.0,1.0,1.0,11.460135,1024,11735178240.0,0.0,2.96495232,33.9787538557632,0.0889485696
1080p,1920,1080,128,128,11,32,4096,800.0,is,31041120.0,0.0,288230400,291016800.0,269568000.0,9007200.0,12441600.0,837369600.0,824712000.0,216000.0,12441600.0,288230400.0,2156544000.0,72057600.0,87091200.0,2315692800.0,824712000.0,216000.0,12441600.0,837369600.0,3441292800.0,0.281475,accelergy_plugin,accelergy_component_library_table_plugin,8.0,7.0,1.0,1.0,31.04112,1024,31786106880.0,0.0,3.4412928,106.82158275993599,0.103238784
1080p,1920,1080,128,128,11,32,4096,800.0,os,16647795.0,0.0,288230400,293090400.0,269568000.0,9007200.0,14515200.0,378460800.0,371592000.0,648000.0,6220800.0,288230400.0,2156544000.0,72057600.0,101606400.0,2330208000.0,371592000.0,648000.0,6220800.0,378460800.0,2996899200.0,0.281475,accelergy_plugin,accelergy_component_library_table_plugin,8.0,7.0,1.0,1.0,16.647795,1024,17047342080.0,0.0,2.9968992,49.891763517263996,0.089906976
1080p,1920,1080,128,128,11,32,4096,800.0,ws,10688310.0,0.0,288230400,282028365.0,269568000.0,18765.0,12441600.0,433113600.0,420024000.0,648000.0,12441600.0,288230400.0,2156544000.0,150120.0,87091200.0,2243785320.0,420024000.0,648000.0,12441600.0,433113600.0,2965129320.0,0.281475,accelergy_plugin,accelergy_component_library_table_plugin,8.0,7.0,1.0,1.0,10.68831,1024,10944829440.0,0.0,2.96512932,31.6922213622492,0.0889538796
1080p,1920,1080,128,128,11,64,256,50.0,os,114086820.0,101267955.0,288230400,288586800.0,269568000.0,4503600.0,14515200.0,5553961050.0,5546613000.0,1127250.0,6220800.0,288230400.0,2156544000.0,36028800.0,101606400.0,2294179200.0,5546613000.0,1127250.0,6220800.0,5553961050.0,8136370650.0,0.07036875,accelergy_plugin,accelergy_component_library_table_plugin,8.0,7.0,1.0,1.0,114.08682,4096,467299614720.0,88.76393872666448,8.13637065,928.2526537998331,0.2440911195
1080p,1920,1080,128,128,11,64,256,50.0,ws,7610730.0,829410.0,288230400,277881165.0,269568000.0,18765.0,8294400.0,285957150.0,276535500.0,1127250.0,8294400.0,288230400.0,2156544000.0,150120.0,58060800.0,2214754920.0,276535500.0,1127250.0,8294400.0,285957150.0,2788942470.0,0.07036875,accelergy_plugin,accelergy_component_library_table_plugin,8.0,7.0,1.0,1.0,7.610729999999999,4096,31173550080.0,10.897903354868719,2.78894247,21.225888124703097,0.0836682741
1080p,1920,1080,128,128,11,64,256,200.0,os,32087085.0,19600035.0,288230400,288586800.0,269568000.0,4503600.0,14515200.0,5563384800.0,5556030000.0,1134000.0,6220800.0,288230400.0,2156544000.0,36028800.0,101606400.0,2294179200.0,5556030000.0,1134000.0,6220800.0,5563384800.0,8145794400.0,0.07036875,accelergy_plugin,accelergy_component_library_table_plugin,8.0,7.0,1.0,1.0,32.087085,4096,131428700160.0,61.08387533488941,8.1457944,261.374797305324,0.244373832
1080p,1920,1080,128,128,11,64,256,200.0,ws,6418380.0,0.0,288230400,277881165.0,269568000.0,18765.0,8294400.0,286433400.0,277005000.0,1134000.0,8294400.0,288230400.0,2156544000.0,150120.0,58060800.0,2214754920.0,277005000.0,1134000.0,8294400.0,286433400.0,2789418720.0,0.07036875,accelergy_plugin,accelergy_component_library_table_plugin,8.0,7.0,1.0,1.0,6.41838,4096,26289684480.0,0.0,2.78941872,17.9035493240736,0.0836825616
1080p,1920,1080,128,128,11,64,256,800.0,os,12976950.0,572865.0,288230400,288586800.0,269568000.0,4503600.0,14515200.0,5582272800.0,5574864000.0,1188000.0,6220800.0,288230400.0,2156544000.0,36028800.0,101606400.0,2294179200.0,5574864000.0,1188000.0,6220800.0,5582272800.0,8164682400.0,0.07036875,accelergy_plugin,accelergy_component_library_table_plugin,8.0,7.0,1.0,1.0,12.976949999999999,4096,53153587200.0,4.414481060649845,8.1646824,105.95267527067999,0.244940472
1080p,1920,1080,128,128,11,64,256,800.0,ws,6327570.0,0.0,288230400,277881165.0,269568000.0,18765.0,8294400.0,287426400.0,277944000.0,1188000.0,8294400.0,288230400.0,2156544000.0,150120.0,58060800.0,2214754920.0,277944000.0,1188000.0,8294400.0,287426400.0,2790411720.0,0.07036875,accelergy_plugin,accelergy_component_library_table_plugin,8.0,7.0,1.0,1.0,6.327570000000001,4096,25917726720.0,0.0,2.79041172,17.6565254871204,0.0837123516
1080p,1920,1080,128,128,11,64,1024,50.0,os,40325220.0,26813715.0,288230400,288586800.0,269568000.0,4503600.0,14515200.0,1750361550.0,1743013500.0,1127250.0,6220800.0,288230400.0,2156544000.0,36028800.0,101606400.0,2294179200.0,1743013500.0,1127250.0,6220800.0,1750361550.0,4332771150.0,0.07036875,accelergy_plugin,accelergy_component_library_table_plugin,8.0,7.0,1.0,1.0,40.32522,4096,165172101120.0,66.49366079093927,4.33277115,174.719949833403,0.1299831345
1080p,1920,1080,128,128,11,64,1024,50.0,ws,8554950.0,817020.0,288230400,277881165.0,269568000.0,18765.0,8294400.0,310385400.0,300963750.0,1127250.0,8294400.0,288230400.0,2156544000.0,150120.0,58060800.0,2214754920.0,300963750.0,1127250.0,8294400.0,310385400.0,2813370720.0,0.07036875,accelergy_plugin,accelergy_component_library_table_plugin,8.0,7.0,1.0,1.0,8.55495,4096,35041075200.0,9.550260375572037,2.81337072,24.068245841063998,0.0844011216
1080p,1920,1080,128,128,11,64,1024,200.0,os,13830360.0,1170120.0,288230400,288586800.0,269568000.0,4503600.0,14515200.0,1751476800.0,1744122000.0,1134000.0,6220800.0,288230400.0,2156544000.0,36028800.0,101606400.0,2294179200.0,1744122000.0,1134000.0,6220800.0,1751476800.0,4333886400.0,0.07036875,accelergy_plugin,accelergy_component_library_table_plugin,8.0,7.0,1.0,1.0,13.83036,4096,56649154560.0,8.460517296729803,4.3338864,59.939209111104,0.130016592
1080p,1920,1080,128,128,11,64,1024,200.0,ws,6657600.0,0.0,288230400,277881165.0,269568000.0,18765.0,8294400.0,310583400.0,301155000.0,1134000.0,8294400.0,288230400.0,2156544000.0,150120.0,58060800.0,2214754920.0,301155000.0,1134000.0,8294400.0,310583400.0,2813568720.0,0.07036875,accelergy_plugin,accelergy_component_library_table_plugin,8.0,7.0,1.0,1.0,6.6575999999999995,4096,27269529600.0,0.0,2.81356872,18.731615110272,0.0844070616
1080p,1920,1080,128,128,11,64,1024,800.0,is,18670815.0,0.0,288230400,282366000.0,269568000.0,4503600.0,8294400.0,3511754400.0,3503244000.0,216000.0,8294400.0,288230400.0,2156544000.0,36028800.0,58060800.0,2250633600.0,3503244000.0,216000.0,8294400.0,3511754400.0,6050618400.0,0.07036875,accelergy_plugin,accelergy_component_library_table_plugin,8.0,7.0,1.0,1.0,18.670815,4096,76475658240.0,0.0,6.0506184,112.96997678199601,0.181518552
1080p,1920,1080,128,128,11,64,1024,800.0,os,12447480.0,0.0,288230400,288586800.0,269568000.0,4503600.0,14515200.0,1755964800.0,1748556000.0,1188000.0,6220800.0,288230400.0,2156544000.0,36028800.0,101606400.0,2294179200.0,1748556000.0,1188000.0,6220800.0,1755964800.0,4338374400.0,0.07036875,accelergy_plugin,accelergy_component_library_table_plugin,8.0,7.0,1.0,1.0,12.44748,4096,50984878080.0,0.0,4.3383744,54.001828576512004,0.130151232
1080p,1920,1080,128,128,11,64,1024,800.0,ws,6387510.0,0.0,288230400,277881165.0,269568000.0,18765.0,8294400.0,311402400.0,301920000.0,1188000.0,8294400.0,288230400.0,2156544000.0,150120.0,58060800.0,2214754920.0,301920000.0,1188000.0,8294400.0,311402400.0,2814387720.0,0.07036875,accelergy_plugin,accelergy_component_library_table_plugin,8.0,7.0,1.0,1.0,6.38751,4096,26163240960.0,0.0,2.81438772,17.9769297053772,0.0844316316
1080p,1920,1080,128,128,11,64,4096,50.0,is,27011640.0,5350200.0,288230400,282366000.0,269568000.0,4503600.0,8294400.0,832679400.0,824344500.0,40500.0,8294400.0,288230400.0,2156544000.0,36028800.0,58060800.0,2250633600.0,824344500.0,40500.0,8294400.0,832679400.0,3371543400.0,0.07036875,accelergy_plugin,accelergy_component_library_table_plugin,8.0,7.0,1.0,1.0,27.01164,4096,110639677440.0,19.807016530651232,3.3715434,91.070916565176,0.101146302
1080p,1920,1080,128,128,11,64,4096,50.0,os,24458655.0,9059520.0,288230400,288586800.0,269568000.0,4503600.0,14515200.0,831692550.0,824344500.0,1127250.0,6220800.0,288230400.0,2156544000.0,36028800.0,101606400.0,2294179200.0,824344500.0,1127250.0,6220800.0,831692550.0,3414102150.0,0.07036875,accelergy_plugin,accelergy_component_library_table_plugin,8.0,7.0,1.0,1.0,24.458655,4096,100182650880.0,37.0401397787409,3.41410215,83.50434662160825,0.1024230645
1080p,1920,1080,128,128,11,64,4096,50.0,ws,12373365.0,967680.0,288230400,277881165.0,269568000.0,18765.0,8294400.0,483018900.0,473597250.0,1127250.0,8294400.0,288230400.0,2156544000.0,150120.0,58060800.0,2214754920.0,473597250.0,1127250.0,8294400.0,483018900.0,2986004220.0,0.07036875,accelergy_plugin,accelergy_component_library_table_plugin,8.0,7.0,1.0,1.0,12.373365000000002,4096,50681303040.0,7.820669639988799,2.98600422,36.946920105600306,0.0895801266
1080p,1920,1080,128,128,11,64,4096,200.0,is,19363320.0,0.0,288230400,282366000.0,269568000.0,4503600.0,8294400.0,832832400.0,824484000.0,54000.0,8294400.0,288230400.0,2156544000.0,36028800.0,58060800.0,2250633600.0,824484000.0,54000.0,8294400.0,832832400.0,3371696400.0,0.07036875,accelergy_plugin,accelergy_component_library_table_plugin,8.0,7.0,1.0,1.0,19.363319999999998,4096,79312158720.0,0.0,3.3716964,65.287236336048,0.101150892
1080p,1920,1080,128,128,11,64,4096,200.0,os,13132140.0,0.0,288230400,288586800.0,269568000.0,4503600.0,14515200.0,831838800.0,824484000.0,1134000.0,6220800.0,288230400.0,2156544000.0,36028800.0,101606400.0,2294179200.0,824484000.0,1134000.0,6220800.0,831838800.0,3414248400.0,0.07036875,accelergy_plugin,accelergy_component_library_table_plugin,8.0,7.0,1.0,1.0,13.13214,4096,53789245440.0,0.0,3.4142484,44.836387983575996,0.102427452
1080p,1920,1080,128,128,11,64,4096,200.0,ws,7574520.0,0.0,288230400,277881165.0,269568000.0,18765.0,8294400.0,483098400.0,473670000.0,1134000.0,8294400.0,288230400.0,2156544000.0,150120.0,58060800.0,2214754920.0,473670000.0,1134000.0,8294400.0,483098400.0,2986083720.0,0.07036875,accelergy_plugin,accelergy_component_library_table_plugin,8.0,7.0,1.0,1.0,7.574520000000001,4096,31025233920.0,0.0,2.98608372,22.6181508588144,0.0895825116
1080p,1920,1080,128,128,11,64,4096,800.0,is,18788730.0,0.0,288230400,282366000.0,269568000.0,4503600.0,8294400.0,833222400.0,824712000.0,216000.0,8294400.0,288230400.0,2156544000.0,36028800.0,58060800.0,2250633600.0,824712000.0,216000.0,8294400.0,833222400.0,3372086400.0,0.07036875,accelergy_plugin,accelergy_component_library_table_plugin,8.0,7.0,1.0,1.0,18.78873,4096,76958638080.0,0.0,3.3720864,63.357220906272005,0.101162592
1080p,1920,1080,128,128,11,64,4096,800.0,os,12565395.0,0.0,288230400,288586800.0,269568000.0,4503600.0,14515200.0,832120800.0,824712000.0,1188000.0,6220800.0,288230400.0,2156544000.0,36028800.0,101606400.0,2294179200.0,824712000.0,1188000.0,6220800.0,832120800.0,3414530400.0,0.07036875,accelergy_plugin,accelergy_component_library_table_plugin,8.0,7.0,1.0,1.0,12.565395,4096,51467857920.0,0.0,3.4145304,42.904923215508,0.102435912
1080p,1920,1080,128,128,11,64,4096,800.0,ws,6616605.0,0.0,288230400,277881165.0,269568000.0,18765.0,8294400.0,483254400.0,473772000.0,1188000.0,8294400.0,288230400.0,2156544000.0,150120.0,58060800.0,2214754920.0,473772000.0,1188000.0,8294400.0,483254400.0,2986239720.0,0.07036875,accelergy_plugin,accelergy_component_library_table_plugin,8.0,7.0,1.0,1.0,6.616605,4096,27101614080.0,0.0,2.98623972,19.758768662550597,0.0895871916
1080p,1920,1080,128,128,11,128,256,50.0,ws,7616715.0,2924310.0,288230400,275807565.0,269568000.0,18765.0,6220800.0,284720550.0,276535500.0,1964250.0,6220800.0,288230400.0,2156544000.0,150120.0,43545600.0,2200239720.0,276535500.0,1964250.0,6220800.0,284720550.0,2773190670.0,0.041472,accelergy_plugin,accelergy_component_library_table_plugin,8.0,7.0,1.0,1.0,7.616714999999999,16384,124792258560.0,38.39332310582712,2.77319067,21.122602974049048,0.0831957201
1080p,1920,1080,128,128,11,128,256,200.0,ws,4360590.0,0.0,288230400,275807565.0,269568000.0,18765.0,6220800.0,285196800.0,277005000.0,1971000.0,6220800.0,288230400.0,2156544000.0,150120.0,43545600.0,2200239720.0,277005000.0,1971000.0,6220800.0,285196800.0,2773666920.0,0.0175921875,accelergy_plugin,accelergy_component_library_table_plugin,8.0,7.0,1.0,1.0,4.36059,16384,71443906560.0,0.0,2.77366692,12.0948242346828,0.0832100076
1080p,1920,1080,128,128,11,128,256,800.0,ws,4277625.0,0.0,288230400,275807565.0,269568000.0,18765.0,6220800.0,286216800.0,277944000.0,2052000.0,6220800.0,288230400.0,2156544000.0,150120.0,43545600.0,2200239720.0,277944000.0,2052000.0,6220800.0,286216800.0,2774686920.0,0.0175921875,accelergy_plugin,accelergy_component_library_table_plugin,8.0,7.0,1.0,1.0,4.2776250000000005,16384,70084608000.0,0.0,2.77468692,11.869070136165002,0.0832406076
1080p,1920,1080,128,128,11,128,1024,50.0,ws,8470005.0,2820990.0,288230400,275807565.0,269568000.0,18765.0,6220800.0,309439050.0,300963750.0,2254500.0,6220800.0,288230400.0,2156544000.0,150120.0,43545600.0,2200239720.0,300963750.0,2254500.0,6220800.0,309439050.0,2797909170.0,0.041472,accelergy_plugin,accelergy_component_library_table_plugin,8.0,7.0,1.0,1.0,8.470004999999999,16384,138772561920.0,33.30564739926364,2.79790917,23.698304659445846,0.0839372751
1080p,1920,1080,128,128,11,128,1024,200.0,ws,4599810.0,0.0,288230400,275807565.0,269568000.0,18765.0,6220800.0,309643800.0,301155000.0,2268000.0,6220800.0,288230400.0,2156544000.0,150120.0,43545600.0,2200239720.0,301155000.0,2268000.0,6220800.0,309643800.0,2798113920.0,0.0175921875,accelergy_plugin,accelergy_component_library_table_plugin,8.0,7.0,1.0,1.0,4.599810000000001,16384,75363287040.0,0.0,2.79811392,12.870792390355202,0.0839434176
1080p,1920,1080,128,128,11,128,1024,800.0,ws,4337565.0,0.0,288230400,275807565.0,269568000.0,18765.0,6220800.0,310516800.0,301920000.0,2376000.0,6220800.0,288230400.0,2156544000.0,150120.0,43545600.0,2200239720.0,301920000.0,2376000.0,6220800.0,310516800.0,2798986920.0,0.0175921875,accelergy_plugin,accelergy_component_library_table_plugin,8.0,7.0,1.0,1.0,4.337565,16384,71066664960.0,0.0,2.79898692,12.140787699649799,0.0839696076
1080p,1920,1080,128,128,11,128,4096,50.0,is,24507255.0,9059520.0,288230400,278040600.0,269568000.0,2251800.0,6220800.0,830626050.0,824344500.0,60750.0,6220800.0,288230400.0,2156544000.0,18014400.0,43545600.0,2218104000.0,824344500.0,60750.0,6220800.0,830626050.0,3336960450.0,0.041472,accelergy_plugin,accelergy_component_library_table_plugin,8.0,7.0,1.0,1.0,24.507254999999997,16384,401526865920.0,36.966685987475955,3.33696045,81.77974067306474,0.1001088135
1080p,1920,1080,128,128,11,128,4096,50.0,os,22417455.0,9059520.0,288230400,286335000.0,269568000.0,2251800.0,14515200.0,832819800.0,824344500.0,2254500.0,6220800.0,288230400.0,2156544000.0,18014400.0,101606400.0,2276164800.0,824344500.0,2254500.0,6220800.0,832819800.0,3397215000.0,0.041472,accelergy_plugin,accelergy_component_library_table_plugin,8.0,7.0,1.0,1.0,22.417455,16384,367287582720.0,40.41279440507408,3.397215,76.156914387825,0.10191645
1080p,1920,1080,128,128,11,128,4096,50.0,ws,12112395.0,2658000.0,288230400,275807565.0,269568000.0,18765.0,6220800.0,488953800.0,480478500.0,2254500.0,6220800.0,288230400.0,2156544000.0,150120.0,43545600.0,2200239720.0,480478500.0,2254500.0,6220800.0,488953800.0,2977423920.0,0.041472,accelergy_plugin,accelergy_component_library_table_plugin,8.0,7.0,1.0,1.0,12.112395,16384,198449479680.0,21.944462676456638,2.97742392,36.0637346014884,0.0893227176
1080p,1920,1080,128,128,11,128,4096,200.0,is,13180740.0,0.0,288230400,278040600.0,269568000.0,2251800.0,6220800.0,830785800.0,824484000.0,81000.0,6220800.0,288230400.0,2156544000.0,18014400.0,43545600.0,2218104000.0,824484000.0,81000.0,6220800.0,830785800.0,3337120200.0,0.0175921875,accelergy_plugin,accelergy_component_library_table_plugin,8.0,7.0,1.0,1.0,13.18074,16384,215953244160.0,0.0,3.3371202,43.985713704948004,0.100113606
1080p,1920,1080,128,128,11,128,4096,200.0,os,11090940.0,0.0,288230400,286335000.0,269568000.0,2251800.0,14515200.0,832972800.0,824484000.0,2268000.0,6220800.0,288230400.0,2156544000.0,18014400.0,101606400.0,2276164800.0,824484000.0,2268000.0,6220800.0,832972800.0,3397368000.0,0.0175921875,accelergy_plugin,accelergy_component_library_table_plugin,8.0,7.0,1.0,1.0,11.09094,16384,181713960960.0,0.0,3.397368,37.68000464592,0.10192104
1080p,1920,1080,128,128,11,128,4096,200.0,ws,5551140.0,0.0,288230400,275807565.0,269568000.0,18765.0,6220800.0,489040800.0,480552000.0,2268000.0,6220800.0,288230400.0,2156544000.0,150120.0,43545600.0,2200239720.0,480552000.0,2268000.0,6220800.0,489040800.0,2977510920.0,0.0175921875,accelergy_plugin,accelergy_component_library_table_plugin,8.0,7.0,1.0,1.0,5.55114,16384,90949877760.0,0.0,2.97751092,16.5285799684488,0.0893253276
1080p,1920,1080,128,128,11,128,4096,800.0,is,12613995.0,0.0,288230400,278040600.0,269568000.0,2251800.0,6220800.0,831148800.0,824712000.0,216000.0,6220800.0,288230400.0,2156544000.0,18014400.0,43545600.0,2218104000.0,824712000.0,216000.0,6220800.0,831148800.0,3337483200.0,0.0175921875,accelergy_plugin,accelergy_component_library_table_plugin,8.0,7.0,1.0,1.0,12.613995,16384,206667694080.0,0.0,3.3374832,42.098996397384,0.100124496
1080p,1920,1080,128,128,11,128,4096,800.0,os,10524195.0,0.0,288230400,286335000.0,269568000.0,2251800.0,14515200.0,833308800.0,824712000.0,2376000.0,6220800.0,288230400.0,2156544000.0,18014400.0,101606400.0,2276164800.0,824712000.0,2376000.0,6220800.0,833308800.0,3397704000.0,0.0175921875,accelergy_plugin,accelergy_component_library_table_plugin,8.0,7.0,1.0,1.0,10.524195,16384,172428410880.0,0.0,3.397704,35.75809944828,0.10193112
1080p,1920,1080,128,128,11,128,4096,800.0,ws,4575255.0,0.0,288230400,275807565.0,269568000.0,18765.0,6220800.0,489244800.0,480648000.0,2376000.0,6220800.0,288230400.0,2156544000.0,150120.0,43545600.0,2200239720.0,480648000.0,2376000.0,6220800.0,489244800.0,2977714920.0,0.0175921875,accelergy_plugin,accelergy_component_library_table_plugin,8.0,7.0,1.0,1.0,4.575255,16384,74960977920.0,0.0,2.97771492,13.6238050763046,0.0893314476
720p,1280,720,128,128,3,8,256,50.0,is,11021720.0,0.0,24883200,25228800.0,16588800.0,3110400.0,5529600.0,84461600.0,78926000.0,6000.0,5529600.0,24883200.0,132710400.0,24883200.0,38707200.0,196300800.0,78926000.0,6000.0,5529600.0,84461600.0,305645600.0,0.38880000000000003,accelergy_plugin,accelergy_component_library_table_plugin,8.0,7.0,1.0,1.0,11.02172,64,705390080.0,0.0,0.3056456,3.368740222432,0.009169368
720p,1280,720,128,128,3,8,256,50.0,os,5495670.0,0.0,24883200,26150400.0,16588800.0,3110400.0,6451200.0,52252800.0,49476000.0,12000.0,2764800.0,24883200.0,132710400.0,24883200.0,45158400.0,202752000.0,49476000.0,12000.0,2764800.0,52252800.0,279888000.0,0.38880000000000003,accelergy_plugin,accelergy_component_library_table_plugin,8.0,7.0,1.0,1.0,5.4956700000000005,64,351722880.0,0.0,0.279888,1.5381720849600002,0.00839664
720p,1280,720,128,128,3,8,256,50.0,ws,3884600.0,0.0,24883200,22120020.0,16588800.0,1620.0,5529600.0,25567600.0,20026000.0,12000.0,5529600.0,24883200.0,132710400.0,12960.0,38707200.0,171430560.0,20026000.0,12000.0,5529600.0,25567600.0,221881360.0,0.38880000000000003,accelergy_plugin,accelergy_component_library_table_plugin,8.0,7.0,1.0,1.0,3.8846000000000003,64,248614400.0,0.0,0.22188136,0.8619203310560001,0.0066564408
720p,1280,720,128,128,3,8,256,200.0,is,10876940.0,0.0,24883200,25228800.0,16588800.0,3110400.0,5529600.0,84613600.0,79060000.0,24000.0,5529600.0,24883200.0,132710400.0,24883200.0,38707200.0,196300800.0,79060000.0,24000.0,5529600.0,84613600.0,305797600.0,0.38880000000000003,accelergy_plugin,accelergy_component_library_table_plugin,8.0,7.0,1.0,1.0,10.87694,64,696124160.0,0.0,0.3057976,3.326142147344,0.009173928
720p,1280,720,128,128,3,8,256,200.0,os,5348210.0,0.0,24883200,26150400.0,16588800.0,3110400.0,6451200.0,52348800.0,49560000.0,24000.0,2764800.0,24883200.0,132710400.0,24883200.0,45158400.0,202752000.0,49560000.0,24000.0,2764800.0,52348800.0,279984000.0,0.38880000000000003,accelergy_plugin,accelergy_component_library_table_plugin,8.0,7.0,1.0,1.0,5.34821,64,342285440.0,0.0,0.279984,1.49741322864,0.00839952
720p,1280,720,128,128,3,8,256,200.0,ws,3739820.0,0.0,24883200,22120020.0,16588800.0,1620.0,5529600.0,25613600.0,20060000.0,24000.0,5529600.0,24883200.0,132710400.0,12960.0,38707200.0,171430560.0,20060000.0,24000.0,5529600.0,25613600.0,221927360.0,0.38880000000000003,accelergy_plugin,accelergy_component_library_table_plugin,8.0,7.0,1.0,1.0,3.73982,64,239348480.0,0.0,0.22192736,0.8299683794752,0.0066578208
720p,1280,720,128,128,3,8,256,800.0,is,10840720.0,0.0,24883200,25228800.0,16588800.0,3110400.0,5529600.0,84953600.0,79328000.0,96000.0,5529600.0,24883200.0,132710400.0,24883200.0,38707200.0,196300800.0,79328000.0,96000.0,5529600.0,84953600.0,306137600.0,0.38880000000000003,accelergy_plugin,accelergy_component_library_table_plugin,8.0,7.0,1.0,1.0,10.84072,64,693806080.0,0.0,0.3061376,3.318752003072,0.009184128
720p,1280,720,128,128,3,8,256,800.0,os,5311330.0,0.0,24883200,26150400.0,16588800.0,3110400.0,6451200.0,52588800.0,49728000.0,96000.0,2764800.0,24883200.0,132710400.0,24883200.0,45158400.0,202752000.0,49728000.0,96000.0,2764800.0,52588800.0,280224000.0,0.38880000000000003,accelergy_plugin,accelergy_component_library_table_plugin,8.0,7.0,1.0,1.0,5.311330000000001,64,339925120.0,0.0,0.280224,1.48836213792,0.00840672
720p,1280,720,128,128,3,8,256,800.0,ws,3703600.0,0.0,24883200,22120020.0,16588800.0,1620.0,5529600.0,25753600.0,20128000.0,96000.0,5529600.0,24883200.0,132710400.0,12960.0,38707200.0,171430560.0,20128000.0,96000.0,5529600.0,25753600.0,222067360.0,0.38880000000000003,accelergy_plugin,accelergy_component_library_table_plugin,8.0,7.0,1.0,1.0,3.7036000000000002,64,237030400.0,0.0,0.22206736,0.822448674496,0.0066620208
720p,1280,720,128,128,3,8,1024,50.0,is,11271090.0,0.0,24883200,25228800.0,16588800.0,3110400.0,5529600.0,22129600.0,16594000.0,6000.0,5529600.0,24883200.0,132710400.0,24883200.0,38707200.0,196300800.0,16594000.0,6000.0,5529600.0,22129600.0,243313600.0,0.38880000000000003,accelergy_plugin,accelergy_component_library_table_plugin,8.0,7.0,1.0,1.0,11.27109,64,721349760.0,0.0,0.2433136,2.742409483824,0.007299408
720p,1280,720,128,128,3,8,1024,50.0,os,5686190.0,0.0,24883200,26150400.0,16588800.0,3110400.0,6451200.0,19370800.0,16594000.0,12000.0,2764800.0,24883200.0,132710400.0,24883200.0,45158400.0,202752000.0,16594000.0,12000.0,2764800.0,19370800.0,247006000.0,0.38880000000000003,accelergy_plugin,accelergy_component_library_table_plugin,8.0,7.0,1.0,1.0,5.68619,64,363916160.0,0.0,0.247006,1.40452304714,0.00741018
720p,1280,720,128,128,3,8,1024,50.0,ws,4339730.0,0.0,24883200,22120020.0,16588800.0,1620.0,5529600.0,32423600.0,26882000.0,12000.0,5529600.0,24883200.0,132710400.0,12960.0,38707200.0,171430560.0,26882000.0,12000.0,5529600.0,32423600.0,228737360.0,0.38880000000000003,accelergy_plugin,accelergy_component_library_table_plugin,8.0,7.0,1.0,1.0,4.33973,64,277742720.0,0.0,0.22873736,0.9926583833128001,0.0068621208
720p,1280,720,128,128,3,8,1024,200.0,is,10939260.0,0.0,24883200,25228800.0,16588800.0,3110400.0,5529600.0,22157600.0,16604000.0,24000.0,5529600.0,24883200.0,132710400.0,24883200.0,38707200.0,196300800.0,16604000.0,24000.0,5529600.0,22157600.0,243341600.0,0.38880000000000003,accelergy_plugin,accelergy_component_library_table_plugin,8.0,7.0,1.0,1.0,10.939259999999999,64,700112640.0,0.0,0.2433416,2.661977031216,0.007300248
720p,1280,720,128,128,3,8,1024,200.0,os,5395830.0,0.0,24883200,26150400.0,16588800.0,3110400.0,6451200.0,19392800.0,16604000.0,24000.0,2764800.0,24883200.0,132710400.0,24883200.0,45158400.0,202752000.0,16604000.0,24000.0,2764800.0,19392800.0,247028000.0,0.38880000000000003,accelergy_plugin,accelergy_component_library_table_plugin,8.0,7.0,1.0,1.0,5.39583,64,345333120.0,0.0,0.247028,1.33292109324,0.00741084
720p,1280,720,128,128,3,8,1024,200.0,ws,3853620.0,0.0,24883200,22120020.0,16588800.0,1620.0,5529600.0,32453600.0,26900000.0,24000.0,5529600.0,24883200.0,132710400.0,12960.0,38707200.0,171430560.0,26900000.0,24000.0,5529600.0,32453600.0,228767360.0,0.38880000000000003,accelergy_plugin,accelergy_component_library_table_plugin,8.0,7.0,1.0,1.0,3.85362,64,246631680.0,0.0,0.22876736,0.8815824738432,0.0068630208
720p,1280,720,128,128,3,8,1024,800.0,is,10856310.0,0.0,24883200,25228800.0,16588800.0,3110400.0,5529600.0,22281600.0,16656000.0,96000.0,5529600.0,24883200.0,132710400.0,24883200.0,38707200.0,196300800.0,16656000.0,96000.0,5529600.0,22281600.0,243465600.0,0.38880000000000003,accelergy_plugin,accelergy_component_library_table_plugin,8.0,7.0,1.0,1.0,10.856309999999999,64,694803840.0,0.0,0.2434656,2.6431380279359997,0.007303968
720p,1280,720,128,128,3,8,1024,800.0,os,5323270.0,0.0,24883200,26150400.0,16588800.0,3110400.0,6451200.0,19516800.0,16656000.0,96000.0,2764800.0,24883200.0,132710400.0,24883200.0,45158400.0,202752000.0,16656000.0,96000.0,2764800.0,19516800.0,247152000.0,0.38880000000000003,accelergy_plugin,accelergy_component_library_table_plugin,8.0,7.0,1.0,1.0,5.32327,64,340689280.0,0.0,0.247152,1.31565682704,0.00741456
720p,1280,720,128,128,3,8,1024,800.0,ws,3732070.0,0.0,24883200,22120020.0,16588800.0,1620.0,5529600.0,32585600.0,26960000.0,96000.0,5529600.0,24883200.0,132710400.0,12960.0,38707200.0,171430560.0,26960000.0,96000.0,5529600.0,32585600.0,228899360.0,0.38880000000000003,accelergy_plugin,accelergy_component_library_table_plugin,8.0,7.0,1.0,1.0,3.73207,64,238852480.0,0.0,0.22889936,0.8542684344752001,0.0068669808
720p,1280,720,128,128,3,8,4096,50.0,is,11271090.0,0.0,24883200,25228800.0,16588800.0,3110400.0,5529600.0,22129600.0,16594000.0,6000.0,5529600.0,24883200.0,132710400.0,24883200.0,38707200.0,196300800.0,16594000.0,6000.0,5529600.0,22129600.0,243313600.0,0.38880000000000003,accelergy_plugin,accelergy_component_library_table_plugin,8.0,7.0,1.0,1.0,11.27109,64,721349760.0,0.0,0.2433136,2.742409483824,0.007299408
720p,1280,720,128,128,3,8,4096,50.0,os,5686190.0,0.0,24883200,26150400.0,16588800.0,3110400.0,6451200.0,19370800.0,16594000.0,12000.0,2764800.0,24883200.0,132710400.0,24883200.0,45158400.0,202752000.0,16594000.0,12000.0,2764800.0,19370800.0,247006000.0,0.38880000000000003,accelergy_plugin,accelergy_component_library_table_plugin,8.0,7.0,1.0,1.0,5.68619,64,363916160.0,0.0,0.247006,1.40452304714,0.00741018
720p,1280,720,128,128,3,8,4096,50.0,ws,4391930.0,0.0,24883200,22120020.0,16588800.0,1620.0,5529600.0,35033600.0,29492000.0,12000.0,5529600.0,24883200.0,132710400.0,12960.0,38707200.0,171430560.0,29492000.0,12000.0,5529600.0,35033600.0,231347360.0,0.38880000000000003,accelergy_plugin,accelergy_component_library_table_plugin,8.0,7.0,1.0,1.0,4.3919299999999994,64,281083520.0,0.0,0.23134736,1.0160614108047998,0.0069404208
720p,1280,720,128,128,3,8,4096,200.0,is,10939260.0,0.0,24883200,25228800.0,16588800.0,3110400.0,5529600.0,22157600.0,16604000.0,24000.0,5529600.0,24883200.0,132710400.0,24883200.0,38707200.0,196300800.0,16604000.0,24000.0,5529600.0,22157600.0,243341600.0,0.38880000000000003,accelergy_plugin,accelergy_component_library_table_plugin,8.0,7.0,1.0,1.0,10.939259999999999,64,700112640.0,0.0,0.2433416,2.661977031216,0.007300248
720p,1280,720,128,128,3,8,4096,200.0,os,5395830.0,0.0,24883200,26150400.0,16588800.0,3110400.0,6451200.0,19392800.0,16604000.0,24000.0,2764800.0,24883200.0,132710400.0,24883200.0,45158400.0,202752000.0,16604000.0,24000.0,2764800.0,19392800.0,247028000.0,0.38880000000000003,accelergy_plugin,accelergy_component_library_table_plugin,8.0,7.0,1.0,1.0,5.39583,64,345333120.0,0.0,0.247028,1.33292109324,0.00741084
720p,1280,720,128,128,3,8,4096,200.0,ws,3866620.0,0.0,24883200,22120020.0,16588800.0,1620.0,5529600.0,35053600.0,29500000.0,24000.0,5529600.0,24883200.0,132710400.0,12960.0,38707200.0,171430560.0,29500000.0,24000.0,5529600.0,35053600.0,231367360.0,0.38880000000000003,accelergy_plugin,accelergy_component_library_table_plugin,8.0,7.0,1.0,1.0,3.8666199999999997,64,247463680.0,0.0,0.23136736,0.8946096615231999,0.0069410208
720p,1280,720,128,128,3,8,4096,800.0,is,10856310.0,0.0,24883200,25228800.0,16588800.0,3110400.0,5529600.0,22281600.0,16656000.0,96000.0,5529600.0,24883200.0,132710400.0,24883200.0,38707200.0,196300800.0,16656000.0,96000.0,5529600.0,22281600.0,243465600.0,0.38880000000000003,accelergy_plugin,accelergy_component_library_table_plugin,8.0,7.0,1.0,1.0,10.856309999999999,64,694803840.0,0.0,0.2434656,2.6431380279359997,0.007303968
720p,1280,720,128,128,3,8,4096,800.0,os,5323270.0,0.0,24883200,26150400.0,16588800.0,3110400.0,6451200.0,19516800.0,16656000.0,96000.0,2764800.0,24883200.0,132710400.0,24883200.0,45158400.0,202752000.0,16656000.0,96000.0,2764800.0,19516800.0,247152000.0,0.38880000000000003,accelergy_plugin,accelergy_component_library_table_plugin,8.0,7.0,1.0,1.0,5.32327,64,340689280.0,0.0,0.247152,1.31565682704,0.00741456
720p,1280,720,128,128,3,8,4096,800.0,ws,3735270.0,0.0,24883200,22120020.0,16588800.0,1620.0,5529600.0,35145600.0,29520000.0,96000.0,5529600.0,24883200.0,132710400.0,12960.0,38707200.0,171430560.0,29520000.0,96000.0,5529600.0,35145600.0,231459360.0,0.38880000000000003,accelergy_plugin,accelergy_component_library_table_plugin,8.0,7.0,1.0,1.0,3.7352700000000003,64,239057280.0,0.0,0.23145936,0.8645632036272001,0.0069437808
720p,1280,720,128,128,3,16,256,50.0,is,5668470.0,0.0,24883200,20908800.0,16588800.0,1555200.0,2764800.0,81696800.0,78926000.0,6000.0,2764800.0,24883200.0,132710400.0,12441600.0,19353600.0,164505600.0,78926000.0,6000.0,2764800.0,81696800.0,271085600.0,0.09720000000000001,accelergy_plugin,accelergy_component_library_table_plugin,8.0,7.0,1.0,1.0,5.66847,256,1451128320.0,0.0,0.2710856,1.536640591032,0.008132568
720p,1280,720,128,128,3,16,256,50.0,os,4689270.0,0.0,24883200,24595200.0,16588800.0,1555200.0,6451200.0,81708800.0,78926000.0,18000.0,2764800.0,24883200.0,132710400.0,12441600.0,45158400.0,190310400.0,78926000.0,18000.0,2764800.0,81708800.0,296902400.0,0.09720000000000001,accelergy_plugin,accelergy_component_library_table_plugin,8.0,7.0,1.0,1.0,4.68927,256,1200453120.0,0.0,0.2969024,1.392255517248,0.008907072
720p,1280,720,128,128,3,16,256,50.0,ws,2045190.0,0.0,24883200,19355220.0,16588800.0,1620.0,2764800.0,22808800.0,20026000.0,18000.0,2764800.0,24883200.0,132710400.0,12960.0,19353600.0,152076960.0,20026000.0,18000.0,2764800.0,22808800.0,199768960.0,0.09720000000000001,accelergy_plugin,accelergy_component_library_table_plugin,8.0,7.0,1.0,1.0,2.0451900000000003,256,523568640.0,0.0,0.19976896,0.40856547930240006,0.0059930688
720p,1280,720,128,128,3,16,256,200.0,is,5521010.0,0.0,24883200,20908800.0,16588800.0,1555200.0,2764800.0,81848800.0,79060000.0,24000.0,2764800.0,24883200.0,132710400.0,12441600.0,19353600.0,164505600.0,79060000.0,24000.0,2764800.0,81848800.0,271237600.0,0.09720000000000001,accelergy_plugin,accelergy_component_library_table_plugin,8.0,7.0,1.0,1.0,5.5210099999999995,256,1413378560.0,0.0,0.2712376,1.497505501976,0.008137128
720p,1280,720,128,128,3,16,256,200.0,os,4541810.0,0.0,24883200,24595200.0,16588800.0,1555200.0,6451200.0,81848800.0,79060000.0,24000.0,2764800.0,24883200.0,132710400.0,12441600.0,45158400.0,190310400.0,79060000.0,24000.0,2764800.0,81848800.0,297042400.0,0.09720000000000001,accelergy_plugin,accelergy_component_library_table_plugin,8.0,7.0,1.0,1.0,4.54181,256,1162703360.0,0.0,0.2970424,1.349110142744,0.008911272
720p,1280,720,128,128,3,16,256,200.0,ws,1897730.0,0.0,24883200,19355220.0,16588800.0,1620.0,2764800.0,22848800.0,20060000.0,24000.0,2764800.0,24883200.0,132710400.0,12960.0,19353600.0,152076960.0,20060000.0,24000.0,2764800.0,22848800.0,199808960.0,0.09720000000000001,accelergy_plugin,accelergy_component_library_table_plugin,8.0,7.0,1.0,1.0,1.8977300000000001,256,485818880.0,0.0,0.19980896,0.3791834576608,0.0059942688
720p,1280,720,128,128,3,16,256,800.0,is,5484130.0,0.0,24883200,20908800.0,16588800.0,1555200.0,2764800.0,82188800.0,79328000.0,96000.0,2764800.0,24883200.0,132710400.0,12441600.0,19353600.0,164505600.0,79328000.0,96000.0,2764800.0,82188800.0,271577600.0,0.09720000000000001,accelergy_plugin,accelergy_component_library_table_plugin,8.0,7.0,1.0,1.0,5.48413,256,1403937280.0,0.0,0.2715776,1.489366863488,0.008147328
720p,1280,720,128,128,3,16,256,800.0,os,4504930.0,0.0,24883200,24595200.0,16588800.0,1555200.0,6451200.0,82188800.0,79328000.0,96000.0,2764800.0,24883200.0,132710400.0,12441600.0,45158400.0,190310400.0,79328000.0,96000.0,2764800.0,82188800.0,297382400.0,0.09720000000000001,accelergy_plugin,accelergy_component_library_table_plugin,8.0,7.0,1.0,1.0,4.50493,256,1153262080.0,0.0,0.2973824,1.339686895232,0.008921472
720p,1280,720,128,128,3,16,256,800.0,ws,1860850.0,0.0,24883200,19355220.0,16588800.0,1620.0,2764800.0,22988800.0,20128000.0,96000.0,2764800.0,24883200.0,132710400.0,12960.0,19353600.0,152076960.0,20128000.0,96000.0,2764800.0,22988800.0,199948960.0,0.09720000000000001,accelergy_plugin,accelergy_component_library_table_plugin,8.0,7.0,1.0,1.0,1.8608500000000001,256,476377600.0,0.0,0.19994896,0.37207502221600003,0.0059984688
720p,1280,720,128,128,3,16,1024,50.0,is,5858990.0,0.0,24883200,20908800.0,16588800.0,1555200.0,2764800.0,19364800.0,16594000.0,6000.0,2764800.0,24883200.0,132710400.0,12441600.0,19353600.0,164505600.0,16594000.0,6000.0,2764800.0,19364800.0,208753600.0,0.09720000000000001,accelergy_plugin,accelergy_component_library_table_plugin,8.0,7.0,1.0,1.0,5.8589899999999995,256,1499901440.0,0.0,0.2087536,1.2230852548639999,0.006262608
720p,1280,720,128,128,3,16,1024,50.0,os,4879790.0,0.0,24883200,24595200.0,16588800.0,1555200.0,6451200.0,19376800.0,16594000.0,18000.0,2764800.0,24883200.0,132710400.0,12441600.0,45158400.0,190310400.0,16594000.0,18000.0,2764800.0,19376800.0,234570400.0,0.09720000000000001,accelergy_plugin,accelergy_component_library_table_plugin,8.0,7.0,1.0,1.0,4.87979,256,1249226240.0,0.0,0.2345704,1.1446542922160001,0.007037112
720p,1280,720,128,128,3,16,1024,50.0,ws,2441470.0,0.0,24883200,19355220.0,16588800.0,1620.0,2764800.0,29664800.0,26882000.0,18000.0,2764800.0,24883200.0,132710400.0,12960.0,19353600.0,152076960.0,26882000.0,18000.0,2764800.0,29664800.0,206624960.0,0.09720000000000001,accelergy_plugin,accelergy_component_library_table_plugin,8.0,7.0,1.0,1.0,2.44147,256,625016320.0,0.0,0.20662496,0.5044686410911999,0.0061987488
720p,1280,720,128,128,3,16,1024,200.0,is,5568630.0,0.0,24883200,20908800.0,16588800.0,1555200.0,2764800.0,19392800.0,16604000.0,24000.0,2764800.0,24883200.0,132710400.0,12441600.0,19353600.0,164505600.0,16604000.0,24000.0,2764800.0,19392800.0,208781600.0,0.09720000000000001,accelergy_plugin,accelergy_component_library_table_plugin,8.0,7.0,1.0,1.0,5.56863,256,1425569280.0,0.0,0.2087816,1.162627481208,0.006263448
720p,1280,720,128,128,3,16,1024,200.0,os,4589430.0,0.0,24883200,24595200.0,16588800.0,1555200.0,6451200.0,19392800.0,16604000.0,24000.0,2764800.0,24883200.0,132710400.0,12441600.0,45158400.0,190310400.0,16604000.0,24000.0,2764800.0,19392800.0,234586400.0,0.09720000000000001,accelergy_plugin,accelergy_component_library_table_plugin,8.0,7.0,1.0,1.0,4.58943,256,1174894080.0,0.0,0.2345864,1.0766178617520001,0.007037592
720p,1280,720,128,128,3,16,1024,200.0,ws,1996830.0,0.0,24883200,19355220.0,16588800.0,1620.0,2764800.0,29688800.0,26900000.0,24000.0,2764800.0,24883200.0,132710400.0,12960.0,19353600.0,152076960.0,26900000.0,24000.0,2764800.0,29688800.0,206648960.0,0.09720000000000001,accelergy_plugin,accelergy_component_library_table_plugin,8.0,7.0,1.0,1.0,1.9968299999999999,256,511188480.0,0.0,0.20664896,0.41264284279679997,0.0061994688
720p,1280,720,128,128,3,16,1024,800.0,is,5496070.0,0.0,24883200,20908800.0,16588800.0,1555200.0,2764800.0,19516800.0,16656000.0,96000.0,2764800.0,24883200.0,132710400.0,12441600.0,19353600.0,164505600.0,16656000.0,96000.0,2764800.0,19516800.0,208905600.0,0.09720000000000001,accelergy_plugin,accelergy_component_library_table_plugin,8.0,7.0,1.0,1.0,5.49607,256,1406993920.0,0.0,0.2089056,1.148159800992,0.006267168
720p,1280,720,128,128,3,16,1024,800.0,os,4516870.0,0.0,24883200,24595200.0,16588800.0,1555200.0,6451200.0,19516800.0,16656000.0,96000.0,2764800.0,24883200.0,132710400.0,12441600.0,45158400.0,190310400.0,16656000.0,96000.0,2764800.0,19516800.0,234710400.0,0.09720000000000001,accelergy_plugin,accelergy_component_library_table_plugin,8.0,7.0,1.0,1.0,4.51687,256,1156318720.0,0.0,0.2347104,1.060156364448,0.007041312
720p,1280,720,128,128,3,16,1024,800.0,ws,1885670.0,0.0,24883200,19355220.0,16588800.0,1620.0,2764800.0,29820800.0,26960000.0,96000.0,2764800.0,24883200.0,132710400.0,12960.0,19353600.0,152076960.0,26960000.0,96000.0,2764800.0,29820800.0,206780960.0,0.09720000000000001,accelergy_plugin,accelergy_component_library_table_plugin,8.0,7.0,1.0,1.0,1.8856700000000002,256,482731520.0,0.0,0.20678096,0.38992065284320004,0.0062034288
720p,1280,720,128,128,3,16,4096,50.0,is,5858990.0,0.0,24883200,20908800.0,16588800.0,1555200.0,2764800.0,19364800.0,16594000.0,6000.0,2764800.0,24883200.0,132710400.0,12441600.0,19353600.0,164505600.0,16594000.0,6000.0,2764800.0,19364800.0,208753600.0,0.09720000000000001,accelergy_plugin,accelergy_component_library_table_plugin,8.0,7.0,1.0,1.0,5.8589899999999995,256,1499901440.0,0.0,0.2087536,1.2230852548639999,0.006262608
720p,1280,720,128,128,3,16,4096,50.0,os,4879790.0,0.0,24883200,24595200.0,16588800.0,1555200.0,6451200.0,19376800.0,16594000.0,18000.0,2764800.0,24883200.0,132710400.0,12441600.0,45158400.0,190310400.0,16594000.0,18000.0,2764800.0,19376800.0,234570400.0,0.09720000000000001,accelergy_plugin,accelergy_component_library_table_plugin,8.0,7.0,1.0,1.0,4.87979,256,1249226240.0,0.0,0.2345704,1.1446542922160001,0.007037112
720p,1280,720,128,128,3,16,4096,50.0,ws,2493670.0,0.0,24883200,19355220.0,16588800.0,1620.0,2764800.0,32274800.0,29492000.0,18000.0,2764800.0,24883200.0,132710400.0,12960.0,19353600.0,152076960.0,29492000.0,18000.0,2764800.0,32274800.0,209234960.0,0.09720000000000001,accelergy_plugin,accelergy_component_library_table_plugin,8.0,7.0,1.0,1.0,2.49367,256,638379520.0,0.0,0.20923496,0.5217629427032,0.0062770488
720p,1280,720,128,128,3,16,4096,200.0,is,5568630.0,0.0,24883200,20908800.0,16588800.0,1555200.0,2764800.0,19392800.0,16604000.0,24000.0,2764800.0,24883200.0,132710400.0,12441600.0,19353600.0,164505600.0,16604000.0,24000.0,2764800.0,19392800.0,208781600.0,0.09720000000000001,accelergy_plugin,accelergy_component_library_table_plugin,8.0,7.0,1.0,1.0,5.56863,256,1425569280.0,0.0,0.2087816,1.162627481208,0.006263448
720p,1280,720,128,128,3,16,4096,200.0,os,4589430.0,0.0,24883200,24595200.0,16588800.0,1555200.0,6451200.0,19392800.0,16604000.0,24000.0,2764800.0,24883200.0,132710400.0,12441600.0,45158400.0,190310400.0,16604000.0,24000.0,2764800.0,19392800.0,234586400.0,0.09720000000000001,accelergy_plugin,accelergy_component_library_table_plugin,8.0,7.0,1.0,1.0,4.58943,256,1174894080.0,0.0,0.2345864,1.0766178617520001,0.007037592
720p,1280,720,128,128,3,16,4096,200.0,ws,2009830.0,0.0,24883200,19355220.0,16588800.0,1620.0,2764800.0,32288800.0,29500000.0,24000.0,2764800.0,24883200.0,132710400.0,12960.0,19353600.0,152076960.0,29500000.0,24000.0,2764800.0,32288800.0,209248960.0,0.09720000000000001,accelergy_plugin,accelergy_component_library_table_plugin,8.0,7.0,1.0,1.0,2.00983,256,514516480.0,0.0,0.20924896,0.42055483727680004,0.0062774688
720p,1280,720,128,128,3,16,4096,800.0,is,5496070.0,0.0,24883200,20908800.0,16588800.0,1555200.0,2764800.0,19516800.0,16656000.0,96000.0,2764800.0,24883200.0,132710400.0,12441600.0,19353600.0,164505600.0,16656000.0,96000.0,2764800.0,19516800.0,208905600.0,0.09720000000000001,accelergy_plugin,accelergy_component_library_table_plugin,8.0,7.0,1.0,1.0,5.49607,256,1406993920.0,0.0,0.2089056,1.148159800992,0.006267168
720p,1280,720,128,128,3,16,4096,800.0,os,4516870.0,0.0,24883200,24595200.0,16588800.0,1555200.0,6451200.0,19516800.0,16656000.0,96000.0,2764800.0,24883200.0,132710400.0,12441600.0,45158400.0,190310400.0,16656000.0,96000.0,2764800.0,19516800.0,234710400.0,0.09720000000000001,accelergy_plugin,accelergy_component_library_table_plugin,8.0,7.0,1.0,1.0,4.51687,256,1156318720.0,0.0,0.2347104,1.060156364448,0.007041312
720p,1280,720,128,128,3,16,4096,800.0,ws,1888870.0,0.0,24883200,19355220.0,16588800.0,1620.0,2764800.0,32380800.0,29520000.0,96000.0,2764800.0,24883200.0,132710400.0,12960.0,19353600.0,152076960.0,29520000.0,96000.0,2764800.0,32380800.0,209340960.0,0.09720000000000001,accelergy_plugin,accelergy_component_library_table_plugin,8.0,7.0,1.0,1.0,1.88887,256,483550720.0,0.0,0.20934096,0.3954178591152,0.0062802288
720p,1280,720,128,128,3,32,256,50.0,is,5697270.0,0.0,24883200,20131200.0,16588800.0,777600.0,2764800.0,81699800.0,78926000.0,9000.0,2764800.0,24883200.0,132710400.0,6220800.0,19353600.0,158284800.0,78926000.0,9000.0,2764800.0,81699800.0,264867800.0,0.024300000000000002,accelergy_plugin,accelergy_component_library_table_plugin,8.0,7.0,1.0,1.0,5.69727,1024,5834004480.0,0.0,0.2648678,1.509023370906,0.007946034
720p,1280,720,128,128,3,32,256,50.0,os,4286070.0,0.0,24883200,23817600.0,16588800.0,777600.0,6451200.0,81726800.0,78926000.0,36000.0,2764800.0,24883200.0,132710400.0,6220800.0,45158400.0,184089600.0,78926000.0,36000.0,2764800.0,81726800.0,290699600.0,0.024300000000000002,accelergy_plugin,accelergy_component_library_table_plugin,8.0,7.0,1.0,1.0,4.2860700000000005,1024,4388935680.0,0.0,0.2906996,1.245958834572,0.008720988
720p,1280,720,128,128,3,32,256,50.0,ws,2050950.0,0.0,24883200,19355220.0,16588800.0,1620.0,2764800.0,22826800.0,20026000.0,36000.0,2764800.0,24883200.0,132710400.0,12960.0,19353600.0,152076960.0,20026000.0,36000.0,2764800.0,22826800.0,199786960.0,0.024300000000000002,accelergy_plugin,accelergy_component_library_table_plugin,8.0,7.0,1.0,1.0,2.0509500000000003,1024,2100172800.0,0.0,0.19978696,0.4097530656120001,0.0059936088
720p,1280,720,128,128,3,32,256,200.0,is,5549810.0,0.0,24883200,20131200.0,16588800.0,777600.0,2764800.0,81848800.0,79060000.0,24000.0,2764800.0,24883200.0,132710400.0,6220800.0,19353600.0,158284800.0,79060000.0,24000.0,2764800.0,81848800.0,265016800.0,0.024300000000000002,accelergy_plugin,accelergy_component_library_table_plugin,8.0,7.0,1.0,1.0,5.54981,1024,5683005440.0,0.0,0.2650168,1.470792886808,0.007950504
720p,1280,720,128,128,3,32,256,200.0,os,4138610.0,0.0,24883200,23817600.0,16588800.0,777600.0,6451200.0,81872800.0,79060000.0,48000.0,2764800.0,24883200.0,132710400.0,6220800.0,45158400.0,184089600.0,79060000.0,48000.0,2764800.0,81872800.0,290845600.0,0.024300000000000002,accelergy_plugin,accelergy_component_library_table_plugin,8.0,7.0,1.0,1.0,4.13861,1024,4237936640.0,0.0,0.2908456,1.2036965086159999,0.008725368
720p,1280,720,128,128,3,32,256,200.0,ws,1903490.0,0.0,24883200,19355220.0,16588800.0,1620.0,2764800.0,22872800.0,20060000.0,48000.0,2764800.0,24883200.0,132710400.0,12960.0,19353600.0,152076960.0,20060000.0,48000.0,2764800.0,22872800.0,199832960.0,0.024300000000000002,accelergy_plugin,accelergy_component_library_table_plugin,8.0,7.0,1.0,1.0,1.9034900000000001,1024,1949173760.0,0.0,0.19983296,0.3803800410304,0.0059949888
720p,1280,720,128,128,3,32,256,800.0,is,5512930.0,0.0,24883200,20131200.0,16588800.0,777600.0,2764800.0,82188800.0,79328000.0,96000.0,2764800.0,24883200.0,132710400.0,6220800.0,19353600.0,158284800.0,79328000.0,96000.0,2764800.0,82188800.0,265356800.0,0.024300000000000002,accelergy_plugin,accelergy_component_library_table_plugin,8.0,7.0,1.0,1.0,5.51293,1024,5645240320.0,0.0,0.2653568,1.462893463424,0.007960704
720p,1280,720,128,128,3,32,256,800.0,os,4101730.0,0.0,24883200,23817600.0,16588800.0,777600.0,6451200.0,82188800.0,79328000.0,96000.0,2764800.0,24883200.0,132710400.0,6220800.0,45158400.0,184089600.0,79328000.0,96000.0,2764800.0,82188800.0,291161600.0,0.024300000000000002,accelergy_plugin,accelergy_component_library_table_plugin,8.0,7.0,1.0,1.0,4.10173,1024,4200171520.0,0.0,0.2911616,1.194266269568,0.008734848
720p,1280,720,128,128,3,32,256,800.0,ws,1866610.0,0.0,24883200,19355220.0,16588800.0,1620.0,2764800.0,22988800.0,20128000.0,96000.0,2764800.0,24883200.0,132710400.0,12960.0,19353600.0,152076960.0,20128000.0,96000.0,2764800.0,22988800.0,199948960.0,0.024300000000000002,accelergy_plugin,accelergy_component_library_table_plugin,8.0,7.0,1.0,1.0,1.86661,1024,1911408640.0,0.0,0.19994896,0.37322672822560005,0.0059984688
720p,1280,720,128,128,3,32,1024,50.0,is,5887790.0,0.0,24883200,20131200.0,16588800.0,777600.0,2764800.0,19367800.0,16594000.0,9000.0,2764800.0,24883200.0,132710400.0,6220800.0,19353600.0,158284800.0,16594000.0,9000.0,2764800.0,19367800.0,202535800.0,0.024300000000000002,accelergy_plugin,accelergy_component_library_table_plugin,8.0,7.0,1.0,1.0,5.887790000000001,1024,6029096960.0,0.0,0.2025358,1.1924882578820002,0.006076074
720p,1280,720,128,128,3,32,1024,50.0,os,4476590.0,0.0,24883200,23817600.0,16588800.0,777600.0,6451200.0,19394800.0,16594000.0,36000.0,2764800.0,24883200.0,132710400.0,6220800.0,45158400.0,184089600.0,16594000.0,36000.0,2764800.0,19394800.0,228367600.0,0.024300000000000002,accelergy_plugin,accelergy_component_library_table_plugin,8.0,7.0,1.0,1.0,4.47659,1024,4584028160.0,0.0,0.2283676,1.022308114484,0.006851028
720p,1280,720,128,128,3,32,1024,50.0,ws,2476110.0,0.0,24883200,19355220.0,16588800.0,1620.0,2764800.0,31126800.0,28326000.0,36000.0,2764800.0,24883200.0,132710400.0,12960.0,19353600.0,152076960.0,28326000.0,36000.0,2764800.0,31126800.0,208086960.0,0.024300000000000002,accelergy_plugin,accelergy_component_library_table_plugin,8.0,7.0,1.0,1.0,2.4761100000000003,1024,2535536640.0,0.0,0.20808696,0.5152462025256,0.0062426088
720p,1280,720,128,128,3,32,1024,200.0,is,5597430.0,0.0,24883200,20131200.0,16588800.0,777600.0,2764800.0,19392800.0,16604000.0,24000.0,2764800.0,24883200.0,132710400.0,6220800.0,19353600.0,158284800.0,16604000.0,24000.0,2764800.0,19392800.0,202560800.0,0.024300000000000002,accelergy_plugin,accelergy_component_library_table_plugin,8.0,7.0,1.0,1.0,5.597429999999999,1024,5731768320.0,0.0,0.2025608,1.133819898744,0.006076824
720p,1280,720,128,128,3,32,1024,200.0,os,4186230.0,0.0,24883200,23817600.0,16588800.0,777600.0,6451200.0,19416800.0,16604000.0,48000.0,2764800.0,24883200.0,132710400.0,6220800.0,45158400.0,184089600.0,16604000.0,48000.0,2764800.0,19416800.0,228389600.0,0.024300000000000002,accelergy_plugin,accelergy_component_library_table_plugin,8.0,7.0,1.0,1.0,4.18623,1024,4286699520.0,0.0,0.2283896,0.956091395208,0.006851688
720p,1280,720,128,128,3,32,1024,200.0,ws,2009810.0,0.0,24883200,19355220.0,16588800.0,1620.0,2764800.0,31156800.0,28344000.0,48000.0,2764800.0,24883200.0,132710400.0,12960.0,19353600.0,152076960.0,28344000.0,48000.0,2764800.0,31156800.0,208116960.0,0.024300000000000002,accelergy_plugin,accelergy_component_library_table_plugin,8.0,7.0,1.0,1.0,2.00981,1024,2058045440.0,0.0,0.20811696,0.4182755473776,0.0062435088
720p,1280,720,128,128,3,32,1024,800.0,is,5524870.0,0.0,24883200,20131200.0,16588800.0,777600.0,2764800.0,19516800.0,16656000.0,96000.0,2764800.0,24883200.0,132710400.0,6220800.0,19353600.0,158284800.0,16656000.0,96000.0,2764800.0,19516800.0,202684800.0,0.024300000000000002,accelergy_plugin,accelergy_component_library_table_plugin,8.0,7.0,1.0,1.0,5.52487,1024,5657466880.0,0.0,0.2026848,1.119807170976,0.006080544
720p,1280,720,128,128,3,32,1024,800.0,os,4113670.0,0.0,24883200,23817600.0,16588800.0,777600.0,6451200.0,19516800.0,16656000.0,96000.0,2764800.0,24883200.0,132710400.0,6220800.0,45158400.0,184089600.0,16656000.0,96000.0,2764800.0,19516800.0,228489600.0,0.024300000000000002,accelergy_plugin,accelergy_component_library_table_plugin,8.0,7.0,1.0,1.0,4.11367,1024,4212398080.0,0.0,0.2284896,0.939930812832,0.006854688
720p,1280,720,128,128,3,32,1024,800.0,ws,1893250.0,0.0,24883200,19355220.0,16588800.0,1620.0,2764800.0,31276800.0,28416000.0,96000.0,2764800.0,24883200.0,132710400.0,12960.0,19353600.0,152076960.0,28416000.0,96000.0,2764800.0,31276800.0,208236960.0,0.024300000000000002,accelergy_plugin,accelergy_component_library_table_plugin,8.0,7.0,1.0,1.0,1.8932499999999999,1024,1938688000.0,0.0,0.20823696,0.39424462452,0.0062471088
720p,1280,720,128,128,3,32,4096,50.0,is,5887790.0,0.0,24883200,20131200.0,16588800.0,777600.0,2764800.0,19367800.0,16594000.0,9000.0,2764800.0,24883200.0,132710400.0,6220800.0,19353600.0,158284800.0,16594000.0,9000.0,2764800.0,19367800.0,202535800.0,0.024300000000000002,accelergy_plugin,accelergy_component_library_table_plugin,8.0,7.0,1.0,1.0,5.887790000000001,1024,6029096960.0,0.0,0.2025358,1.1924882578820002,0.006076074
720p,1280,720,128,128,3,32,4096,50.0,os,4476590.0,0.0,24883200,23817600.0,16588800.0,777600.0,6451200.0,19394800.0,16594000.0,36000.0,2764800.0,24883200.0,132710400.0,6220800.0,45158400.0,184089600.0,16594000.0,36000.0,2764800.0,19394800.0,228367600.0,0.024300000000000002,accelergy_plugin,accelergy_component_library_table_plugin,8.0,7.0,1.0,1.0,4.47659,1024,4584028160.0,0.0,0.2283676,1.022308114484,0.006851028
720p,1280,720,128,128,3,32,4096,50.0,ws,3089270.0,0.0,24883200,19355220.0,16588800.0,1620.0,2764800.0,61784800.0,58984000.0,36000.0,2764800.0,24883200.0,132710400.0,12960.0,19353600.0,152076960.0,58984000.0,36000.0,2764800.0,61784800.0,238744960.0,0.024300000000000002,accelergy_plugin,accelergy_component_library_table_plugin,8.0,7.0,1.0,1.0,3.08927,1024,3163412480.0,0.0,0.23874496,0.7375476425792,0.0071623488
720p,1280,720,128,128,3,32,4096,200.0,is,5597430.0,0.0,24883200,20131200.0,16588800.0,777600.0,2764800.0,19392800.0,16604000.0,24000.0,2764800.0,24883200.0,132710400.0,6220800.0,19353600.0,158284800.0,16604000.0,24000.0,2764800.0,19392800.0,202560800.0,0.024300000000000002,accelergy_plugin,accelergy_component_library_table_plugin,8.0,7.0,1.0,1.0,5.597429999999999,1024,5731768320.0,0.0,0.2025608,1.133819898744,0.006076824
720p,1280,720,128,128,3,32,4096,200.0,os,4186230.0,0.0,24883200,23817600.0,16588800.0,777600.0,6451200.0,19416800.0,16604000.0,48000.0,2764800.0,24883200.0,132710400.0,6220800.0,45158400.0,184089600.0,16604000.0,48000.0,2764800.0,19416800.0,228389600.0,0.024300000000000002,accelergy_plugin,accelergy_component_library_table_plugin,8.0,7.0,1.0,1.0,4.18623,1024,4286699520.0,0.0,0.2283896,0.956091395208,0.006851688
720p,1280,720,128,128,3,32,4096,200.0,ws,2163070.0,0.0,24883200,19355220.0,16588800.0,1620.0,2764800.0,61808800.0,58996000.0,48000.0,2764800.0,24883200.0,132710400.0,12960.0,19353600.0,152076960.0,58996000.0,48000.0,2764800.0,61808800.0,238768960.0,0.024300000000000002,accelergy_plugin,accelergy_component_library_table_plugin,8.0,7.0,1.0,1.0,2.16307,1024,2214983680.0,0.0,0.23876896,0.5164739743072,0.0071630688
720p,1280,720,128,128,3,32,4096,800.0,is,5524870.0,0.0,24883200,20131200.0,16588800.0,777600.0,2764800.0,19516800.0,16656000.0,96000.0,2764800.0,24883200.0,132710400.0,6220800.0,19353600.0,158284800.0,16656000.0,96000.0,2764800.0,19516800.0,202684800.0,0.024300000000000002,accelergy_plugin,accelergy_component_library_table_plugin,8.0,7.0,1.0,1.0,5.52487,1024,5657466880.0,0.0,0.2026848,1.119807170976,0.006080544
720p,1280,720,128,128,3,32,4096,800.0,os,4113670.0,0.0,24883200,23817600.0,16588800.0,777600.0,6451200.0,19516800.0,16656000.0,96000.0,2764800.0,24883200.0,132710400.0,6220800.0,45158400.0,184089600.0,16656000.0,96000.0,2764800.0,19516800.0,228489600.0,0.024300000000000002,accelergy_plugin,accelergy_component_library_table_plugin,8.0,7.0,1.0,1.0,4.11367,1024,4212398080.0,0.0,0.2284896,0.939930812832,0.006854688
720p,1280,720,128,128,3,32,4096,800.0,ws,1931530.0,0.0,24883200,19355220.0,16588800.0,1620.0,2764800.0,61900800.0,59040000.0,96000.0,2764800.0,24883200.0,132710400.0,12960.0,19353600.0,152076960.0,59040000.0,96000.0,2764800.0,61900800.0,238860960.0,0.024300000000000002,accelergy_plugin,accelergy_component_library_table_plugin,8.0,7.0,1.0,1.0,1.9315300000000002,1024,1977886720.0,0.0,0.23886096,0.46136711006880005,0.0071658288
720p,1280,720,128,128,3,64,256,50.0,is,5711670.0,0.0,24883200,19742400.0,16588800.0,388800.0,2764800.0,81705800.0,78926000.0,15000.0,2764800.0,24883200.0,132710400.0,3110400.0,19353600.0,155174400.0,78926000.0,15000.0,2764800.0,81705800.0,261763400.0,0.018432,accelergy_plugin,accelergy_component_library_table_plugin,8.0,7.0,1.0,1.0,5.711670000000001,4096,23395000320.0,0.0,0.2617634,1.4951061588780001,0.007852902
720p,1280,720,128,128,3,64,256,50.0,os,4084470.0,0.0,24883200,23428800.0,16588800.0,388800.0,6451200.0,81762800.0,78926000.0,72000.0,2764800.0,24883200.0,132710400.0,3110400.0,45158400.0,180979200.0,78926000.0,72000.0,2764800.0,81762800.0,287625200.0,0.018432,accelergy_plugin,accelergy_component_library_table_plugin,8.0,7.0,1.0,1.0,4.08447,4096,16729989120.0,0.0,0.2876252,1.174796500644,0.008628756
720p,1280,720,128,128,3,64,256,50.0,ws,2062470.0,0.0,24883200,19355220.0,16588800.0,1620.0,2764800.0,22862800.0,20026000.0,72000.0,2764800.0,24883200.0,132710400.0,12960.0,19353600.0,152076960.0,20026000.0,72000.0,2764800.0,22862800.0,199822960.0,0.018432,accelergy_plugin,accelergy_component_library_table_plugin,8.0,7.0,1.0,1.0,2.06247,4096,8447877120.0,0.0,0.19982296,0.41212886031119994,0.0059946888
720p,1280,720,128,128,3,64,256,200.0,is,5564210.0,0.0,24883200,19742400.0,16588800.0,388800.0,2764800.0,81848800.0,79060000.0,24000.0,2764800.0,24883200.0,132710400.0,3110400.0,19353600.0,155174400.0,79060000.0,24000.0,2764800.0,81848800.0,261906400.0,0.0060750000000000005,accelergy_plugin,accelergy_component_library_table_plugin,8.0,7.0,1.0,1.0,5.56421,4096,22791004160.0,0.0,0.2619064,1.4573022099439998,0.007857192
720p,1280,720,128,128,3,64,256,200.0,os,3937010.0,0.0,24883200,23428800.0,16588800.0,388800.0,6451200.0,81896800.0,79060000.0,72000.0,2764800.0,24883200.0,132710400.0,3110400.0,45158400.0,180979200.0,79060000.0,72000.0,2764800.0,81896800.0,287759200.0,0.0060750000000000005,accelergy_plugin,accelergy_component_library_table_plugin,8.0,7.0,1.0,1.0,3.9370100000000003,4096,16125992960.0,0.0,0.2877592,1.132910847992,0.008632776
720p,1280,720,128,128,3,64,256,200.0,ws,1915010.0,0.0,24883200,19355220.0,16588800.0,1620.0,2764800.0,22896800.0,20060000.0,72000.0,2764800.0,24883200.0,132710400.0,12960.0,19353600.0,152076960.0,20060000.0,72000.0,2764800.0,22896800.0,199856960.0,0.0060750000000000005,accelergy_plugin,accelergy_component_library_table_plugin,8.0,7.0,1.0,1.0,1.9150099999999999,4096,7843880960.0,0.0,0.19985696,0.3827280769696,0.0059957088
720p,1280,720,128,128,3,64,256,800.0,is,5527330.0,0.0,24883200,19742400.0,16588800.0,388800.0,2764800.0,82188800.0,79328000.0,96000.0,2764800.0,24883200.0,132710400.0,3110400.0,19353600.0,155174400.0,79328000.0,96000.0,2764800.0,82188800.0,262246400.0,0.0060750000000000005,accelergy_plugin,accelergy_component_library_table_plugin,8.0,7.0,1.0,1.0,5.527329999999999,4096,22639943680.0,0.0,0.2622464,1.4495223941119997,0.007867392
720p,1280,720,128,128,3,64,256,800.0,os,3900130.0,0.0,24883200,23428800.0,16588800.0,388800.0,6451200.0,82188800.0,79328000.0,96000.0,2764800.0,24883200.0,132710400.0,3110400.0,45158400.0,180979200.0,79328000.0,96000.0,2764800.0,82188800.0,288051200.0,0.0060750000000000005,accelergy_plugin,accelergy_component_library_table_plugin,8.0,7.0,1.0,1.0,3.90013,4096,15974932480.0,0.0,0.2880512,1.123437126656,0.008641536
720p,1280,720,128,128,3,64,256,800.0,ws,1878130.0,0.0,24883200,19355220.0,16588800.0,1620.0,2764800.0,22988800.0,20128000.0,96000.0,2764800.0,24883200.0,132710400.0,12960.0,19353600.0,152076960.0,20128000.0,96000.0,2764800.0,22988800.0,199948960.0,0.0060750000000000005,accelergy_plugin,accelergy_component_library_table_plugin,8.0,7.0,1.0,1.0,1.87813,4096,7692820480.0,0.0,0.19994896,0.3755301402448,0.0059984688
720p,1280,720,128,128,3,64,1024,50.0,is,5902190.0,0.0,24883200,19742400.0,16588800.0,388800.0,2764800.0,19373800.0,16594000.0,15000.0,2764800.0,24883200.0,132710400.0,3110400.0,19353600.0,155174400.0,16594000.0,15000.0,2764800.0,19373800.0,199431400.0,0.018432,accelergy_plugin,accelergy_component_library_table_plugin,8.0,7.0,1.0,1.0,5.90219,4096,24175370240.0,0.0,0.1994314,1.1770820147660002,0.005982942
720p,1280,720,128,128,3,64,1024,50.0,os,4274990.0,0.0,24883200,23428800.0,16588800.0,388800.0,6451200.0,19430800.0,16594000.0,72000.0,2764800.0,24883200.0,132710400.0,3110400.0,45158400.0,180979200.0,16594000.0,72000.0,2764800.0,19430800.0,225293200.0,0.018432,accelergy_plugin,accelergy_component_library_table_plugin,8.0,7.0,1.0,1.0,4.27499,4096,17510359040.0,0.0,0.2252932,0.963126177068,0.006758796
720p,1280,720,128,128,3,64,1024,50.0,ws,2487630.0,0.0,24883200,19355220.0,16588800.0,1620.0,2764800.0,31162800.0,28326000.0,72000.0,2764800.0,24883200.0,132710400.0,12960.0,19353600.0,152076960.0,28326000.0,72000.0,2764800.0,31162800.0,208122960.0,0.018432,accelergy_plugin,accelergy_component_library_table_plugin,8.0,7.0,1.0,1.0,2.48763,4096,10189332480.0,0.0,0.20812296,0.5177329189847999,0.0062436888
720p,1280,720,128,128,3,64,1024,200.0,is,5611830.0,0.0,24883200,19742400.0,16588800.0,388800.0,2764800.0,19392800.0,16604000.0,24000.0,2764800.0,24883200.0,132710400.0,3110400.0,19353600.0,155174400.0,16604000.0,24000.0,2764800.0,19392800.0,199450400.0,0.0060750000000000005,accelergy_plugin,accelergy_component_library_table_plugin,8.0,7.0,1.0,1.0,5.61183,4096,22986055680.0,0.0,0.1994504,1.1192817382320002,0.005983512
720p,1280,720,128,128,3,64,1024,200.0,os,3984630.0,0.0,24883200,23428800.0,16588800.0,388800.0,6451200.0,19440800.0,16604000.0,72000.0,2764800.0,24883200.0,132710400.0,3110400.0,45158400.0,180979200.0,16604000.0,72000.0,2764800.0,19440800.0,225303200.0,0.0060750000000000005,accelergy_plugin,accelergy_component_library_table_plugin,8.0,7.0,1.0,1.0,3.98463,4096,16321044480.0,0.0,0.2253032,0.897749889816,0.006759096
720p,1280,720,128,128,3,64,1024,200.0,ws,2021330.0,0.0,24883200,19355220.0,16588800.0,1620.0,2764800.0,31180800.0,28344000.0,72000.0,2764800.0,24883200.0,132710400.0,12960.0,19353600.0,152076960.0,28344000.0,72000.0,2764800.0,31180800.0,208140960.0,0.0060750000000000005,accelergy_plugin,accelergy_component_library_table_plugin,8.0,7.0,1.0,1.0,2.02133,4096,8279367680.0,0.0,0.20814096,0.4207215666768,0.0062442288
720p,1280,720,128,128,3,64,1024,800.0,is,5539270.0,0.0,24883200,19742400.0,16588800.0,388800.0,2764800.0,19516800.0,16656000.0,96000.0,2764800.0,24883200.0,132710400.0,3110400.0,19353600.0,155174400.0,16656000.0,96000.0,2764800.0,19516800.0,199574400.0,0.0060750000000000005,accelergy_plugin,accelergy_component_library_table_plugin,8.0,7.0,1.0,1.0,5.53927,4096,22688849920.0,0.0,0.1995744,1.1054964866880002,0.005987232
720p,1280,720,128,128,3,64,1024,800.0,os,3912070.0,0.0,24883200,23428800.0,16588800.0,388800.0,6451200.0,19516800.0,16656000.0,96000.0,2764800.0,24883200.0,132710400.0,3110400.0,45158400.0,180979200.0,16656000.0,96000.0,2764800.0,19516800.0,225379200.0,0.0060750000000000005,accelergy_plugin,accelergy_component_library_table_plugin,8.0,7.0,1.0,1.0,3.91207,4096,16023838720.0,0.0,0.2253792,0.881699206944,0.006761376
720p,1280,720,128,128,3,64,1024,800.0,ws,1904770.0,0.0,24883200,19355220.0,16588800.0,1620.0,2764800.0,31276800.0,28416000.0,96000.0,2764800.0,24883200.0,132710400.0,12960.0,19353600.0,152076960.0,28416000.0,96000.0,2764800.0,31276800.0,208236960.0,0.0060750000000000005,accelergy_plugin,accelergy_component_library_table_plugin,8.0,7.0,1.0,1.0,1.90477,4096,7801937920.0,0.0,0.20823696,0.39664351429920003,0.0062471088
720p,1280,720,128,128,3,64,4096,50.0,is,5902190.0,0.0,24883200,19742400.0,16588800.0,388800.0,2764800.0,19373800.0,16594000.0,15000.0,2764800.0,24883200.0,132710400.0,3110400.0,19353600.0,155174400.0,16594000.0,15000.0,2764800.0,19373800.0,199431400.0,0.018432,accelergy_plugin,accelergy_component_library_table_plugin,8.0,7.0,1.0,1.0,5.90219,4096,24175370240.0,0.0,0.1994314,1.1770820147660002,0.005982942
720p,1280,720,128,128,3,64,4096,50.0,os,4274990.0,0.0,24883200,23428800.0,16588800.0,388800.0,6451200.0,19430800.0,16594000.0,72000.0,2764800.0,24883200.0,132710400.0,3110400.0,45158400.0,180979200.0,16594000.0,72000.0,2764800.0,19430800.0,225293200.0,0.018432,accelergy_plugin,accelergy_component_library_table_plugin,8.0,7.0,1.0,1.0,4.27499,4096,17510359040.0,0.0,0.2252932,0.963126177068,0.006758796
720p,1280,720,128,128,3,64,4096,50.0,ws,4070570.0,0.0,24883200,19355220.0,16588800.0,1620.0,2764800.0,110309800.0,107473000.0,72000.0,2764800.0,24883200.0,132710400.0,12960.0,19353600.0,152076960.0,107473000.0,72000.0,2764800.0,110309800.0,287269960.0,0.018432,accelergy_plugin,accelergy_component_library_table_plugin,8.0,7.0,1.0,1.0,4.07057,4096,16673054720.0,0.0,0.28726996,1.1693524810772,0.0086180988
720p,1280,720,128,128,3,64,4096,200.0,is,5611830.0,0.0,24883200,19742400.0,16588800.0,388800.0,2764800.0,19392800.0,16604000.0,24000.0,2764800.0,24883200.0,132710400.0,3110400.0,19353600.0,155174400.0,16604000.0,24000.0,2764800.0,19392800.0,199450400.0,0.0060750000000000005,accelergy_plugin,accelergy_component_library_table_plugin,8.0,7.0,1.0,1.0,5.61183,4096,22986055680.0,0.0,0.1994504,1.1192817382320002,0.005983512
720p,1280,720,128,128,3,64,4096,200.0,os,3984630.0,0.0,24883200,23428800.0,16588800.0,388800.0,6451200.0,19440800.0,16604000.0,72000.0,2764800.0,24883200.0,132710400.0,3110400.0,45158400.0,180979200.0,16604000.0,72000.0,2764800.0,19440800.0,225303200.0,0.0060750000000000005,accelergy_plugin,accelergy_component_library_table_plugin,8.0,7.0,1.0,1.0,3.98463,4096,16321044480.0,0.0,0.2253032,0.897749889816,0.006759096
720p,1280,720,128,128,3,64,4096,200.0,ws,2417050.0,0.0,24883200,19355220.0,16588800.0,1620.0,2764800.0,110324800.0,107488000.0,72000.0,2764800.0,24883200.0,132710400.0,12960.0,19353600.0,152076960.0,107488000.0,72000.0,2764800.0,110324800.0,287284960.0,0.0060750000000000005,accelergy_plugin,accelergy_component_library_table_plugin,8.0,7.0,1.0,1.0,2.41705,4096,9900236800.0,0.0,0.28728496,0.694382112568,0.0086185488
720p,1280,720,128,128,3,64,4096,800.0,is,5539270.0,0.0,24883200,19742400.0,16588800.0,388800.0,2764800.0,19516800.0,16656000.0,96000.0,2764800.0,24883200.0,132710400.0,3110400.0,19353600.0,155174400.0,16656000.0,96000.0,2764800.0,19516800.0,199574400.0,0.0060750000000000005,accelergy_plugin,accelergy_component_library_table_plugin,8.0,7.0,1.0,1.0,5.53927,4096,22688849920.0,0.0,0.1995744,1.1054964866880002,0.005987232
720p,1280,720,128,128,3,64,4096,800.0,os,3912070.0,0.0,24883200,23428800.0,16588800.0,388800.0,6451200.0,19516800.0,16656000.0,96000.0,2764800.0,24883200.0,132710400.0,3110400.0,45158400.0,180979200.0,16656000.0,96000.0,2764800.0,19516800.0,225379200.0,0.0060750000000000005,accelergy_plugin,accelergy_component_library_table_plugin,8.0,7.0,1.0,1.0,3.91207,4096,16023838720.0,0.0,0.2253792,0.881699206944,0.006761376
720p,1280,720,128,128,3,64,4096,800.0,ws,2003650.0,0.0,24883200,19355220.0,16588800.0,1620.0,2764800.0,110380800.0,107520000.0,96000.0,2764800.0,24883200.0,132710400.0,12960.0,19353600.0,152076960.0,107520000.0,96000.0,2764800.0,110380800.0,287340960.0,0.0060750000000000005,accelergy_plugin,accelergy_component_library_table_plugin,8.0,7.0,1.0,1.0,2.00365,4096,8206950400.0,0.0,0.28734096,0.5757307145039999,0.0086202288
720p,1280,720,128,128,3,128,256,50.0,is,5718870.0,0.0,24883200,19548000.0,16588800.0,194400.0,2764800.0,81717800.0,78926000.0,27000.0,2764800.0,24883200.0,132710400.0,1555200.0,19353600.0,153619200.0,78926000.0,27000.0,2764800.0,81717800.0,260220200.0,0.018432,accelergy_plugin,accelergy_component_library_table_plugin,8.0,7.0,1.0,1.0,5.71887,16384,93697966080.0,0.0,0.2602202,1.488165495174,0.007806606
720p,1280,720,128,128,3,128,256,50.0,os,3983670.0,0.0,24883200,23234400.0,16588800.0,194400.0,6451200.0,81834800.0,78926000.0,144000.0,2764800.0,24883200.0,132710400.0,1555200.0,45158400.0,179424000.0,78926000.0,144000.0,2764800.0,81834800.0,286142000.0,0.018432,accelergy_plugin,accelergy_component_library_table_plugin,8.0,7.0,1.0,1.0,3.98367,16384,65268449280.0,0.0,0.286142,1.1398953011400002,0.00858426
720p,1280,720,128,128,3,128,256,50.0,ws,2085510.0,0.0,24883200,19355220.0,16588800.0,1620.0,2764800.0,22934800.0,20026000.0,144000.0,2764800.0,24883200.0,132710400.0,12960.0,19353600.0,152076960.0,20026000.0,144000.0,2764800.0,22934800.0,199894960.0,0.018432,accelergy_plugin,accelergy_component_library_table_plugin,8.0,7.0,1.0,1.0,2.08551,16384,34168995840.0,0.0,0.19989496,0.4168829380296001,0.0059968488
720p,1280,720,128,128,3,128,256,200.0,is,5571410.0,0.0,24883200,19548000.0,16588800.0,194400.0,2764800.0,81860800.0,79060000.0,36000.0,2764800.0,24883200.0,132710400.0,1555200.0,19353600.0,153619200.0,79060000.0,36000.0,2764800.0,81860800.0,260363200.0,0.004608,accelergy_plugin,accelergy_component_library_table_plugin,8.0,7.0,1.0,1.0,5.571409999999999,16384,91281981440.0,0.0,0.2603632,1.450590136112,0.007810896
720p,1280,720,128,128,3,128,256,200.0,os,3836210.0,0.0,24883200,23234400.0,16588800.0,194400.0,6451200.0,81968800.0,79060000.0,144000.0,2764800.0,24883200.0,132710400.0,1555200.0,45158400.0,179424000.0,79060000.0,144000.0,2764800.0,81968800.0,286276000.0,0.004608,accelergy_plugin,accelergy_component_library_table_plugin,8.0,7.0,1.0,1.0,3.83621,16384,62852464640.0,0.0,0.286276,1.0982148539599998,0.00858828
720p,1280,720,128,128,3,128,256,200.0,ws,1938050.0,0.0,24883200,19355220.0,16588800.0,1620.0,2764800.0,22968800.0,20060000.0,144000.0,2764800.0,24883200.0,132710400.0,12960.0,19353600.0,152076960.0,20060000.0,144000.0,2764800.0,22968800.0,199928960.0,0.004608,accelergy_plugin,accelergy_component_library_table_plugin,8.0,7.0,1.0,1.0,1.93805,16384,31753011200.0,0.0,0.19992896,0.387472320928,0.0059978688
720p,1280,720,128,128,3,128,256,800.0,is,5534530.0,0.0,24883200,19548000.0,16588800.0,194400.0,2764800.0,82188800.0,79328000.0,96000.0,2764800.0,24883200.0,132710400.0,1555200.0,19353600.0,153619200.0,79328000.0,96000.0,2764800.0,82188800.0,260691200.0,0.0015187500000000001,accelergy_plugin,accelergy_component_library_table_plugin,8.0,7.0,1.0,1.0,5.53453,16384,90677739520.0,0.0,0.2606912,1.442803267136,0.007820736
720p,1280,720,128,128,3,128,256,800.0,os,3799330.0,0.0,24883200,23234400.0,16588800.0,194400.0,6451200.0,82284800.0,79328000.0,192000.0,2764800.0,24883200.0,132710400.0,1555200.0,45158400.0,179424000.0,79328000.0,192000.0,2764800.0,82284800.0,286592000.0,0.0015187500000000001,accelergy_plugin,accelergy_component_library_table_plugin,8.0,7.0,1.0,1.0,3.79933,16384,62248222720.0,0.0,0.286592,1.08885758336,0.00859776
720p,1280,720,128,128,3,128,256,800.0,ws,1901170.0,0.0,24883200,19355220.0,16588800.0,1620.0,2764800.0,23084800.0,20128000.0,192000.0,2764800.0,24883200.0,132710400.0,12960.0,19353600.0,152076960.0,20128000.0,192000.0,2764800.0,23084800.0,200044960.0,0.0015187500000000001,accelergy_plugin,accelergy_component_library_table_plugin,8.0,7.0,1.0,1.0,1.90117,16384,31148769280.0,0.0,0.20004496,0.3803194766032,0.0060013488
720p,1280,720,128,128,3,128,1024,50.0,is,5909390.0,0.0,24883200,19548000.0,16588800.0,194400.0,2764800.0,19385800.0,16594000.0,27000.0,2764800.0,24883200.0,132710400.0,1555200.0,19353600.0,153619200.0,16594000.0,27000.0,2764800.0,19385800.0,197888200.0,0.018432,accelergy_plugin,accelergy_component_library_table_plugin,8.0,7.0,1.0,1.0,5.909389999999999,16384,96819445760.0,0.0,0.1978882,1.1693985501979998,0.005936646
720p,1280,720,128,128,3,128,1024,50.0,os,4174190.0,0.0,24883200,23234400.0,16588800.0,194400.0,6451200.0,19502800.0,16594000.0,144000.0,2764800.0,24883200.0,132710400.0,1555200.0,45158400.0,179424000.0,16594000.0,144000.0,2764800.0,19502800.0,223810000.0,0.018432,accelergy_plugin,accelergy_component_library_table_plugin,8.0,7.0,1.0,1.0,4.17419,16384,68389928960.0,0.0,0.22381,0.9342254639,0.0067143
720p,1280,720,128,128,3,128,1024,50.0,ws,2510670.0,0.0,24883200,19355220.0,16588800.0,1620.0,2764800.0,31234800.0,28326000.0,144000.0,2764800.0,24883200.0,132710400.0,12960.0,19353600.0,152076960.0,28326000.0,144000.0,2764800.0,31234800.0,208194960.0,0.018432,accelergy_plugin,accelergy_component_library_table_plugin,8.0,7.0,1.0,1.0,2.51067,16384,41134817280.0,0.0,0.20819496,0.5227088402232001,0.0062458488
720p,1280,720,128,128,3,128,1024,200.0,is,5619030.0,0.0,24883200,19548000.0,16588800.0,194400.0,2764800.0,19404800.0,16604000.0,36000.0,2764800.0,24883200.0,132710400.0,1555200.0,19353600.0,153619200.0,16604000.0,36000.0,2764800.0,19404800.0,197907200.0,0.004608,accelergy_plugin,accelergy_component_library_table_plugin,8.0,7.0,1.0,1.0,5.6190299999999995,16384,92062187520.0,0.0,0.1979072,1.112046494016,0.005937216
720p,1280,720,128,128,3,128,1024,200.0,os,3883830.0,0.0,24883200,23234400.0,16588800.0,194400.0,6451200.0,19512800.0,16604000.0,144000.0,2764800.0,24883200.0,132710400.0,1555200.0,45158400.0,179424000.0,16604000.0,144000.0,2764800.0,19512800.0,223820000.0,0.004608,accelergy_plugin,accelergy_component_library_table_plugin,8.0,7.0,1.0,1.0,3.88383,16384,63632670720.0,0.0,0.22382,0.8692788306,0.0067146
720p,1280,720,128,128,3,128,1024,200.0,ws,2044370.0,0.0,24883200,19355220.0,16588800.0,1620.0,2764800.0,31252800.0,28344000.0,144000.0,2764800.0,24883200.0,132710400.0,12960.0,19353600.0,152076960.0,28344000.0,144000.0,2764800.0,31252800.0,208212960.0,0.004608,accelergy_plugin,accelergy_component_library_table_plugin,8.0,7.0,1.0,1.0,2.0443700000000002,16384,33494958080.0,0.0,0.20821296,0.4256643290352001,0.0062463888
720p,1280,720,128,128,3,128,1024,800.0,is,5546470.0,0.0,24883200,19548000.0,16588800.0,194400.0,2764800.0,19516800.0,16656000.0,96000.0,2764800.0,24883200.0,132710400.0,1555200.0,19353600.0,153619200.0,16656000.0,96000.0,2764800.0,19516800.0,198019200.0,0.0015187500000000001,accelergy_plugin,accelergy_component_library_table_plugin,8.0,7.0,1.0,1.0,5.54647,16384,90873364480.0,0.0,0.1980192,1.098307552224,0.005940576
720p,1280,720,128,128,3,128,1024,800.0,os,3811270.0,0.0,24883200,23234400.0,16588800.0,194400.0,6451200.0,19612800.0,16656000.0,192000.0,2764800.0,24883200.0,132710400.0,1555200.0,45158400.0,179424000.0,16656000.0,192000.0,2764800.0,19612800.0,223920000.0,0.0015187500000000001,accelergy_plugin,accelergy_component_library_table_plugin,8.0,7.0,1.0,1.0,3.81127,16384,62443847680.0,0.0,0.22392,0.8534195784,0.0067176
720p,1280,720,128,128,3,128,1024,800.0,ws,1927810.0,0.0,24883200,19355220.0,16588800.0,1620.0,2764800.0,31372800.0,28416000.0,192000.0,2764800.0,24883200.0,132710400.0,12960.0,19353600.0,152076960.0,28416000.0,192000.0,2764800.0,31372800.0,208332960.0,0.0015187500000000001,accelergy_plugin,accelergy_component_library_table_plugin,8.0,7.0,1.0,1.0,1.92781,16384,31585239040.0,0.0,0.20833296,0.4016263636176,0.0062499888
720p,1280,720,128,128,3,128,4096,50.0,is,5909390.0,0.0,24883200,19548000.0,16588800.0,194400.0,2764800.0,19385800.0,16594000.0,27000.0,2764800.0,24883200.0,132710400.0,1555200.0,19353600.0,153619200.0,16594000.0,27000.0,2764800.0,19385800.0,197888200.0,0.018432,accelergy_plugin,accelergy_component_library_table_plugin,8.0,7.0,1.0,1.0,5.909389999999999,16384,96819445760.0,0.0,0.1978882,1.1693985501979998,0.005936646
720p,1280,720,128,128,3,128,4096,50.0,os,4174190.0,0.0,24883200,23234400.0,16588800.0,194400.0,6451200.0,19502800.0,16594000.0,144000.0,2764800.0,24883200.0,132710400.0,1555200.0,45158400.0,179424000.0,16594000.0,144000.0,2764800.0,19502800.0,223810000.0,0.018432,accelergy_plugin,accelergy_component_library_table_plugin,8.0,7.0,1.0,1.0,4.17419,16384,68389928960.0,0.0,0.22381,0.9342254639,0.0067143
720p,1280,720,128,128,3,128,4096,50.0,ws,4208910.0,0.0,24883200,19355220.0,16588800.0,1620.0,2764800.0,116146800.0,113238000.0,144000.0,2764800.0,24883200.0,132710400.0,12960.0,19353600.0,152076960.0,113238000.0,144000.0,2764800.0,116146800.0,293106960.0,0.018432,accelergy_plugin,accelergy_component_library_table_plugin,8.0,7.0,1.0,1.0,4.2089099999999995,16384,68958781440.0,0.0,0.29310696,1.2336608150136,0.0087932088
720p,1280,720,128,128,3,128,4096,200.0,is,5619030.0,0.0,24883200,19548000.0,16588800.0,194400.0,2764800.0,19404800.0,16604000.0,36000.0,2764800.0,24883200.0,132710400.0,1555200.0,19353600.0,153619200.0,16604000.0,36000.0,2764800.0,19404800.0,197907200.0,0.004608,accelergy_plugin,accelergy_component_library_table_plugin,8.0,7.0,1.0,1.0,5.6190299999999995,16384,92062187520.0,0.0,0.1979072,1.112046494016,0.005937216
720p,1280,720,128,128,3,128,4096,200.0,os,3883830.0,0.0,24883200,23234400.0,16588800.0,194400.0,6451200.0,19512800.0,16604000.0,144000.0,2764800.0,24883200.0,132710400.0,1555200.0,45158400.0,179424000.0,16604000.0,144000.0,2764800.0,19512800.0,223820000.0,0.004608,accelergy_plugin,accelergy_component_library_table_plugin,8.0,7.0,1.0,1.0,3.88383,16384,63632670720.0,0.0,0.22382,0.8692788306,0.0067146
720p,1280,720,128,128,3,128,4096,200.0,ws,2468930.0,0.0,24883200,19355220.0,16588800.0,1620.0,2764800.0,116164800.0,113256000.0,144000.0,2764800.0,24883200.0,132710400.0,12960.0,19353600.0,152076960.0,113256000.0,144000.0,2764800.0,116164800.0,293124960.0,0.004608,accelergy_plugin,accelergy_component_library_table_plugin,8.0,7.0,1.0,1.0,2.46893,16384,40450949120.0,0.0,0.29312496,0.7237050074928,0.0087937488
720p,1280,720,128,128,3,128,4096,800.0,is,5546470.0,0.0,24883200,19548000.0,16588800.0,194400.0,2764800.0,19516800.0,16656000.0,96000.0,2764800.0,24883200.0,132710400.0,1555200.0,19353600.0,153619200.0,16656000.0,96000.0,2764800.0,19516800.0,198019200.0,0.0015187500000000001,accelergy_plugin,accelergy_component_library_table_plugin,8.0,7.0,1.0,1.0,5.54647,16384,90873364480.0,0.0,0.1980192,1.098307552224,0.005940576
720p,1280,720,128,128,3,128,4096,800.0,os,3811270.0,0.0,24883200,23234400.0,16588800.0,194400.0,6451200.0,19612800.0,16656000.0,192000.0,2764800.0,24883200.0,132710400.0,1555200.0,45158400.0,179424000.0,16656000.0,192000.0,2764800.0,19612800.0,223920000.0,0.0015187500000000001,accelergy_plugin,accelergy_component_library_table_plugin,8.0,7.0,1.0,1.0,3.81127,16384,62443847680.0,0.0,0.22392,0.8534195784,0.0067176
720p,1280,720,128,128,3,128,4096,800.0,ws,2033890.0,0.0,24883200,19355220.0,16588800.0,1620.0,2764800.0,116236800.0,113280000.0,192000.0,2764800.0,24883200.0,132710400.0,12960.0,19353600.0,152076960.0,113280000.0,192000.0,2764800.0,116236800.0,293196960.0,0.0015187500000000001,accelergy_plugin,accelergy_component_library_table_plugin,8.0,7.0,1.0,1.0,2.03389,16384,33323253760.0,0.0,0.29319696,0.5963303649744,0.0087959088
720p,1280,720,128,128,5,8,256,50.0,is,37643070.0,21344150.0,39628800,43660800.0,31334400.0,4953600.0,7372800.0,1594733800.0,1587355000.0,6000.0,7372800.0,39628800.0,250675200.0,39628800.0,51609600.0,341913600.0,1587355000.0,6000.0,7372800.0,1594733800.0,1976276200.0,0.6192,accelergy_plugin,accelergy_component_library_table_plugin,8.0,7.0,1.0,1.0,37.64307,64,2409156480.0,56.70140612867123,1.9762762,74.393103335934,0.059288286
720p,1280,720,128,128,5,8,256,50.0,os,7338870.0,0.0,39628800,42739200.0,31334400.0,4953600.0,6451200.0,76996800.0,74214000.0,18000.0,2764800.0,39628800.0,250675200.0,39628800.0,45158400.0,335462400.0,74214000.0,18000.0,2764800.0,76996800.0,452088000.0,0.6192,accelergy_plugin,accelergy_component_library_table_plugin,8.0,7.0,1.0,1.0,7.33887,64,469687680.0,0.0,0.452088,3.31781506056,0.01356264
720p,1280,720,128,128,5,8,256,50.0,ws,5708440.0,0.0,39628800,38709780.0,31334400.0,2580.0,7372800.0,40963800.0,33573000.0,18000.0,7372800.0,39628800.0,250675200.0,20640.0,51609600.0,302305440.0,33573000.0,18000.0,7372800.0,40963800.0,382898040.0,0.6192,accelergy_plugin,accelergy_component_library_table_plugin,8.0,7.0,1.0,1.0,5.70844,64,365340160.0,0.0,0.38289804,2.1857504874576,0.0114869412
720p,1280,720,128,128,5,8,256,200.0,is,16170660.0,0.0,39628800,43660800.0,31334400.0,4953600.0,7372800.0,1597446800.0,1590050000.0,24000.0,7372800.0,39628800.0,250675200.0,39628800.0,51609600.0,341913600.0,1590050000.0,24000.0,7372800.0,1597446800.0,1978989200.0,0.6192,accelergy_plugin,accelergy_component_library_table_plugin,8.0,7.0,1.0,1.0,16.17066,64,1034922240.0,0.0,1.9789892,32.001561496872,0.059369676
720p,1280,720,128,128,5,8,256,200.0,os,7191410.0,0.0,39628800,42739200.0,31334400.0,4953600.0,6451200.0,77128800.0,74340000.0,24000.0,2764800.0,39628800.0,250675200.0,39628800.0,45158400.0,335462400.0,74340000.0,24000.0,2764800.0,77128800.0,452220000.0,0.6192,accelergy_plugin,accelergy_component_library_table_plugin,8.0,7.0,1.0,1.0,7.191409999999999,64,460250240.0,0.0,0.45222,3.2520994302,0.0135666
720p,1280,720,128,128,5,8,256,200.0,ws,5580180.0,0.0,39628800,38709780.0,31334400.0,2580.0,7372800.0,41026800.0,33630000.0,24000.0,7372800.0,39628800.0,250675200.0,20640.0,51609600.0,302305440.0,33630000.0,24000.0,7372800.0,41026800.0,382961040.0,0.6192,accelergy_plugin,accelergy_component_library_table_plugin,8.0,7.0,1.0,1.0,5.5801799999999995,64,357131520.0,0.0,0.38296104,2.1369915361871996,0.0114888312
720p,1280,720,128,128,5,8,256,800.0,is,16138580.0,0.0,39628800,43660800.0,31334400.0,4953600.0,7372800.0,1602908800.0,1595440000.0,96000.0,7372800.0,39628800.0,250675200.0,39628800.0,51609600.0,341913600.0,1595440000.0,96000.0,7372800.0,1602908800.0,1984451200.0,0.6192,accelergy_plugin,accelergy_component_library_table_plugin,8.0,7.0,1.0,1.0,16.13858,64,1032869120.0,0.0,1.9844512,32.026224447296,0.059533536
720p,1280,720,128,128,5,8,256,800.0,os,7154530.0,0.0,39628800,42739200.0,31334400.0,4953600.0,6451200.0,77452800.0,74592000.0,96000.0,2764800.0,39628800.0,250675200.0,39628800.0,45158400.0,335462400.0,74592000.0,96000.0,2764800.0,77452800.0,452544000.0,0.6192,accelergy_plugin,accelergy_component_library_table_plugin,8.0,7.0,1.0,1.0,7.15453,64,457889920.0,0.0,0.452544,3.23773962432,0.01357632
720p,1280,720,128,128,5,8,256,800.0,ws,5548100.0,0.0,39628800,38709780.0,31334400.0,2580.0,7372800.0,41212800.0,33744000.0,96000.0,7372800.0,39628800.0,250675200.0,20640.0,51609600.0,302305440.0,33744000.0,96000.0,7372800.0,41212800.0,383147040.0,0.6192,accelergy_plugin,accelergy_component_library_table_plugin,8.0,7.0,1.0,1.0,5.5481,64,355078400.0,0.0,0.38314704,2.1257380926239997,0.0114944112
720p,1280,720,128,128,5,8,1024,50.0,is,16724460.0,0.0,39628800,43660800.0,31334400.0,4953600.0,7372800.0,44001800.0,36623000.0,6000.0,7372800.0,39628800.0,250675200.0,39628800.0,51609600.0,341913600.0,36623000.0,6000.0,7372800.0,44001800.0,425544200.0,0.6192,accelergy_plugin,accelergy_component_library_table_plugin,8.0,7.0,1.0,1.0,16.72446,64,1070365440.0,0.0,0.4255442,7.116996951132,0.012766326
720p,1280,720,128,128,5,8,1024,50.0,os,7646710.0,0.0,39628800,42739200.0,31334400.0,4953600.0,6451200.0,39405800.0,36623000.0,18000.0,2764800.0,39628800.0,250675200.0,39628800.0,45158400.0,335462400.0,36623000.0,18000.0,2764800.0,39405800.0,414497000.0,0.6192,accelergy_plugin,accelergy_component_library_table_plugin,8.0,7.0,1.0,1.0,7.646710000000001,64,489389440.0,0.0,0.414497,3.1695383548700002,0.01243491
720p,1280,720,128,128,5,8,1024,50.0,ws,6236860.0,0.0,39628800,38709780.0,31334400.0,2580.0,7372800.0,49157800.0,41767000.0,18000.0,7372800.0,39628800.0,250675200.0,20640.0,51609600.0,302305440.0,41767000.0,18000.0,7372800.0,49157800.0,391092040.0,0.6192,accelergy_plugin,accelergy_component_library_table_plugin,8.0,7.0,1.0,1.0,6.23686,64,399159040.0,0.0,0.39109204,2.4391863005944,0.0117327612
720p,1280,720,128,128,5,8,1024,200.0,is,16277030.0,0.0,39628800,43660800.0,31334400.0,4953600.0,7372800.0,44042800.0,36646000.0,24000.0,7372800.0,39628800.0,250675200.0,39628800.0,51609600.0,341913600.0,36646000.0,24000.0,7372800.0,44042800.0,425585200.0,0.6192,accelergy_plugin,accelergy_component_library_table_plugin,8.0,7.0,1.0,1.0,16.27703,64,1041729920.0,0.0,0.4255852,6.927263067956,0.012767556
720p,1280,720,128,128,5,8,1024,200.0,os,7268380.0,0.0,39628800,42739200.0,31334400.0,4953600.0,6451200.0,39434800.0,36646000.0,24000.0,2764800.0,39628800.0,250675200.0,39628800.0,45158400.0,335462400.0,36646000.0,24000.0,2764800.0,39434800.0,414526000.0,0.6192,accelergy_plugin,accelergy_component_library_table_plugin,8.0,7.0,1.0,1.0,7.26838,64,465176320.0,0.0,0.414526,3.0129324878799997,0.01243578
720p,1280,720,128,128,5,8,1024,200.0,ws,5712290.0,0.0,39628800,38709780.0,31334400.0,2580.0,7372800.0,49190800.0,41794000.0,24000.0,7372800.0,39628800.0,250675200.0,20640.0,51609600.0,302305440.0,41794000.0,24000.0,7372800.0,49190800.0,391125040.0,0.6192,accelergy_plugin,accelergy_component_library_table_plugin,8.0,7.0,1.0,1.0,5.71229,64,365586560.0,0.0,0.39112504,2.2342196547416,0.0117337512
720p,1280,720,128,128,5,8,1024,800.0,is,16165170.0,0.0,39628800,43660800.0,31334400.0,4953600.0,7372800.0,44212800.0,36744000.0,96000.0,7372800.0,39628800.0,250675200.0,39628800.0,51609600.0,341913600.0,36744000.0,96000.0,7372800.0,44212800.0,425755200.0,0.6192,accelergy_plugin,accelergy_component_library_table_plugin,8.0,7.0,1.0,1.0,16.16517,64,1034570880.0,0.0,0.4257552,6.882405186384,0.012772656
720p,1280,720,128,128,5,8,1024,800.0,os,7173820.0,0.0,39628800,42739200.0,31334400.0,4953600.0,6451200.0,39604800.0,36744000.0,96000.0,2764800.0,39628800.0,250675200.0,39628800.0,45158400.0,335462400.0,36744000.0,96000.0,2764800.0,39604800.0,414696000.0,0.6192,accelergy_plugin,accelergy_component_library_table_plugin,8.0,7.0,1.0,1.0,7.17382,64,459124480.0,0.0,0.414696,2.97495445872,0.01244088
720p,1280,720,128,128,5,8,1024,800.0,ws,5581130.0,0.0,39628800,38709780.0,31334400.0,2580.0,7372800.0,49364800.0,41896000.0,96000.0,7372800.0,39628800.0,250675200.0,20640.0,51609600.0,302305440.0,41896000.0,96000.0,7372800.0,49364800.0,391299040.0,0.6192,accelergy_plugin,accelergy_component_library_table_plugin,8.0,7.0,1.0,1.0,5.58113,64,357192320.0,0.0,0.39129904,2.1838908111152,0.0117389712
720p,1280,720,128,128,5,8,4096,50.0,is,16902000.0,0.0,39628800,43660800.0,31334400.0,4953600.0,7372800.0,38715800.0,31337000.0,6000.0,7372800.0,39628800.0,250675200.0,39628800.0,51609600.0,341913600.0,31337000.0,6000.0,7372800.0,38715800.0,420258200.0,0.6192,accelergy_plugin,accelergy_component_library_table_plugin,8.0,7.0,1.0,1.0,16.902,64,1081728000.0,0.0,0.4202582,7.103204096400001,0.012607746
720p,1280,720,128,128,5,8,4096,50.0,os,7824250.0,0.0,39628800,42739200.0,31334400.0,4953600.0,6451200.0,34119800.0,31337000.0,18000.0,2764800.0,39628800.0,250675200.0,39628800.0,45158400.0,335462400.0,31337000.0,18000.0,2764800.0,34119800.0,409211000.0,0.6192,accelergy_plugin,accelergy_component_library_table_plugin,8.0,7.0,1.0,1.0,7.824249999999999,64,500752000.0,0.0,0.409211,3.2017691667499997,0.01227633
720p,1280,720,128,128,5,8,4096,50.0,ws,6569540.0,0.0,39628800,38709780.0,31334400.0,2580.0,7372800.0,51628800.0,44238000.0,18000.0,7372800.0,39628800.0,250675200.0,20640.0,51609600.0,302305440.0,44238000.0,18000.0,7372800.0,51628800.0,393563040.0,0.6192,accelergy_plugin,accelergy_component_library_table_plugin,8.0,7.0,1.0,1.0,6.56954,64,420450560.0,0.0,0.39356304,2.5855281338015996,0.0118068912
720p,1280,720,128,128,5,8,4096,200.0,is,16321370.0,0.0,39628800,43660800.0,31334400.0,4953600.0,7372800.0,38738800.0,31342000.0,24000.0,7372800.0,39628800.0,250675200.0,39628800.0,51609600.0,341913600.0,31342000.0,24000.0,7372800.0,38738800.0,420281200.0,0.6192,accelergy_plugin,accelergy_component_library_table_plugin,8.0,7.0,1.0,1.0,16.32137,64,1044567680.0,0.0,0.4202812,6.859564969244001,0.012608436
720p,1280,720,128,128,5,8,4096,200.0,os,7312720.0,0.0,39628800,42739200.0,31334400.0,4953600.0,6451200.0,34130800.0,31342000.0,24000.0,2764800.0,39628800.0,250675200.0,39628800.0,45158400.0,335462400.0,31342000.0,24000.0,2764800.0,34130800.0,409222000.0,0.6192,accelergy_plugin,accelergy_component_library_table_plugin,8.0,7.0,1.0,1.0,7.31272,64,468014080.0,0.0,0.409222,2.99252590384,0.01227666
720p,1280,720,128,128,5,8,4096,200.0,ws,5795420.0,0.0,39628800,38709780.0,31334400.0,2580.0,7372800.0,51644800.0,44248000.0,24000.0,7372800.0,39628800.0,250675200.0,20640.0,51609600.0,302305440.0,44248000.0,24000.0,7372800.0,51644800.0,393579040.0,0.6192,accelergy_plugin,accelergy_component_library_table_plugin,8.0,7.0,1.0,1.0,5.79542,64,370906880.0,0.0,0.39357904,2.2809558399967997,0.0118073712
720p,1280,720,128,128,5,8,4096,800.0,is,16176210.0,0.0,39628800,43660800.0,31334400.0,4953600.0,7372800.0,38836800.0,31368000.0,96000.0,7372800.0,39628800.0,250675200.0,39628800.0,51609600.0,341913600.0,31368000.0,96000.0,7372800.0,38836800.0,420379200.0,0.6192,accelergy_plugin,accelergy_component_library_table_plugin,8.0,7.0,1.0,1.0,16.17621,64,1035277440.0,0.0,0.4203792,6.800142218832001,0.012611376
720p,1280,720,128,128,5,8,4096,800.0,os,7184860.0,0.0,39628800,42739200.0,31334400.0,4953600.0,6451200.0,34228800.0,31368000.0,96000.0,2764800.0,39628800.0,250675200.0,39628800.0,45158400.0,335462400.0,31368000.0,96000.0,2764800.0,34228800.0,409320000.0,0.6192,accelergy_plugin,accelergy_component_library_table_plugin,8.0,7.0,1.0,1.0,7.1848600000000005,64,459831040.0,0.0,0.40932,2.9409068952000004,0.0122796
720p,1280,720,128,128,5,8,4096,800.0,ws,5601870.0,0.0,39628800,38709780.0,31334400.0,2580.0,7372800.0,51748800.0,44280000.0,96000.0,7372800.0,39628800.0,250675200.0,20640.0,51609600.0,302305440.0,44280000.0,96000.0,7372800.0,51748800.0,393683040.0,0.6192,accelergy_plugin,accelergy_component_library_table_plugin,8.0,7.0,1.0,1.0,5.60187,64,358519680.0,0.0,0.39368304,2.2053612112848,0.0118104912
720p,1280,720,128,128,5,16,256,50.0,is,54862220.0,46468100.0,39628800,37497600.0,31334400.0,2476800.0,3686400.0,2623564400.0,2619872000.0,6000.0,3686400.0,39628800.0,250675200.0,19814400.0,25804800.0,296294400.0,2619872000.0,6000.0,3686400.0,2623564400.0,2959487600.0,0.1548,accelergy_plugin,accelergy_component_library_table_plugin,8.0,7.0,1.0,1.0,54.86222,256,14044728320.0,84.69963483067218,2.9594876,162.364059798472,0.088784628
720p,1280,720,128,128,5,16,256,50.0,os,10302670.0,4691800.0,39628800,40262400.0,31334400.0,2476800.0,6451200.0,426288800.0,423491000.0,33000.0,2764800.0,39628800.0,250675200.0,19814400.0,45158400.0,315648000.0,423491000.0,33000.0,2764800.0,426288800.0,781565600.0,0.1548,accelergy_plugin,accelergy_component_library_table_plugin,8.0,7.0,1.0,1.0,10.302669999999999,256,2637483520.0,45.53965137192591,0.7815656,8.052212460151999,0.023446968
720p,1280,720,128,128,5,16,256,50.0,ws,2988000.0,0.0,39628800,35023380.0,31334400.0,2580.0,3686400.0,37292400.0,33573000.0,33000.0,3686400.0,39628800.0,250675200.0,20640.0,25804800.0,276500640.0,33573000.0,33000.0,3686400.0,37292400.0,353421840.0,0.1548,accelergy_plugin,accelergy_component_library_table_plugin,8.0,7.0,1.0,1.0,2.988,256,764928000.0,0.0,0.35342184,1.05602445792,0.0106026552
720p,1280,720,128,128,5,16,256,200.0,is,16321370.0,8088550.0,39628800,37497600.0,31334400.0,2476800.0,3686400.0,2628030400.0,2624320000.0,24000.0,3686400.0,39628800.0,250675200.0,19814400.0,25804800.0,296294400.0,2624320000.0,24000.0,3686400.0,2628030400.0,2963953600.0,0.1548,accelergy_plugin,accelergy_component_library_table_plugin,8.0,7.0,1.0,1.0,16.32137,256,4178270720.0,49.55803342489019,2.9639536,48.375783368432,0.088918608
720p,1280,720,128,128,5,16,256,200.0,os,5525860.0,62450.0,39628800,40262400.0,31334400.0,2476800.0,6451200.0,427010800.0,424210000.0,36000.0,2764800.0,39628800.0,250675200.0,19814400.0,45158400.0,315648000.0,424210000.0,36000.0,2764800.0,427010800.0,782287600.0,0.1548,accelergy_plugin,accelergy_component_library_table_plugin,8.0,7.0,1.0,1.0,5.52586,256,1414620160.0,1.1301408287578765,0.7822876,4.322811757336,0.023468628
720p,1280,720,128,128,5,16,256,200.0,ws,2826700.0,0.0,39628800,35023380.0,31334400.0,2580.0,3686400.0,37352400.0,33630000.0,36000.0,3686400.0,39628800.0,250675200.0,20640.0,25804800.0,276500640.0,33630000.0,36000.0,3686400.0,37352400.0,353481840.0,0.1548,accelergy_plugin,accelergy_component_library_table_plugin,8.0,7.0,1.0,1.0,2.8267,256,723635200.0,0.0,0.35348184,0.999187117128,0.0106044552
720p,1280,720,128,128,5,16,256,800.0,is,8192460.0,0.0,39628800,37497600.0,31334400.0,2476800.0,3686400.0,2636998400.0,2633216000.0,96000.0,3686400.0,39628800.0,250675200.0,19814400.0,25804800.0,296294400.0,2633216000.0,96000.0,3686400.0,2636998400.0,2972921600.0,0.1548,accelergy_plugin,accelergy_component_library_table_plugin,8.0,7.0,1.0,1.0,8.19246,256,2097269760.0,0.0,2.9729216,24.355541291136,0.089187648
720p,1280,720,128,128,5,16,256,800.0,os,5426530.0,0.0,39628800,40262400.0,31334400.0,2476800.0,6451200.0,428508800.0,425648000.0,96000.0,2764800.0,39628800.0,250675200.0,19814400.0,45158400.0,315648000.0,425648000.0,96000.0,2764800.0,428508800.0,783785600.0,0.1548,accelergy_plugin,accelergy_component_library_table_plugin,8.0,7.0,1.0,1.0,5.42653,256,1389191680.0,0.0,0.7837856,4.253236071968,0.023513568
720p,1280,720,128,128,5,16,256,800.0,ws,2786340.0,0.0,39628800,35023380.0,31334400.0,2580.0,3686400.0,37526400.0,33744000.0,96000.0,3686400.0,39628800.0,250675200.0,20640.0,25804800.0,276500640.0,33744000.0,96000.0,3686400.0,37526400.0,353655840.0,0.1548,accelergy_plugin,accelergy_component_library_table_plugin,8.0,7.0,1.0,1.0,2.78634,256,713303040.0,0.0,0.35365584,0.9854054132256,0.0106096752
720p,1280,720,128,128,5,16,1024,50.0,is,8701960.0,0.0,39628800,37497600.0,31334400.0,2476800.0,3686400.0,40315400.0,36623000.0,6000.0,3686400.0,39628800.0,250675200.0,19814400.0,25804800.0,296294400.0,36623000.0,6000.0,3686400.0,40315400.0,376238600.0,0.1548,accelergy_plugin,accelergy_component_library_table_plugin,8.0,7.0,1.0,1.0,8.70196,256,2227701760.0,0.0,0.3762386,3.2740132476559998,0.011287158
720p,1280,720,128,128,5,16,1024,50.0,os,5918710.0,0.0,39628800,40262400.0,31334400.0,2476800.0,6451200.0,39420800.0,36623000.0,33000.0,2764800.0,39628800.0,250675200.0,19814400.0,45158400.0,315648000.0,36623000.0,33000.0,2764800.0,39420800.0,394697600.0,0.1548,accelergy_plugin,accelergy_component_library_table_plugin,8.0,7.0,1.0,1.0,5.91871,256,1515189760.0,0.0,0.3946976,2.336100632096,0.011840928
720p,1280,720,128,128,5,16,1024,50.0,ws,3398720.0,0.0,39628800,35023380.0,31334400.0,2580.0,3686400.0,45486400.0,41767000.0,33000.0,3686400.0,39628800.0,250675200.0,20640.0,25804800.0,276500640.0,41767000.0,33000.0,3686400.0,45486400.0,361615840.0,0.1548,accelergy_plugin,accelergy_component_library_table_plugin,8.0,7.0,1.0,1.0,3.39872,256,870072320.0,0.0,0.36161584,1.2290309877248,0.0108484752
720p,1280,720,128,128,5,16,1024,200.0,is,8309790.0,0.0,39628800,37497600.0,31334400.0,2476800.0,3686400.0,40356400.0,36646000.0,24000.0,3686400.0,39628800.0,250675200.0,19814400.0,25804800.0,296294400.0,36646000.0,24000.0,3686400.0,40356400.0,376279600.0,0.1548,accelergy_plugin,accelergy_component_library_table_plugin,8.0,7.0,1.0,1.0,8.30979,256,2127306240.0,0.0,0.3762796,3.126804457284,0.011288388
720p,1280,720,128,128,5,16,1024,200.0,os,5540380.0,0.0,39628800,40262400.0,31334400.0,2476800.0,6451200.0,39446800.0,36646000.0,36000.0,2764800.0,39628800.0,250675200.0,19814400.0,45158400.0,315648000.0,36646000.0,36000.0,2764800.0,39446800.0,394723600.0,0.1548,accelergy_plugin,accelergy_component_library_table_plugin,8.0,7.0,1.0,1.0,5.54038,256,1418337280.0,0.0,0.3947236,2.186918738968,0.011841708
720p,1280,720,128,128,5,16,1024,200.0,ws,2929410.0,0.0,39628800,35023380.0,31334400.0,2580.0,3686400.0,45516400.0,41794000.0,36000.0,3686400.0,39628800.0,250675200.0,20640.0,25804800.0,276500640.0,41794000.0,36000.0,3686400.0,45516400.0,361645840.0,0.1548,accelergy_plugin,accelergy_component_library_table_plugin,8.0,7.0,1.0,1.0,2.92941,256,749928960.0,0.0,0.36164584,1.0594089401544,0.0108493752
720p,1280,720,128,128,5,16,1024,800.0,is,8211750.0,0.0,39628800,37497600.0,31334400.0,2476800.0,3686400.0,40526400.0,36744000.0,96000.0,3686400.0,39628800.0,250675200.0,19814400.0,25804800.0,296294400.0,36744000.0,96000.0,3686400.0,40526400.0,376449600.0,0.1548,accelergy_plugin,accelergy_component_library_table_plugin,8.0,7.0,1.0,1.0,8.21175,256,2102208000.0,0.0,0.3764496,3.0913100028000002,0.011293488
720p,1280,720,128,128,5,16,1024,800.0,os,5445820.0,0.0,39628800,40262400.0,31334400.0,2476800.0,6451200.0,39604800.0,36744000.0,96000.0,2764800.0,39628800.0,250675200.0,19814400.0,45158400.0,315648000.0,36744000.0,96000.0,2764800.0,39604800.0,394881600.0,0.1548,accelergy_plugin,accelergy_component_library_table_plugin,8.0,7.0,1.0,1.0,5.445819999999999,256,1394129920.0,0.0,0.3948816,2.150454114912,0.011846448
720p,1280,720,128,128,5,16,1024,800.0,ws,2812070.0,0.0,39628800,35023380.0,31334400.0,2580.0,3686400.0,45678400.0,41896000.0,96000.0,3686400.0,39628800.0,250675200.0,20640.0,25804800.0,276500640.0,41896000.0,96000.0,3686400.0,45678400.0,361807840.0,0.1548,accelergy_plugin,accelergy_component_library_table_plugin,8.0,7.0,1.0,1.0,2.81207,256,719889920.0,0.0,0.36180784,1.0174289726288,0.0108542352
720p,1280,720,128,128,5,16,4096,50.0,is,8879500.0,0.0,39628800,37497600.0,31334400.0,2476800.0,3686400.0,35029400.0,31337000.0,6000.0,3686400.0,39628800.0,250675200.0,19814400.0,25804800.0,296294400.0,31337000.0,6000.0,3686400.0,35029400.0,370952600.0,0.1548,accelergy_plugin,accelergy_component_library_table_plugin,8.0,7.0,1.0,1.0,8.8795,256,2273152000.0,0.0,0.3709526,3.2938736117,0.011128578
720p,1280,720,128,128,5,16,4096,50.0,os,6096250.0,0.0,39628800,40262400.0,31334400.0,2476800.0,6451200.0,34134800.0,31337000.0,33000.0,2764800.0,39628800.0,250675200.0,19814400.0,45158400.0,315648000.0,31337000.0,33000.0,2764800.0,34134800.0,389411600.0,0.1548,accelergy_plugin,accelergy_component_library_table_plugin,8.0,7.0,1.0,1.0,6.09625,256,1560640000.0,0.0,0.3894116,2.3739504665,0.011682348
720p,1280,720,128,128,5,16,4096,50.0,ws,3731400.0,0.0,39628800,35023380.0,31334400.0,2580.0,3686400.0,47957400.0,44238000.0,33000.0,3686400.0,39628800.0,250675200.0,20640.0,25804800.0,276500640.0,44238000.0,33000.0,3686400.0,47957400.0,364086840.0,0.1548,accelergy_plugin,accelergy_component_library_table_plugin,8.0,7.0,1.0,1.0,3.7314000000000003,256,955238400.0,0.0,0.36408684,1.358553634776,0.0109226052
720p,1280,720,128,128,5,16,4096,200.0,is,8354130.0,0.0,39628800,37497600.0,31334400.0,2476800.0,3686400.0,35052400.0,31342000.0,24000.0,3686400.0,39628800.0,250675200.0,19814400.0,25804800.0,296294400.0,31342000.0,24000.0,3686400.0,35052400.0,370975600.0,0.1548,accelergy_plugin,accelergy_component_library_table_plugin,8.0,7.0,1.0,1.0,8.35413,256,2138657280.0,0.0,0.3709756,3.099178389228,0.011129268
720p,1280,720,128,128,5,16,4096,200.0,os,5584720.0,0.0,39628800,40262400.0,31334400.0,2476800.0,6451200.0,34142800.0,31342000.0,36000.0,2764800.0,39628800.0,250675200.0,19814400.0,45158400.0,315648000.0,31342000.0,36000.0,2764800.0,34142800.0,389419600.0,0.1548,accelergy_plugin,accelergy_component_library_table_plugin,8.0,7.0,1.0,1.0,5.58472,256,1429688320.0,0.0,0.3894196,2.174799428512,0.011682588
720p,1280,720,128,128,5,16,4096,200.0,ws,3012540.0,0.0,39628800,35023380.0,31334400.0,2580.0,3686400.0,47970400.0,44248000.0,36000.0,3686400.0,39628800.0,250675200.0,20640.0,25804800.0,276500640.0,44248000.0,36000.0,3686400.0,47970400.0,364099840.0,0.1548,accelergy_plugin,accelergy_component_library_table_plugin,8.0,7.0,1.0,1.0,3.01254,256,771210240.0,0.0,0.36409984,1.0968653319936,0.0109229952
720p,1280,720,128,128,5,16,4096,800.0,is,8222790.0,0.0,39628800,37497600.0,31334400.0,2476800.0,3686400.0,35150400.0,31368000.0,96000.0,3686400.0,39628800.0,250675200.0,19814400.0,25804800.0,296294400.0,31368000.0,96000.0,3686400.0,35150400.0,371073600.0,0.1548,accelergy_plugin,accelergy_component_library_table_plugin,8.0,7.0,1.0,1.0,8.22279,256,2105034240.0,0.0,0.3710736,3.051260287344,0.011132208
720p,1280,720,128,128,5,16,4096,800.0,os,5456860.0,0.0,39628800,40262400.0,31334400.0,2476800.0,6451200.0,34228800.0,31368000.0,96000.0,2764800.0,39628800.0,250675200.0,19814400.0,45158400.0,315648000.0,31368000.0,96000.0,2764800.0,34228800.0,389505600.0,0.1548,accelergy_plugin,accelergy_component_library_table_plugin,8.0,7.0,1.0,1.0,5.45686,256,1396956160.0,0.0,0.3895056,2.125477528416,0.011685168
720p,1280,720,128,128,5,16,4096,800.0,ws,2832810.0,0.0,39628800,35023380.0,31334400.0,2580.0,3686400.0,48062400.0,44280000.0,96000.0,3686400.0,39628800.0,250675200.0,20640.0,25804800.0,276500640.0,44280000.0,96000.0,3686400.0,48062400.0,364191840.0,0.1548,accelergy_plugin,accelergy_component_library_table_plugin,8.0,7.0,1.0,1.0,2.83281,256,725199360.0,0.0,0.36419184,1.0316862862704,0.0109257552
720p,1280,720,128,128,5,32,256,50.0,is,64856980.0,59159710.0,39628800,35337600.0,31334400.0,1238400.0,2764800.0,3135075800.0,3132302000.0,9000.0,2764800.0,39628800.0,250675200.0,9907200.0,19353600.0,279936000.0,3132302000.0,9000.0,2764800.0,3135075800.0,3454640600.0,0.0387,accelergy_plugin,accelergy_component_library_table_plugin,8.0,7.0,1.0,1.0,64.85698,1024,66413547520.0,91.21564093795301,3.4546406,224.05755630138796,0.103639218
720p,1280,720,128,128,5,32,256,50.0,os,64155710.0,59408840.0,39628800,39024000.0,31334400.0,1238400.0,6451200.0,3135132800.0,3132302000.0,66000.0,2764800.0,39628800.0,250675200.0,9907200.0,45158400.0,305740800.0,3132302000.0,66000.0,2764800.0,3135132800.0,3480502400.0,0.0387,accelergy_plugin,accelergy_component_library_table_plugin,8.0,7.0,1.0,1.0,64.15571,1024,65695447040.0,92.60101711913093,3.4805024,223.29410262870402,0.104415072
720p,1280,720,128,128,5,32,256,50.0,ws,2050950.0,0.0,39628800,34101780.0,31334400.0,2580.0,2764800.0,36403800.0,33573000.0,66000.0,2764800.0,39628800.0,250675200.0,20640.0,19353600.0,270049440.0,33573000.0,66000.0,2764800.0,36403800.0,346082040.0,0.0387,accelergy_plugin,accelergy_component_library_table_plugin,8.0,7.0,1.0,1.0,2.0509500000000003,1024,2100172800.0,0.0,0.34608204,0.7097969599380001,0.0103824612
720p,1280,720,128,128,5,32,256,200.0,is,18568310.0,13018500.0,39628800,35337600.0,31334400.0,1238400.0,2764800.0,3140408800.0,3137620000.0,24000.0,2764800.0,39628800.0,250675200.0,9907200.0,19353600.0,279936000.0,3137620000.0,24000.0,2764800.0,3140408800.0,3459973600.0,0.0387,accelergy_plugin,accelergy_component_library_table_plugin,8.0,7.0,1.0,1.0,18.56831,1024,19013949440.0,70.11138870473404,3.4599736,64.245862396616,0.103799208
720p,1280,720,128,128,5,32,256,200.0,os,17823410.0,13224000.0,39628800,39024000.0,31334400.0,1238400.0,6451200.0,3140456800.0,3137620000.0,72000.0,2764800.0,39628800.0,250675200.0,9907200.0,45158400.0,305740800.0,3137620000.0,72000.0,2764800.0,3140456800.0,3485826400.0,0.0387,accelergy_plugin,accelergy_component_library_table_plugin,8.0,7.0,1.0,1.0,17.823410000000003,1024,18251171840.0,74.19455648498239,3.4858264,62.12931311602401,0.104574792
720p,1280,720,128,128,5,32,256,200.0,ws,1903490.0,0.0,39628800,34101780.0,31334400.0,2580.0,2764800.0,36466800.0,33630000.0,72000.0,2764800.0,39628800.0,250675200.0,20640.0,19353600.0,270049440.0,33630000.0,72000.0,2764800.0,36466800.0,346145040.0,0.0387,accelergy_plugin,accelergy_component_library_table_plugin,8.0,7.0,1.0,1.0,1.9034900000000001,1024,1949173760.0,0.0,0.34614504,0.6588836221896001,0.0103843512
720p,1280,720,128,128,5,32,256,800.0,is,7009130.0,1496200.0,39628800,35337600.0,31334400.0,1238400.0,2764800.0,3151116800.0,3148256000.0,96000.0,2764800.0,39628800.0,250675200.0,9907200.0,19353600.0,279936000.0,3148256000.0,96000.0,2764800.0,3151116800.0,3470681600.0,0.0387,accelergy_plugin,accelergy_component_library_table_plugin,8.0,7.0,1.0,1.0,7.00913,1024,7177349120.0,21.346443852518075,3.4706816,24.326458523007997,0.104120448
720p,1280,720,128,128,5,32,256,800.0,os,6263280.0,1700750.0,39628800,39024000.0,31334400.0,1238400.0,6451200.0,3151116800.0,3148256000.0,96000.0,2764800.0,39628800.0,250675200.0,9907200.0,45158400.0,305740800.0,3148256000.0,96000.0,2764800.0,3151116800.0,3496486400.0,0.0387,accelergy_plugin,accelergy_component_library_table_plugin,8.0,7.0,1.0,1.0,6.263280000000001,1024,6413598720.0,27.15430253796733,3.4964864,21.899473339392003,0.104894592
720p,1280,720,128,128,5,32,256,800.0,ws,1866610.0,0.0,39628800,34101780.0,31334400.0,2580.0,2764800.0,36604800.0,33744000.0,96000.0,2764800.0,39628800.0,250675200.0,20640.0,19353600.0,270049440.0,33744000.0,96000.0,2764800.0,36604800.0,346283040.0,0.0387,accelergy_plugin,accelergy_component_library_table_plugin,8.0,7.0,1.0,1.0,1.86661,1024,1911408640.0,0.0,0.34628304,0.6463753852944,0.0103884912
720p,1280,720,128,128,5,32,1024,50.0,is,6005110.0,0.0,39628800,35337600.0,31334400.0,1238400.0,2764800.0,39396800.0,36623000.0,9000.0,2764800.0,39628800.0,250675200.0,9907200.0,19353600.0,279936000.0,36623000.0,9000.0,2764800.0,39396800.0,358961600.0,0.0387,accelergy_plugin,accelergy_component_library_table_plugin,8.0,7.0,1.0,1.0,6.00511,1024,6149232640.0,0.0,0.3589616,2.155603893776,0.010768848
720p,1280,720,128,128,5,32,1024,50.0,os,5054710.0,0.0,39628800,39024000.0,31334400.0,1238400.0,6451200.0,39453800.0,36623000.0,66000.0,2764800.0,39628800.0,250675200.0,9907200.0,45158400.0,305740800.0,36623000.0,66000.0,2764800.0,39453800.0,384823400.0,0.0387,accelergy_plugin,accelergy_component_library_table_plugin,8.0,7.0,1.0,1.0,5.054709999999999,1024,5176023040.0,0.0,0.3848234,1.9451706882139996,0.011544702
720p,1280,720,128,128,5,32,1024,50.0,ws,2476110.0,0.0,39628800,34101780.0,31334400.0,2580.0,2764800.0,45319800.0,42489000.0,66000.0,2764800.0,39628800.0,250675200.0,20640.0,19353600.0,270049440.0,42489000.0,66000.0,2764800.0,45319800.0,354998040.0,0.0387,accelergy_plugin,accelergy_component_library_table_plugin,8.0,7.0,1.0,1.0,2.4761100000000003,1024,2535536640.0,0.0,0.35499804,0.8790141968244001,0.0106499412
720p,1280,720,128,128,5,32,1024,200.0,is,5626780.0,0.0,39628800,35337600.0,31334400.0,1238400.0,2764800.0,39434800.0,36646000.0,24000.0,2764800.0,39628800.0,250675200.0,9907200.0,19353600.0,279936000.0,36646000.0,24000.0,2764800.0,39434800.0,358999600.0,0.0387,accelergy_plugin,accelergy_component_library_table_plugin,8.0,7.0,1.0,1.0,5.626779999999999,1024,5761822720.0,0.0,0.3589996,2.0200117692879997,0.010769988
720p,1280,720,128,128,5,32,1024,200.0,os,4676380.0,0.0,39628800,39024000.0,31334400.0,1238400.0,6451200.0,39482800.0,36646000.0,72000.0,2764800.0,39628800.0,250675200.0,9907200.0,45158400.0,305740800.0,36646000.0,72000.0,2764800.0,39482800.0,384852400.0,0.0387,accelergy_plugin,accelergy_component_library_table_plugin,8.0,7.0,1.0,1.0,4.67638,1024,4788613120.0,0.0,0.3848524,1.799716066312,0.011545572
720p,1280,720,128,128,5,32,1024,200.0,ws,2009810.0,0.0,39628800,34101780.0,31334400.0,2580.0,2764800.0,45352800.0,42516000.0,72000.0,2764800.0,39628800.0,250675200.0,20640.0,19353600.0,270049440.0,42516000.0,72000.0,2764800.0,45352800.0,355031040.0,0.0387,accelergy_plugin,accelergy_component_library_table_plugin,8.0,7.0,1.0,1.0,2.00981,1024,2058045440.0,0.0,0.35503104,0.7135449345024,0.0106509312
720p,1280,720,128,128,5,32,1024,800.0,is,5532220.0,0.0,39628800,35337600.0,31334400.0,1238400.0,2764800.0,39604800.0,36744000.0,96000.0,2764800.0,39628800.0,250675200.0,9907200.0,19353600.0,279936000.0,36744000.0,96000.0,2764800.0,39604800.0,359169600.0,0.0387,accelergy_plugin,accelergy_component_library_table_plugin,8.0,7.0,1.0,1.0,5.53222,1024,5664993280.0,0.0,0.3591696,1.9870052445119997,0.010775088
720p,1280,720,128,128,5,32,1024,800.0,os,4581820.0,0.0,39628800,39024000.0,31334400.0,1238400.0,6451200.0,39604800.0,36744000.0,96000.0,2764800.0,39628800.0,250675200.0,9907200.0,45158400.0,305740800.0,36744000.0,96000.0,2764800.0,39604800.0,384974400.0,0.0387,accelergy_plugin,accelergy_component_library_table_plugin,8.0,7.0,1.0,1.0,4.5818200000000004,1024,4691783680.0,0.0,0.3849744,1.7638834054080001,0.011549232
720p,1280,720,128,128,5,32,1024,800.0,ws,1893250.0,0.0,39628800,34101780.0,31334400.0,2580.0,2764800.0,45484800.0,42624000.0,96000.0,2764800.0,39628800.0,250675200.0,20640.0,19353600.0,270049440.0,42624000.0,96000.0,2764800.0,45484800.0,355163040.0,0.0387,accelergy_plugin,accelergy_component_library_table_plugin,8.0,7.0,1.0,1.0,1.8932499999999999,1024,1938688000.0,0.0,0.35516304,0.6724124254799999,0.0106548912
720p,1280,720,128,128,5,32,4096,50.0,is,6182650.0,0.0,39628800,35337600.0,31334400.0,1238400.0,2764800.0,34110800.0,31337000.0,9000.0,2764800.0,39628800.0,250675200.0,9907200.0,19353600.0,279936000.0,31337000.0,9000.0,2764800.0,34110800.0,353675600.0,0.0387,accelergy_plugin,accelergy_component_library_table_plugin,8.0,7.0,1.0,1.0,6.18265,1024,6331033600.0,0.0,0.3536756,2.18665244834,0.010610268
720p,1280,720,128,128,5,32,4096,50.0,os,5232250.0,0.0,39628800,39024000.0,31334400.0,1238400.0,6451200.0,34167800.0,31337000.0,66000.0,2764800.0,39628800.0,250675200.0,9907200.0,45158400.0,305740800.0,31337000.0,66000.0,2764800.0,34167800.0,379537400.0,0.0387,accelergy_plugin,accelergy_component_library_table_plugin,8.0,7.0,1.0,1.0,5.23225,1024,5357824000.0,0.0,0.3795374,1.98583456115,0.011386122
720p,1280,720,128,128,5,32,4096,50.0,ws,3089270.0,0.0,39628800,34101780.0,31334400.0,2580.0,2764800.0,61814800.0,58984000.0,66000.0,2764800.0,39628800.0,250675200.0,20640.0,19353600.0,270049440.0,58984000.0,66000.0,2764800.0,61814800.0,371493040.0,0.0387,accelergy_plugin,accelergy_component_library_table_plugin,8.0,7.0,1.0,1.0,3.08927,1024,3163412480.0,0.0,0.37149304,1.1476423036808,0.0111447912
720p,1280,720,128,128,5,32,4096,200.0,is,5671120.0,0.0,39628800,35337600.0,31334400.0,1238400.0,2764800.0,34130800.0,31342000.0,24000.0,2764800.0,39628800.0,250675200.0,9907200.0,19353600.0,279936000.0,31342000.0,24000.0,2764800.0,34130800.0,353695600.0,0.0387,accelergy_plugin,accelergy_component_library_table_plugin,8.0,7.0,1.0,1.0,5.67112,1024,5807226880.0,0.0,0.3536956,2.005850191072,0.010610868
720p,1280,720,128,128,5,32,4096,200.0,os,4720720.0,0.0,39628800,39024000.0,31334400.0,1238400.0,6451200.0,34178800.0,31342000.0,72000.0,2764800.0,39628800.0,250675200.0,9907200.0,45158400.0,305740800.0,31342000.0,72000.0,2764800.0,34178800.0,379548400.0,0.0387,accelergy_plugin,accelergy_component_library_table_plugin,8.0,7.0,1.0,1.0,4.72072,1024,4834017280.0,0.0,0.3795484,1.7917417228480002,0.011386452
720p,1280,720,128,128,5,32,4096,200.0,ws,2163070.0,0.0,39628800,34101780.0,31334400.0,2580.0,2764800.0,61832800.0,58996000.0,72000.0,2764800.0,39628800.0,250675200.0,20640.0,19353600.0,270049440.0,58996000.0,72000.0,2764800.0,61832800.0,371511040.0,0.0387,accelergy_plugin,accelergy_component_library_table_plugin,8.0,7.0,1.0,1.0,2.16307,1024,2214983680.0,0.0,0.37151104,0.8036043852928,0.0111453312
720p,1280,720,128,128,5,32,4096,800.0,is,5543260.0,0.0,39628800,35337600.0,31334400.0,1238400.0,2764800.0,34228800.0,31368000.0,96000.0,2764800.0,39628800.0,250675200.0,9907200.0,19353600.0,279936000.0,31368000.0,96000.0,2764800.0,34228800.0,353793600.0,0.0387,accelergy_plugin,accelergy_component_library_table_plugin,8.0,7.0,1.0,1.0,5.54326,1024,5676298240.0,0.0,0.3537936,1.961169911136,0.010613808
720p,1280,720,128,128,5,32,4096,800.0,os,4592860.0,0.0,39628800,39024000.0,31334400.0,1238400.0,6451200.0,34228800.0,31368000.0,96000.0,2764800.0,39628800.0,250675200.0,9907200.0,45158400.0,305740800.0,31368000.0,96000.0,2764800.0,34228800.0,379598400.0,0.0387,accelergy_plugin,accelergy_component_library_table_plugin,8.0,7.0,1.0,1.0,4.59286,1024,4703088640.0,0.0,0.3795984,1.743442307424,0.011387952
720p,1280,720,128,128,5,32,4096,800.0,ws,1931530.0,0.0,39628800,34101780.0,31334400.0,2580.0,2764800.0,61900800.0,59040000.0,96000.0,2764800.0,39628800.0,250675200.0,20640.0,19353600.0,270049440.0,59040000.0,96000.0,2764800.0,61900800.0,371579040.0,0.0387,accelergy_plugin,accelergy_component_library_table_plugin,8.0,7.0,1.0,1.0,1.9315300000000002,1024,1977886720.0,0.0,0.37157904,0.7177160631312002,0.0111473712
720p,1280,720,128,128,5,64,256,50.0,is,64882570.0,59170900.0,39628800,34718400.0,31334400.0,619200.0,2764800.0,3135081800.0,3132302000.0,15000.0,2764800.0,39628800.0,250675200.0,4953600.0,19353600.0,274982400.0,3132302000.0,15000.0,2764800.0,3135081800.0,3449693000.0,0.018432,accelergy_plugin,accelergy_component_library_table_plugin,8.0,7.0,1.0,1.0,64.88257,4096,265759006720.0,91.19691158966113,3.449693,223.82494755100998,0.10349079
720p,1280,720,128,128,5,64,256,50.0,os,64065000.0,59750130.0,39628800,38404800.0,31334400.0,619200.0,6451200.0,3135198800.0,3132302000.0,132000.0,2764800.0,39628800.0,250675200.0,4953600.0,45158400.0,300787200.0,3132302000.0,132000.0,2764800.0,3135198800.0,3475614800.0,0.018432,accelergy_plugin,accelergy_component_library_table_plugin,8.0,7.0,1.0,1.0,64.065,4096,262410240000.0,93.2648560056193,3.4756148,222.66526216199998,0.104268444
720p,1280,720,128,128,5,64,256,50.0,ws,2062470.0,0.0,39628800,34101780.0,31334400.0,2580.0,2764800.0,36469800.0,33573000.0,132000.0,2764800.0,39628800.0,250675200.0,20640.0,19353600.0,270049440.0,33573000.0,132000.0,2764800.0,36469800.0,346148040.0,0.018432,accelergy_plugin,accelergy_component_library_table_plugin,8.0,7.0,1.0,1.0,2.06247,4096,8447877120.0,0.0,0.34614804,0.7139199480587999,0.0103844412
720p,1280,720,128,128,5,64,256,200.0,is,18573860.0,13009650.0,39628800,34718400.0,31334400.0,619200.0,2764800.0,3140408800.0,3137620000.0,24000.0,2764800.0,39628800.0,250675200.0,4953600.0,19353600.0,274982400.0,3137620000.0,24000.0,2764800.0,3140408800.0,3455020000.0,0.009675,accelergy_plugin,accelergy_component_library_table_plugin,8.0,7.0,1.0,1.0,18.57386,4096,76078530560.0,70.04279132070556,3.45502,64.1730577772,0.1036506
720p,1280,720,128,128,5,64,256,200.0,os,17693660.0,13526250.0,39628800,38404800.0,31334400.0,619200.0,6451200.0,3140516800.0,3137620000.0,132000.0,2764800.0,39628800.0,250675200.0,4953600.0,45158400.0,300787200.0,3137620000.0,132000.0,2764800.0,3140516800.0,3480932800.0,0.009675,accelergy_plugin,accelergy_component_library_table_plugin,8.0,7.0,1.0,1.0,17.69366,4096,72473231360.0,76.44687419109444,3.4809328,61.590441446048004,0.104427984
720p,1280,720,128,128,5,64,256,200.0,ws,1915010.0,0.0,39628800,34101780.0,31334400.0,2580.0,2764800.0,36526800.0,33630000.0,132000.0,2764800.0,39628800.0,250675200.0,20640.0,19353600.0,270049440.0,33630000.0,132000.0,2764800.0,36526800.0,346205040.0,0.009675,accelergy_plugin,accelergy_component_library_table_plugin,8.0,7.0,1.0,1.0,1.9150099999999999,4096,7843880960.0,0.0,0.34620504,0.6629861136503999,0.0103861512
720p,1280,720,128,128,5,64,256,800.0,is,7014280.0,1486950.0,39628800,34718400.0,31334400.0,619200.0,2764800.0,3151116800.0,3148256000.0,96000.0,2764800.0,39628800.0,250675200.0,4953600.0,19353600.0,274982400.0,3148256000.0,96000.0,2764800.0,3151116800.0,3465728000.0,0.009675,accelergy_plugin,accelergy_component_library_table_plugin,8.0,7.0,1.0,1.0,7.01428,4096,28730490880.0,21.198897107044488,3.465728,24.30958659584,0.10397184
720p,1280,720,128,128,5,64,256,800.0,os,6127730.0,1997200.0,39628800,38404800.0,31334400.0,619200.0,6451200.0,3151164800.0,3148256000.0,144000.0,2764800.0,39628800.0,250675200.0,4953600.0,45158400.0,300787200.0,3148256000.0,144000.0,2764800.0,3151164800.0,3491580800.0,0.009675,accelergy_plugin,accelergy_component_library_table_plugin,8.0,7.0,1.0,1.0,6.12773,4096,25099182080.0,32.59281985335516,3.4915808,21.395464415583998,0.104747424
720p,1280,720,128,128,5,64,256,800.0,ws,1878130.0,0.0,39628800,34101780.0,31334400.0,2580.0,2764800.0,36652800.0,33744000.0,144000.0,2764800.0,39628800.0,250675200.0,20640.0,19353600.0,270049440.0,33744000.0,144000.0,2764800.0,36652800.0,346331040.0,0.009675,accelergy_plugin,accelergy_component_library_table_plugin,8.0,7.0,1.0,1.0,1.87813,4096,7692820480.0,0.0,0.34633104,0.6504547161552,0.0103899312
720p,1280,720,128,128,5,64,1024,50.0,is,6019510.0,0.0,39628800,34718400.0,31334400.0,619200.0,2764800.0,39402800.0,36623000.0,15000.0,2764800.0,39628800.0,250675200.0,4953600.0,19353600.0,274982400.0,36623000.0,15000.0,2764800.0,39402800.0,354014000.0,0.018432,accelergy_plugin,accelergy_component_library_table_plugin,8.0,7.0,1.0,1.0,6.0195099999999995,4096,24655912960.0,0.0,0.354014,2.13099081314,0.01062042
720p,1280,720,128,128,5,64,1024,50.0,os,4622710.0,0.0,39628800,38404800.0,31334400.0,619200.0,6451200.0,39519800.0,36623000.0,132000.0,2764800.0,39628800.0,250675200.0,4953600.0,45158400.0,300787200.0,36623000.0,132000.0,2764800.0,39519800.0,379935800.0,0.018432,accelergy_plugin,accelergy_component_library_table_plugin,8.0,7.0,1.0,1.0,4.6227100000000005,4096,18934620160.0,0.0,0.3799358,1.7563330220180002,0.011398074
720p,1280,720,128,128,5,64,1024,50.0,ws,2487630.0,0.0,39628800,34101780.0,31334400.0,2580.0,2764800.0,45385800.0,42489000.0,132000.0,2764800.0,39628800.0,250675200.0,20640.0,19353600.0,270049440.0,42489000.0,132000.0,2764800.0,45385800.0,355064040.0,0.018432,accelergy_plugin,accelergy_component_library_table_plugin,8.0,7.0,1.0,1.0,2.48763,4096,10189332480.0,0.0,0.35506404,0.8832679578252,0.0106519212
720p,1280,720,128,128,5,64,1024,200.0,is,5641180.0,0.0,39628800,34718400.0,31334400.0,619200.0,2764800.0,39434800.0,36646000.0,24000.0,2764800.0,39628800.0,250675200.0,4953600.0,19353600.0,274982400.0,36646000.0,24000.0,2764800.0,39434800.0,354046000.0,0.009675,accelergy_plugin,accelergy_component_library_table_plugin,8.0,7.0,1.0,1.0,5.64118,4096,23106273280.0,0.0,0.354046,1.9972372142800003,0.01062138
720p,1280,720,128,128,5,64,1024,200.0,os,4244380.0,0.0,39628800,38404800.0,31334400.0,619200.0,6451200.0,39542800.0,36646000.0,132000.0,2764800.0,39628800.0,250675200.0,4953600.0,45158400.0,300787200.0,36646000.0,132000.0,2764800.0,39542800.0,379958800.0,0.009675,accelergy_plugin,accelergy_component_library_table_plugin,8.0,7.0,1.0,1.0,4.24438,4096,17384980480.0,0.0,0.3799588,1.6126895315439997,0.011398764
720p,1280,720,128,128,5,64,1024,200.0,ws,2021330.0,0.0,39628800,34101780.0,31334400.0,2580.0,2764800.0,45412800.0,42516000.0,132000.0,2764800.0,39628800.0,250675200.0,20640.0,19353600.0,270049440.0,42516000.0,132000.0,2764800.0,45412800.0,355091040.0,0.009675,accelergy_plugin,accelergy_component_library_table_plugin,8.0,7.0,1.0,1.0,2.02133,4096,8279367680.0,0.0,0.35509104,0.7177561718832,0.0106527312
720p,1280,720,128,128,5,64,1024,800.0,is,5546620.0,0.0,39628800,34718400.0,31334400.0,619200.0,2764800.0,39604800.0,36744000.0,96000.0,2764800.0,39628800.0,250675200.0,4953600.0,19353600.0,274982400.0,36744000.0,96000.0,2764800.0,39604800.0,354216000.0,0.009675,accelergy_plugin,accelergy_component_library_table_plugin,8.0,7.0,1.0,1.0,5.546620000000001,4096,22718955520.0,0.0,0.354216,1.9647015499200002,0.01062648
720p,1280,720,128,128,5,64,1024,800.0,os,4149820.0,0.0,39628800,38404800.0,31334400.0,619200.0,6451200.0,39652800.0,36744000.0,144000.0,2764800.0,39628800.0,250675200.0,4953600.0,45158400.0,300787200.0,36744000.0,144000.0,2764800.0,39652800.0,380068800.0,0.009675,accelergy_plugin,accelergy_component_library_table_plugin,8.0,7.0,1.0,1.0,4.14982,4096,16997662720.0,0.0,0.3800688,1.577217107616,0.011402064
720p,1280,720,128,128,5,64,1024,800.0,ws,1904770.0,0.0,39628800,34101780.0,31334400.0,2580.0,2764800.0,45532800.0,42624000.0,144000.0,2764800.0,39628800.0,250675200.0,20640.0,19353600.0,270049440.0,42624000.0,144000.0,2764800.0,45532800.0,355211040.0,0.009675,accelergy_plugin,accelergy_component_library_table_plugin,8.0,7.0,1.0,1.0,1.90477,4096,7801937920.0,0.0,0.35521104,0.6765953326608,0.0106563312
720p,1280,720,128,128,5,64,4096,50.0,is,6197050.0,0.0,39628800,34718400.0,31334400.0,619200.0,2764800.0,34116800.0,31337000.0,15000.0,2764800.0,39628800.0,250675200.0,4953600.0,19353600.0,274982400.0,31337000.0,15000.0,2764800.0,34116800.0,348728000.0,0.018432,accelergy_plugin,accelergy_component_library_table_plugin,8.0,7.0,1.0,1.0,6.19705,4096,25383116800.0,0.0,0.348728,2.1610848523999997,0.01046184
720p,1280,720,128,128,5,64,4096,50.0,os,4800250.0,0.0,39628800,38404800.0,31334400.0,619200.0,6451200.0,34233800.0,31337000.0,132000.0,2764800.0,39628800.0,250675200.0,4953600.0,45158400.0,300787200.0,31337000.0,132000.0,2764800.0,34233800.0,374649800.0,0.018432,accelergy_plugin,accelergy_component_library_table_plugin,8.0,7.0,1.0,1.0,4.80025,4096,19661824000.0,0.0,0.3746498,1.7984127024499998,0.011239494
720p,1280,720,128,128,5,64,4096,50.0,ws,4070570.0,0.0,39628800,34101780.0,31334400.0,2580.0,2764800.0,110369800.0,107473000.0,132000.0,2764800.0,39628800.0,250675200.0,20640.0,19353600.0,270049440.0,107473000.0,132000.0,2764800.0,110369800.0,420048040.0,0.018432,accelergy_plugin,accelergy_component_library_table_plugin,8.0,7.0,1.0,1.0,4.07057,4096,16673054720.0,0.0,0.42004804,1.7098349501828,0.0126014412
720p,1280,720,128,128,5,64,4096,200.0,is,5685520.0,0.0,39628800,34718400.0,31334400.0,619200.0,2764800.0,34130800.0,31342000.0,24000.0,2764800.0,39628800.0,250675200.0,4953600.0,19353600.0,274982400.0,31342000.0,24000.0,2764800.0,34130800.0,348742000.0,0.009675,accelergy_plugin,accelergy_component_library_table_plugin,8.0,7.0,1.0,1.0,5.68552,4096,23287889920.0,0.0,0.348742,1.9827796158400002,0.01046226
720p,1280,720,128,128,5,64,4096,200.0,os,4288720.0,0.0,39628800,38404800.0,31334400.0,619200.0,6451200.0,34238800.0,31342000.0,132000.0,2764800.0,39628800.0,250675200.0,4953600.0,45158400.0,300787200.0,31342000.0,132000.0,2764800.0,34238800.0,374654800.0,0.009675,accelergy_plugin,accelergy_component_library_table_plugin,8.0,7.0,1.0,1.0,4.2887200000000005,4096,17566597120.0,0.0,0.3746548,1.6067895338560003,0.011239644
720p,1280,720,128,128,5,64,4096,200.0,ws,2417050.0,0.0,39628800,34101780.0,31334400.0,2580.0,2764800.0,110384800.0,107488000.0,132000.0,2764800.0,39628800.0,250675200.0,20640.0,19353600.0,270049440.0,107488000.0,132000.0,2764800.0,110384800.0,420063040.0,0.009675,accelergy_plugin,accelergy_component_library_table_plugin,8.0,7.0,1.0,1.0,2.41705,4096,9900236800.0,0.0,0.42006304,1.0153133708320001,0.0126018912
720p,1280,720,128,128,5,64,4096,800.0,is,5557660.0,0.0,39628800,34718400.0,31334400.0,619200.0,2764800.0,34228800.0,31368000.0,96000.0,2764800.0,39628800.0,250675200.0,4953600.0,19353600.0,274982400.0,31368000.0,96000.0,2764800.0,34228800.0,348840000.0,0.009675,accelergy_plugin,accelergy_component_library_table_plugin,8.0,7.0,1.0,1.0,5.55766,4096,22764175360.0,0.0,0.34884,1.9387341144,0.0104652
720p,1280,720,128,128,5,64,4096,800.0,os,4160860.0,0.0,39628800,38404800.0,31334400.0,619200.0,6451200.0,34276800.0,31368000.0,144000.0,2764800.0,39628800.0,250675200.0,4953600.0,45158400.0,300787200.0,31368000.0,144000.0,2764800.0,34276800.0,374692800.0,0.009675,accelergy_plugin,accelergy_component_library_table_plugin,8.0,7.0,1.0,1.0,4.16086,4096,17042882560.0,0.0,0.3746928,1.5590442838079999,0.011240784
720p,1280,720,128,128,5,64,4096,800.0,ws,2003650.0,0.0,39628800,34101780.0,31334400.0,2580.0,2764800.0,110428800.0,107520000.0,144000.0,2764800.0,39628800.0,250675200.0,20640.0,19353600.0,270049440.0,107520000.0,144000.0,2764800.0,110428800.0,420107040.0,0.009675,accelergy_plugin,accelergy_component_library_table_plugin,8.0,7.0,1.0,1.0,2.00365,4096,8206950400.0,0.0,0.42010704,0.841747470696,0.0126032112
720p,1280,720,128,128,5,128,256,50.0,is,8024930.0,2306060.0,39628800,34408800.0,31334400.0,309600.0,2764800.0,287278800.0,284487000.0,27000.0,2764800.0,39628800.0,250675200.0,2476800.0,19353600.0,272505600.0,284487000.0,27000.0,2764800.0,287278800.0,599413200.0,0.018432,accelergy_plugin,accelergy_component_library_table_plugin,8.0,7.0,1.0,1.0,8.02493,16384,131480453120.0,28.736200814212708,0.5994132,4.810248971076,0.017982396
720p,1280,720,128,128,5,128,256,50.0,os,31243740.0,27144870.0,39628800,38095200.0,31334400.0,309600.0,6451200.0,1497910800.0,1494882000.0,264000.0,2764800.0,39628800.0,250675200.0,2476800.0,45158400.0,298310400.0,1494882000.0,264000.0,2764800.0,1497910800.0,1835850000.0,0.018432,accelergy_plugin,accelergy_component_library_table_plugin,8.0,7.0,1.0,1.0,31.24374,16384,511897436160.0,86.88098799951607,1.83585,57.358820079,0.0550755
720p,1280,720,128,128,5,128,256,50.0,ws,2085510.0,0.0,39628800,34101780.0,31334400.0,2580.0,2764800.0,36601800.0,33573000.0,264000.0,2764800.0,39628800.0,250675200.0,20640.0,19353600.0,270049440.0,33573000.0,264000.0,2764800.0,36601800.0,346280040.0,0.018432,accelergy_plugin,accelergy_component_library_table_plugin,8.0,7.0,1.0,1.0,2.08551,16384,34168995840.0,0.0,0.34628004,0.7221704862204001,0.0103884012
720p,1280,720,128,128,5,128,256,200.0,is,5571410.0,0.0,39628800,34408800.0,31334400.0,309600.0,2764800.0,287770800.0,284970000.0,36000.0,2764800.0,39628800.0,250675200.0,2476800.0,19353600.0,272505600.0,284970000.0,36000.0,2764800.0,287770800.0,599905200.0,0.004608,accelergy_plugin,accelergy_component_library_table_plugin,8.0,7.0,1.0,1.0,5.571409999999999,16384,91281981440.0,0.0,0.5999052,3.3423178303319996,0.017997156
720p,1280,720,128,128,5,128,256,200.0,os,9400260.0,5448850.0,39628800,38095200.0,31334400.0,309600.0,6451200.0,1500448800.0,1497420000.0,264000.0,2764800.0,39628800.0,250675200.0,2476800.0,45158400.0,298310400.0,1497420000.0,264000.0,2764800.0,1500448800.0,1838388000.0,0.004608,accelergy_plugin,accelergy_component_library_table_plugin,8.0,7.0,1.0,1.0,9.400260000000001,16384,154013859840.0,57.96488607761913,1.838388,17.28132518088,0.05515164
720p,1280,720,128,128,5,128,256,200.0,ws,1938050.0,0.0,39628800,34101780.0,31334400.0,2580.0,2764800.0,36658800.0,33630000.0,264000.0,2764800.0,39628800.0,250675200.0,20640.0,19353600.0,270049440.0,33630000.0,264000.0,2764800.0,36658800.0,346337040.0,0.004608,accelergy_plugin,accelergy_component_library_table_plugin,8.0,7.0,1.0,1.0,1.93805,16384,31753011200.0,0.0,0.34633704,0.671218500372,0.0103901112
720p,1280,720,128,128,5,128,256,800.0,is,5534530.0,0.0,39628800,34408800.0,31334400.0,309600.0,2764800.0,288796800.0,285936000.0,96000.0,2764800.0,39628800.0,250675200.0,2476800.0,19353600.0,272505600.0,285936000.0,96000.0,2764800.0,288796800.0,600931200.0,0.00241875,accelergy_plugin,accelergy_component_library_table_plugin,8.0,7.0,1.0,1.0,5.53453,16384,90677739520.0,0.0,0.6009312,3.325871754336,0.018027936
720p,1280,720,128,128,5,128,256,800.0,os,3982980.0,68450.0,39628800,38095200.0,31334400.0,309600.0,6451200.0,1505548800.0,1502496000.0,288000.0,2764800.0,39628800.0,250675200.0,2476800.0,45158400.0,298310400.0,1502496000.0,288000.0,2764800.0,1505548800.0,1843488000.0,0.00241875,accelergy_plugin,accelergy_component_library_table_plugin,8.0,7.0,1.0,1.0,3.9829799999999995,16384,65257144320.0,1.7185624833667252,1.843488,7.342575834239999,0.05530464
720p,1280,720,128,128,5,128,256,800.0,ws,1901170.0,0.0,39628800,34101780.0,31334400.0,2580.0,2764800.0,36796800.0,33744000.0,288000.0,2764800.0,39628800.0,250675200.0,20640.0,19353600.0,270049440.0,33744000.0,288000.0,2764800.0,36796800.0,346475040.0,0.00241875,accelergy_plugin,accelergy_component_library_table_plugin,8.0,7.0,1.0,1.0,1.90117,16384,31148769280.0,0.0,0.34647504,0.6587079517968001,0.0103942512
720p,1280,720,128,128,5,128,1024,50.0,is,6026710.0,0.0,39628800,34408800.0,31334400.0,309600.0,2764800.0,39414800.0,36623000.0,27000.0,2764800.0,39628800.0,250675200.0,2476800.0,19353600.0,272505600.0,36623000.0,27000.0,2764800.0,39414800.0,351549200.0,0.018432,accelergy_plugin,accelergy_component_library_table_plugin,8.0,7.0,1.0,1.0,6.0267100000000005,16384,98741616640.0,0.0,0.3515492,2.118685079132,0.010546476
720p,1280,720,128,128,5,128,1024,50.0,os,4406710.0,0.0,39628800,38095200.0,31334400.0,309600.0,6451200.0,39651800.0,36623000.0,264000.0,2764800.0,39628800.0,250675200.0,2476800.0,45158400.0,298310400.0,36623000.0,264000.0,2764800.0,39651800.0,377591000.0,0.018432,accelergy_plugin,accelergy_component_library_table_plugin,8.0,7.0,1.0,1.0,4.40671,16384,72199536640.0,0.0,0.377591,1.66393403561,0.01132773
720p,1280,720,128,128,5,128,1024,50.0,ws,2510670.0,0.0,39628800,34101780.0,31334400.0,2580.0,2764800.0,45517800.0,42489000.0,264000.0,2764800.0,39628800.0,250675200.0,20640.0,19353600.0,270049440.0,42489000.0,264000.0,2764800.0,45517800.0,355196040.0,0.018432,accelergy_plugin,accelergy_component_library_table_plugin,8.0,7.0,1.0,1.0,2.51067,16384,41134817280.0,0.0,0.35519604,0.8917800417468,0.0106558812
720p,1280,720,128,128,5,128,1024,200.0,is,5648380.0,0.0,39628800,34408800.0,31334400.0,309600.0,2764800.0,39446800.0,36646000.0,36000.0,2764800.0,39628800.0,250675200.0,2476800.0,19353600.0,272505600.0,36646000.0,36000.0,2764800.0,39446800.0,351581200.0,0.004608,accelergy_plugin,accelergy_component_library_table_plugin,8.0,7.0,1.0,1.0,5.6483799999999995,16384,92543057920.0,0.0,0.3515812,1.9858642184559998,0.010547436
720p,1280,720,128,128,5,128,1024,200.0,os,4028380.0,0.0,39628800,38095200.0,31334400.0,309600.0,6451200.0,39674800.0,36646000.0,264000.0,2764800.0,39628800.0,250675200.0,2476800.0,45158400.0,298310400.0,36646000.0,264000.0,2764800.0,39674800.0,377614000.0,0.004608,accelergy_plugin,accelergy_component_library_table_plugin,8.0,7.0,1.0,1.0,4.028379999999999,16384,66000977920.0,0.0,0.377614,1.5211726853199998,0.01132842
720p,1280,720,128,128,5,128,1024,200.0,ws,2044370.0,0.0,39628800,34101780.0,31334400.0,2580.0,2764800.0,45544800.0,42516000.0,264000.0,2764800.0,39628800.0,250675200.0,20640.0,19353600.0,270049440.0,42516000.0,264000.0,2764800.0,45544800.0,355223040.0,0.004608,accelergy_plugin,accelergy_component_library_table_plugin,8.0,7.0,1.0,1.0,2.0443700000000002,16384,33494958080.0,0.0,0.35522304,0.7262073262848001,0.0106566912
720p,1280,720,128,128,5,128,1024,800.0,is,5553820.0,0.0,39628800,34408800.0,31334400.0,309600.0,2764800.0,39604800.0,36744000.0,96000.0,2764800.0,39628800.0,250675200.0,2476800.0,19353600.0,272505600.0,36744000.0,96000.0,2764800.0,39604800.0,351739200.0,0.00241875,accelergy_plugin,accelergy_component_library_table_plugin,8.0,7.0,1.0,1.0,5.55382,16384,90993786880.0,0.0,0.3517392,1.9534962037439998,0.010552176
720p,1280,720,128,128,5,128,1024,800.0,os,3933820.0,0.0,39628800,38095200.0,31334400.0,309600.0,6451200.0,39796800.0,36744000.0,288000.0,2764800.0,39628800.0,250675200.0,2476800.0,45158400.0,298310400.0,36744000.0,288000.0,2764800.0,39796800.0,377736000.0,0.00241875,accelergy_plugin,accelergy_component_library_table_plugin,8.0,7.0,1.0,1.0,3.9338200000000003,16384,64451706880.0,0.0,0.377736,1.4859454315200002,0.01133208
720p,1280,720,128,128,5,128,1024,800.0,ws,1927810.0,0.0,39628800,34101780.0,31334400.0,2580.0,2764800.0,45676800.0,42624000.0,288000.0,2764800.0,39628800.0,250675200.0,20640.0,19353600.0,270049440.0,42624000.0,288000.0,2764800.0,45676800.0,355355040.0,0.00241875,accelergy_plugin,accelergy_component_library_table_plugin,8.0,7.0,1.0,1.0,1.92781,16384,31585239040.0,0.0,0.35535504,0.6850569996624001,0.0106606512
720p,1280,720,128,128,5,128,4096,50.0,is,6204250.0,0.0,39628800,34408800.0,31334400.0,309600.0,2764800.0,34128800.0,31337000.0,27000.0,2764800.0,39628800.0,250675200.0,2476800.0,19353600.0,272505600.0,31337000.0,27000.0,2764800.0,34128800.0,346263200.0,0.018432,accelergy_plugin,accelergy_component_library_table_plugin,8.0,7.0,1.0,1.0,6.20425,16384,101650432000.0,0.0,0.3462632,2.1483034586,0.010387896
720p,1280,720,128,128,5,128,4096,50.0,os,4584250.0,0.0,39628800,38095200.0,31334400.0,309600.0,6451200.0,34365800.0,31337000.0,264000.0,2764800.0,39628800.0,250675200.0,2476800.0,45158400.0,298310400.0,31337000.0,264000.0,2764800.0,34365800.0,372305000.0,0.018432,accelergy_plugin,accelergy_component_library_table_plugin,8.0,7.0,1.0,1.0,4.58425,16384,75108352000.0,0.0,0.372305,1.70673919625,0.01116915
720p,1280,720,128,128,5,128,4096,50.0,ws,4208910.0,0.0,39628800,34101780.0,31334400.0,2580.0,2764800.0,116266800.0,113238000.0,264000.0,2764800.0,39628800.0,250675200.0,20640.0,19353600.0,270049440.0,113238000.0,264000.0,2764800.0,116266800.0,425945040.0,0.018432,accelergy_plugin,accelergy_component_library_table_plugin,8.0,7.0,1.0,1.0,4.2089099999999995,16384,68958781440.0,0.0,0.42594504,1.7927643383063998,0.0127783512
720p,1280,720,128,128,5,128,4096,200.0,is,5692720.0,0.0,39628800,34408800.0,31334400.0,309600.0,2764800.0,34142800.0,31342000.0,36000.0,2764800.0,39628800.0,250675200.0,2476800.0,19353600.0,272505600.0,31342000.0,36000.0,2764800.0,34142800.0,346277200.0,0.004608,accelergy_plugin,accelergy_component_library_table_plugin,8.0,7.0,1.0,1.0,5.6927200000000004,16384,93269524480.0,0.0,0.3462772,1.9712591419840002,0.010388316
720p,1280,720,128,128,5,128,4096,200.0,os,4072720.0,0.0,39628800,38095200.0,31334400.0,309600.0,6451200.0,34370800.0,31342000.0,264000.0,2764800.0,39628800.0,250675200.0,2476800.0,45158400.0,298310400.0,31342000.0,264000.0,2764800.0,34370800.0,372310000.0,0.004608,accelergy_plugin,accelergy_component_library_table_plugin,8.0,7.0,1.0,1.0,4.07272,16384,66727444480.0,0.0,0.37231,1.5163143832000001,0.0111693
720p,1280,720,128,128,5,128,4096,200.0,ws,2468930.0,0.0,39628800,34101780.0,31334400.0,2580.0,2764800.0,116284800.0,113256000.0,264000.0,2764800.0,39628800.0,250675200.0,20640.0,19353600.0,270049440.0,113256000.0,264000.0,2764800.0,116284800.0,425963040.0,0.004608,accelergy_plugin,accelergy_component_library_table_plugin,8.0,7.0,1.0,1.0,2.46893,16384,40450949120.0,0.0,0.42596304,1.0516729283472,0.0127788912
720p,1280,720,128,128,5,128,4096,800.0,is,5564860.0,0.0,39628800,34408800.0,31334400.0,309600.0,2764800.0,34228800.0,31368000.0,96000.0,2764800.0,39628800.0,250675200.0,2476800.0,19353600.0,272505600.0,31368000.0,96000.0,2764800.0,34228800.0,346363200.0,0.00241875,accelergy_plugin,accelergy_component_library_table_plugin,8.0,7.0,1.0,1.0,5.5648599999999995,16384,91174666240.0,0.0,0.3463632,1.9274627171519998,0.010390896
720p,1280,720,128,128,5,128,4096,800.0,os,3944860.0,0.0,39628800,38095200.0,31334400.0,309600.0,6451200.0,34420800.0,31368000.0,288000.0,2764800.0,39628800.0,250675200.0,2476800.0,45158400.0,298310400.0,31368000.0,288000.0,2764800.0,34420800.0,372360000.0,0.00241875,accelergy_plugin,accelergy_component_library_table_plugin,8.0,7.0,1.0,1.0,3.94486,16384,64632586240.0,0.0,0.37236,1.4689080696,0.0111708
720p,1280,720,128,128,5,128,4096,800.0,ws,2033890.0,0.0,39628800,34101780.0,31334400.0,2580.0,2764800.0,116332800.0,113280000.0,288000.0,2764800.0,39628800.0,250675200.0,20640.0,19353600.0,270049440.0,113280000.0,288000.0,2764800.0,116332800.0,426011040.0,0.00241875,accelergy_plugin,accelergy_component_library_table_plugin,8.0,7.0,1.0,1.0,2.03389,16384,33323253760.0,0.0,0.42601104,0.8664595941456,0.0127803312
720p,1280,720,128,128,7,8,256,50.0,is,30592230.0,6301000.0,61747200,71308800.0,53452800.0,7718400.0,10137600.0,1229965600.0,1219819000.0,9000.0,10137600.0,61747200.0,427622400.0,61747200.0,70963200.0,560332800.0,1219819000.0,9000.0,10137600.0,1229965600.0,1852045600.0,0.9648,accelergy_plugin,accelergy_component_library_table_plugin,8.0,7.0,1.0,1.0,30.59223,64,1957902720.0,20.596733222782387,1.8520456,56.658204965688,0.055561368
720p,1280,720,128,128,7,8,256,50.0,os,10103670.0,0.0,61747200,67622400.0,53452800.0,7718400.0,6451200.0,120594800.0,117800000.0,30000.0,2764800.0,61747200.0,427622400.0,61747200.0,45158400.0,534528000.0,117800000.0,30000.0,2764800.0,120594800.0,716870000.0,0.9648,accelergy_plugin,accelergy_component_library_table_plugin,8.0,7.0,1.0,1.0,10.103670000000001,64,646634880.0,0.0,0.71687,7.243017912900001,0.0215061
720p,1280,720,128,128,7,8,256,50.0,ws,8520710.0,0.0,61747200,63594420.0,53452800.0,4020.0,10137600.0,66711600.0,56544000.0,30000.0,10137600.0,61747200.0,427622400.0,32160.0,70963200.0,498617760.0,56544000.0,30000.0,10137600.0,66711600.0,627076560.0,0.9648,accelergy_plugin,accelergy_component_library_table_plugin,8.0,7.0,1.0,1.0,8.520710000000001,64,545325440.0,0.0,0.62707656,5.343137515557601,0.0188122968
720p,1280,720,128,128,7,8,256,200.0,is,24130350.0,0.0,61747200,71308800.0,53452800.0,7718400.0,10137600.0,1232051600.0,1221890000.0,24000.0,10137600.0,61747200.0,427622400.0,61747200.0,70963200.0,560332800.0,1221890000.0,24000.0,10137600.0,1232051600.0,1854131600.0,0.9648,accelergy_plugin,accelergy_component_library_table_plugin,8.0,7.0,1.0,1.0,24.13035,64,1544342400.0,0.0,1.8541316,44.74084445406,0.055623948
720p,1280,720,128,128,7,8,256,200.0,os,9956210.0,0.0,61747200,67622400.0,53452800.0,7718400.0,6451200.0,120800800.0,118000000.0,36000.0,2764800.0,61747200.0,427622400.0,61747200.0,45158400.0,534528000.0,118000000.0,36000.0,2764800.0,120800800.0,717076000.0,0.9648,accelergy_plugin,accelergy_component_library_table_plugin,8.0,7.0,1.0,1.0,9.95621,64,637197440.0,0.0,0.717076,7.139359241960001,0.02151228
720p,1280,720,128,128,7,8,256,200.0,ws,8359830.0,0.0,61747200,63594420.0,53452800.0,4020.0,10137600.0,66813600.0,56640000.0,36000.0,10137600.0,61747200.0,427622400.0,32160.0,70963200.0,498617760.0,56640000.0,36000.0,10137600.0,66813600.0,627178560.0,0.9648,accelergy_plugin,accelergy_component_library_table_plugin,8.0,7.0,1.0,1.0,8.35983,64,535029120.0,0.0,0.62717856,5.243106141244801,0.0188153568
720p,1280,720,128,128,7,8,256,800.0,is,24090070.0,0.0,61747200,71308800.0,53452800.0,7718400.0,10137600.0,1236265600.0,1226032000.0,96000.0,10137600.0,61747200.0,427622400.0,61747200.0,70963200.0,560332800.0,1226032000.0,96000.0,10137600.0,1236265600.0,1858345600.0,0.9648,accelergy_plugin,accelergy_component_library_table_plugin,8.0,7.0,1.0,1.0,24.09007,64,1541764480.0,0.0,1.8583456,44.767675588192006,0.055750368
720p,1280,720,128,128,7,8,256,800.0,os,9919330.0,0.0,61747200,67622400.0,53452800.0,7718400.0,6451200.0,121260800.0,118400000.0,96000.0,2764800.0,61747200.0,427622400.0,61747200.0,45158400.0,534528000.0,118400000.0,96000.0,2764800.0,121260800.0,717536000.0,0.9648,accelergy_plugin,accelergy_component_library_table_plugin,8.0,7.0,1.0,1.0,9.91933,64,634837120.0,0.0,0.717536,7.1174763708799995,0.02152608
720p,1280,720,128,128,7,8,256,800.0,ws,8319550.0,0.0,61747200,63594420.0,53452800.0,4020.0,10137600.0,67065600.0,56832000.0,96000.0,10137600.0,61747200.0,427622400.0,32160.0,70963200.0,498617760.0,56832000.0,96000.0,10137600.0,67065600.0,627430560.0,0.9648,accelergy_plugin,accelergy_component_library_table_plugin,8.0,7.0,1.0,1.0,8.31955,64,532451200.0,0.0,0.62743056,5.219939915447999,0.0188229168
720p,1280,720,128,128,7,8,1024,50.0,is,24728550.0,0.0,61747200,71308800.0,53452800.0,7718400.0,10137600.0,282819600.0,272673000.0,9000.0,10137600.0,61747200.0,427622400.0,61747200.0,70963200.0,560332800.0,272673000.0,9000.0,10137600.0,282819600.0,904899600.0,0.9648,accelergy_plugin,accelergy_component_library_table_plugin,8.0,7.0,1.0,1.0,24.72855,64,1582627200.0,0.0,0.9048996,22.376855003579998,0.027146988
720p,1280,720,128,128,7,8,1024,50.0,os,10411510.0,0.0,61747200,67622400.0,53452800.0,7718400.0,6451200.0,65383300.0,62588500.0,30000.0,2764800.0,61747200.0,427622400.0,61747200.0,45158400.0,534528000.0,62588500.0,30000.0,2764800.0,65383300.0,661658500.0,0.9648,accelergy_plugin,accelergy_component_library_table_plugin,8.0,7.0,1.0,1.0,10.41151,64,666336640.0,0.0,0.6616585,6.888864089335001,0.019849755
720p,1280,720,128,128,7,8,1024,50.0,ws,9060910.0,0.0,61747200,63594420.0,53452800.0,4020.0,10137600.0,77900100.0,67732500.0,30000.0,10137600.0,61747200.0,427622400.0,32160.0,70963200.0,498617760.0,67732500.0,30000.0,10137600.0,77900100.0,638265060.0,0.9648,accelergy_plugin,accelergy_component_library_table_plugin,8.0,7.0,1.0,1.0,9.06091,64,579898240.0,0.0,0.63826506,5.7832622648046,0.0191479518
720p,1280,720,128,128,7,8,1024,200.0,is,24239670.0,0.0,61747200,71308800.0,53452800.0,7718400.0,10137600.0,283007600.0,272846000.0,24000.0,10137600.0,61747200.0,427622400.0,61747200.0,70963200.0,560332800.0,272846000.0,24000.0,10137600.0,283007600.0,905087600.0,0.9648,accelergy_plugin,accelergy_component_library_table_plugin,8.0,7.0,1.0,1.0,24.23967,64,1551338880.0,0.0,0.9050876,21.939024745092,0.027152628
720p,1280,720,128,128,7,8,1024,200.0,os,10033180.0,0.0,61747200,67622400.0,53452800.0,7718400.0,6451200.0,65428800.0,62628000.0,36000.0,2764800.0,61747200.0,427622400.0,61747200.0,45158400.0,534528000.0,62628000.0,36000.0,2764800.0,65428800.0,661704000.0,0.9648,accelergy_plugin,accelergy_component_library_table_plugin,8.0,7.0,1.0,1.0,10.03318,64,642123520.0,0.0,0.661704,6.638995338719999,0.01985112
720p,1280,720,128,128,7,8,1024,200.0,ws,8494890.0,0.0,61747200,63594420.0,53452800.0,4020.0,10137600.0,77949600.0,67776000.0,36000.0,10137600.0,61747200.0,427622400.0,32160.0,70963200.0,498617760.0,67776000.0,36000.0,10137600.0,77949600.0,638314560.0,0.9648,accelergy_plugin,accelergy_component_library_table_plugin,8.0,7.0,1.0,1.0,8.49489,64,543672960.0,0.0,0.63831456,5.4224119725983995,0.0191494368
720p,1280,720,128,128,7,8,1024,800.0,is,24117450.0,0.0,61747200,71308800.0,53452800.0,7718400.0,10137600.0,283777600.0,273544000.0,96000.0,10137600.0,61747200.0,427622400.0,61747200.0,70963200.0,560332800.0,273544000.0,96000.0,10137600.0,283777600.0,905857600.0,0.9648,accelergy_plugin,accelergy_component_library_table_plugin,8.0,7.0,1.0,1.0,24.117449999999998,64,1543516800.0,0.0,0.9058576,21.84697537512,0.027175728
720p,1280,720,128,128,7,8,1024,800.0,os,9938620.0,0.0,61747200,67622400.0,53452800.0,7718400.0,6451200.0,65652800.0,62792000.0,96000.0,2764800.0,61747200.0,427622400.0,61747200.0,45158400.0,534528000.0,62792000.0,96000.0,2764800.0,65652800.0,661928000.0,0.9648,accelergy_plugin,accelergy_component_library_table_plugin,8.0,7.0,1.0,1.0,9.93862,64,636071680.0,0.0,0.661928,6.57865085936,0.01985784
720p,1280,720,128,128,7,8,1024,800.0,ws,8353370.0,0.0,61747200,63594420.0,53452800.0,4020.0,10137600.0,78177600.0,67944000.0,96000.0,10137600.0,61747200.0,427622400.0,32160.0,70963200.0,498617760.0,67944000.0,96000.0,10137600.0,78177600.0,638542560.0,0.9648,accelergy_plugin,accelergy_component_library_table_plugin,8.0,7.0,1.0,1.0,8.35337,64,534615680.0,0.0,0.63854256,5.3339822644272,0.0191562768
720p,1280,720,128,128,7,8,4096,50.0,is,25348500.0,0.0,61747200,71308800.0,53452800.0,7718400.0,10137600.0,63604100.0,53457500.0,9000.0,10137600.0,61747200.0,427622400.0,61747200.0,70963200.0,560332800.0,53457500.0,9000.0,10137600.0,63604100.0,685684100.0,0.9648,accelergy_plugin,accelergy_component_library_table_plugin,8.0,7.0,1.0,1.0,25.348499999999998,64,1622304000.0,0.0,0.6856841,17.38106340885,0.020570523
720p,1280,720,128,128,7,8,4096,50.0,os,11031460.0,0.0,61747200,67622400.0,53452800.0,7718400.0,6451200.0,56252300.0,53457500.0,30000.0,2764800.0,61747200.0,427622400.0,61747200.0,45158400.0,534528000.0,53457500.0,30000.0,2764800.0,56252300.0,652527500.0,0.9648,accelergy_plugin,accelergy_component_library_table_plugin,8.0,7.0,1.0,1.0,11.03146,64,706013440.0,0.0,0.6525275,7.19833101515,0.019575825
720p,1280,720,128,128,7,8,4096,50.0,ws,9835990.0,0.0,61747200,63594420.0,53452800.0,4020.0,10137600.0,76525600.0,66358000.0,30000.0,10137600.0,61747200.0,427622400.0,32160.0,70963200.0,498617760.0,66358000.0,30000.0,10137600.0,76525600.0,636890560.0,0.9648,accelergy_plugin,accelergy_component_library_table_plugin,8.0,7.0,1.0,1.0,9.835989999999999,64,629503360.0,0.0,0.63689056,6.264449179254399,0.0191067168
720p,1280,720,128,128,7,8,4096,200.0,is,24394650.0,0.0,61747200,71308800.0,53452800.0,7718400.0,10137600.0,63631600.0,53470000.0,24000.0,10137600.0,61747200.0,427622400.0,61747200.0,70963200.0,560332800.0,53470000.0,24000.0,10137600.0,63631600.0,685711600.0,0.9648,accelergy_plugin,accelergy_component_library_table_plugin,8.0,7.0,1.0,1.0,24.39465,64,1561257600.0,0.0,0.6857116,16.72769448294,0.020571348
720p,1280,720,128,128,7,8,4096,200.0,os,10188160.0,0.0,61747200,67622400.0,53452800.0,7718400.0,6451200.0,56270800.0,53470000.0,36000.0,2764800.0,61747200.0,427622400.0,61747200.0,45158400.0,534528000.0,53470000.0,36000.0,2764800.0,56270800.0,652546000.0,0.9648,accelergy_plugin,accelergy_component_library_table_plugin,8.0,7.0,1.0,1.0,10.18816,64,652042240.0,0.0,0.652546,6.648243055359999,0.01957638
720p,1280,720,128,128,7,8,4096,200.0,ws,8688610.0,0.0,61747200,63594420.0,53452800.0,4020.0,10137600.0,76539600.0,66366000.0,36000.0,10137600.0,61747200.0,427622400.0,32160.0,70963200.0,498617760.0,66366000.0,36000.0,10137600.0,76539600.0,636904560.0,0.9648,accelergy_plugin,accelergy_component_library_table_plugin,8.0,7.0,1.0,1.0,8.688609999999999,64,556071040.0,0.0,0.63690456,5.533815329061599,0.0191071368
720p,1280,720,128,128,7,8,4096,800.0,is,24156170.0,0.0,61747200,71308800.0,53452800.0,7718400.0,10137600.0,63745600.0,53512000.0,96000.0,10137600.0,61747200.0,427622400.0,61747200.0,70963200.0,560332800.0,53512000.0,96000.0,10137600.0,63745600.0,685825600.0,0.9648,accelergy_plugin,accelergy_component_library_table_plugin,8.0,7.0,1.0,1.0,24.15617,64,1545994880.0,0.0,0.6858256,16.566919783952,0.020574768
720p,1280,720,128,128,7,8,4096,800.0,os,9977340.0,0.0,61747200,67622400.0,53452800.0,7718400.0,6451200.0,56372800.0,53512000.0,96000.0,2764800.0,61747200.0,427622400.0,61747200.0,45158400.0,534528000.0,53512000.0,96000.0,2764800.0,56372800.0,652648000.0,0.9648,accelergy_plugin,accelergy_component_library_table_plugin,8.0,7.0,1.0,1.0,9.97734,64,638549760.0,0.0,0.652648,6.51169099632,0.01957944
720p,1280,720,128,128,7,8,4096,800.0,ws,8401730.0,0.0,61747200,63594420.0,53452800.0,4020.0,10137600.0,76609600.0,66376000.0,96000.0,10137600.0,61747200.0,427622400.0,32160.0,70963200.0,498617760.0,66376000.0,96000.0,10137600.0,76609600.0,636974560.0,0.9648,accelergy_plugin,accelergy_component_library_table_plugin,8.0,7.0,1.0,1.0,8.401729999999999,64,537710720.0,0.0,0.63697456,5.351688269988799,0.0191092368
720p,1280,720,128,128,7,16,256,50.0,is,32009480.0,18222960.0,61747200,62841600.0,53452800.0,3859200.0,5529600.0,1486873600.0,1481335000.0,9000.0,5529600.0,61747200.0,427622400.0,30873600.0,38707200.0,497203200.0,1481335000.0,9000.0,5529600.0,1486873600.0,2045824000.0,0.2412,accelergy_plugin,accelergy_component_library_table_plugin,8.0,7.0,1.0,1.0,32.009479999999996,256,8194426880.0,56.92988452171044,2.045824,65.48576241152,0.06137472
720p,1280,720,128,128,7,16,256,50.0,os,9757600.0,2764330.0,61747200,63763200.0,53452800.0,3859200.0,6451200.0,350331800.0,347510000.0,57000.0,2764800.0,61747200.0,427622400.0,30873600.0,45158400.0,503654400.0,347510000.0,57000.0,2764800.0,350331800.0,915733400.0,0.2412,accelergy_plugin,accelergy_component_library_table_plugin,8.0,7.0,1.0,1.0,9.7576,256,2497945600.0,28.330019676969748,0.9157334,8.93536022384,0.027472002
720p,1280,720,128,128,7,16,256,50.0,ws,4814720.0,0.0,61747200,58986420.0,53452800.0,4020.0,5529600.0,62130600.0,56544000.0,57000.0,5529600.0,61747200.0,427622400.0,32160.0,38707200.0,466361760.0,56544000.0,57000.0,5529600.0,62130600.0,590239560.0,0.2412,accelergy_plugin,accelergy_component_library_table_plugin,8.0,7.0,1.0,1.0,4.8147199999999994,256,1232568320.0,0.0,0.59023956,2.8418382143231997,0.0177071868
720p,1280,720,128,128,7,16,256,200.0,is,13641740.0,0.0,61747200,62841600.0,53452800.0,3859200.0,5529600.0,1489403600.0,1483850000.0,24000.0,5529600.0,61747200.0,427622400.0,30873600.0,38707200.0,497203200.0,1483850000.0,24000.0,5529600.0,1489403600.0,2048354000.0,0.2412,accelergy_plugin,accelergy_component_library_table_plugin,8.0,7.0,1.0,1.0,13.641739999999999,256,3492285440.0,0.0,2.048354,27.943112695959993,0.06145062
720p,1280,720,128,128,7,16,256,200.0,os,6845810.0,0.0,61747200,63763200.0,53452800.0,3859200.0,6451200.0,350924800.0,348100000.0,60000.0,2764800.0,61747200.0,427622400.0,30873600.0,45158400.0,503654400.0,348100000.0,60000.0,2764800.0,350924800.0,916326400.0,0.2412,accelergy_plugin,accelergy_component_library_table_plugin,8.0,7.0,1.0,1.0,6.84581,256,1752527360.0,0.0,0.9163264,6.272996432384,0.027489792
720p,1280,720,128,128,7,16,256,200.0,ws,4669940.0,0.0,61747200,58986420.0,53452800.0,4020.0,5529600.0,62229600.0,56640000.0,60000.0,5529600.0,61747200.0,427622400.0,32160.0,38707200.0,466361760.0,56640000.0,60000.0,5529600.0,62229600.0,590338560.0,0.2412,accelergy_plugin,accelergy_component_library_table_plugin,8.0,7.0,1.0,1.0,4.66994,256,1195504640.0,0.0,0.59033856,2.7568456548864,0.0177101568
720p,1280,720,128,128,7,16,256,800.0,is,13605520.0,0.0,61747200,62841600.0,53452800.0,3859200.0,5529600.0,1494505600.0,1488880000.0,96000.0,5529600.0,61747200.0,427622400.0,30873600.0,38707200.0,497203200.0,1488880000.0,96000.0,5529600.0,1494505600.0,2053456000.0,0.2412,accelergy_plugin,accelergy_component_library_table_plugin,8.0,7.0,1.0,1.0,13.60552,256,3483013120.0,0.0,2.053456,27.938336677120002,0.06160368
720p,1280,720,128,128,7,16,256,800.0,os,6808930.0,0.0,61747200,63763200.0,53452800.0,3859200.0,6451200.0,352140800.0,349280000.0,96000.0,2764800.0,61747200.0,427622400.0,30873600.0,45158400.0,503654400.0,349280000.0,96000.0,2764800.0,352140800.0,917542400.0,0.2412,accelergy_plugin,accelergy_component_library_table_plugin,8.0,7.0,1.0,1.0,6.80893,256,1743086080.0,0.0,0.9175424,6.247481973632,0.027526272
720p,1280,720,128,128,7,16,256,800.0,ws,4633720.0,0.0,61747200,58986420.0,53452800.0,4020.0,5529600.0,62457600.0,56832000.0,96000.0,5529600.0,61747200.0,427622400.0,32160.0,38707200.0,466361760.0,56832000.0,96000.0,5529600.0,62457600.0,590566560.0,0.2412,accelergy_plugin,accelergy_component_library_table_plugin,8.0,7.0,1.0,1.0,4.63372,256,1186232320.0,0.0,0.59056656,2.7365200804032,0.0177169968
720p,1280,720,128,128,7,16,1024,50.0,is,14153210.0,0.0,61747200,62841600.0,53452800.0,3859200.0,5529600.0,278211600.0,272673000.0,9000.0,5529600.0,61747200.0,427622400.0,30873600.0,38707200.0,497203200.0,272673000.0,9000.0,5529600.0,278211600.0,837162000.0,0.2412,accelergy_plugin,accelergy_component_library_table_plugin,8.0,7.0,1.0,1.0,14.15321,256,3623221760.0,0.0,0.837162,11.848529590019998,0.02511486
720p,1280,720,128,128,7,16,1024,50.0,os,7301110.0,0.0,61747200,63763200.0,53452800.0,3859200.0,6451200.0,110259800.0,107438000.0,57000.0,2764800.0,61747200.0,427622400.0,30873600.0,45158400.0,503654400.0,107438000.0,57000.0,2764800.0,110259800.0,675661400.0,0.2412,accelergy_plugin,accelergy_component_library_table_plugin,8.0,7.0,1.0,1.0,7.30111,256,1869084160.0,0.0,0.6756614,4.9330782041540004,0.020269842
720p,1280,720,128,128,7,16,1024,50.0,ws,5284290.0,0.0,61747200,58986420.0,53452800.0,4020.0,5529600.0,73319100.0,67732500.0,57000.0,5529600.0,61747200.0,427622400.0,32160.0,38707200.0,466361760.0,67732500.0,57000.0,5529600.0,73319100.0,601428060.0,0.2412,accelergy_plugin,accelergy_component_library_table_plugin,8.0,7.0,1.0,1.0,5.2842899999999995,256,1352778240.0,0.0,0.60142806,3.1781202831774,0.0180428418
720p,1280,720,128,128,7,16,1024,200.0,is,13733410.0,0.0,61747200,62841600.0,53452800.0,3859200.0,5529600.0,278399600.0,272846000.0,24000.0,5529600.0,61747200.0,427622400.0,30873600.0,38707200.0,497203200.0,272846000.0,24000.0,5529600.0,278399600.0,837350000.0,0.2412,accelergy_plugin,accelergy_component_library_table_plugin,8.0,7.0,1.0,1.0,13.73341,256,3515752960.0,0.0,0.83735,11.4996708635,0.0251205
720p,1280,720,128,128,7,16,1024,200.0,os,6922780.0,0.0,61747200,63763200.0,53452800.0,3859200.0,6451200.0,110330800.0,107506000.0,60000.0,2764800.0,61747200.0,427622400.0,30873600.0,45158400.0,503654400.0,107506000.0,60000.0,2764800.0,110330800.0,675732400.0,0.2412,accelergy_plugin,accelergy_component_library_table_plugin,8.0,7.0,1.0,1.0,6.9227799999999995,256,1772231680.0,0.0,0.6757324,4.677946744072,0.020271972
720p,1280,720,128,128,7,16,1024,200.0,ws,4787350.0,0.0,61747200,58986420.0,53452800.0,4020.0,5529600.0,73365600.0,67776000.0,60000.0,5529600.0,61747200.0,427622400.0,32160.0,38707200.0,466361760.0,67776000.0,60000.0,5529600.0,73365600.0,601474560.0,0.2412,accelergy_plugin,accelergy_component_library_table_plugin,8.0,7.0,1.0,1.0,4.78735,256,1225561600.0,0.0,0.60147456,2.879469234816,0.0180442368
720p,1280,720,128,128,7,16,1024,800.0,is,13628460.0,0.0,61747200,62841600.0,53452800.0,3859200.0,5529600.0,279169600.0,273544000.0,96000.0,5529600.0,61747200.0,427622400.0,30873600.0,38707200.0,497203200.0,273544000.0,96000.0,5529600.0,279169600.0,838120000.0,0.2412,accelergy_plugin,accelergy_component_library_table_plugin,8.0,7.0,1.0,1.0,13.62846,256,3488885760.0,0.0,0.83812,11.4222848952,0.0251436
720p,1280,720,128,128,7,16,1024,800.0,os,6828220.0,0.0,61747200,63763200.0,53452800.0,3859200.0,6451200.0,110644800.0,107784000.0,96000.0,2764800.0,61747200.0,427622400.0,30873600.0,45158400.0,503654400.0,107784000.0,96000.0,2764800.0,110644800.0,676046400.0,0.2412,accelergy_plugin,accelergy_component_library_table_plugin,8.0,7.0,1.0,1.0,6.82822,256,1748024320.0,0.0,0.6760464,4.616193549408,0.020281392
720p,1280,720,128,128,7,16,1024,800.0,ws,4663100.0,0.0,61747200,58986420.0,53452800.0,4020.0,5529600.0,73569600.0,67944000.0,96000.0,5529600.0,61747200.0,427622400.0,32160.0,38707200.0,466361760.0,67944000.0,96000.0,5529600.0,73569600.0,601678560.0,0.2412,accelergy_plugin,accelergy_component_library_table_plugin,8.0,7.0,1.0,1.0,4.6631,256,1193753600.0,0.0,0.60167856,2.8056872931359997,0.0180503568
720p,1280,720,128,128,7,16,4096,50.0,is,14773160.0,0.0,61747200,62841600.0,53452800.0,3859200.0,5529600.0,58996100.0,53457500.0,9000.0,5529600.0,61747200.0,427622400.0,30873600.0,38707200.0,497203200.0,53457500.0,9000.0,5529600.0,58996100.0,617946500.0,0.2412,accelergy_plugin,accelergy_component_library_table_plugin,8.0,7.0,1.0,1.0,14.77316,256,3781928960.0,0.0,0.6179465,9.12902251594,0.018538395
720p,1280,720,128,128,7,16,4096,50.0,os,7921060.0,0.0,61747200,63763200.0,53452800.0,3859200.0,6451200.0,56279300.0,53457500.0,57000.0,2764800.0,61747200.0,427622400.0,30873600.0,45158400.0,503654400.0,53457500.0,57000.0,2764800.0,56279300.0,621680900.0,0.2412,accelergy_plugin,accelergy_component_library_table_plugin,8.0,7.0,1.0,1.0,7.921060000000001,256,2027791360.0,0.0,0.6216809,4.924371709754,0.018650427
720p,1280,720,128,128,7,16,4096,50.0,ws,6101860.0,0.0,61747200,58986420.0,53452800.0,4020.0,5529600.0,74069100.0,68482500.0,57000.0,5529600.0,61747200.0,427622400.0,32160.0,38707200.0,466361760.0,68482500.0,57000.0,5529600.0,74069100.0,602178060.0,0.2412,accelergy_plugin,accelergy_component_library_table_plugin,8.0,7.0,1.0,1.0,6.101859999999999,256,1562076160.0,0.0,0.60217806,3.674406217191599,0.0180653418
720p,1280,720,128,128,7,16,4096,200.0,is,13888390.0,0.0,61747200,62841600.0,53452800.0,3859200.0,5529600.0,59023600.0,53470000.0,24000.0,5529600.0,61747200.0,427622400.0,30873600.0,38707200.0,497203200.0,53470000.0,24000.0,5529600.0,59023600.0,617974000.0,0.2412,accelergy_plugin,accelergy_component_library_table_plugin,8.0,7.0,1.0,1.0,13.888390000000001,256,3555427840.0,0.0,0.617974,8.582663921860002,0.01853922
720p,1280,720,128,128,7,16,4096,200.0,os,7077760.0,0.0,61747200,63763200.0,53452800.0,3859200.0,6451200.0,56294800.0,53470000.0,60000.0,2764800.0,61747200.0,427622400.0,30873600.0,45158400.0,503654400.0,53470000.0,60000.0,2764800.0,56294800.0,621696400.0,0.2412,accelergy_plugin,accelergy_component_library_table_plugin,8.0,7.0,1.0,1.0,7.07776,256,1811906560.0,0.0,0.6216964,4.400217912064,0.018650892
720p,1280,720,128,128,7,16,4096,200.0,ws,4991710.0,0.0,61747200,58986420.0,53452800.0,4020.0,5529600.0,74083600.0,68494000.0,60000.0,5529600.0,61747200.0,427622400.0,32160.0,38707200.0,466361760.0,68494000.0,60000.0,5529600.0,74083600.0,602192560.0,0.2412,accelergy_plugin,accelergy_component_library_table_plugin,8.0,7.0,1.0,1.0,4.99171,256,1277877760.0,0.0,0.60219256,3.0059706236776003,0.0180657768
720p,1280,720,128,128,7,16,4096,800.0,is,13667180.0,0.0,61747200,62841600.0,53452800.0,3859200.0,5529600.0,59137600.0,53512000.0,96000.0,5529600.0,61747200.0,427622400.0,30873600.0,38707200.0,497203200.0,53512000.0,96000.0,5529600.0,59137600.0,618088000.0,0.2412,accelergy_plugin,accelergy_component_library_table_plugin,8.0,7.0,1.0,1.0,13.66718,256,3498798080.0,0.0,0.618088,8.44751995184,0.01854264
720p,1280,720,128,128,7,16,4096,800.0,os,6866940.0,0.0,61747200,63763200.0,53452800.0,3859200.0,6451200.0,56372800.0,53512000.0,96000.0,2764800.0,61747200.0,427622400.0,30873600.0,45158400.0,503654400.0,53512000.0,96000.0,2764800.0,56372800.0,621774400.0,0.2412,accelergy_plugin,accelergy_component_library_table_plugin,8.0,7.0,1.0,1.0,6.8669400000000005,256,1757936640.0,0.0,0.6217744,4.269687498336,0.018653232
720p,1280,720,128,128,7,16,4096,800.0,ws,4714140.0,0.0,61747200,58986420.0,53452800.0,4020.0,5529600.0,74145600.0,68520000.0,96000.0,5529600.0,61747200.0,427622400.0,32160.0,38707200.0,466361760.0,68520000.0,96000.0,5529600.0,74145600.0,602254560.0,0.2412,accelergy_plugin,accelergy_component_library_table_plugin,8.0,7.0,1.0,1.0,4.71414,256,1206819840.0,0.0,0.60225456,2.8391123114784,0.0180676368
720p,1280,720,128,128,7,32,256,50.0,is,34435650.0,25983930.0,61747200,59068800.0,53452800.0,1929600.0,3686400.0,1615791400.0,1612093000.0,12000.0,3686400.0,61747200.0,427622400.0,15436800.0,25804800.0,468864000.0,1612093000.0,12000.0,3686400.0,1615791400.0,2146402600.0,0.0603,accelergy_plugin,accelergy_component_library_table_plugin,8.0,7.0,1.0,1.0,34.435649999999995,1024,35262105600.0,75.4564818727104,2.1464026,73.91276869269,0.064392078
720p,1280,720,128,128,7,32,256,50.0,os,18897930.0,13459860.0,61747200,61833600.0,53452800.0,1929600.0,6451200.0,873420800.0,870542000.0,114000.0,2764800.0,61747200.0,427622400.0,15436800.0,45158400.0,488217600.0,870542000.0,114000.0,2764800.0,873420800.0,1423385600.0,0.0603,accelergy_plugin,accelergy_component_library_table_plugin,8.0,7.0,1.0,1.0,18.89793,1024,19351480320.0,71.22399119903608,1.4233856,26.899041431807998,0.042701568
720p,1280,720,128,128,7,32,256,50.0,ws,2996640.0,0.0,61747200,57143220.0,53452800.0,4020.0,3686400.0,60344400.0,56544000.0,114000.0,3686400.0,61747200.0,427622400.0,32160.0,25804800.0,453459360.0,56544000.0,114000.0,3686400.0,60344400.0,575550960.0,0.0603,accelergy_plugin,accelergy_component_library_table_plugin,8.0,7.0,1.0,1.0,2.99664,1024,3068559360.0,0.0,0.57555096,1.7247190287743999,0.0172665288
720p,1280,720,128,128,7,32,256,200.0,is,10898720.0,2608300.0,61747200,59068800.0,53452800.0,1929600.0,3686400.0,1618540400.0,1614830000.0,24000.0,3686400.0,61747200.0,427622400.0,15436800.0,25804800.0,468864000.0,1614830000.0,24000.0,3686400.0,1618540400.0,2149151600.0,0.0603,accelergy_plugin,accelergy_component_library_table_plugin,8.0,7.0,1.0,1.0,10.89872,1024,11160289280.0,23.932168181217612,2.1491516,23.423001525952003,0.064474548
720p,1280,720,128,128,7,32,256,200.0,os,6372760.0,1082150.0,61747200,61833600.0,53452800.0,1929600.0,6451200.0,874904800.0,872020000.0,120000.0,2764800.0,61747200.0,427622400.0,15436800.0,45158400.0,488217600.0,872020000.0,120000.0,2764800.0,874904800.0,1424869600.0,0.0603,accelergy_plugin,accelergy_component_library_table_plugin,8.0,7.0,1.0,1.0,6.3727599999999995,1024,6525706240.0,16.980868571858977,1.4248696,9.080351992096,0.042746088
720p,1280,720,128,128,7,32,256,200.0,ws,2835340.0,0.0,61747200,57143220.0,53452800.0,4020.0,3686400.0,60446400.0,56640000.0,120000.0,3686400.0,61747200.0,427622400.0,32160.0,25804800.0,453459360.0,56640000.0,120000.0,3686400.0,60446400.0,575652960.0,0.0603,accelergy_plugin,accelergy_component_library_table_plugin,8.0,7.0,1.0,1.0,2.83534,1024,2903388160.0,0.0,0.57565296,1.6321718636064,0.0172695888
720p,1280,720,128,128,7,32,256,800.0,is,8250060.0,0.0,61747200,59068800.0,53452800.0,1929600.0,3686400.0,1624086400.0,1620304000.0,96000.0,3686400.0,61747200.0,427622400.0,15436800.0,25804800.0,468864000.0,1620304000.0,96000.0,3686400.0,1624086400.0,2154697600.0,0.0603,accelergy_plugin,accelergy_component_library_table_plugin,8.0,7.0,1.0,1.0,8.25006,1024,8448061440.0,0.0,2.1546976,17.776384481856,0.064640928
720p,1280,720,128,128,7,32,256,800.0,os,5253730.0,0.0,61747200,61833600.0,53452800.0,1929600.0,6451200.0,877884800.0,874976000.0,144000.0,2764800.0,61747200.0,427622400.0,15436800.0,45158400.0,488217600.0,874976000.0,144000.0,2764800.0,877884800.0,1427849600.0,0.0603,accelergy_plugin,accelergy_component_library_table_plugin,8.0,7.0,1.0,1.0,5.25373,1024,5379819520.0,0.0,1.4278496,7.5015362790080005,0.042835488
720p,1280,720,128,128,7,32,256,800.0,ws,2794980.0,0.0,61747200,57143220.0,53452800.0,4020.0,3686400.0,60662400.0,56832000.0,144000.0,3686400.0,61747200.0,427622400.0,32160.0,25804800.0,453459360.0,56832000.0,144000.0,3686400.0,60662400.0,575868960.0,0.0603,accelergy_plugin,accelergy_component_library_table_plugin,8.0,7.0,1.0,1.0,2.79498,1024,2862059520.0,0.0,0.57586896,1.6095422258207999,0.0172760688
720p,1280,720,128,128,7,32,1024,50.0,is,8759560.0,0.0,61747200,59068800.0,53452800.0,1929600.0,3686400.0,276371400.0,272673000.0,12000.0,3686400.0,61747200.0,427622400.0,15436800.0,25804800.0,468864000.0,272673000.0,12000.0,3686400.0,276371400.0,806982600.0,0.0603,accelergy_plugin,accelergy_component_library_table_plugin,8.0,7.0,1.0,1.0,8.75956,1024,8969789440.0,0.0,0.8069826,7.068812503656,0.024209478
720p,1280,720,128,128,7,32,1024,50.0,os,5745910.0,0.0,61747200,61833600.0,53452800.0,1929600.0,6451200.0,105595800.0,102717000.0,114000.0,2764800.0,61747200.0,427622400.0,15436800.0,45158400.0,488217600.0,102717000.0,114000.0,2764800.0,105595800.0,655560600.0,0.0603,accelergy_plugin,accelergy_component_library_table_plugin,8.0,7.0,1.0,1.0,5.74591,1024,5883811840.0,0.0,0.6555606,3.7667922071460005,0.019666818
720p,1280,720,128,128,7,32,1024,50.0,ws,3421800.0,0.0,61747200,57143220.0,53452800.0,4020.0,3686400.0,72254900.0,68454500.0,114000.0,3686400.0,61747200.0,427622400.0,32160.0,25804800.0,453459360.0,68454500.0,114000.0,3686400.0,72254900.0,587461460.0,0.0603,accelergy_plugin,accelergy_component_library_table_plugin,8.0,7.0,1.0,1.0,3.4218,1024,3503923200.0,0.0,0.58746146,2.010175623828,0.0176238438
720p,1280,720,128,128,7,32,1024,200.0,is,8367390.0,0.0,61747200,59068800.0,53452800.0,1929600.0,3686400.0,276556400.0,272846000.0,24000.0,3686400.0,61747200.0,427622400.0,15436800.0,25804800.0,468864000.0,272846000.0,24000.0,3686400.0,276556400.0,807167600.0,0.0603,accelergy_plugin,accelergy_component_library_table_plugin,8.0,7.0,1.0,1.0,8.36739,1024,8568207360.0,0.0,0.8071676,6.753886104564,0.024215028
720p,1280,720,128,128,7,32,1024,200.0,os,5367580.0,0.0,61747200,61833600.0,53452800.0,1929600.0,6451200.0,105666800.0,102782000.0,120000.0,2764800.0,61747200.0,427622400.0,15436800.0,45158400.0,488217600.0,102782000.0,120000.0,2764800.0,105666800.0,655631600.0,0.0603,accelergy_plugin,accelergy_component_library_table_plugin,8.0,7.0,1.0,1.0,5.36758,1024,5496401920.0,0.0,0.6556316,3.5191550635280002,0.019668948
720p,1280,720,128,128,7,32,1024,200.0,ws,2941660.0,0.0,61747200,57143220.0,53452800.0,4020.0,3686400.0,72304400.0,68498000.0,120000.0,3686400.0,61747200.0,427622400.0,32160.0,25804800.0,453459360.0,68498000.0,120000.0,3686400.0,72304400.0,587510960.0,0.0603,accelergy_plugin,accelergy_component_library_table_plugin,8.0,7.0,1.0,1.0,2.94166,1024,3012259840.0,0.0,0.58751096,1.7282574905936001,0.0176253288
720p,1280,720,128,128,7,32,1024,800.0,is,8269350.0,0.0,61747200,59068800.0,53452800.0,1929600.0,3686400.0,277326400.0,273544000.0,96000.0,3686400.0,61747200.0,427622400.0,15436800.0,25804800.0,468864000.0,273544000.0,96000.0,3686400.0,277326400.0,807937600.0,0.0603,accelergy_plugin,accelergy_component_library_table_plugin,8.0,7.0,1.0,1.0,8.26935,1024,8467814400.0,0.0,0.8079376,6.6811187925599995,0.024238128
720p,1280,720,128,128,7,32,1024,800.0,os,5273020.0,0.0,61747200,61833600.0,53452800.0,1929600.0,6451200.0,105956800.0,103048000.0,144000.0,2764800.0,61747200.0,427622400.0,15436800.0,45158400.0,488217600.0,103048000.0,144000.0,2764800.0,105956800.0,655921600.0,0.0603,accelergy_plugin,accelergy_component_library_table_plugin,8.0,7.0,1.0,1.0,5.27302,1024,5399572480.0,0.0,0.6559216,3.4586877152319997,0.019677648
720p,1280,720,128,128,7,32,1024,800.0,ws,2821620.0,0.0,61747200,57143220.0,53452800.0,4020.0,3686400.0,72502400.0,68672000.0,144000.0,3686400.0,61747200.0,427622400.0,32160.0,25804800.0,453459360.0,68672000.0,144000.0,3686400.0,72502400.0,587708960.0,0.0603,accelergy_plugin,accelergy_component_library_table_plugin,8.0,7.0,1.0,1.0,2.82162,1024,2889338880.0,0.0,0.58770896,1.6582913557151997,0.0176312688
720p,1280,720,128,128,7,32,4096,50.0,is,9379510.0,0.0,61747200,59068800.0,53452800.0,1929600.0,3686400.0,57155900.0,53457500.0,12000.0,3686400.0,61747200.0,427622400.0,15436800.0,25804800.0,468864000.0,53457500.0,12000.0,3686400.0,57155900.0,587767100.0,0.0603,accelergy_plugin,accelergy_component_library_table_plugin,8.0,7.0,1.0,1.0,9.37951,1024,9604618240.0,0.0,0.5877671,5.512967392120999,0.017633013
720p,1280,720,128,128,7,32,4096,50.0,os,6365860.0,0.0,61747200,61833600.0,53452800.0,1929600.0,6451200.0,56336300.0,53457500.0,114000.0,2764800.0,61747200.0,427622400.0,15436800.0,45158400.0,488217600.0,53457500.0,114000.0,2764800.0,56336300.0,606301100.0,0.0603,accelergy_plugin,accelergy_component_library_table_plugin,8.0,7.0,1.0,1.0,6.3658600000000005,1024,6518640640.0,0.0,0.6063011,3.8596279204460004,0.018189033
720p,1280,720,128,128,7,32,4096,50.0,ws,4519850.0,0.0,61747200,57143220.0,53452800.0,4020.0,3686400.0,87028900.0,83228500.0,114000.0,3686400.0,61747200.0,427622400.0,32160.0,25804800.0,453459360.0,83228500.0,114000.0,3686400.0,87028900.0,602235460.0,0.0603,accelergy_plugin,accelergy_component_library_table_plugin,8.0,7.0,1.0,1.0,4.51985,1024,4628326400.0,0.0,0.60223546,2.7220139438809996,0.0180670638
720p,1280,720,128,128,7,32,4096,200.0,is,8522370.0,0.0,61747200,59068800.0,53452800.0,1929600.0,3686400.0,57180400.0,53470000.0,24000.0,3686400.0,61747200.0,427622400.0,15436800.0,25804800.0,468864000.0,53470000.0,24000.0,3686400.0,57180400.0,587791600.0,0.0603,accelergy_plugin,accelergy_component_library_table_plugin,8.0,7.0,1.0,1.0,8.52237,1024,8726906880.0,0.0,0.5877916,5.009377498092,0.017633748
720p,1280,720,128,128,7,32,4096,200.0,os,5522560.0,0.0,61747200,61833600.0,53452800.0,1929600.0,6451200.0,56354800.0,53470000.0,120000.0,2764800.0,61747200.0,427622400.0,15436800.0,45158400.0,488217600.0,53470000.0,120000.0,2764800.0,56354800.0,606319600.0,0.0603,accelergy_plugin,accelergy_component_library_table_plugin,8.0,7.0,1.0,1.0,5.52256,1024,5655101440.0,0.0,0.6063196,3.348436370176,0.018189588
720p,1280,720,128,128,7,32,4096,200.0,ws,3216150.0,0.0,61747200,57143220.0,53452800.0,4020.0,3686400.0,87048400.0,83242000.0,120000.0,3686400.0,61747200.0,427622400.0,32160.0,25804800.0,453459360.0,83242000.0,120000.0,3686400.0,87048400.0,602254960.0,0.0603,accelergy_plugin,accelergy_component_library_table_plugin,8.0,7.0,1.0,1.0,3.2161500000000003,1024,3293337600.0,0.0,0.60225496,1.9369422896040003,0.0180676488
720p,1280,720,128,128,7,32,4096,800.0,is,8308070.0,0.0,61747200,59068800.0,53452800.0,1929600.0,3686400.0,57294400.0,53512000.0,96000.0,3686400.0,61747200.0,427622400.0,15436800.0,25804800.0,468864000.0,53512000.0,96000.0,3686400.0,57294400.0,587905600.0,0.0603,accelergy_plugin,accelergy_component_library_table_plugin,8.0,7.0,1.0,1.0,8.30807,1024,8507463680.0,0.0,0.5879056,4.884360878192001,0.017637168
720p,1280,720,128,128,7,32,4096,800.0,os,5311740.0,0.0,61747200,61833600.0,53452800.0,1929600.0,6451200.0,56420800.0,53512000.0,144000.0,2764800.0,61747200.0,427622400.0,15436800.0,45158400.0,488217600.0,53512000.0,144000.0,2764800.0,56420800.0,606385600.0,0.0603,accelergy_plugin,accelergy_component_library_table_plugin,8.0,7.0,1.0,1.0,5.3117399999999995,1024,5439221760.0,0.0,0.6063856,3.2209626469439994,0.018191568
720p,1280,720,128,128,7,32,4096,800.0,ws,2890200.0,0.0,61747200,57143220.0,53452800.0,4020.0,3686400.0,87110400.0,83280000.0,144000.0,3686400.0,61747200.0,427622400.0,32160.0,25804800.0,453459360.0,83280000.0,144000.0,3686400.0,87110400.0,602316960.0,0.0603,accelergy_plugin,accelergy_component_library_table_plugin,8.0,7.0,1.0,1.0,2.8902,1024,2959564800.0,0.0,0.60231696,1.740816477792,0.0180695088
720p,1280,720,128,128,7,64,256,50.0,is,34450180.0,28738510.0,61747200,57182400.0,53452800.0,964800.0,2764800.0,1614872800.0,1612093000.0,15000.0,2764800.0,61747200.0,427622400.0,7718400.0,19353600.0,454694400.0,1612093000.0,15000.0,2764800.0,1614872800.0,2131314400.0,0.018432,accelergy_plugin,accelergy_component_library_table_plugin,8.0,7.0,1.0,1.0,34.450179999999996,4096,141107937280.0,83.42049301338919,2.1313144,73.42416471659199,0.063939432
720p,1280,720,128,128,7,64,256,50.0,os,33593250.0,28932780.0,61747200,60868800.0,53452800.0,964800.0,6451200.0,1615082800.0,1612093000.0,225000.0,2764800.0,61747200.0,427622400.0,7718400.0,45158400.0,480499200.0,1612093000.0,225000.0,2764800.0,1615082800.0,2157329200.0,0.018432,accelergy_plugin,accelergy_component_library_table_plugin,8.0,7.0,1.0,1.0,33.59325,4096,137597952000.0,86.12676653792056,2.1573292,72.4716991479,0.064719876
720p,1280,720,128,128,7,64,256,50.0,ws,2062470.0,0.0,61747200,56221620.0,53452800.0,4020.0,2764800.0,59533800.0,56544000.0,225000.0,2764800.0,61747200.0,427622400.0,32160.0,19353600.0,447008160.0,56544000.0,225000.0,2764800.0,59533800.0,568289160.0,0.018432,accelergy_plugin,accelergy_component_library_table_plugin,8.0,7.0,1.0,1.0,2.06247,4096,8447877120.0,0.0,0.56828916,1.1720793438251997,0.0170486748
720p,1280,720,128,128,7,64,256,200.0,is,10720370.0,5156160.0,61747200,57182400.0,53452800.0,964800.0,2764800.0,1617618800.0,1614830000.0,24000.0,2764800.0,61747200.0,427622400.0,7718400.0,19353600.0,454694400.0,1614830000.0,24000.0,2764800.0,1617618800.0,2134060400.0,0.015075,accelergy_plugin,accelergy_component_library_table_plugin,8.0,7.0,1.0,1.0,10.720369999999999,4096,43910635520.0,48.09684740358775,2.1340604,22.877917090348,0.064021812
720p,1280,720,128,128,7,64,256,200.0,os,9900540.0,5387530.0,61747200,60868800.0,53452800.0,964800.0,6451200.0,1617822800.0,1614830000.0,228000.0,2764800.0,61747200.0,427622400.0,7718400.0,45158400.0,480499200.0,1614830000.0,228000.0,2764800.0,1617822800.0,2160069200.0,0.015075,accelergy_plugin,accelergy_component_library_table_plugin,8.0,7.0,1.0,1.0,9.90054,4096,40552611840.0,54.416526775307204,2.1600692,21.385851517368,0.064802076
720p,1280,720,128,128,7,64,256,200.0,ws,1915010.0,0.0,61747200,56221620.0,53452800.0,4020.0,2764800.0,59632800.0,56640000.0,228000.0,2764800.0,61747200.0,427622400.0,32160.0,19353600.0,447008160.0,56640000.0,228000.0,2764800.0,59632800.0,568388160.0,0.015075,accelergy_plugin,accelergy_component_library_table_plugin,8.0,7.0,1.0,1.0,1.9150099999999999,4096,7843880960.0,0.0,0.56838816,1.0884690102816,0.0170516448
720p,1280,720,128,128,7,64,256,800.0,is,5527330.0,0.0,61747200,57182400.0,53452800.0,964800.0,2764800.0,1623164800.0,1620304000.0,96000.0,2764800.0,61747200.0,427622400.0,7718400.0,19353600.0,454694400.0,1620304000.0,96000.0,2764800.0,1623164800.0,2139606400.0,0.015075,accelergy_plugin,accelergy_component_library_table_plugin,8.0,7.0,1.0,1.0,5.527329999999999,4096,22639943680.0,0.0,2.1396064,11.826310642911999,0.064188192
720p,1280,720,128,128,7,64,256,800.0,os,4476130.0,0.0,61747200,60868800.0,53452800.0,964800.0,6451200.0,1623308800.0,1620304000.0,240000.0,2764800.0,61747200.0,427622400.0,7718400.0,45158400.0,480499200.0,1620304000.0,240000.0,2764800.0,1623308800.0,2165555200.0,0.015075,accelergy_plugin,accelergy_component_library_table_plugin,8.0,7.0,1.0,1.0,4.47613,4096,18334228480.0,0.0,2.1655552,9.693306597376,0.064966656
720p,1280,720,128,128,7,64,256,800.0,ws,1878130.0,0.0,61747200,56221620.0,53452800.0,4020.0,2764800.0,59836800.0,56832000.0,240000.0,2764800.0,61747200.0,427622400.0,32160.0,19353600.0,447008160.0,56832000.0,240000.0,2764800.0,59836800.0,568592160.0,0.015075,accelergy_plugin,accelergy_component_library_table_plugin,8.0,7.0,1.0,1.0,1.87813,4096,7692820480.0,0.0,0.56859216,1.0678899934608002,0.0170577648
720p,1280,720,128,128,7,64,1024,50.0,is,8437050.0,2417540.0,61747200,57182400.0,53452800.0,964800.0,2764800.0,275452800.0,272673000.0,15000.0,2764800.0,61747200.0,427622400.0,7718400.0,19353600.0,454694400.0,272673000.0,15000.0,2764800.0,275452800.0,791894400.0,0.018432,accelergy_plugin,accelergy_component_library_table_plugin,8.0,7.0,1.0,1.0,8.43705,4096,34558156800.0,28.653854131479605,0.7918944,6.681252647519999,0.023756832
720p,1280,720,128,128,7,64,1024,50.0,os,7596980.0,2628670.0,61747200,60868800.0,53452800.0,964800.0,6451200.0,275662800.0,272673000.0,225000.0,2764800.0,61747200.0,427622400.0,7718400.0,45158400.0,480499200.0,272673000.0,225000.0,2764800.0,275662800.0,817909200.0,0.018432,accelergy_plugin,accelergy_component_library_table_plugin,8.0,7.0,1.0,1.0,7.596979999999999,4096,31117230080.0,34.60151270636489,0.8179092,6.213639834216,0.024537276
720p,1280,720,128,128,7,64,1024,50.0,ws,2487630.0,0.0,61747200,56221620.0,53452800.0,4020.0,2764800.0,71444300.0,68454500.0,225000.0,2764800.0,61747200.0,427622400.0,32160.0,19353600.0,447008160.0,68454500.0,225000.0,2764800.0,71444300.0,580199660.0,0.018432,accelergy_plugin,accelergy_component_library_table_plugin,8.0,7.0,1.0,1.0,2.48763,4096,10189332480.0,0.0,0.58019966,1.4433220802058,0.0174059898
720p,1280,720,128,128,7,64,1024,200.0,is,5641180.0,0.0,61747200,57182400.0,53452800.0,964800.0,2764800.0,275634800.0,272846000.0,24000.0,2764800.0,61747200.0,427622400.0,7718400.0,19353600.0,454694400.0,272846000.0,24000.0,2764800.0,275634800.0,792076400.0,0.015075,accelergy_plugin,accelergy_component_library_table_plugin,8.0,7.0,1.0,1.0,5.64118,4096,23106273280.0,0.0,0.7920764,4.4682455461520005,0.023762292
720p,1280,720,128,128,7,64,1024,200.0,os,4589980.0,0.0,61747200,60868800.0,53452800.0,964800.0,6451200.0,275838800.0,272846000.0,228000.0,2764800.0,61747200.0,427622400.0,7718400.0,45158400.0,480499200.0,272846000.0,228000.0,2764800.0,275838800.0,818085200.0,0.015075,accelergy_plugin,accelergy_component_library_table_plugin,8.0,7.0,1.0,1.0,4.58998,4096,18800558080.0,0.0,0.8180852,3.7549947062959994,0.024542556
720p,1280,720,128,128,7,64,1024,200.0,ws,2021330.0,0.0,61747200,56221620.0,53452800.0,4020.0,2764800.0,71490800.0,68498000.0,228000.0,2764800.0,61747200.0,427622400.0,32160.0,19353600.0,447008160.0,68498000.0,228000.0,2764800.0,71490800.0,580246160.0,0.015075,accelergy_plugin,accelergy_component_library_table_plugin,8.0,7.0,1.0,1.0,2.02133,4096,8279367680.0,0.0,0.58024616,1.1728689705928,0.0174073848
720p,1280,720,128,128,7,64,1024,800.0,is,5546620.0,0.0,61747200,57182400.0,53452800.0,964800.0,2764800.0,276404800.0,273544000.0,96000.0,2764800.0,61747200.0,427622400.0,7718400.0,19353600.0,454694400.0,273544000.0,96000.0,2764800.0,276404800.0,792846400.0,0.015075,accelergy_plugin,accelergy_component_library_table_plugin,8.0,7.0,1.0,1.0,5.546620000000001,4096,22718955520.0,0.0,0.7928464,4.397617699168,0.023785392
720p,1280,720,128,128,7,64,1024,800.0,os,4495420.0,0.0,61747200,60868800.0,53452800.0,964800.0,6451200.0,276548800.0,273544000.0,240000.0,2764800.0,61747200.0,427622400.0,7718400.0,45158400.0,480499200.0,273544000.0,240000.0,2764800.0,276548800.0,818795200.0,0.015075,accelergy_plugin,accelergy_component_library_table_plugin,8.0,7.0,1.0,1.0,4.49542,4096,18413240320.0,0.0,0.8187952,3.680828317984,0.024563856
720p,1280,720,128,128,7,64,1024,800.0,ws,1904770.0,0.0,61747200,56221620.0,53452800.0,4020.0,2764800.0,71676800.0,68672000.0,240000.0,2764800.0,61747200.0,427622400.0,32160.0,19353600.0,447008160.0,68672000.0,240000.0,2764800.0,71676800.0,580432160.0,0.015075,accelergy_plugin,accelergy_component_library_table_plugin,8.0,7.0,1.0,1.0,1.90477,4096,7801937920.0,0.0,0.58043216,1.1055897654032,0.0174129648
720p,1280,720,128,128,7,64,4096,50.0,is,6639460.0,0.0,61747200,57182400.0,53452800.0,964800.0,2764800.0,56237300.0,53457500.0,15000.0,2764800.0,61747200.0,427622400.0,7718400.0,19353600.0,454694400.0,53457500.0,15000.0,2764800.0,56237300.0,572678900.0,0.018432,accelergy_plugin,accelergy_component_library_table_plugin,8.0,7.0,1.0,1.0,6.63946,4096,27195228160.0,0.0,0.5726789,3.8022786493939997,0.017180367
720p,1280,720,128,128,7,64,4096,50.0,os,5588260.0,0.0,61747200,60868800.0,53452800.0,964800.0,6451200.0,56447300.0,53457500.0,225000.0,2764800.0,61747200.0,427622400.0,7718400.0,45158400.0,480499200.0,53457500.0,225000.0,2764800.0,56447300.0,598693700.0,0.018432,accelergy_plugin,accelergy_component_library_table_plugin,8.0,7.0,1.0,1.0,5.58826,4096,22889512960.0,0.0,0.5986937,3.345656055962,0.017960811
720p,1280,720,128,128,7,64,4096,50.0,ws,4070570.0,0.0,61747200,56221620.0,53452800.0,4020.0,2764800.0,110462800.0,107473000.0,225000.0,2764800.0,61747200.0,427622400.0,32160.0,19353600.0,447008160.0,107473000.0,225000.0,2764800.0,110462800.0,619218160.0,0.018432,accelergy_plugin,accelergy_component_library_table_plugin,8.0,7.0,1.0,1.0,4.07057,4096,16673054720.0,0.0,0.61921816,2.5205708655512,0.0185765448
720p,1280,720,128,128,7,64,4096,200.0,is,5796160.0,0.0,61747200,57182400.0,53452800.0,964800.0,2764800.0,56258800.0,53470000.0,24000.0,2764800.0,61747200.0,427622400.0,7718400.0,19353600.0,454694400.0,53470000.0,24000.0,2764800.0,56258800.0,572700400.0,0.015075,accelergy_plugin,accelergy_component_library_table_plugin,8.0,7.0,1.0,1.0,5.7961599999999995,4096,23741071360.0,0.0,0.5727004,3.3194631504639998,0.017181012
720p,1280,720,128,128,7,64,4096,200.0,os,4744960.0,0.0,61747200,60868800.0,53452800.0,964800.0,6451200.0,56462800.0,53470000.0,228000.0,2764800.0,61747200.0,427622400.0,7718400.0,45158400.0,480499200.0,53470000.0,228000.0,2764800.0,56462800.0,598709200.0,0.015075,accelergy_plugin,accelergy_component_library_table_plugin,8.0,7.0,1.0,1.0,4.744960000000001,4096,19435356160.0,0.0,0.5987092,2.8408512056320006,0.017961276
720p,1280,720,128,128,7,64,4096,200.0,ws,2417050.0,0.0,61747200,56221620.0,53452800.0,4020.0,2764800.0,110480800.0,107488000.0,228000.0,2764800.0,61747200.0,427622400.0,32160.0,19353600.0,447008160.0,107488000.0,228000.0,2764800.0,110480800.0,619236160.0,0.015075,accelergy_plugin,accelergy_component_library_table_plugin,8.0,7.0,1.0,1.0,2.41705,4096,9900236800.0,0.0,0.61923616,1.496724760528,0.0185770848
720p,1280,720,128,128,7,64,4096,800.0,is,5585340.0,0.0,61747200,57182400.0,53452800.0,964800.0,2764800.0,56372800.0,53512000.0,96000.0,2764800.0,61747200.0,427622400.0,7718400.0,19353600.0,454694400.0,53512000.0,96000.0,2764800.0,56372800.0,572814400.0,0.015075,accelergy_plugin,accelergy_component_library_table_plugin,8.0,7.0,1.0,1.0,5.58534,4096,22877552640.0,0.0,0.5728144,3.199363180896,0.017184432
720p,1280,720,128,128,7,64,4096,800.0,os,4534140.0,0.0,61747200,60868800.0,53452800.0,964800.0,6451200.0,56516800.0,53512000.0,240000.0,2764800.0,61747200.0,427622400.0,7718400.0,45158400.0,480499200.0,53512000.0,240000.0,2764800.0,56516800.0,598763200.0,0.015075,accelergy_plugin,accelergy_component_library_table_plugin,8.0,7.0,1.0,1.0,4.53414,4096,18571837440.0,0.0,0.5987632,2.714876175648,0.017962896
720p,1280,720,128,128,7,64,4096,800.0,ws,2003650.0,0.0,61747200,56221620.0,53452800.0,4020.0,2764800.0,110524800.0,107520000.0,240000.0,2764800.0,61747200.0,427622400.0,32160.0,19353600.0,447008160.0,107520000.0,240000.0,2764800.0,110524800.0,619280160.0,0.015075,accelergy_plugin,accelergy_component_library_table_plugin,8.0,7.0,1.0,1.0,2.00365,4096,8206950400.0,0.0,0.61928016,1.240820692584,0.0185784048
720p,1280,720,128,128,7,128,256,50.0,is,34460070.0,28741200.0,61747200,56700000.0,53452800.0,482400.0,2764800.0,1614884800.0,1612093000.0,27000.0,2764800.0,61747200.0,427622400.0,3859200.0,19353600.0,450835200.0,1612093000.0,27000.0,2764800.0,1614884800.0,2127467200.0,0.018432,accelergy_plugin,accelergy_component_library_table_plugin,8.0,7.0,1.0,1.0,34.46007,16384,564593786880.0,83.40435756514714,2.1274672,73.312668634704,0.063824016
720p,1280,720,128,128,7,128,256,50.0,os,33584570.0,29312900.0,61747200,60386400.0,53452800.0,482400.0,6451200.0,1615307800.0,1612093000.0,450000.0,2764800.0,61747200.0,427622400.0,3859200.0,45158400.0,476640000.0,1612093000.0,450000.0,2764800.0,1615307800.0,2153695000.0,0.018432,accelergy_plugin,accelergy_component_library_table_plugin,8.0,7.0,1.0,1.0,33.58457,16384,550249594880.0,87.28085546428017,2.153695,72.33092048614999,0.06461085
720p,1280,720,128,128,7,128,256,50.0,ws,2085510.0,0.0,61747200,56221620.0,53452800.0,4020.0,2764800.0,59758800.0,56544000.0,450000.0,2764800.0,61747200.0,427622400.0,32160.0,19353600.0,447008160.0,56544000.0,450000.0,2764800.0,59758800.0,568514160.0,0.018432,accelergy_plugin,accelergy_component_library_table_plugin,8.0,7.0,1.0,1.0,2.08551,16384,34168995840.0,0.0,0.56851416,1.1856419658216002,0.0170554248
720p,1280,720,128,128,7,128,256,200.0,is,10726860.0,5155450.0,61747200,56700000.0,53452800.0,482400.0,2764800.0,1617630800.0,1614830000.0,36000.0,2764800.0,61747200.0,427622400.0,3859200.0,19353600.0,450835200.0,1614830000.0,36000.0,2764800.0,1617630800.0,2130213200.0,0.004608,accelergy_plugin,accelergy_component_library_table_plugin,8.0,7.0,1.0,1.0,10.72686,16384,175748874240.0,48.06112879258236,2.1302132,22.850498766552,0.063906396
720p,1280,720,128,128,7,128,256,200.0,os,9858160.0,5733950.0,61747200,60386400.0,53452800.0,482400.0,6451200.0,1618050800.0,1614830000.0,456000.0,2764800.0,61747200.0,427622400.0,3859200.0,45158400.0,476640000.0,1614830000.0,456000.0,2764800.0,1618050800.0,2156438000.0,0.004608,accelergy_plugin,accelergy_component_library_table_plugin,8.0,7.0,1.0,1.0,9.85816,16384,161516093440.0,58.164505343796414,2.156438,21.25851083408,0.06469314
720p,1280,720,128,128,7,128,256,200.0,ws,1938050.0,0.0,61747200,56221620.0,53452800.0,4020.0,2764800.0,59860800.0,56640000.0,456000.0,2764800.0,61747200.0,427622400.0,32160.0,19353600.0,447008160.0,56640000.0,456000.0,2764800.0,59860800.0,568616160.0,0.004608,accelergy_plugin,accelergy_component_library_table_plugin,8.0,7.0,1.0,1.0,1.93805,16384,31753011200.0,0.0,0.56861616,1.1020065488880002,0.0170584848
720p,1280,720,128,128,7,128,256,800.0,is,5534530.0,0.0,61747200,56700000.0,53452800.0,482400.0,2764800.0,1623164800.0,1620304000.0,96000.0,2764800.0,61747200.0,427622400.0,3859200.0,19353600.0,450835200.0,1620304000.0,96000.0,2764800.0,1623164800.0,2135747200.0,0.00376875,accelergy_plugin,accelergy_component_library_table_plugin,8.0,7.0,1.0,1.0,5.53453,16384,90677739520.0,0.0,2.1357472,11.820356950816,0.064072416
720p,1280,720,128,128,7,128,256,800.0,os,4087330.0,0.0,61747200,60386400.0,53452800.0,482400.0,6451200.0,1623548800.0,1620304000.0,480000.0,2764800.0,61747200.0,427622400.0,3859200.0,45158400.0,476640000.0,1620304000.0,480000.0,2764800.0,1623548800.0,2161936000.0,0.00376875,accelergy_plugin,accelergy_component_library_table_plugin,8.0,7.0,1.0,1.0,4.08733,16384,66966814720.0,0.0,2.161936,8.836545870879998,0.06485808
720p,1280,720,128,128,7,128,256,800.0,ws,1901170.0,0.0,61747200,56221620.0,53452800.0,4020.0,2764800.0,60076800.0,56832000.0,480000.0,2764800.0,61747200.0,427622400.0,32160.0,19353600.0,447008160.0,56832000.0,480000.0,2764800.0,60076800.0,568832160.0,0.00376875,accelergy_plugin,accelergy_component_library_table_plugin,8.0,7.0,1.0,1.0,1.90117,16384,31148769280.0,0.0,0.56883216,1.0814466376272,0.0170649648
720p,1280,720,128,128,7,128,1024,50.0,is,8452810.0,2426100.0,61747200,56700000.0,53452800.0,482400.0,2764800.0,275464800.0,272673000.0,27000.0,2764800.0,61747200.0,427622400.0,3859200.0,19353600.0,450835200.0,272673000.0,27000.0,2764800.0,275464800.0,788047200.0,0.018432,accelergy_plugin,accelergy_component_library_table_plugin,8.0,7.0,1.0,1.0,8.45281,16384,138490839040.0,28.70169801521624,0.7880472,6.661213252631999,0.023641416
720p,1280,720,128,128,7,128,1024,50.0,os,7559410.0,2979900.0,61747200,60386400.0,53452800.0,482400.0,6451200.0,275887800.0,272673000.0,450000.0,2764800.0,61747200.0,427622400.0,3859200.0,45158400.0,476640000.0,272673000.0,450000.0,2764800.0,275887800.0,814275000.0,0.018432,accelergy_plugin,accelergy_component_library_table_plugin,8.0,7.0,1.0,1.0,7.55941,16384,123853373440.0,39.419743075187085,0.814275,6.155438577749999,0.02442825
720p,1280,720,128,128,7,128,1024,50.0,ws,2510670.0,0.0,61747200,56221620.0,53452800.0,4020.0,2764800.0,71669300.0,68454500.0,450000.0,2764800.0,61747200.0,427622400.0,32160.0,19353600.0,447008160.0,68454500.0,450000.0,2764800.0,71669300.0,580424660.0,0.018432,accelergy_plugin,accelergy_component_library_table_plugin,8.0,7.0,1.0,1.0,2.51067,16384,41134817280.0,0.0,0.58042466,1.4572547811222003,0.0174127398
720p,1280,720,128,128,7,128,1024,200.0,is,5648380.0,0.0,61747200,56700000.0,53452800.0,482400.0,2764800.0,275646800.0,272846000.0,36000.0,2764800.0,61747200.0,427622400.0,3859200.0,19353600.0,450835200.0,272846000.0,36000.0,2764800.0,275646800.0,788229200.0,0.004608,accelergy_plugin,accelergy_component_library_table_plugin,8.0,7.0,1.0,1.0,5.6483799999999995,16384,92543057920.0,0.0,0.7882292,4.4522180486959995,0.023646876
720p,1280,720,128,128,7,128,1024,200.0,os,4201180.0,0.0,61747200,60386400.0,53452800.0,482400.0,6451200.0,276066800.0,272846000.0,456000.0,2764800.0,61747200.0,427622400.0,3859200.0,45158400.0,476640000.0,272846000.0,456000.0,2764800.0,276066800.0,814454000.0,0.004608,accelergy_plugin,accelergy_component_library_table_plugin,8.0,7.0,1.0,1.0,4.20118,16384,68832133120.0,0.0,0.814454,3.42166785572,0.02443362
720p,1280,720,128,128,7,128,1024,200.0,ws,2044370.0,0.0,61747200,56221620.0,53452800.0,4020.0,2764800.0,71718800.0,68498000.0,456000.0,2764800.0,61747200.0,427622400.0,32160.0,19353600.0,447008160.0,68498000.0,456000.0,2764800.0,71718800.0,580474160.0,0.004608,accelergy_plugin,accelergy_component_library_table_plugin,8.0,7.0,1.0,1.0,2.0443700000000002,16384,33494958080.0,0.0,0.58047416,1.1867039584792,0.0174142248
720p,1280,720,128,128,7,128,1024,800.0,is,5553820.0,0.0,61747200,56700000.0,53452800.0,482400.0,2764800.0,276404800.0,273544000.0,96000.0,2764800.0,61747200.0,427622400.0,3859200.0,19353600.0,450835200.0,273544000.0,96000.0,2764800.0,276404800.0,788987200.0,0.00376875,accelergy_plugin,accelergy_component_library_table_plugin,8.0,7.0,1.0,1.0,5.55382,16384,90993786880.0,0.0,0.7889872,4.381892891104,0.023669616
720p,1280,720,128,128,7,128,1024,800.0,os,4106620.0,0.0,61747200,60386400.0,53452800.0,482400.0,6451200.0,276788800.0,273544000.0,480000.0,2764800.0,61747200.0,427622400.0,3859200.0,45158400.0,476640000.0,273544000.0,480000.0,2764800.0,276788800.0,815176000.0,0.00376875,accelergy_plugin,accelergy_component_library_table_plugin,8.0,7.0,1.0,1.0,4.10662,16384,67282862080.0,0.0,0.815176,3.3476180651200003,0.02445528
720p,1280,720,128,128,7,128,1024,800.0,ws,1927810.0,0.0,61747200,56221620.0,53452800.0,4020.0,2764800.0,71916800.0,68672000.0,480000.0,2764800.0,61747200.0,427622400.0,32160.0,19353600.0,447008160.0,68672000.0,480000.0,2764800.0,71916800.0,580672160.0,0.00376875,accelergy_plugin,accelergy_component_library_table_plugin,8.0,7.0,1.0,1.0,1.92781,16384,31585239040.0,0.0,0.58067216,1.1194255967696,0.0174201648
720p,1280,720,128,128,7,128,4096,50.0,is,6646660.0,0.0,61747200,56700000.0,53452800.0,482400.0,2764800.0,56249300.0,53457500.0,27000.0,2764800.0,61747200.0,427622400.0,3859200.0,19353600.0,450835200.0,53457500.0,27000.0,2764800.0,56249300.0,568831700.0,0.018432,accelergy_plugin,accelergy_component_library_table_plugin,8.0,7.0,1.0,1.0,6.646660000000001,16384,108898877440.0,0.0,0.5688317,3.7808309071220005,0.017064951
720p,1280,720,128,128,7,128,4096,50.0,os,5199460.0,0.0,61747200,60386400.0,53452800.0,482400.0,6451200.0,56672300.0,53457500.0,450000.0,2764800.0,61747200.0,427622400.0,3859200.0,45158400.0,476640000.0,53457500.0,450000.0,2764800.0,56672300.0,595059500.0,0.018432,accelergy_plugin,accelergy_component_library_table_plugin,8.0,7.0,1.0,1.0,5.19946,16384,85187952640.0,0.0,0.5950595,3.09398806787,0.017851785
720p,1280,720,128,128,7,128,4096,50.0,ws,4208910.0,0.0,61747200,56221620.0,53452800.0,4020.0,2764800.0,116452800.0,113238000.0,450000.0,2764800.0,61747200.0,427622400.0,32160.0,19353600.0,447008160.0,113238000.0,450000.0,2764800.0,116452800.0,625208160.0,0.018432,accelergy_plugin,accelergy_component_library_table_plugin,8.0,7.0,1.0,1.0,4.2089099999999995,16384,68958781440.0,0.0,0.62520816,2.6314448767056,0.0187562448
720p,1280,720,128,128,7,128,4096,200.0,is,5803360.0,0.0,61747200,56700000.0,53452800.0,482400.0,2764800.0,56270800.0,53470000.0,36000.0,2764800.0,61747200.0,427622400.0,3859200.0,19353600.0,450835200.0,53470000.0,36000.0,2764800.0,56270800.0,568853200.0,0.004608,accelergy_plugin,accelergy_component_library_table_plugin,8.0,7.0,1.0,1.0,5.80336,16384,95082250240.0,0.0,0.5688532,3.3012599067519997,0.017065596
720p,1280,720,128,128,7,128,4096,200.0,os,4356160.0,0.0,61747200,60386400.0,53452800.0,482400.0,6451200.0,56690800.0,53470000.0,456000.0,2764800.0,61747200.0,427622400.0,3859200.0,45158400.0,476640000.0,53470000.0,456000.0,2764800.0,56690800.0,595078000.0,0.004608,accelergy_plugin,accelergy_component_library_table_plugin,8.0,7.0,1.0,1.0,4.35616,16384,71371325440.0,0.0,0.595078,2.59225498048,0.01785234
720p,1280,720,128,128,7,128,4096,200.0,ws,2468930.0,0.0,61747200,56221620.0,53452800.0,4020.0,2764800.0,116476800.0,113256000.0,456000.0,2764800.0,61747200.0,427622400.0,32160.0,19353600.0,447008160.0,113256000.0,456000.0,2764800.0,116476800.0,625232160.0,0.004608,accelergy_plugin,accelergy_component_library_table_plugin,8.0,7.0,1.0,1.0,2.46893,16384,40450949120.0,0.0,0.62523216,1.5436544367888,0.0187569648
720p,1280,720,128,128,7,128,4096,800.0,is,5592540.0,0.0,61747200,56700000.0,53452800.0,482400.0,2764800.0,56372800.0,53512000.0,96000.0,2764800.0,61747200.0,427622400.0,3859200.0,19353600.0,450835200.0,53512000.0,96000.0,2764800.0,56372800.0,568955200.0,0.00376875,accelergy_plugin,accelergy_component_library_table_plugin,8.0,7.0,1.0,1.0,5.59254,16384,91628175360.0,0.0,0.5689552,3.1819047142079997,0.017068656
720p,1280,720,128,128,7,128,4096,800.0,os,4145340.0,0.0,61747200,60386400.0,53452800.0,482400.0,6451200.0,56756800.0,53512000.0,480000.0,2764800.0,61747200.0,427622400.0,3859200.0,45158400.0,476640000.0,53512000.0,480000.0,2764800.0,56756800.0,595144000.0,0.00376875,accelergy_plugin,accelergy_component_library_table_plugin,8.0,7.0,1.0,1.0,4.14534,16384,67917250560.0,0.0,0.595144,2.46707422896,0.01785432
720p,1280,720,128,128,7,128,4096,800.0,ws,2033890.0,0.0,61747200,56221620.0,53452800.0,4020.0,2764800.0,116524800.0,113280000.0,480000.0,2764800.0,61747200.0,427622400.0,32160.0,19353600.0,447008160.0,113280000.0,480000.0,2764800.0,116524800.0,625280160.0,0.00376875,accelergy_plugin,accelergy_component_library_table_plugin,8.0,7.0,1.0,1.0,2.03389,16384,33323253760.0,0.0,0.62528016,1.2717510646224,0.0187584048
720p,1280,720,128,128,11,8,256,50.0,os,18398070.0,0.0,128102400,142272000.0,119808000.0,16012800.0,6451200.0,350340800.0,347510000.0,66000.0,2764800.0,128102400.0,958464000.0,128102400.0,45158400.0,1131724800.0,347510000.0,66000.0,2764800.0,350340800.0,1610168000.0,2.0016000000000003,accelergy_plugin,accelergy_component_library_table_plugin,8.0,7.0,1.0,1.0,18.39807,64,1177476480.0,0.0,1.610168,29.62398357576,0.04830504
720p,1280,720,128,128,11,8,256,50.0,ws,16804450.0,0.0,128102400,138248340.0,119808000.0,8340.0,18432000.0,141599000.0,123101000.0,66000.0,18432000.0,128102400.0,958464000.0,66720.0,129024000.0,1087554720.0,123101000.0,66000.0,18432000.0,141599000.0,1357256120.0,2.0016000000000003,accelergy_plugin,accelergy_component_library_table_plugin,8.0,7.0,1.0,1.0,16.80445,64,1075484800.0,0.0,1.35725612,22.807942605734,0.0407176836
720p,1280,720,128,128,11,8,256,200.0,os,18250610.0,0.0,128102400,142272000.0,119808000.0,16012800.0,6451200.0,350936800.0,348100000.0,72000.0,2764800.0,128102400.0,958464000.0,128102400.0,45158400.0,1131724800.0,348100000.0,72000.0,2764800.0,350936800.0,1610764000.0,2.0016000000000003,accelergy_plugin,accelergy_component_library_table_plugin,8.0,7.0,1.0,1.0,18.25061,64,1168039040.0,0.0,1.610764,29.397425566040006,0.04832292
720p,1280,720,128,128,11,8,256,200.0,ws,16660480.0,0.0,128102400,138248340.0,119808000.0,8340.0,18432000.0,141814000.0,123310000.0,72000.0,18432000.0,128102400.0,958464000.0,66720.0,129024000.0,1087554720.0,123310000.0,72000.0,18432000.0,141814000.0,1357471120.0,2.0016000000000003,accelergy_plugin,accelergy_component_library_table_plugin,8.0,7.0,1.0,1.0,16.66048,64,1066270720.0,0.0,1.35747112,22.6161204453376,0.0407241336
720p,1280,720,128,128,11,8,256,800.0,os,18213730.0,0.0,128102400,142272000.0,119808000.0,16012800.0,6451200.0,352188800.0,349280000.0,144000.0,2764800.0,128102400.0,958464000.0,128102400.0,45158400.0,1131724800.0,349280000.0,144000.0,2764800.0,352188800.0,1612016000.0,2.0016000000000003,accelergy_plugin,accelergy_component_library_table_plugin,8.0,7.0,1.0,1.0,18.21373,64,1165678720.0,0.0,1.612016,29.36082417968,0.04836048
720p,1280,720,128,128,11,8,256,800.0,ws,16624450.0,0.0,128102400,138248340.0,119808000.0,8340.0,18432000.0,142304000.0,123728000.0,144000.0,18432000.0,128102400.0,958464000.0,66720.0,129024000.0,1087554720.0,123728000.0,144000.0,18432000.0,142304000.0,1357961120.0,2.0016000000000003,accelergy_plugin,accelergy_component_library_table_plugin,8.0,7.0,1.0,1.0,16.62445,64,1063964800.0,0.0,1.35796112,22.575356741384,0.0407388336
720p,1280,720,128,128,11,8,1024,50.0,is,48504830.0,0.0,128102400,154252800.0,119808000.0,16012800.0,18432000.0,1306132000.0,1287688000.0,12000.0,18432000.0,128102400.0,958464000.0,128102400.0,129024000.0,1215590400.0,1287688000.0,12000.0,18432000.0,1306132000.0,2649824800.0,2.0016000000000003,accelergy_plugin,accelergy_component_library_table_plugin,8.0,7.0,1.0,1.0,48.50483,64,3104309120.0,0.0,2.6498248,128.529301453784,0.079494744
720p,1280,720,128,128,11,8,1024,50.0,os,18705910.0,0.0,128102400,142272000.0,119808000.0,16012800.0,6451200.0,225933300.0,223102500.0,66000.0,2764800.0,128102400.0,958464000.0,128102400.0,45158400.0,1131724800.0,223102500.0,66000.0,2764800.0,225933300.0,1485760500.0,2.0016000000000003,accelergy_plugin,accelergy_component_library_table_plugin,8.0,7.0,1.0,1.0,18.70591,64,1197178240.0,0.0,1.4857605,27.792502194555,0.044572815
720p,1280,720,128,128,11,8,1024,50.0,ws,17297070.0,0.0,128102400,138248340.0,119808000.0,8340.0,18432000.0,152324500.0,133826500.0,66000.0,18432000.0,128102400.0,958464000.0,66720.0,129024000.0,1087554720.0,133826500.0,66000.0,18432000.0,152324500.0,1367981620.0,2.0016000000000003,accelergy_plugin,accelergy_component_library_table_plugin,8.0,7.0,1.0,1.0,17.29707,64,1107012480.0,0.0,1.36798162,23.6620738398534,0.0410394486
720p,1280,720,128,128,11,8,1024,200.0,is,48068530.0,0.0,128102400,154252800.0,119808000.0,16012800.0,18432000.0,1306962000.0,1288506000.0,24000.0,18432000.0,128102400.0,958464000.0,128102400.0,129024000.0,1215590400.0,1288506000.0,24000.0,18432000.0,1306962000.0,2650654800.0,2.0016000000000003,accelergy_plugin,accelergy_component_library_table_plugin,8.0,7.0,1.0,1.0,48.068529999999996,64,3076385920.0,0.0,2.6506548,127.41307977344398,0.079519644
720p,1280,720,128,128,11,8,1024,200.0,os,18327580.0,0.0,128102400,142272000.0,119808000.0,16012800.0,6451200.0,226080800.0,223244000.0,72000.0,2764800.0,128102400.0,958464000.0,128102400.0,45158400.0,1131724800.0,223244000.0,72000.0,2764800.0,226080800.0,1485908000.0,2.0016000000000003,accelergy_plugin,accelergy_component_library_table_plugin,8.0,7.0,1.0,1.0,18.32758,64,1172965120.0,0.0,1.485908,27.233097742640002,0.04457724
720p,1280,720,128,128,11,8,1024,200.0,ws,16783630.0,0.0,128102400,138248340.0,119808000.0,8340.0,18432000.0,152416000.0,133912000.0,72000.0,18432000.0,128102400.0,958464000.0,66720.0,129024000.0,1087554720.0,133912000.0,72000.0,18432000.0,152416000.0,1368073120.0,2.0016000000000003,accelergy_plugin,accelergy_component_library_table_plugin,8.0,7.0,1.0,1.0,16.783630000000002,64,1074152320.0,0.0,1.36807312,22.961233059025602,0.0410421936
720p,1280,720,128,128,11,8,1024,800.0,is,47959450.0,0.0,128102400,154252800.0,119808000.0,16012800.0,18432000.0,1310312000.0,1291784000.0,96000.0,18432000.0,128102400.0,958464000.0,128102400.0,129024000.0,1215590400.0,1291784000.0,96000.0,18432000.0,1310312000.0,2654004800.0,2.0016000000000003,accelergy_plugin,accelergy_component_library_table_plugin,8.0,7.0,1.0,1.0,47.959450000000004,64,3069404800.0,0.0,2.6540048,127.28461050536,0.079620144
720p,1280,720,128,128,11,8,1024,800.0,os,18233020.0,0.0,128102400,142272000.0,119808000.0,16012800.0,6451200.0,226724800.0,223816000.0,144000.0,2764800.0,128102400.0,958464000.0,128102400.0,45158400.0,1131724800.0,223816000.0,144000.0,2764800.0,226724800.0,1486552000.0,2.0016000000000003,accelergy_plugin,accelergy_component_library_table_plugin,8.0,7.0,1.0,1.0,18.23302,64,1166913280.0,0.0,1.486552,27.10433234704,0.04459656
720p,1280,720,128,128,11,8,1024,800.0,ws,16655250.0,0.0,128102400,138248340.0,119808000.0,8340.0,18432000.0,152824000.0,134248000.0,144000.0,18432000.0,128102400.0,958464000.0,66720.0,129024000.0,1087554720.0,134248000.0,144000.0,18432000.0,152824000.0,1368481120.0,2.0016000000000003,accelergy_plugin,accelergy_component_library_table_plugin,8.0,7.0,1.0,1.0,16.65525,64,1065936000.0,0.0,1.36848112,22.79239517388,0.0410544336
720p,1280,720,128,128,11,8,4096,50.0,is,49589950.0,0.0,128102400,154252800.0,119808000.0,16012800.0,18432000.0,375891500.0,357447500.0,12000.0,18432000.0,128102400.0,958464000.0,128102400.0,129024000.0,1215590400.0,357447500.0,12000.0,18432000.0,375891500.0,1719584300.0,2.0016000000000003,accelergy_plugin,accelergy_component_library_table_plugin,8.0,7.0,1.0,1.0,49.58995,64,3173756800.0,0.0,1.7195843,85.274099457785,0.051587529
720p,1280,720,128,128,11,8,4096,50.0,os,19555030.0,0.0,128102400,142272000.0,119808000.0,16012800.0,6451200.0,171548300.0,168717500.0,66000.0,2764800.0,128102400.0,958464000.0,128102400.0,45158400.0,1131724800.0,168717500.0,66000.0,2764800.0,171548300.0,1431375500.0,2.0016000000000003,accelergy_plugin,accelergy_component_library_table_plugin,8.0,7.0,1.0,1.0,19.555030000000002,64,1251521920.0,0.0,1.4313755,27.990590843765002,0.042941265
720p,1280,720,128,128,11,8,4096,50.0,ws,18408290.0,0.0,128102400,138248340.0,119808000.0,8340.0,18432000.0,193664500.0,175166500.0,66000.0,18432000.0,128102400.0,958464000.0,66720.0,129024000.0,1087554720.0,175166500.0,66000.0,18432000.0,193664500.0,1409321620.0,2.0016000000000003,accelergy_plugin,accelergy_component_library_table_plugin,8.0,7.0,1.0,1.0,18.40829,64,1178130560.0,0.0,1.40932162,25.943201084229802,0.0422796486
720p,1280,720,128,128,11,8,4096,200.0,is,48339810.0,0.0,128102400,154252800.0,119808000.0,16012800.0,18432000.0,375964000.0,357508000.0,24000.0,18432000.0,128102400.0,958464000.0,128102400.0,129024000.0,1215590400.0,357508000.0,24000.0,18432000.0,375964000.0,1719656800.0,2.0016000000000003,accelergy_plugin,accelergy_component_library_table_plugin,8.0,7.0,1.0,1.0,48.33981,64,3093747840.0,0.0,1.7196568,83.127882977208,0.051589704
720p,1280,720,128,128,11,8,4096,200.0,os,18539860.0,0.0,128102400,142272000.0,119808000.0,16012800.0,6451200.0,171584800.0,168748000.0,72000.0,2764800.0,128102400.0,958464000.0,128102400.0,45158400.0,1131724800.0,168748000.0,72000.0,2764800.0,171584800.0,1431412000.0,2.0016000000000003,accelergy_plugin,accelergy_component_library_table_plugin,8.0,7.0,1.0,1.0,18.539859999999997,64,1186551040.0,0.0,1.431412,26.538178082319995,0.04294236
720p,1280,720,128,128,11,8,4096,200.0,ws,17061410.0,0.0,128102400,138248340.0,119808000.0,8340.0,18432000.0,193700000.0,175196000.0,72000.0,18432000.0,128102400.0,958464000.0,66720.0,129024000.0,1087554720.0,175196000.0,72000.0,18432000.0,193700000.0,1409357120.0,2.0016000000000003,accelergy_plugin,accelergy_component_library_table_plugin,8.0,7.0,1.0,1.0,17.06141,64,1091930240.0,0.0,1.40935712,24.045619660739195,0.0422807136
720p,1280,720,128,128,11,8,4096,800.0,is,48027240.0,0.0,128102400,154252800.0,119808000.0,16012800.0,18432000.0,376136000.0,357608000.0,96000.0,18432000.0,128102400.0,958464000.0,128102400.0,129024000.0,1215590400.0,357608000.0,96000.0,18432000.0,376136000.0,1719828800.0,2.0016000000000003,accelergy_plugin,accelergy_component_library_table_plugin,8.0,7.0,1.0,1.0,48.02724,64,3073743360.0,0.0,1.7198288,82.59863053651199,0.051594864
720p,1280,720,128,128,11,8,4096,800.0,os,18286060.0,0.0,128102400,142272000.0,119808000.0,16012800.0,6451200.0,171716800.0,168808000.0,144000.0,2764800.0,128102400.0,958464000.0,128102400.0,45158400.0,1131724800.0,168808000.0,144000.0,2764800.0,171716800.0,1431544000.0,2.0016000000000003,accelergy_plugin,accelergy_component_library_table_plugin,8.0,7.0,1.0,1.0,18.28606,64,1170307840.0,0.0,1.431544,26.17729947664,0.04294632
720p,1280,720,128,128,11,8,4096,800.0,ws,16724640.0,0.0,128102400,138248340.0,119808000.0,8340.0,18432000.0,193816000.0,175240000.0,144000.0,18432000.0,128102400.0,958464000.0,66720.0,129024000.0,1087554720.0,175240000.0,144000.0,18432000.0,193816000.0,1409473120.0,2.0016000000000003,accelergy_plugin,accelergy_component_library_table_plugin,8.0,7.0,1.0,1.0,16.724639999999997,64,1070376960.0,0.0,1.40947312,23.572930521676795,0.0422841936
720p,1280,720,128,128,11,16,256,50.0,os,14580750.0,3440280.0,128102400,134265600.0,119808000.0,8006400.0,6451200.0,590123800.0,587233000.0,126000.0,2764800.0,128102400.0,958464000.0,64051200.0,45158400.0,1067673600.0,587233000.0,126000.0,2764800.0,590123800.0,1785899800.0,0.5004000000000001,accelergy_plugin,accelergy_component_library_table_plugin,8.0,7.0,1.0,1.0,14.58075,256,3732672000.0,23.59467105601564,1.7858998,26.03975850885,0.053576994
720p,1280,720,128,128,11,16,256,50.0,ws,8515220.0,0.0,128102400,129032340.0,119808000.0,8340.0,9216000.0,132443000.0,123101000.0,126000.0,9216000.0,128102400.0,958464000.0,66720.0,64512000.0,1023042720.0,123101000.0,126000.0,9216000.0,132443000.0,1283588120.0,0.5004000000000001,accelergy_plugin,accelergy_component_library_table_plugin,8.0,7.0,1.0,1.0,8.515220000000001,256,2179896320.0,0.0,1.28358812,10.930035231186402,0.0385076436
720p,1280,720,128,128,11,16,256,200.0,os,10993010.0,0.0,128102400,134265600.0,119808000.0,8006400.0,6451200.0,591126800.0,588230000.0,132000.0,2764800.0,128102400.0,958464000.0,64051200.0,45158400.0,1067673600.0,588230000.0,132000.0,2764800.0,591126800.0,1786902800.0,0.5004000000000001,accelergy_plugin,accelergy_component_library_table_plugin,8.0,7.0,1.0,1.0,10.99301,256,2814210560.0,0.0,1.7869028,19.643440349428,0.053607084
720p,1280,720,128,128,11,16,256,200.0,ws,8368140.0,0.0,128102400,129032340.0,119808000.0,8340.0,9216000.0,132658000.0,123310000.0,132000.0,9216000.0,128102400.0,958464000.0,66720.0,64512000.0,1023042720.0,123310000.0,132000.0,9216000.0,132658000.0,1283803120.0,0.5004000000000001,accelergy_plugin,accelergy_component_library_table_plugin,8.0,7.0,1.0,1.0,8.36814,256,2142243840.0,0.0,1.28380312,10.7430442405968,0.0385140936
720p,1280,720,128,128,11,16,256,800.0,os,10956130.0,0.0,128102400,134265600.0,119808000.0,8006400.0,6451200.0,593180800.0,590224000.0,192000.0,2764800.0,128102400.0,958464000.0,64051200.0,45158400.0,1067673600.0,590224000.0,192000.0,2764800.0,593180800.0,1788956800.0,0.5004000000000001,accelergy_plugin,accelergy_component_library_table_plugin,8.0,7.0,1.0,1.0,10.95613,256,2804769280.0,0.0,1.7889568,19.600043265184,0.053668704
720p,1280,720,128,128,11,16,256,800.0,ws,8331330.0,0.0,128102400,129032340.0,119808000.0,8340.0,9216000.0,133136000.0,123728000.0,192000.0,9216000.0,128102400.0,958464000.0,66720.0,64512000.0,1023042720.0,123728000.0,192000.0,9216000.0,133136000.0,1284281120.0,0.5004000000000001,accelergy_plugin,accelergy_component_library_table_plugin,8.0,7.0,1.0,1.0,8.33133,256,2132820480.0,0.0,1.28428112,10.699769823489598,0.0385284336
720p,1280,720,128,128,11,16,1024,50.0,os,11448310.0,0.0,128102400,134265600.0,119808000.0,8006400.0,6451200.0,131573300.0,128682500.0,126000.0,2764800.0,128102400.0,958464000.0,64051200.0,45158400.0,1067673600.0,128682500.0,126000.0,2764800.0,131573300.0,1327349300.0,0.5004000000000001,accelergy_plugin,accelergy_component_library_table_plugin,8.0,7.0,1.0,1.0,11.44831,256,2930767360.0,0.0,1.3273493,15.195906264683,0.039820479
720p,1280,720,128,128,11,16,1024,50.0,ws,9055470.0,0.0,128102400,129032340.0,119808000.0,8340.0,9216000.0,143168500.0,133826500.0,126000.0,9216000.0,128102400.0,958464000.0,66720.0,64512000.0,1023042720.0,133826500.0,126000.0,9216000.0,143168500.0,1294313620.0,0.5004000000000001,accelergy_plugin,accelergy_component_library_table_plugin,8.0,7.0,1.0,1.0,9.05547,256,2318200320.0,0.0,1.29431362,11.7206181565014,0.0388294086
720p,1280,720,128,128,11,16,1024,200.0,os,11069980.0,0.0,128102400,134265600.0,119808000.0,8006400.0,6451200.0,131660800.0,128764000.0,132000.0,2764800.0,128102400.0,958464000.0,64051200.0,45158400.0,1067673600.0,128764000.0,132000.0,2764800.0,131660800.0,1327436800.0,0.5004000000000001,accelergy_plugin,accelergy_component_library_table_plugin,8.0,7.0,1.0,1.0,11.06998,256,2833914880.0,0.0,1.3274368,14.694698827264,0.039823104
720p,1280,720,128,128,11,16,1024,200.0,ws,8503240.0,0.0,128102400,129032340.0,119808000.0,8340.0,9216000.0,143260000.0,133912000.0,132000.0,9216000.0,128102400.0,958464000.0,66720.0,64512000.0,1023042720.0,133912000.0,132000.0,9216000.0,143260000.0,1294405120.0,0.5004000000000001,accelergy_plugin,accelergy_component_library_table_plugin,8.0,7.0,1.0,1.0,8.50324,256,2176829440.0,0.0,1.29440512,11.0066373925888,0.0388321536
720p,1280,720,128,128,11,16,1024,800.0,os,10975420.0,0.0,128102400,134265600.0,119808000.0,8006400.0,6451200.0,132052800.0,129096000.0,192000.0,2764800.0,128102400.0,958464000.0,64051200.0,45158400.0,1067673600.0,129096000.0,192000.0,2764800.0,132052800.0,1327828800.0,0.5004000000000001,accelergy_plugin,accelergy_component_library_table_plugin,8.0,7.0,1.0,1.0,10.97542,256,2809707520.0,0.0,1.3278288,14.573478768096,0.039834864
720p,1280,720,128,128,11,16,1024,800.0,ws,8365150.0,0.0,128102400,129032340.0,119808000.0,8340.0,9216000.0,143656000.0,134248000.0,192000.0,9216000.0,128102400.0,958464000.0,66720.0,64512000.0,1023042720.0,134248000.0,192000.0,9216000.0,143656000.0,1294801120.0,0.5004000000000001,accelergy_plugin,accelergy_component_library_table_plugin,8.0,7.0,1.0,1.0,8.36515,256,2141478400.0,0.0,1.29480112,10.831205588968,0.0388440336
720p,1280,720,128,128,11,16,4096,50.0,is,25904870.0,0.0,128102400,137030400.0,119808000.0,8006400.0,9216000.0,366675500.0,357447500.0,12000.0,9216000.0,128102400.0,958464000.0,64051200.0,64512000.0,1087027200.0,357447500.0,12000.0,9216000.0,366675500.0,1581805100.0,0.5004000000000001,accelergy_plugin,accelergy_component_library_table_plugin,8.0,7.0,1.0,1.0,25.90487,256,6631646720.0,0.0,1.5818051,40.976455480837,0.047454153
720p,1280,720,128,128,11,16,4096,50.0,os,12297430.0,0.0,128102400,134265600.0,119808000.0,8006400.0,6451200.0,171608300.0,168717500.0,126000.0,2764800.0,128102400.0,958464000.0,64051200.0,45158400.0,1067673600.0,168717500.0,126000.0,2764800.0,171608300.0,1367384300.0,0.5004000000000001,accelergy_plugin,accelergy_component_library_table_plugin,8.0,7.0,1.0,1.0,12.29743,256,3148142080.0,0.0,1.3673843,16.815312712349,0.041021529
720p,1280,720,128,128,11,16,4096,50.0,ws,9930690.0,0.0,128102400,129032340.0,119808000.0,8340.0,9216000.0,184508500.0,175166500.0,126000.0,9216000.0,128102400.0,958464000.0,66720.0,64512000.0,1023042720.0,175166500.0,126000.0,9216000.0,184508500.0,1335653620.0,0.5004000000000001,accelergy_plugin,accelergy_component_library_table_plugin,8.0,7.0,1.0,1.0,9.93069,256,2542256640.0,0.0,1.33565362,13.2639620475978,0.0400696086
720p,1280,720,128,128,11,16,4096,200.0,is,24792940.0,0.0,128102400,137030400.0,119808000.0,8006400.0,9216000.0,366748000.0,357508000.0,24000.0,9216000.0,128102400.0,958464000.0,64051200.0,64512000.0,1087027200.0,357508000.0,24000.0,9216000.0,366748000.0,1581877600.0,0.5004000000000001,accelergy_plugin,accelergy_component_library_table_plugin,8.0,7.0,1.0,1.0,24.792939999999998,256,6346992640.0,0.0,1.5818776,39.219396424144,0.047456328
720p,1280,720,128,128,11,16,4096,200.0,os,11282260.0,0.0,128102400,134265600.0,119808000.0,8006400.0,6451200.0,171644800.0,168748000.0,132000.0,2764800.0,128102400.0,958464000.0,64051200.0,45158400.0,1067673600.0,168748000.0,132000.0,2764800.0,171644800.0,1367420800.0,0.5004000000000001,accelergy_plugin,accelergy_component_library_table_plugin,8.0,7.0,1.0,1.0,11.28226,256,2888258560.0,0.0,1.3674208,15.427596995008003,0.041022624
720p,1280,720,128,128,11,16,4096,200.0,ws,8722020.0,0.0,128102400,129032340.0,119808000.0,8340.0,9216000.0,184544000.0,175196000.0,132000.0,9216000.0,128102400.0,958464000.0,66720.0,64512000.0,1023042720.0,175196000.0,132000.0,9216000.0,184544000.0,1335689120.0,0.5004000000000001,accelergy_plugin,accelergy_component_library_table_plugin,8.0,7.0,1.0,1.0,8.72202,256,2232837120.0,0.0,1.33568912,11.6499072184224,0.0400706736
720p,1280,720,128,128,11,16,4096,800.0,is,24514910.0,0.0,128102400,137030400.0,119808000.0,8006400.0,9216000.0,366920000.0,357608000.0,96000.0,9216000.0,128102400.0,958464000.0,64051200.0,64512000.0,1087027200.0,357608000.0,96000.0,9216000.0,366920000.0,1582049600.0,0.5004000000000001,accelergy_plugin,accelergy_component_library_table_plugin,8.0,7.0,1.0,1.0,24.51491,256,6275816960.0,0.0,1.5820496,38.783803559536,0.047461488
720p,1280,720,128,128,11,16,4096,800.0,os,11028460.0,0.0,128102400,134265600.0,119808000.0,8006400.0,6451200.0,171764800.0,168808000.0,192000.0,2764800.0,128102400.0,958464000.0,64051200.0,45158400.0,1067673600.0,168808000.0,192000.0,2764800.0,171764800.0,1367540800.0,0.5004000000000001,accelergy_plugin,accelergy_component_library_table_plugin,8.0,7.0,1.0,1.0,11.02846,256,2823285760.0,0.0,1.3675408,15.081869011168001,0.041026224
720p,1280,720,128,128,11,16,4096,800.0,ws,8419790.0,0.0,128102400,129032340.0,119808000.0,8340.0,9216000.0,184648000.0,175240000.0,192000.0,9216000.0,128102400.0,958464000.0,66720.0,64512000.0,1023042720.0,175240000.0,192000.0,9216000.0,184648000.0,1335793120.0,0.5004000000000001,accelergy_plugin,accelergy_component_library_table_plugin,8.0,7.0,1.0,1.0,8.41979,256,2155466240.0,0.0,1.33579312,11.247097553844801,0.0400737936
720p,1280,720,128,128,11,32,256,50.0,os,27806370.0,20294700.0,128102400,130262400.0,119808000.0,4003200.0,6451200.0,1319431800.0,1316415000.0,252000.0,2764800.0,128102400.0,958464000.0,32025600.0,45158400.0,1035648000.0,1316415000.0,252000.0,2764800.0,1319431800.0,2483182200.0,0.12510000000000002,accelergy_plugin,accelergy_component_library_table_plugin,8.0,7.0,1.0,1.0,27.80637,1024,28473722880.0,72.98579426224998,2.4831822,69.048283030614,0.074495466
720p,1280,720,128,128,11,32,256,50.0,ws,4829120.0,0.0,128102400,125345940.0,119808000.0,8340.0,5529600.0,128882600.0,123101000.0,252000.0,5529600.0,128102400.0,958464000.0,66720.0,38707200.0,997237920.0,123101000.0,252000.0,5529600.0,128882600.0,1254222920.0,0.12510000000000002,accelergy_plugin,accelergy_component_library_table_plugin,8.0,7.0,1.0,1.0,4.8291200000000005,1024,4945018880.0,0.0,1.25422292,6.0567929874304,0.0376266876
720p,1280,720,128,128,11,32,256,200.0,os,8721810.0,1357600.0,128102400,130262400.0,119808000.0,4003200.0,6451200.0,1321678800.0,1318650000.0,264000.0,2764800.0,128102400.0,958464000.0,32025600.0,45158400.0,1035648000.0,1318650000.0,264000.0,2764800.0,1321678800.0,2485429200.0,0.12510000000000002,accelergy_plugin,accelergy_component_library_table_plugin,8.0,7.0,1.0,1.0,8.72181,1024,8931133440.0,15.565576411318293,2.4854292,21.677441250852,0.074562876
720p,1280,720,128,128,11,32,256,200.0,ws,4684340.0,0.0,128102400,125345940.0,119808000.0,8340.0,5529600.0,129103600.0,123310000.0,264000.0,5529600.0,128102400.0,958464000.0,66720.0,38707200.0,997237920.0,123310000.0,264000.0,5529600.0,129103600.0,1254443920.0,0.12510000000000002,accelergy_plugin,accelergy_component_library_table_plugin,8.0,7.0,1.0,1.0,4.684340000000001,1024,4796764160.0,0.0,1.25444392,5.8762418322128,0.0376333176
720p,1280,720,128,128,11,32,256,800.0,os,7327330.0,0.0,128102400,130262400.0,119808000.0,4003200.0,6451200.0,1326172800.0,1323120000.0,288000.0,2764800.0,128102400.0,958464000.0,32025600.0,45158400.0,1035648000.0,1323120000.0,288000.0,2764800.0,1326172800.0,2489923200.0,0.12510000000000002,accelergy_plugin,accelergy_component_library_table_plugin,8.0,7.0,1.0,1.0,7.32733,1024,7503185920.0,0.0,2.4899232,18.244488961056,0.074697696
720p,1280,720,128,128,11,32,256,800.0,ws,4648120.0,0.0,128102400,125345940.0,119808000.0,8340.0,5529600.0,129545600.0,123728000.0,288000.0,5529600.0,128102400.0,958464000.0,66720.0,38707200.0,997237920.0,123728000.0,288000.0,5529600.0,129545600.0,1254885920.0,0.12510000000000002,accelergy_plugin,accelergy_component_library_table_plugin,8.0,7.0,1.0,1.0,4.6481200000000005,1024,4759674880.0,0.0,1.25488592,5.832860342470401,0.0376465776
720p,1280,720,128,128,11,32,1024,50.0,os,10067050.0,2247540.0,128102400,130262400.0,119808000.0,4003200.0,6451200.0,263887300.0,260870500.0,252000.0,2764800.0,128102400.0,958464000.0,32025600.0,45158400.0,1035648000.0,260870500.0,252000.0,2764800.0,263887300.0,1427637700.0,0.12510000000000002,accelergy_plugin,accelergy_component_library_table_plugin,8.0,7.0,1.0,1.0,10.06705,1024,10308659200.0,22.325706140329093,1.4276377,14.372100107785,0.042829131
720p,1280,720,128,128,11,32,1024,50.0,ws,5313130.0,0.0,128102400,125345940.0,119808000.0,8340.0,5529600.0,140330100.0,134548500.0,252000.0,5529600.0,128102400.0,958464000.0,66720.0,38707200.0,997237920.0,134548500.0,252000.0,5529600.0,140330100.0,1265670420.0,0.12510000000000002,accelergy_plugin,accelergy_component_library_table_plugin,8.0,7.0,1.0,1.0,5.31313,1024,5440645120.0,0.0,1.26567042,6.7246714786146,0.0379701126
720p,1280,720,128,128,11,32,1024,200.0,os,7473930.0,32750.0,128102400,130262400.0,119808000.0,4003200.0,6451200.0,264064800.0,261036000.0,264000.0,2764800.0,128102400.0,958464000.0,32025600.0,45158400.0,1035648000.0,261036000.0,264000.0,2764800.0,264064800.0,1427815200.0,0.12510000000000002,accelergy_plugin,accelergy_component_library_table_plugin,8.0,7.0,1.0,1.0,7.47393,1024,7653304320.0,0.43818981446173566,1.4278152,10.671390857736,0.042834456
720p,1280,720,128,128,11,32,1024,200.0,ws,4805360.0,0.0,128102400,125345940.0,119808000.0,8340.0,5529600.0,140427600.0,134634000.0,264000.0,5529600.0,128102400.0,958464000.0,66720.0,38707200.0,997237920.0,134634000.0,264000.0,5529600.0,140427600.0,1265767920.0,0.12510000000000002,accelergy_plugin,accelergy_component_library_table_plugin,8.0,7.0,1.0,1.0,4.805359999999999,1024,4920688640.0,0.0,1.26576792,6.082470532051199,0.0379730376
720p,1280,720,128,128,11,32,1024,800.0,os,7346620.0,0.0,128102400,130262400.0,119808000.0,4003200.0,6451200.0,264756800.0,261704000.0,288000.0,2764800.0,128102400.0,958464000.0,32025600.0,45158400.0,1035648000.0,261704000.0,288000.0,2764800.0,264756800.0,1428507200.0,0.12510000000000002,accelergy_plugin,accelergy_component_library_table_plugin,8.0,7.0,1.0,1.0,7.34662,1024,7522938880.0,0.0,1.4285072,10.494699565664,0.042855216
720p,1280,720,128,128,11,32,1024,800.0,ws,4678410.0,0.0,128102400,125345940.0,119808000.0,8340.0,5529600.0,140793600.0,134976000.0,288000.0,5529600.0,128102400.0,958464000.0,66720.0,38707200.0,997237920.0,134976000.0,288000.0,5529600.0,140793600.0,1266133920.0,0.12510000000000002,accelergy_plugin,accelergy_component_library_table_plugin,8.0,7.0,1.0,1.0,4.67841,1024,4790691840.0,0.0,1.26613392,5.9234935926672,0.0379840176
720p,1280,720,128,128,11,32,4096,50.0,is,15117530.0,0.0,128102400,129340800.0,119808000.0,4003200.0,5529600.0,362992100.0,357447500.0,15000.0,5529600.0,128102400.0,958464000.0,32025600.0,38707200.0,1029196800.0,357447500.0,15000.0,5529600.0,362992100.0,1520291300.0,0.12510000000000002,accelergy_plugin,accelergy_component_library_table_plugin,8.0,7.0,1.0,1.0,15.11753,1024,15480350720.0,0.0,1.5202913,22.983049336489,0.045608739
720p,1280,720,128,128,11,32,4096,50.0,os,8668630.0,0.0,128102400,130262400.0,119808000.0,4003200.0,6451200.0,171734300.0,168717500.0,252000.0,2764800.0,128102400.0,958464000.0,32025600.0,45158400.0,1035648000.0,168717500.0,252000.0,2764800.0,171734300.0,1335484700.0,0.12510000000000002,accelergy_plugin,accelergy_component_library_table_plugin,8.0,7.0,1.0,1.0,8.66863,1024,8876677120.0,0.0,1.3354847,11.576822734961,0.040064541
720p,1280,720,128,128,11,32,4096,50.0,ws,6468830.0,0.0,128102400,125345940.0,119808000.0,8340.0,5529600.0,195694100.0,189912500.0,252000.0,5529600.0,128102400.0,958464000.0,66720.0,38707200.0,997237920.0,189912500.0,252000.0,5529600.0,195694100.0,1321034420.0,0.12510000000000002,accelergy_plugin,accelergy_component_library_table_plugin,8.0,7.0,1.0,1.0,6.46883,1024,6624081920.0,0.0,1.32103442,8.545547087128599,0.0396310326
720p,1280,720,128,128,11,32,4096,200.0,is,14060890.0,0.0,128102400,129340800.0,119808000.0,4003200.0,5529600.0,363061600.0,357508000.0,24000.0,5529600.0,128102400.0,958464000.0,32025600.0,38707200.0,1029196800.0,357508000.0,24000.0,5529600.0,363061600.0,1520360800.0,0.12510000000000002,accelergy_plugin,accelergy_component_library_table_plugin,8.0,7.0,1.0,1.0,14.060889999999999,1024,14398351360.0,0.0,1.5203608,21.377625969111996,0.045610824
720p,1280,720,128,128,11,32,4096,200.0,os,7653460.0,0.0,128102400,130262400.0,119808000.0,4003200.0,6451200.0,171776800.0,168748000.0,264000.0,2764800.0,128102400.0,958464000.0,32025600.0,45158400.0,1035648000.0,168748000.0,264000.0,2764800.0,171776800.0,1335527200.0,0.12510000000000002,accelergy_plugin,accelergy_component_library_table_plugin,8.0,7.0,1.0,1.0,7.65346,1024,7837143040.0,0.0,1.3355272,10.221404004112,0.040065816
720p,1280,720,128,128,11,32,4096,200.0,ws,5094270.0,0.0,128102400,125345940.0,119808000.0,8340.0,5529600.0,195737600.0,189944000.0,264000.0,5529600.0,128102400.0,958464000.0,66720.0,38707200.0,997237920.0,189944000.0,264000.0,5529600.0,195737600.0,1321077920.0,0.12510000000000002,accelergy_plugin,accelergy_component_library_table_plugin,8.0,7.0,1.0,1.0,5.09427,1024,5216532480.0,0.0,1.32107792,6.7299276155184,0.0396323376
720p,1280,720,128,128,11,32,4096,800.0,is,13796700.0,0.0,128102400,129340800.0,119808000.0,4003200.0,5529600.0,363233600.0,357608000.0,96000.0,5529600.0,128102400.0,958464000.0,32025600.0,38707200.0,1029196800.0,357608000.0,96000.0,5529600.0,363233600.0,1520532800.0,0.12510000000000002,accelergy_plugin,accelergy_component_library_table_plugin,8.0,7.0,1.0,1.0,13.7967,1024,14127820800.0,0.0,1.5205328,20.97833488176,0.045615984
720p,1280,720,128,128,11,32,4096,800.0,os,7399660.0,0.0,128102400,130262400.0,119808000.0,4003200.0,6451200.0,171860800.0,168808000.0,288000.0,2764800.0,128102400.0,958464000.0,32025600.0,45158400.0,1035648000.0,168808000.0,288000.0,2764800.0,171860800.0,1335611200.0,0.12510000000000002,accelergy_plugin,accelergy_component_library_table_plugin,8.0,7.0,1.0,1.0,7.39966,1024,7577251840.0,0.0,1.3356112,9.883068772191999,0.040068336
720p,1280,720,128,128,11,32,4096,800.0,ws,4750590.0,0.0,128102400,125345940.0,119808000.0,8340.0,5529600.0,195817600.0,190000000.0,288000.0,5529600.0,128102400.0,958464000.0,66720.0,38707200.0,997237920.0,190000000.0,288000.0,5529600.0,195817600.0,1321157920.0,0.12510000000000002,accelergy_plugin,accelergy_component_library_table_plugin,8.0,7.0,1.0,1.0,4.75059,1024,4864604160.0,0.0,1.32115792,6.2762796031728,0.0396347376
720p,1280,720,128,128,11,64,256,50.0,os,46857410.0,41160140.0,128102400,128260800.0,119808000.0,2001600.0,6451200.0,2273860800.0,2270595000.0,501000.0,2764800.0,128102400.0,958464000.0,16012800.0,45158400.0,1019635200.0,2270595000.0,501000.0,2764800.0,2273860800.0,3421598400.0,0.031275000000000004,accelergy_plugin,accelergy_component_library_table_plugin,8.0,7.0,1.0,1.0,46.85741,4096,191927951360.0,87.84126139280852,3.4215984,160.32723908414403,0.102647952
720p,1280,720,128,128,11,64,256,50.0,ws,3383100.0,369180.0,128102400,123502740.0,119808000.0,8340.0,3686400.0,127288400.0,123101000.0,501000.0,3686400.0,128102400.0,958464000.0,66720.0,25804800.0,984335520.0,123101000.0,501000.0,3686400.0,127288400.0,1239726320.0,0.031275000000000004,accelergy_plugin,accelergy_component_library_table_plugin,8.0,7.0,1.0,1.0,3.3830999999999998,4096,13857177600.0,10.912476722532588,1.23972632,4.194118113191999,0.0371917896
720p,1280,720,128,128,11,64,256,200.0,os,13308170.0,7758360.0,128102400,128260800.0,119808000.0,2001600.0,6451200.0,2277718800.0,2274450000.0,504000.0,2764800.0,128102400.0,958464000.0,16012800.0,45158400.0,1019635200.0,2274450000.0,504000.0,2764800.0,2277718800.0,3425456400.0,0.031275000000000004,accelergy_plugin,accelergy_component_library_table_plugin,8.0,7.0,1.0,1.0,13.308169999999999,4096,54510264320.0,58.29772237655515,3.4254564,45.586556098787995,0.102763692
720p,1280,720,128,128,11,64,256,200.0,ws,2852620.0,0.0,128102400,123502740.0,119808000.0,8340.0,3686400.0,127500400.0,123310000.0,504000.0,3686400.0,128102400.0,958464000.0,66720.0,25804800.0,984335520.0,123310000.0,504000.0,3686400.0,127500400.0,1239938320.0,0.031275000000000004,accelergy_plugin,accelergy_component_library_table_plugin,8.0,7.0,1.0,1.0,2.85262,4096,11684331520.0,0.0,1.23993832,3.5370728503984,0.0371981496
720p,1280,720,128,128,11,64,256,800.0,os,5670730.0,157800.0,128102400,128260800.0,119808000.0,2001600.0,6451200.0,2285452800.0,2282160000.0,528000.0,2764800.0,128102400.0,958464000.0,16012800.0,45158400.0,1019635200.0,2282160000.0,528000.0,2764800.0,2285452800.0,3433190400.0,0.031275000000000004,accelergy_plugin,accelergy_component_library_table_plugin,8.0,7.0,1.0,1.0,5.67073,4096,23227310080.0,2.782710515224671,3.4331904,19.468695796991998,0.102995712
720p,1280,720,128,128,11,64,256,800.0,ws,2812260.0,0.0,128102400,123502740.0,119808000.0,8340.0,3686400.0,127942400.0,123728000.0,528000.0,3686400.0,128102400.0,958464000.0,66720.0,25804800.0,984335520.0,123728000.0,528000.0,3686400.0,127942400.0,1240380320.0,0.031275000000000004,accelergy_plugin,accelergy_component_library_table_plugin,8.0,7.0,1.0,1.0,2.81226,4096,11519016960.0,0.0,1.24038032,3.4882719587232005,0.0372114096
720p,1280,720,128,128,11,64,1024,50.0,os,17311740.0,11306630.0,128102400,128260800.0,119808000.0,2001600.0,6451200.0,745678300.0,742412500.0,501000.0,2764800.0,128102400.0,958464000.0,16012800.0,45158400.0,1019635200.0,742412500.0,501000.0,2764800.0,745678300.0,1893415900.0,0.031275000000000004,accelergy_plugin,accelergy_component_library_table_plugin,8.0,7.0,1.0,1.0,17.31174,4096,70908887040.0,65.31192127423355,1.8934159,32.778323772666,0.056802477
720p,1280,720,128,128,11,64,1024,50.0,ws,3805880.0,366800.0,128102400,123502740.0,119808000.0,8340.0,3686400.0,138735900.0,134548500.0,501000.0,3686400.0,128102400.0,958464000.0,66720.0,25804800.0,984335520.0,134548500.0,501000.0,3686400.0,138735900.0,1251173820.0,0.031275000000000004,accelergy_plugin,accelergy_component_library_table_plugin,8.0,7.0,1.0,1.0,3.80588,4096,15588884480.0,9.637718477723944,1.25117382,4.7618174180616,0.0375352146
720p,1280,720,128,128,11,64,1024,200.0,os,6114330.0,487550.0,128102400,128260800.0,119808000.0,2001600.0,6451200.0,746152800.0,742884000.0,504000.0,2764800.0,128102400.0,958464000.0,16012800.0,45158400.0,1019635200.0,742884000.0,504000.0,2764800.0,746152800.0,1893890400.0,0.031275000000000004,accelergy_plugin,accelergy_component_library_table_plugin,8.0,7.0,1.0,1.0,6.114330000000001,4096,25044295680.0,7.973890843313986,1.8938904,11.579870889432001,0.056816712
720p,1280,720,128,128,11,64,1024,200.0,ws,2958940.0,0.0,128102400,123502740.0,119808000.0,8340.0,3686400.0,138824400.0,134634000.0,504000.0,3686400.0,128102400.0,958464000.0,66720.0,25804800.0,984335520.0,134634000.0,504000.0,3686400.0,138824400.0,1251262320.0,0.031275000000000004,accelergy_plugin,accelergy_component_library_table_plugin,8.0,7.0,1.0,1.0,2.95894,4096,12119818240.0,0.0,1.25126232,3.7024101291408,0.0375378696
720p,1280,720,128,128,11,64,1024,800.0,is,8298150.0,0.0,128102400,125496000.0,119808000.0,2001600.0,3686400.0,1496846400.0,1493064000.0,96000.0,3686400.0,128102400.0,958464000.0,16012800.0,25804800.0,1000281600.0,1493064000.0,96000.0,3686400.0,1496846400.0,2625230400.0,0.031275000000000004,accelergy_plugin,accelergy_component_library_table_plugin,8.0,7.0,1.0,1.0,8.298150000000001,4096,33989222400.0,0.0,2.6252304,21.784555643760005,0.078756912
720p,1280,720,128,128,11,64,1024,800.0,os,5532220.0,0.0,128102400,128260800.0,119808000.0,2001600.0,6451200.0,748068800.0,744776000.0,528000.0,2764800.0,128102400.0,958464000.0,16012800.0,45158400.0,1019635200.0,744776000.0,528000.0,2764800.0,748068800.0,1895806400.0,0.031275000000000004,accelergy_plugin,accelergy_component_library_table_plugin,8.0,7.0,1.0,1.0,5.53222,4096,22659973120.0,0.0,1.8958064,10.488018082207999,0.056874192
720p,1280,720,128,128,11,64,1024,800.0,ws,2838900.0,0.0,128102400,123502740.0,119808000.0,8340.0,3686400.0,139190400.0,134976000.0,528000.0,3686400.0,128102400.0,958464000.0,66720.0,25804800.0,984335520.0,134976000.0,528000.0,3686400.0,139190400.0,1251628320.0,0.031275000000000004,accelergy_plugin,accelergy_component_library_table_plugin,8.0,7.0,1.0,1.0,2.8389,4096,11628134400.0,0.0,1.25162832,3.5532476376480004,0.0375488496
720p,1280,720,128,128,11,64,4096,50.0,is,11866730.0,2229250.0,128102400,125496000.0,119808000.0,2001600.0,3686400.0,361151900.0,357447500.0,18000.0,3686400.0,128102400.0,958464000.0,16012800.0,25804800.0,1000281600.0,357447500.0,18000.0,3686400.0,361151900.0,1489535900.0,0.031275000000000004,accelergy_plugin,accelergy_component_library_table_plugin,8.0,7.0,1.0,1.0,11.86673,4096,48606126080.0,18.78571434590658,1.4895359,17.675920350607,0.044686077
720p,1280,720,128,128,11,64,4096,50.0,os,10629030.0,3774800.0,128102400,128260800.0,119808000.0,2001600.0,6451200.0,360713300.0,357447500.0,501000.0,2764800.0,128102400.0,958464000.0,16012800.0,45158400.0,1019635200.0,357447500.0,501000.0,2764800.0,360713300.0,1508450900.0,0.031275000000000004,accelergy_plugin,accelergy_component_library_table_plugin,8.0,7.0,1.0,1.0,10.62903,4096,43536506880.0,35.514059138039876,1.5084509,16.033369869627,0.045253527
720p,1280,720,128,128,11,64,4096,50.0,ws,5548730.0,469060.0,128102400,123502740.0,119808000.0,8340.0,3686400.0,218344400.0,214157000.0,501000.0,3686400.0,128102400.0,958464000.0,66720.0,25804800.0,984335520.0,214157000.0,501000.0,3686400.0,218344400.0,1330782320.0,0.031275000000000004,accelergy_plugin,accelergy_component_library_table_plugin,8.0,7.0,1.0,1.0,5.54873,4096,22727598080.0,8.453465928239435,1.33078232,7.3841517824536,0.0399234696
720p,1280,720,128,128,11,64,4096,200.0,is,8608470.0,0.0,128102400,125496000.0,119808000.0,2001600.0,3686400.0,361218400.0,357508000.0,24000.0,3686400.0,128102400.0,958464000.0,16012800.0,25804800.0,1000281600.0,357508000.0,24000.0,3686400.0,361218400.0,1489602400.0,0.031275000000000004,accelergy_plugin,accelergy_component_library_table_plugin,8.0,7.0,1.0,1.0,8.60847,4096,35260293120.0,0.0,1.4896024,12.823197572328002,0.044688072
720p,1280,720,128,128,11,64,4096,200.0,os,5839060.0,0.0,128102400,128260800.0,119808000.0,2001600.0,6451200.0,360776800.0,357508000.0,504000.0,2764800.0,128102400.0,958464000.0,16012800.0,45158400.0,1019635200.0,357508000.0,504000.0,2764800.0,360776800.0,1508514400.0,0.031275000000000004,accelergy_plugin,accelergy_component_library_table_plugin,8.0,7.0,1.0,1.0,5.83906,4096,23916789760.0,0.0,1.5085144,8.808306092463999,0.045255432
720p,1280,720,128,128,11,64,4096,200.0,ws,3369080.0,0.0,128102400,123502740.0,119808000.0,8340.0,3686400.0,218380400.0,214190000.0,504000.0,3686400.0,128102400.0,958464000.0,66720.0,25804800.0,984335520.0,214190000.0,504000.0,3686400.0,218380400.0,1330818320.0,0.031275000000000004,accelergy_plugin,accelergy_component_library_table_plugin,8.0,7.0,1.0,1.0,3.36908,4096,13799751680.0,0.0,1.33081832,4.4836333855456,0.0399245496
720p,1280,720,128,128,11,64,4096,800.0,is,8351190.0,0.0,128102400,125496000.0,119808000.0,2001600.0,3686400.0,361390400.0,357608000.0,96000.0,3686400.0,128102400.0,958464000.0,16012800.0,25804800.0,1000281600.0,357608000.0,96000.0,3686400.0,361390400.0,1489774400.0,0.031275000000000004,accelergy_plugin,accelergy_component_library_table_plugin,8.0,7.0,1.0,1.0,8.351189999999999,4096,34206474240.0,0.0,1.4897744,12.441389071535998,0.044693232
720p,1280,720,128,128,11,64,4096,800.0,os,5585260.0,0.0,128102400,128260800.0,119808000.0,2001600.0,6451200.0,360900800.0,357608000.0,528000.0,2764800.0,128102400.0,958464000.0,16012800.0,45158400.0,1019635200.0,357608000.0,528000.0,2764800.0,360900800.0,1508638400.0,0.031275000000000004,accelergy_plugin,accelergy_component_library_table_plugin,8.0,7.0,1.0,1.0,5.58526,4096,22877224960.0,0.0,1.5086384,8.426137709984,0.045259152
720p,1280,720,128,128,11,64,4096,800.0,ws,2941380.0,0.0,128102400,123502740.0,119808000.0,8340.0,3686400.0,218454400.0,214240000.0,528000.0,3686400.0,128102400.0,958464000.0,66720.0,25804800.0,984335520.0,214240000.0,528000.0,3686400.0,218454400.0,1330892320.0,0.031275000000000004,accelergy_plugin,accelergy_component_library_table_plugin,8.0,7.0,1.0,1.0,2.94138,4096,12047892480.0,0.0,1.33089232,3.9146600522016004,0.0399267696
720p,1280,720,128,128,11,128,256,50.0,ws,3391650.0,1306140.0,128102400,122581140.0,119808000.0,8340.0,2764800.0,126738800.0,123101000.0,873000.0,2764800.0,128102400.0,958464000.0,66720.0,19353600.0,977884320.0,123101000.0,873000.0,2764800.0,126738800.0,1232725520.0,0.018432,accelergy_plugin,accelergy_component_library_table_plugin,8.0,7.0,1.0,1.0,3.39165,16384,55568793600.0,38.51045951085755,1.23272552,4.180973509908,0.0369817656
720p,1280,720,128,128,11,128,256,200.0,ws,1938050.0,0.0,128102400,122581140.0,119808000.0,8340.0,2764800.0,126950800.0,123310000.0,876000.0,2764800.0,128102400.0,958464000.0,66720.0,19353600.0,977884320.0,123310000.0,876000.0,2764800.0,126950800.0,1232937520.0,0.007818750000000001,accelergy_plugin,accelergy_component_library_table_plugin,8.0,7.0,1.0,1.0,1.93805,16384,31753011200.0,0.0,1.23293752,2.389494560636,0.0369881256
720p,1280,720,128,128,11,128,256,800.0,ws,1901170.0,0.0,128102400,122581140.0,119808000.0,8340.0,2764800.0,127404800.0,123728000.0,912000.0,2764800.0,128102400.0,958464000.0,66720.0,19353600.0,977884320.0,123728000.0,912000.0,2764800.0,127404800.0,1233391520.0,0.007818750000000001,accelergy_plugin,accelergy_component_library_table_plugin,8.0,7.0,1.0,1.0,1.90117,16384,31148769280.0,0.0,1.23339152,2.3448869560784003,0.0370017456
720p,1280,720,128,128,11,128,1024,50.0,ws,3781650.0,1270980.0,128102400,122581140.0,119808000.0,8340.0,2764800.0,138315300.0,134548500.0,1002000.0,2764800.0,128102400.0,958464000.0,66720.0,19353600.0,977884320.0,134548500.0,1002000.0,2764800.0,138315300.0,1244302020.0,0.018432,accelergy_plugin,accelergy_component_library_table_plugin,8.0,7.0,1.0,1.0,3.78165,16384,61958553600.0,33.609138867954464,1.24430202,4.705514733933,0.0373290606
720p,1280,720,128,128,11,128,1024,200.0,ws,2044370.0,0.0,128102400,122581140.0,119808000.0,8340.0,2764800.0,138406800.0,134634000.0,1008000.0,2764800.0,128102400.0,958464000.0,66720.0,19353600.0,977884320.0,134634000.0,1008000.0,2764800.0,138406800.0,1244393520.0,0.007818750000000001,accelergy_plugin,accelergy_component_library_table_plugin,8.0,7.0,1.0,1.0,2.0443700000000002,16384,33494958080.0,0.0,1.24439352,2.5440007804824005,0.0373318056
720p,1280,720,128,128,11,128,1024,800.0,ws,1927810.0,0.0,128102400,122581140.0,119808000.0,8340.0,2764800.0,138796800.0,134976000.0,1056000.0,2764800.0,128102400.0,958464000.0,66720.0,19353600.0,977884320.0,134976000.0,1056000.0,2764800.0,138796800.0,1244783520.0,0.007818750000000001,accelergy_plugin,accelergy_component_library_table_plugin,8.0,7.0,1.0,1.0,1.92781,16384,31585239040.0,0.0,1.24478352,2.3997061176912,0.0373435056
720p,1280,720,128,128,11,128,4096,50.0,is,10650630.0,3774800.0,128102400,123573600.0,119808000.0,1000800.0,2764800.0,360239300.0,357447500.0,27000.0,2764800.0,128102400.0,958464000.0,8006400.0,19353600.0,985824000.0,357447500.0,27000.0,2764800.0,360239300.0,1474165700.0,0.018432,accelergy_plugin,accelergy_component_library_table_plugin,8.0,7.0,1.0,1.0,10.65063,16384,174499921920.0,35.4420348843214,1.4741657,15.700793429390998,0.044224971
720p,1280,720,128,128,11,128,4096,50.0,os,9721830.0,3774800.0,128102400,127260000.0,119808000.0,1000800.0,6451200.0,361214300.0,357447500.0,1002000.0,2764800.0,128102400.0,958464000.0,8006400.0,45158400.0,1011628800.0,357447500.0,1002000.0,2764800.0,361214300.0,1500945500.0,0.018432,accelergy_plugin,accelergy_component_library_table_plugin,8.0,7.0,1.0,1.0,9.72183,16384,159282462720.0,38.82808072142796,1.5009455,14.591936990265001,0.045028365
720p,1280,720,128,128,11,128,4096,50.0,ws,5534130.0,1325220.0,128102400,122581140.0,119808000.0,8340.0,2764800.0,220806300.0,217039500.0,1002000.0,2764800.0,128102400.0,958464000.0,66720.0,19353600.0,977884320.0,217039500.0,1002000.0,2764800.0,220806300.0,1326793020.0,0.018432,accelergy_plugin,accelergy_component_library_table_plugin,8.0,7.0,1.0,1.0,5.53413,16384,90671185920.0,23.946311344330546,1.32679302,7.3426450557726,0.0398037906
720p,1280,720,128,128,11,128,4096,200.0,is,5860660.0,0.0,128102400,123573600.0,119808000.0,1000800.0,2764800.0,360308800.0,357508000.0,36000.0,2764800.0,128102400.0,958464000.0,8006400.0,19353600.0,985824000.0,357508000.0,36000.0,2764800.0,360308800.0,1474235200.0,0.007818750000000001,accelergy_plugin,accelergy_component_library_table_plugin,8.0,7.0,1.0,1.0,5.86066,16384,96021053440.0,0.0,1.4742352,8.639991267232,0.044227056
720p,1280,720,128,128,11,128,4096,200.0,os,4931860.0,0.0,128102400,127260000.0,119808000.0,1000800.0,6451200.0,361280800.0,357508000.0,1008000.0,2764800.0,128102400.0,958464000.0,8006400.0,45158400.0,1011628800.0,357508000.0,1008000.0,2764800.0,361280800.0,1501012000.0,0.007818750000000001,accelergy_plugin,accelergy_component_library_table_plugin,8.0,7.0,1.0,1.0,4.9318599999999995,16384,80803594240.0,0.0,1.501012,7.402781042319999,0.04503036
720p,1280,720,128,128,11,128,4096,200.0,ws,2468930.0,0.0,128102400,122581140.0,119808000.0,8340.0,2764800.0,220846800.0,217074000.0,1008000.0,2764800.0,128102400.0,958464000.0,66720.0,19353600.0,977884320.0,217074000.0,1008000.0,2764800.0,220846800.0,1326833520.0,0.007818750000000001,accelergy_plugin,accelergy_component_library_table_plugin,8.0,7.0,1.0,1.0,2.46893,16384,40450949120.0,0.0,1.32683352,3.2758590825336,0.0398050056
720p,1280,720,128,128,11,128,4096,800.0,is,5606860.0,0.0,128102400,123573600.0,119808000.0,1000800.0,2764800.0,360468800.0,357608000.0,96000.0,2764800.0,128102400.0,958464000.0,8006400.0,19353600.0,985824000.0,357608000.0,96000.0,2764800.0,360468800.0,1474395200.0,0.007818750000000001,accelergy_plugin,accelergy_component_library_table_plugin,8.0,7.0,1.0,1.0,5.60686,16384,91862794240.0,0.0,1.4743952,8.266727471072,0.044231856
720p,1280,720,128,128,11,128,4096,800.0,os,4678060.0,0.0,128102400,127260000.0,119808000.0,1000800.0,6451200.0,361428800.0,357608000.0,1056000.0,2764800.0,128102400.0,958464000.0,8006400.0,45158400.0,1011628800.0,357608000.0,1056000.0,2764800.0,361428800.0,1501160000.0,0.007818750000000001,accelergy_plugin,accelergy_component_library_table_plugin,8.0,7.0,1.0,1.0,4.67806,16384,76645335040.0,0.0,1.50116,7.022516549600001,0.0450348
720p,1280,720,128,128,11,128,4096,800.0,ws,2033890.0,0.0,128102400,122581140.0,119808000.0,8340.0,2764800.0,220940800.0,217120000.0,1056000.0,2764800.0,128102400.0,958464000.0,66720.0,19353600.0,977884320.0,217120000.0,1056000.0,2764800.0,220940800.0,1326927520.0,0.007818750000000001,accelergy_plugin,accelergy_component_library_table_plugin,8.0,7.0,1.0,1.0,2.03389,16384,33323253760.0,0.0,1.32692752,2.6988246136528,0.0398078256
hires,2048,2048,128,128,3,8,256,50.0,is,50087424.0,0.0,113246208,114819072.0,75497472.0,14155776.0,25165824.0,417229824.0,392038400.0,25600.0,25165824.0,113246208.0,603979776.0,113246208.0,176160768.0,893386752.0,392038400.0,25600.0,25165824.0,417229824.0,1423862784.0,1.769472,accelergy_plugin,accelergy_component_library_table_plugin,8.0,7.0,1.0,1.0,50.087424,64,3205595136.0,0.0,1.423862784,71.31761898002841,0.04271588352
hires,2048,2048,128,128,3,8,256,50.0,os,24971264.0,0.0,113246208,119013376.0,75497472.0,14155776.0,29360128.0,253888512.0,241254400.0,51200.0,12582912.0,113246208.0,603979776.0,113246208.0,205520896.0,922746880.0,241254400.0,51200.0,12582912.0,253888512.0,1289881600.0,1.769472,accelergy_plugin,accelergy_component_library_table_plugin,8.0,7.0,1.0,1.0,24.971264,64,1598160896.0,0.0,1.2898816,32.2099739623424,0.038696448
hires,2048,2048,128,128,3,8,256,50.0,ws,17604096.0,0.0,113246208,100670208.0,75497472.0,6912.0,25165824.0,115687424.0,90470400.0,51200.0,25165824.0,113246208.0,603979776.0,55296.0,176160768.0,780195840.0,90470400.0,51200.0,25165824.0,115687424.0,1009129472.0,1.769472,accelergy_plugin,accelergy_component_library_table_plugin,8.0,7.0,1.0,1.0,17.604096,64,1126662144.0,0.0,1.009129472,17.764812101517307,0.03027388416
hires,2048,2048,128,128,3,8,256,200.0,is,49483776.0,0.0,113246208,114819072.0,75497472.0,14155776.0,25165824.0,417972224.0,392704000.0,102400.0,25165824.0,113246208.0,603979776.0,113246208.0,176160768.0,893386752.0,392704000.0,102400.0,25165824.0,417972224.0,1424605184.0,1.769472,accelergy_plugin,accelergy_component_library_table_plugin,8.0,7.0,1.0,1.0,49.483776,64,3166961664.0,0.0,1.424605184,70.49484381349478,0.04273815552
hires,2048,2048,128,128,3,8,256,200.0,os,24330240.0,0.0,113246208,119013376.0,75497472.0,14155776.0,29360128.0,254349312.0,241664000.0,102400.0,12582912.0,113246208.0,603979776.0,113246208.0,205520896.0,922746880.0,241664000.0,102400.0,12582912.0,254349312.0,1290342400.0,1.769472,accelergy_plugin,accelergy_component_library_table_plugin,8.0,7.0,1.0,1.0,24.33024,64,1557135360.0,0.0,1.2903424,31.394340274175995,0.038710272
hires,2048,2048,128,128,3,8,256,200.0,ws,17000448.0,0.0,113246208,100670208.0,75497472.0,6912.0,25165824.0,115892224.0,90624000.0,102400.0,25165824.0,113246208.0,603979776.0,55296.0,176160768.0,780195840.0,90624000.0,102400.0,25165824.0,115892224.0,1009334272.0,1.769472,accelergy_plugin,accelergy_component_library_table_plugin,8.0,7.0,1.0,1.0,17.000448000000002,64,1088028672.0,0.0,1.009334272,17.159134805753858,0.03028002816
hires,2048,2048,128,128,3,8,256,800.0,is,49332736.0,0.0,113246208,114819072.0,75497472.0,14155776.0,25165824.0,419610624.0,394035200.0,409600.0,25165824.0,113246208.0,603979776.0,113246208.0,176160768.0,893386752.0,394035200.0,409600.0,25165824.0,419610624.0,1426243584.0,1.769472,accelergy_plugin,accelergy_component_library_table_plugin,8.0,7.0,1.0,1.0,49.332736000000004,64,3157295104.0,0.0,1.426243584,70.36049820116584,0.04278730752
hires,2048,2048,128,128,3,8,256,800.0,os,24169984.0,0.0,113246208,119013376.0,75497472.0,14155776.0,29360128.0,255475712.0,242483200.0,409600.0,12582912.0,113246208.0,603979776.0,113246208.0,205520896.0,922746880.0,242483200.0,409600.0,12582912.0,255475712.0,1291468800.0,1.769472,accelergy_plugin,accelergy_component_library_table_plugin,8.0,7.0,1.0,1.0,24.169984,64,1546878976.0,0.0,1.2914688,31.2147802324992,0.038744064
hires,2048,2048,128,128,3,8,256,800.0,ws,16849408.0,0.0,113246208,100670208.0,75497472.0,6912.0,25165824.0,116506624.0,90931200.0,409600.0,25165824.0,113246208.0,603979776.0,55296.0,176160768.0,780195840.0,90931200.0,409600.0,25165824.0,116506624.0,1009948672.0,1.769472,accelergy_plugin,accelergy_component_library_table_plugin,8.0,7.0,1.0,1.0,16.849408,64,1078362112.0,0.0,1.009948672,17.017037233586176,0.03029846016
hires,2048,2048,128,128,3,8,1024,50.0,is,51296000.0,0.0,113246208,114819072.0,75497472.0,14155776.0,25165824.0,100711424.0,75520000.0,25600.0,25165824.0,113246208.0,603979776.0,113246208.0,176160768.0,893386752.0,75520000.0,25600.0,25165824.0,100711424.0,1107344384.0,1.769472,accelergy_plugin,accelergy_component_library_table_plugin,8.0,7.0,1.0,1.0,51.296,64,3282944000.0,0.0,1.107344384,56.80233752166399,0.03322033152
hires,2048,2048,128,128,3,8,1024,50.0,os,25878528.0,0.0,113246208,119013376.0,75497472.0,14155776.0,29360128.0,88154112.0,75520000.0,51200.0,12582912.0,113246208.0,603979776.0,113246208.0,205520896.0,922746880.0,75520000.0,51200.0,12582912.0,88154112.0,1124147200.0,1.769472,accelergy_plugin,accelergy_component_library_table_plugin,8.0,7.0,1.0,1.0,25.878528000000003,64,1656225792.0,0.0,1.1241472,29.091274791321602,0.033724416
hires,2048,2048,128,128,3,8,1024,50.0,ws,19719424.0,0.0,113246208,100670208.0,75497472.0,6912.0,25165824.0,146074624.0,120857600.0,51200.0,25165824.0,113246208.0,603979776.0,55296.0,176160768.0,780195840.0,120857600.0,51200.0,25165824.0,146074624.0,1039516672.0,1.769472,accelergy_plugin,accelergy_component_library_table_plugin,8.0,7.0,1.0,1.0,19.719424,64,1262043136.0,0.0,1.039516672,20.49867001023693,0.03118550016
hires,2048,2048,128,128,3,8,1024,200.0,is,49785856.0,0.0,113246208,114819072.0,75497472.0,14155776.0,25165824.0,100839424.0,75571200.0,102400.0,25165824.0,113246208.0,603979776.0,113246208.0,176160768.0,893386752.0,75571200.0,102400.0,25165824.0,100839424.0,1107472384.0,1.769472,accelergy_plugin,accelergy_component_library_table_plugin,8.0,7.0,1.0,1.0,49.785856,64,3186294784.0,0.0,1.107472384,55.13646063380071,0.03322417152
hires,2048,2048,128,128,3,8,1024,200.0,os,24557056.0,0.0,113246208,119013376.0,75497472.0,14155776.0,29360128.0,88256512.0,75571200.0,102400.0,12582912.0,113246208.0,603979776.0,113246208.0,205520896.0,922746880.0,75571200.0,102400.0,12582912.0,88256512.0,1124249600.0,1.769472,accelergy_plugin,accelergy_component_library_table_plugin,8.0,7.0,1.0,1.0,24.557056,64,1571651584.0,0.0,1.1242496,27.608260385177598,0.033727488
hires,2048,2048,128,128,3,8,1024,200.0,ws,17529344.0,0.0,113246208,100670208.0,75497472.0,6912.0,25165824.0,146202624.0,120934400.0,102400.0,25165824.0,113246208.0,603979776.0,55296.0,176160768.0,780195840.0,120934400.0,102400.0,25165824.0,146202624.0,1039644672.0,1.769472,accelergy_plugin,accelergy_component_library_table_plugin,8.0,7.0,1.0,1.0,17.529344,64,1121878016.0,0.0,1.039644672,18.22428909325517,0.03118934016
hires,2048,2048,128,128,3,8,1024,800.0,is,49408256.0,0.0,113246208,114819072.0,75497472.0,14155776.0,25165824.0,101351424.0,75776000.0,409600.0,25165824.0,113246208.0,603979776.0,113246208.0,176160768.0,893386752.0,75776000.0,409600.0,25165824.0,101351424.0,1107984384.0,1.769472,accelergy_plugin,accelergy_component_library_table_plugin,8.0,7.0,1.0,1.0,49.408255999999994,64,3162128384.0,0.0,1.107984384,54.7435760886743,0.03323953152
hires,2048,2048,128,128,3,8,1024,800.0,os,24226816.0,0.0,113246208,119013376.0,75497472.0,14155776.0,29360128.0,88768512.0,75776000.0,409600.0,12582912.0,113246208.0,603979776.0,113246208.0,205520896.0,922746880.0,75776000.0,409600.0,12582912.0,88768512.0,1124761600.0,1.769472,accelergy_plugin,accelergy_component_library_table_plugin,8.0,7.0,1.0,1.0,24.226816000000003,64,1550516224.0,0.0,1.1247616,27.249392327065603,0.033742848
hires,2048,2048,128,128,3,8,1024,800.0,ws,16981760.0,0.0,113246208,100670208.0,75497472.0,6912.0,25165824.0,146817024.0,121241600.0,409600.0,25165824.0,113246208.0,603979776.0,55296.0,176160768.0,780195840.0,121241600.0,409600.0,25165824.0,146817024.0,1040259072.0,1.769472,accelergy_plugin,accelergy_component_library_table_plugin,8.0,7.0,1.0,1.0,16.981759999999998,64,1086832640.0,0.0,1.040259072,17.665429898526718,0.03120777216
hires,2048,2048,128,128,3,8,4096,50.0,is,51296000.0,0.0,113246208,114819072.0,75497472.0,14155776.0,25165824.0,100711424.0,75520000.0,25600.0,25165824.0,113246208.0,603979776.0,113246208.0,176160768.0,893386752.0,75520000.0,25600.0,25165824.0,100711424.0,1107344384.0,1.769472,accelergy_plugin,accelergy_component_library_table_plugin,8.0,7.0,1.0,1.0,51.296,64,3282944000.0,0.0,1.107344384,56.80233752166399,0.03322033152
hires,2048,2048,128,128,3,8,4096,50.0,os,25878528.0,0.0,113246208,119013376.0,75497472.0,14155776.0,29360128.0,88154112.0,75520000.0,51200.0,12582912.0,113246208.0,603979776.0,113246208.0,205520896.0,922746880.0,75520000.0,51200.0,12582912.0,88154112.0,1124147200.0,1.769472,accelergy_plugin,accelergy_component_library_table_plugin,8.0,7.0,1.0,1.0,25.878528000000003,64,1656225792.0,0.0,1.1241472,29.091274791321602,0.033724416
hires,2048,2048,128,128,3,8,4096,50.0,ws,19986688.0,0.0,113246208,100670208.0,75497472.0,6912.0,25165824.0,159437824.0,134220800.0,51200.0,25165824.0,113246208.0,603979776.0,55296.0,176160768.0,780195840.0,134220800.0,51200.0,25165824.0,159437824.0,1052879872.0,1.769472,accelergy_plugin,accelergy_component_library_table_plugin,8.0,7.0,1.0,1.0,19.986687999999997,64,1279148032.0,0.0,1.052879872,21.043581503143937,0.03158639616
hires,2048,2048,128,128,3,8,4096,200.0,is,49785856.0,0.0,113246208,114819072.0,75497472.0,14155776.0,25165824.0,100839424.0,75571200.0,102400.0,25165824.0,113246208.0,603979776.0,113246208.0,176160768.0,893386752.0,75571200.0,102400.0,25165824.0,100839424.0,1107472384.0,1.769472,accelergy_plugin,accelergy_component_library_table_plugin,8.0,7.0,1.0,1.0,49.785856,64,3186294784.0,0.0,1.107472384,55.13646063380071,0.03322417152
hires,2048,2048,128,128,3,8,4096,200.0,os,24557056.0,0.0,113246208,119013376.0,75497472.0,14155776.0,29360128.0,88256512.0,75571200.0,102400.0,12582912.0,113246208.0,603979776.0,113246208.0,205520896.0,922746880.0,75571200.0,102400.0,12582912.0,88256512.0,1124249600.0,1.769472,accelergy_plugin,accelergy_component_library_table_plugin,8.0,7.0,1.0,1.0,24.557056,64,1571651584.0,0.0,1.1242496,27.608260385177598,0.033727488
hires,2048,2048,128,128,3,8,4096,200.0,ws,17595904.0,0.0,113246208,100670208.0,75497472.0,6912.0,25165824.0,159514624.0,134246400.0,102400.0,25165824.0,113246208.0,603979776.0,55296.0,176160768.0,780195840.0,134246400.0,102400.0,25165824.0,159514624.0,1052956672.0,1.769472,accelergy_plugin,accelergy_component_library_table_plugin,8.0,7.0,1.0,1.0,17.595903999999997,64,1126137856.0,0.0,1.052956672,18.527724516671487,0.03158870016
hires,2048,2048,128,128,3,8,4096,800.0,is,49408256.0,0.0,113246208,114819072.0,75497472.0,14155776.0,25165824.0,101351424.0,75776000.0,409600.0,25165824.0,113246208.0,603979776.0,113246208.0,176160768.0,893386752.0,75776000.0,409600.0,25165824.0,101351424.0,1107984384.0,1.769472,accelergy_plugin,accelergy_component_library_table_plugin,8.0,7.0,1.0,1.0,49.408255999999994,64,3162128384.0,0.0,1.107984384,54.7435760886743,0.03323953152
hires,2048,2048,128,128,3,8,4096,800.0,os,24226816.0,0.0,113246208,119013376.0,75497472.0,14155776.0,29360128.0,88768512.0,75776000.0,409600.0,12582912.0,113246208.0,603979776.0,113246208.0,205520896.0,922746880.0,75776000.0,409600.0,12582912.0,88768512.0,1124761600.0,1.769472,accelergy_plugin,accelergy_component_library_table_plugin,8.0,7.0,1.0,1.0,24.226816000000003,64,1550516224.0,0.0,1.1247616,27.249392327065603,0.033742848
hires,2048,2048,128,128,3,8,4096,800.0,ws,16998144.0,0.0,113246208,100670208.0,75497472.0,6912.0,25165824.0,159924224.0,134348800.0,409600.0,25165824.0,113246208.0,603979776.0,55296.0,176160768.0,780195840.0,134348800.0,409600.0,25165824.0,159924224.0,1053366272.0,1.769472,accelergy_plugin,accelergy_component_library_table_plugin,8.0,7.0,1.0,1.0,16.998144,64,1087881216.0,0.0,1.053366272,17.90527157619917,0.03160098816
hires,2048,2048,128,128,3,16,256,50.0,is,25757696.0,0.0,113246208,95158272.0,75497472.0,7077888.0,12582912.0,404646912.0,392038400.0,25600.0,12582912.0,113246208.0,603979776.0,56623104.0,88080384.0,748683264.0,392038400.0,25600.0,12582912.0,404646912.0,1266576384.0,0.442368,accelergy_plugin,accelergy_component_library_table_plugin,8.0,7.0,1.0,1.0,25.757696,256,6593970176.0,0.0,1.266576384,32.62408945985126,0.03799729152
hires,2048,2048,128,128,3,16,256,50.0,os,21301248.0,0.0,113246208,111935488.0,75497472.0,7077888.0,29360128.0,404698112.0,392038400.0,76800.0,12582912.0,113246208.0,603979776.0,56623104.0,205520896.0,866123776.0,392038400.0,76800.0,12582912.0,404698112.0,1384068096.0,0.442368,accelergy_plugin,accelergy_component_library_table_plugin,8.0,7.0,1.0,1.0,21.301247999999998,256,5453119488.0,0.0,1.384068096,29.482377761783805,0.04152204288
hires,2048,2048,128,128,3,16,256,50.0,ws,9266176.0,0.0,113246208,88087296.0,75497472.0,6912.0,12582912.0,103130112.0,90470400.0,76800.0,12582912.0,113246208.0,603979776.0,55296.0,88080384.0,692115456.0,90470400.0,76800.0,12582912.0,103130112.0,908491776.0,0.442368,accelergy_plugin,accelergy_component_library_table_plugin,8.0,7.0,1.0,1.0,9.266176,256,2372141056.0,0.0,0.908491776,8.418244690968576,0.02725475328
hires,2048,2048,128,128,3,16,256,200.0,is,25116672.0,0.0,113246208,95158272.0,75497472.0,7077888.0,12582912.0,405389312.0,392704000.0,102400.0,12582912.0,113246208.0,603979776.0,56623104.0,88080384.0,748683264.0,392704000.0,102400.0,12582912.0,405389312.0,1267318784.0,0.442368,accelergy_plugin,accelergy_component_library_table_plugin,8.0,7.0,1.0,1.0,25.116672,256,6429868032.0,0.0,1.267318784,31.83083021716685,0.03801956352
hires,2048,2048,128,128,3,16,256,200.0,os,20660224.0,0.0,113246208,111935488.0,75497472.0,7077888.0,29360128.0,405389312.0,392704000.0,102400.0,12582912.0,113246208.0,603979776.0,56623104.0,205520896.0,866123776.0,392704000.0,102400.0,12582912.0,405389312.0,1384759296.0,0.442368,accelergy_plugin,accelergy_component_library_table_plugin,8.0,7.0,1.0,1.0,20.660224000000003,256,5289017344.0,0.0,1.384759296,28.609437241442308,0.04154277888
hires,2048,2048,128,128,3,16,256,200.0,ws,8625152.0,0.0,113246208,88087296.0,75497472.0,6912.0,12582912.0,103309312.0,90624000.0,102400.0,12582912.0,113246208.0,603979776.0,55296.0,88080384.0,692115456.0,90624000.0,102400.0,12582912.0,103309312.0,908670976.0,0.442368,accelergy_plugin,accelergy_component_library_table_plugin,8.0,7.0,1.0,1.0,8.625152,256,2208038912.0,0.0,0.908670976,7.837425285988352,0.02726012928
hires,2048,2048,128,128,3,16,256,800.0,is,24956416.0,0.0,113246208,95158272.0,75497472.0,7077888.0,12582912.0,407027712.0,394035200.0,409600.0,12582912.0,113246208.0,603979776.0,56623104.0,88080384.0,748683264.0,394035200.0,409600.0,12582912.0,407027712.0,1268957184.0,0.442368,accelergy_plugin,accelergy_component_library_table_plugin,8.0,7.0,1.0,1.0,24.956415999999997,256,6388842496.0,0.0,1.268957184,31.66862337009254,0.03806871552
hires,2048,2048,128,128,3,16,256,800.0,os,20499968.0,0.0,113246208,111935488.0,75497472.0,7077888.0,29360128.0,407027712.0,394035200.0,409600.0,12582912.0,113246208.0,603979776.0,56623104.0,205520896.0,866123776.0,394035200.0,409600.0,12582912.0,407027712.0,1386397696.0,0.442368,accelergy_plugin,accelergy_component_library_table_plugin,8.0,7.0,1.0,1.0,20.499968,256,5247991808.0,0.0,1.386397696,28.421108403273728,0.04159193088
hires,2048,2048,128,128,3,16,256,800.0,ws,8464896.0,0.0,113246208,88087296.0,75497472.0,6912.0,12582912.0,103923712.0,90931200.0,409600.0,12582912.0,113246208.0,603979776.0,55296.0,88080384.0,692115456.0,90931200.0,409600.0,12582912.0,103923712.0,909285376.0,0.442368,accelergy_plugin,accelergy_component_library_table_plugin,8.0,7.0,1.0,1.0,8.464896,256,2167013376.0,0.0,0.909285376,7.6970061421608955,0.02727856128
hires,2048,2048,128,128,3,16,1024,50.0,is,26664960.0,0.0,113246208,95158272.0,75497472.0,7077888.0,12582912.0,88128512.0,75520000.0,25600.0,12582912.0,113246208.0,603979776.0,56623104.0,88080384.0,748683264.0,75520000.0,25600.0,12582912.0,88128512.0,950057984.0,0.442368,accelergy_plugin,accelergy_component_library_table_plugin,8.0,7.0,1.0,1.0,26.66496,256,6826229760.0,0.0,0.950057984,25.33325814104064,0.02850173952
hires,2048,2048,128,128,3,16,1024,50.0,os,22208512.0,0.0,113246208,111935488.0,75497472.0,7077888.0,29360128.0,88179712.0,75520000.0,76800.0,12582912.0,113246208.0,603979776.0,56623104.0,205520896.0,866123776.0,75520000.0,76800.0,12582912.0,88179712.0,1067549696.0,0.442368,accelergy_plugin,accelergy_component_library_table_plugin,8.0,7.0,1.0,1.0,22.208512,256,5685379072.0,0.0,1.067549696,23.708690234212348,0.03202649088
hires,2048,2048,128,128,3,16,1024,50.0,ws,11080192.0,0.0,113246208,88087296.0,75497472.0,6912.0,12582912.0,133517312.0,120857600.0,76800.0,12582912.0,113246208.0,603979776.0,55296.0,88080384.0,692115456.0,120857600.0,76800.0,12582912.0,133517312.0,938878976.0,0.442368,accelergy_plugin,accelergy_component_library_table_plugin,8.0,7.0,1.0,1.0,11.080192,256,2836529152.0,0.0,0.938878976,10.402959318843392,0.02816636928
hires,2048,2048,128,128,3,16,1024,200.0,is,25343488.0,0.0,113246208,95158272.0,75497472.0,7077888.0,12582912.0,88256512.0,75571200.0,102400.0,12582912.0,113246208.0,603979776.0,56623104.0,88080384.0,748683264.0,75571200.0,102400.0,12582912.0,88256512.0,950185984.0,0.442368,accelergy_plugin,accelergy_component_library_table_plugin,8.0,7.0,1.0,1.0,25.343488,256,6487932928.0,0.0,0.950185984,24.081027083272193,0.02850557952
hires,2048,2048,128,128,3,16,1024,200.0,os,20887040.0,0.0,113246208,111935488.0,75497472.0,7077888.0,29360128.0,88256512.0,75571200.0,102400.0,12582912.0,113246208.0,603979776.0,56623104.0,205520896.0,866123776.0,75571200.0,102400.0,12582912.0,88256512.0,1067626496.0,0.442368,accelergy_plugin,accelergy_component_library_table_plugin,8.0,7.0,1.0,1.0,20.88704,256,5347082240.0,0.0,1.067626496,22.299557327011836,0.03202879488
hires,2048,2048,128,128,3,16,1024,200.0,ws,9078784.0,0.0,113246208,88087296.0,75497472.0,6912.0,12582912.0,133619712.0,120934400.0,102400.0,12582912.0,113246208.0,603979776.0,55296.0,88080384.0,692115456.0,120934400.0,102400.0,12582912.0,133619712.0,938981376.0,0.442368,accelergy_plugin,accelergy_component_library_table_plugin,8.0,7.0,1.0,1.0,9.078783999999999,256,2324168704.0,0.0,0.938981376,8.524809092726782,0.02816944128
hires,2048,2048,128,128,3,16,1024,800.0,is,25013248.0,0.0,113246208,95158272.0,75497472.0,7077888.0,12582912.0,88768512.0,75776000.0,409600.0,12582912.0,113246208.0,603979776.0,56623104.0,88080384.0,748683264.0,75776000.0,409600.0,12582912.0,88768512.0,950697984.0,0.442368,accelergy_plugin,accelergy_component_library_table_plugin,8.0,7.0,1.0,1.0,25.013247999999997,256,6403391488.0,0.0,0.950697984,23.78004444689203,0.02852093952
hires,2048,2048,128,128,3,16,1024,800.0,os,20556800.0,0.0,113246208,111935488.0,75497472.0,7077888.0,29360128.0,88768512.0,75776000.0,409600.0,12582912.0,113246208.0,603979776.0,56623104.0,205520896.0,866123776.0,75776000.0,409600.0,12582912.0,88768512.0,1068138496.0,0.442368,accelergy_plugin,accelergy_component_library_table_plugin,8.0,7.0,1.0,1.0,20.5568,256,5262540800.0,0.0,1.068138496,21.9575094345728,0.03204415488
hires,2048,2048,128,128,3,16,1024,800.0,ws,8578560.0,0.0,113246208,88087296.0,75497472.0,6912.0,12582912.0,134234112.0,121241600.0,409600.0,12582912.0,113246208.0,603979776.0,55296.0,88080384.0,692115456.0,121241600.0,409600.0,12582912.0,134234112.0,939595776.0,0.442368,accelergy_plugin,accelergy_component_library_table_plugin,8.0,7.0,1.0,1.0,8.578560000000001,256,2196111360.0,0.0,0.939595776,8.06037874016256,0.02818787328
hires,2048,2048,128,128,3,16,4096,50.0,is,26664960.0,0.0,113246208,95158272.0,75497472.0,7077888.0,12582912.0,88128512.0,75520000.0,25600.0,12582912.0,113246208.0,603979776.0,56623104.0,88080384.0,748683264.0,75520000.0,25600.0,12582912.0,88128512.0,950057984.0,0.442368,accelergy_plugin,accelergy_component_library_table_plugin,8.0,7.0,1.0,1.0,26.66496,256,6826229760.0,0.0,0.950057984,25.33325814104064,0.02850173952
hires,2048,2048,128,128,3,16,4096,50.0,os,22208512.0,0.0,113246208,111935488.0,75497472.0,7077888.0,29360128.0,88179712.0,75520000.0,76800.0,12582912.0,113246208.0,603979776.0,56623104.0,205520896.0,866123776.0,75520000.0,76800.0,12582912.0,88179712.0,1067549696.0,0.442368,accelergy_plugin,accelergy_component_library_table_plugin,8.0,7.0,1.0,1.0,22.208512,256,5685379072.0,0.0,1.067549696,23.708690234212348,0.03202649088
hires,2048,2048,128,128,3,16,4096,50.0,ws,11347456.0,0.0,113246208,88087296.0,75497472.0,6912.0,12582912.0,146880512.0,134220800.0,76800.0,12582912.0,113246208.0,603979776.0,55296.0,88080384.0,692115456.0,134220800.0,76800.0,12582912.0,146880512.0,952242176.0,0.442368,accelergy_plugin,accelergy_component_library_table_plugin,8.0,7.0,1.0,1.0,11.347456000000001,256,2904948736.0,0.0,0.952242176,10.805526193504258,0.02856726528
hires,2048,2048,128,128,3,16,4096,200.0,is,25343488.0,0.0,113246208,95158272.0,75497472.0,7077888.0,12582912.0,88256512.0,75571200.0,102400.0,12582912.0,113246208.0,603979776.0,56623104.0,88080384.0,748683264.0,75571200.0,102400.0,12582912.0,88256512.0,950185984.0,0.442368,accelergy_plugin,accelergy_component_library_table_plugin,8.0,7.0,1.0,1.0,25.343488,256,6487932928.0,0.0,0.950185984,24.081027083272193,0.02850557952
hires,2048,2048,128,128,3,16,4096,200.0,os,20887040.0,0.0,113246208,111935488.0,75497472.0,7077888.0,29360128.0,88256512.0,75571200.0,102400.0,12582912.0,113246208.0,603979776.0,56623104.0,205520896.0,866123776.0,75571200.0,102400.0,12582912.0,88256512.0,1067626496.0,0.442368,accelergy_plugin,accelergy_component_library_table_plugin,8.0,7.0,1.0,1.0,20.88704,256,5347082240.0,0.0,1.067626496,22.299557327011836,0.03202879488
hires,2048,2048,128,128,3,16,4096,200.0,ws,9145344.0,0.0,113246208,88087296.0,75497472.0,6912.0,12582912.0,146931712.0,134246400.0,102400.0,12582912.0,113246208.0,603979776.0,55296.0,88080384.0,692115456.0,134246400.0,102400.0,12582912.0,146931712.0,952293376.0,0.442368,accelergy_plugin,accelergy_component_library_table_plugin,8.0,7.0,1.0,1.0,9.145344,256,2341208064.0,0.0,0.952293376,8.709050512441344,0.02856880128
hires,2048,2048,128,128,3,16,4096,800.0,is,25013248.0,0.0,113246208,95158272.0,75497472.0,7077888.0,12582912.0,88768512.0,75776000.0,409600.0,12582912.0,113246208.0,603979776.0,56623104.0,88080384.0,748683264.0,75776000.0,409600.0,12582912.0,88768512.0,950697984.0,0.442368,accelergy_plugin,accelergy_component_library_table_plugin,8.0,7.0,1.0,1.0,25.013247999999997,256,6403391488.0,0.0,0.950697984,23.78004444689203,0.02852093952
hires,2048,2048,128,128,3,16,4096,800.0,os,20556800.0,0.0,113246208,111935488.0,75497472.0,7077888.0,29360128.0,88768512.0,75776000.0,409600.0,12582912.0,113246208.0,603979776.0,56623104.0,205520896.0,866123776.0,75776000.0,409600.0,12582912.0,88768512.0,1068138496.0,0.442368,accelergy_plugin,accelergy_component_library_table_plugin,8.0,7.0,1.0,1.0,20.5568,256,5262540800.0,0.0,1.068138496,21.9575094345728,0.03204415488
hires,2048,2048,128,128,3,16,4096,800.0,ws,8594944.0,0.0,113246208,88087296.0,75497472.0,6912.0,12582912.0,147341312.0,134348800.0,409600.0,12582912.0,113246208.0,603979776.0,55296.0,88080384.0,692115456.0,134348800.0,409600.0,12582912.0,147341312.0,952702976.0,0.442368,accelergy_plugin,accelergy_component_library_table_plugin,8.0,7.0,1.0,1.0,8.594944,256,2200305664.0,0.0,0.952702976,8.188428727353344,0.02858108928
hires,2048,2048,128,128,3,32,256,50.0,is,25888768.0,0.0,113246208,91619328.0,75497472.0,3538944.0,12582912.0,404659712.0,392038400.0,38400.0,12582912.0,113246208.0,603979776.0,28311552.0,88080384.0,720371712.0,392038400.0,38400.0,12582912.0,404659712.0,1238277632.0,0.110592,accelergy_plugin,accelergy_component_library_table_plugin,8.0,7.0,1.0,1.0,25.888768,1024,26510098432.0,0.0,1.238277632,32.057482334437374,0.03714832896
hires,2048,2048,128,128,3,32,256,50.0,os,19466240.0,0.0,113246208,108396544.0,75497472.0,3538944.0,29360128.0,404774912.0,392038400.0,153600.0,12582912.0,113246208.0,603979776.0,28311552.0,205520896.0,837812224.0,392038400.0,153600.0,12582912.0,404774912.0,1355833344.0,0.110592,accelergy_plugin,accelergy_component_library_table_plugin,8.0,7.0,1.0,1.0,19.46624,1024,19933429760.0,0.0,1.355833344,26.39297727430656,0.04067500032
hires,2048,2048,128,128,3,32,256,50.0,ws,9290752.0,0.0,113246208,88087296.0,75497472.0,6912.0,12582912.0,103206912.0,90470400.0,153600.0,12582912.0,113246208.0,603979776.0,55296.0,88080384.0,692115456.0,90470400.0,153600.0,12582912.0,103206912.0,908568576.0,0.110592,accelergy_plugin,accelergy_component_library_table_plugin,8.0,7.0,1.0,1.0,9.290752,1024,9513730048.0,0.0,0.908568576,8.441285314609152,0.02725705728
hires,2048,2048,128,128,3,32,256,200.0,is,25247744.0,0.0,113246208,91619328.0,75497472.0,3538944.0,12582912.0,405389312.0,392704000.0,102400.0,12582912.0,113246208.0,603979776.0,28311552.0,88080384.0,720371712.0,392704000.0,102400.0,12582912.0,405389312.0,1239007232.0,0.110592,accelergy_plugin,accelergy_component_library_table_plugin,8.0,7.0,1.0,1.0,25.247743999999997,1024,25853689856.0,0.0,1.239007232,31.282137407684605,0.03717021696
hires,2048,2048,128,128,3,32,256,200.0,os,18825216.0,0.0,113246208,108396544.0,75497472.0,3538944.0,29360128.0,405491712.0,392704000.0,204800.0,12582912.0,113246208.0,603979776.0,28311552.0,205520896.0,837812224.0,392704000.0,204800.0,12582912.0,405491712.0,1356550144.0,0.110592,accelergy_plugin,accelergy_component_library_table_plugin,8.0,7.0,1.0,1.0,18.825215999999998,1024,19277021184.0,0.0,1.356550144,25.537349475631103,0.04069650432
hires,2048,2048,128,128,3,32,256,200.0,ws,8649728.0,0.0,113246208,88087296.0,75497472.0,6912.0,12582912.0,103411712.0,90624000.0,204800.0,12582912.0,113246208.0,603979776.0,55296.0,88080384.0,692115456.0,90624000.0,204800.0,12582912.0,103411712.0,908773376.0,0.110592,accelergy_plugin,accelergy_component_library_table_plugin,8.0,7.0,1.0,1.0,8.649728000000001,1024,8857321472.0,0.0,0.908773376,7.860642516041729,0.02726320128
hires,2048,2048,128,128,3,32,256,800.0,is,25087488.0,0.0,113246208,91619328.0,75497472.0,3538944.0,12582912.0,407027712.0,394035200.0,409600.0,12582912.0,113246208.0,603979776.0,28311552.0,88080384.0,720371712.0,394035200.0,409600.0,12582912.0,407027712.0,1240645632.0,0.110592,accelergy_plugin,accelergy_component_library_table_plugin,8.0,7.0,1.0,1.0,25.087488,1024,25689587712.0,0.0,1.240645632,31.12468240505242,0.03721936896
hires,2048,2048,128,128,3,32,256,800.0,os,18664960.0,0.0,113246208,108396544.0,75497472.0,3538944.0,29360128.0,407027712.0,394035200.0,409600.0,12582912.0,113246208.0,603979776.0,28311552.0,205520896.0,837812224.0,394035200.0,409600.0,12582912.0,407027712.0,1358086144.0,0.110592,accelergy_plugin,accelergy_component_library_table_plugin,8.0,7.0,1.0,1.0,18.66496,1024,19112919040.0,0.0,1.358086144,25.34862355431424,0.04074258432
hires,2048,2048,128,128,3,32,256,800.0,ws,8489472.0,0.0,113246208,88087296.0,75497472.0,6912.0,12582912.0,103923712.0,90931200.0,409600.0,12582912.0,113246208.0,603979776.0,55296.0,88080384.0,692115456.0,90931200.0,409600.0,12582912.0,103923712.0,909285376.0,0.110592,accelergy_plugin,accelergy_component_library_table_plugin,8.0,7.0,1.0,1.0,8.489472,1024,8693219328.0,0.0,0.909285376,7.719352739561471,0.02727856128
hires,2048,2048,128,128,3,32,1024,50.0,is,26796032.0,0.0,113246208,91619328.0,75497472.0,3538944.0,12582912.0,88141312.0,75520000.0,38400.0,12582912.0,113246208.0,603979776.0,28311552.0,88080384.0,720371712.0,75520000.0,38400.0,12582912.0,88141312.0,921759232.0,0.110592,accelergy_plugin,accelergy_component_library_table_plugin,8.0,7.0,1.0,1.0,26.796032,1024,27439136768.0,0.0,0.921759232,24.699489876967423,0.02765277696
hires,2048,2048,128,128,3,32,1024,50.0,os,20373504.0,0.0,113246208,108396544.0,75497472.0,3538944.0,29360128.0,88256512.0,75520000.0,153600.0,12582912.0,113246208.0,603979776.0,28311552.0,205520896.0,837812224.0,75520000.0,153600.0,12582912.0,88256512.0,1039314944.0,0.110592,accelergy_plugin,accelergy_component_library_table_plugin,8.0,7.0,1.0,1.0,20.373504,1024,20862468096.0,0.0,1.039314944,21.174487168843775,0.03117944832
hires,2048,2048,128,128,3,32,1024,50.0,ws,11104768.0,0.0,113246208,88087296.0,75497472.0,6912.0,12582912.0,133594112.0,120857600.0,153600.0,12582912.0,113246208.0,603979776.0,55296.0,88080384.0,692115456.0,120857600.0,153600.0,12582912.0,133594112.0,938955776.0,0.110592,accelergy_plugin,accelergy_component_library_table_plugin,8.0,7.0,1.0,1.0,11.104768,1024,11371282432.0,0.0,0.938955776,10.426886054739969,0.02816867328
hires,2048,2048,128,128,3,32,1024,200.0,is,25474560.0,0.0,113246208,91619328.0,75497472.0,3538944.0,12582912.0,88256512.0,75571200.0,102400.0,12582912.0,113246208.0,603979776.0,28311552.0,88080384.0,720371712.0,75571200.0,102400.0,12582912.0,88256512.0,921874432.0,0.110592,accelergy_plugin,accelergy_component_library_table_plugin,8.0,7.0,1.0,1.0,25.47456,1024,26085949440.0,0.0,0.921874432,23.484345530449918,0.02765623296
hires,2048,2048,128,128,3,32,1024,200.0,os,19052032.0,0.0,113246208,108396544.0,75497472.0,3538944.0,29360128.0,88358912.0,75571200.0,204800.0,12582912.0,113246208.0,603979776.0,28311552.0,205520896.0,837812224.0,75571200.0,204800.0,12582912.0,88358912.0,1039417344.0,0.110592,accelergy_plugin,accelergy_component_library_table_plugin,8.0,7.0,1.0,1.0,19.052032,1024,19509280768.0,0.0,1.039417344,19.80301249924301,0.03118252032
hires,2048,2048,128,128,3,32,1024,200.0,ws,9103360.0,0.0,113246208,88087296.0,75497472.0,6912.0,12582912.0,133722112.0,120934400.0,204800.0,12582912.0,113246208.0,603979776.0,55296.0,88080384.0,692115456.0,120934400.0,204800.0,12582912.0,133722112.0,939083776.0,0.110592,accelergy_plugin,accelergy_component_library_table_plugin,8.0,7.0,1.0,1.0,9.10336,1024,9321840640.0,0.0,0.939083776,8.54881768308736,0.02817251328
hires,2048,2048,128,128,3,32,1024,800.0,is,25144320.0,0.0,113246208,91619328.0,75497472.0,3538944.0,12582912.0,88768512.0,75776000.0,409600.0,12582912.0,113246208.0,603979776.0,28311552.0,88080384.0,720371712.0,75776000.0,409600.0,12582912.0,88768512.0,922386432.0,0.110592,accelergy_plugin,accelergy_component_library_table_plugin,8.0,7.0,1.0,1.0,25.14432,1024,25747783680.0,0.0,0.922386432,23.192779609866243,0.02767159296
hires,2048,2048,128,128,3,32,1024,800.0,os,18721792.0,0.0,113246208,108396544.0,75497472.0,3538944.0,29360128.0,88768512.0,75776000.0,409600.0,12582912.0,113246208.0,603979776.0,28311552.0,205520896.0,837812224.0,75776000.0,409600.0,12582912.0,88768512.0,1039826944.0,0.110592,accelergy_plugin,accelergy_component_library_table_plugin,8.0,7.0,1.0,1.0,18.721792,1024,19171115008.0,0.0,1.039826944,19.46742376156365,0.03119480832
hires,2048,2048,128,128,3,32,1024,800.0,ws,8603136.0,0.0,113246208,88087296.0,75497472.0,6912.0,12582912.0,134234112.0,121241600.0,409600.0,12582912.0,113246208.0,603979776.0,55296.0,88080384.0,692115456.0,121241600.0,409600.0,12582912.0,134234112.0,939595776.0,0.110592,accelergy_plugin,accelergy_component_library_table_plugin,8.0,7.0,1.0,1.0,8.603136000000001,1024,8809611264.0,0.0,0.939595776,8.083470245953537,0.02818787328
hires,2048,2048,128,128,3,32,4096,50.0,is,26796032.0,0.0,113246208,91619328.0,75497472.0,3538944.0,12582912.0,88141312.0,75520000.0,38400.0,12582912.0,113246208.0,603979776.0,28311552.0,88080384.0,720371712.0,75520000.0,38400.0,12582912.0,88141312.0,921759232.0,0.110592,accelergy_plugin,accelergy_component_library_table_plugin,8.0,7.0,1.0,1.0,26.796032,1024,27439136768.0,0.0,0.921759232,24.699489876967423,0.02765277696
hires,2048,2048,128,128,3,32,4096,50.0,os,20373504.0,0.0,113246208,108396544.0,75497472.0,3538944.0,29360128.0,88256512.0,75520000.0,153600.0,12582912.0,113246208.0,603979776.0,28311552.0,205520896.0,837812224.0,75520000.0,153600.0,12582912.0,88256512.0,1039314944.0,0.110592,accelergy_plugin,accelergy_component_library_table_plugin,8.0,7.0,1.0,1.0,20.373504,1024,20862468096.0,0.0,1.039314944,21.174487168843775,0.03117944832
hires,2048,2048,128,128,3,32,4096,50.0,ws,14056448.0,0.0,113246208,88087296.0,75497472.0,6912.0,12582912.0,281178112.0,268441600.0,153600.0,12582912.0,113246208.0,603979776.0,55296.0,88080384.0,692115456.0,268441600.0,153600.0,12582912.0,281178112.0,1086539776.0,0.110592,accelergy_plugin,accelergy_component_library_table_plugin,8.0,7.0,1.0,1.0,14.056448,1024,14393802752.0,0.0,1.086539776,15.272889861275647,0.03259619328
hires,2048,2048,128,128,3,32,4096,200.0,is,25474560.0,0.0,113246208,91619328.0,75497472.0,3538944.0,12582912.0,88256512.0,75571200.0,102400.0,12582912.0,113246208.0,603979776.0,28311552.0,88080384.0,720371712.0,75571200.0,102400.0,12582912.0,88256512.0,921874432.0,0.110592,accelergy_plugin,accelergy_component_library_table_plugin,8.0,7.0,1.0,1.0,25.47456,1024,26085949440.0,0.0,0.921874432,23.484345530449918,0.02765623296
hires,2048,2048,128,128,3,32,4096,200.0,os,19052032.0,0.0,113246208,108396544.0,75497472.0,3538944.0,29360128.0,88358912.0,75571200.0,204800.0,12582912.0,113246208.0,603979776.0,28311552.0,205520896.0,837812224.0,75571200.0,204800.0,12582912.0,88358912.0,1039417344.0,0.110592,accelergy_plugin,accelergy_component_library_table_plugin,8.0,7.0,1.0,1.0,19.052032,1024,19509280768.0,0.0,1.039417344,19.80301249924301,0.03118252032
hires,2048,2048,128,128,3,32,4096,200.0,ws,9841152.0,0.0,113246208,88087296.0,75497472.0,6912.0,12582912.0,281280512.0,268492800.0,204800.0,12582912.0,113246208.0,603979776.0,55296.0,88080384.0,692115456.0,268492800.0,204800.0,12582912.0,281280512.0,1086642176.0,0.110592,accelergy_plugin,accelergy_component_library_table_plugin,8.0,7.0,1.0,1.0,9.841152000000001,1024,10077339648.0,0.0,1.086642176,10.693810823626754,0.03259926528
hires,2048,2048,128,128,3,32,4096,800.0,is,25144320.0,0.0,113246208,91619328.0,75497472.0,3538944.0,12582912.0,88768512.0,75776000.0,409600.0,12582912.0,113246208.0,603979776.0,28311552.0,88080384.0,720371712.0,75776000.0,409600.0,12582912.0,88768512.0,922386432.0,0.110592,accelergy_plugin,accelergy_component_library_table_plugin,8.0,7.0,1.0,1.0,25.14432,1024,25747783680.0,0.0,0.922386432,23.192779609866243,0.02767159296
hires,2048,2048,128,128,3,32,4096,800.0,os,18721792.0,0.0,113246208,108396544.0,75497472.0,3538944.0,29360128.0,88768512.0,75776000.0,409600.0,12582912.0,113246208.0,603979776.0,28311552.0,205520896.0,837812224.0,75776000.0,409600.0,12582912.0,88768512.0,1039826944.0,0.110592,accelergy_plugin,accelergy_component_library_table_plugin,8.0,7.0,1.0,1.0,18.721792,1024,19171115008.0,0.0,1.039826944,19.46742376156365,0.03119480832
hires,2048,2048,128,128,3,32,4096,800.0,ws,8787456.0,0.0,113246208,88087296.0,75497472.0,6912.0,12582912.0,281690112.0,268697600.0,409600.0,12582912.0,113246208.0,603979776.0,55296.0,88080384.0,692115456.0,268697600.0,409600.0,12582912.0,281690112.0,1087051776.0,0.110592,accelergy_plugin,accelergy_component_library_table_plugin,8.0,7.0,1.0,1.0,8.787456,1024,8998354944.0,0.0,1.087051776,9.552419651321857,0.03261155328
hires,2048,2048,128,128,3,64,256,50.0,is,25954304.0,0.0,113246208,89849856.0,75497472.0,1769472.0,12582912.0,404685312.0,392038400.0,64000.0,12582912.0,113246208.0,603979776.0,14155776.0,88080384.0,706215936.0,392038400.0,64000.0,12582912.0,404685312.0,1224147456.0,0.08388608,accelergy_plugin,accelergy_component_library_table_plugin,8.0,7.0,1.0,1.0,25.954304,4096,106308829184.0,0.0,1.224147456,31.771895213850627,0.03672442368
hires,2048,2048,128,128,3,64,256,50.0,os,18548736.0,0.0,113246208,106627072.0,75497472.0,1769472.0,29360128.0,404928512.0,392038400.0,307200.0,12582912.0,113246208.0,603979776.0,14155776.0,205520896.0,823656448.0,392038400.0,307200.0,12582912.0,404928512.0,1341831168.0,0.08388608,accelergy_plugin,accelergy_component_library_table_plugin,8.0,7.0,1.0,1.0,18.548735999999998,4096,75975622656.0,0.0,1.341831168,24.889272091803644,0.04025493504
hires,2048,2048,128,128,3,64,256,50.0,ws,9339904.0,0.0,113246208,88087296.0,75497472.0,6912.0,12582912.0,103360512.0,90470400.0,307200.0,12582912.0,113246208.0,603979776.0,55296.0,88080384.0,692115456.0,90470400.0,307200.0,12582912.0,103360512.0,908722176.0,0.08388608,accelergy_plugin,accelergy_component_library_table_plugin,8.0,7.0,1.0,1.0,9.339903999999999,4096,38256246784.0,0.0,0.908722176,8.487377886511103,0.02726166528
hires,2048,2048,128,128,3,64,256,200.0,is,25313280.0,0.0,113246208,89849856.0,75497472.0,1769472.0,12582912.0,405389312.0,392704000.0,102400.0,12582912.0,113246208.0,603979776.0,14155776.0,88080384.0,706215936.0,392704000.0,102400.0,12582912.0,405389312.0,1224851456.0,0.027648,accelergy_plugin,accelergy_component_library_table_plugin,8.0,7.0,1.0,1.0,25.31328,4096,103683194880.0,0.0,1.224851456,31.005007864135678,0.03674554368
hires,2048,2048,128,128,3,64,256,200.0,os,17907712.0,0.0,113246208,106627072.0,75497472.0,1769472.0,29360128.0,405594112.0,392704000.0,307200.0,12582912.0,113246208.0,603979776.0,14155776.0,205520896.0,823656448.0,392704000.0,307200.0,12582912.0,405594112.0,1342496768.0,0.027648,accelergy_plugin,accelergy_component_library_table_plugin,8.0,7.0,1.0,1.0,17.907712,4096,73349988352.0,0.0,1.342496768,24.041045482274814,0.04027490304
hires,2048,2048,128,128,3,64,256,200.0,ws,8698880.0,0.0,113246208,88087296.0,75497472.0,6912.0,12582912.0,103514112.0,90624000.0,307200.0,12582912.0,113246208.0,603979776.0,55296.0,88080384.0,692115456.0,90624000.0,307200.0,12582912.0,103514112.0,908875776.0,0.027648,accelergy_plugin,accelergy_component_library_table_plugin,8.0,7.0,1.0,1.0,8.69888,4096,35630612480.0,0.0,0.908875776,7.906201310330881,0.02726627328
hires,2048,2048,128,128,3,64,256,800.0,is,25153024.0,0.0,113246208,89849856.0,75497472.0,1769472.0,12582912.0,407027712.0,394035200.0,409600.0,12582912.0,113246208.0,603979776.0,14155776.0,88080384.0,706215936.0,394035200.0,409600.0,12582912.0,407027712.0,1226489856.0,0.027648,accelergy_plugin,accelergy_component_library_table_plugin,8.0,7.0,1.0,1.0,25.153024,4096,103026786304.0,0.0,1.226489856,30.84992878372454,0.03679469568
hires,2048,2048,128,128,3,64,256,800.0,os,17747456.0,0.0,113246208,106627072.0,75497472.0,1769472.0,29360128.0,407027712.0,394035200.0,409600.0,12582912.0,113246208.0,603979776.0,14155776.0,205520896.0,823656448.0,394035200.0,409600.0,12582912.0,407027712.0,1343930368.0,0.027648,accelergy_plugin,accelergy_component_library_table_plugin,8.0,7.0,1.0,1.0,17.747456000000003,4096,72693579776.0,0.0,1.343930368,23.851345073143815,0.04031791104
hires,2048,2048,128,128,3,64,256,800.0,ws,8538624.0,0.0,113246208,88087296.0,75497472.0,6912.0,12582912.0,103923712.0,90931200.0,409600.0,12582912.0,113246208.0,603979776.0,55296.0,88080384.0,692115456.0,90931200.0,409600.0,12582912.0,103923712.0,909285376.0,0.027648,accelergy_plugin,accelergy_component_library_table_plugin,8.0,7.0,1.0,1.0,8.538624,4096,34974203904.0,0.0,0.909285376,7.764045934362625,0.02727856128
hires,2048,2048,128,128,3,64,1024,50.0,is,26861568.0,0.0,113246208,89849856.0,75497472.0,1769472.0,12582912.0,88166912.0,75520000.0,64000.0,12582912.0,113246208.0,603979776.0,14155776.0,88080384.0,706215936.0,75520000.0,64000.0,12582912.0,88166912.0,907629056.0,0.08388608,accelergy_plugin,accelergy_component_library_table_plugin,8.0,7.0,1.0,1.0,26.861568,4096,110024982528.0,0.0,0.907629056,24.380339606519808,0.02722887168
hires,2048,2048,128,128,3,64,1024,50.0,os,19456000.0,0.0,113246208,106627072.0,75497472.0,1769472.0,29360128.0,88410112.0,75520000.0,307200.0,12582912.0,113246208.0,603979776.0,14155776.0,205520896.0,823656448.0,75520000.0,307200.0,12582912.0,88410112.0,1025312768.0,0.08388608,accelergy_plugin,accelergy_component_library_table_plugin,8.0,7.0,1.0,1.0,19.456,4096,79691776000.0,0.0,1.025312768,19.948485214208,0.03075938304
hires,2048,2048,128,128,3,64,1024,50.0,ws,11153920.0,0.0,113246208,88087296.0,75497472.0,6912.0,12582912.0,133747712.0,120857600.0,307200.0,12582912.0,113246208.0,603979776.0,55296.0,88080384.0,692115456.0,120857600.0,307200.0,12582912.0,133747712.0,939109376.0,0.08388608,accelergy_plugin,accelergy_component_library_table_plugin,8.0,7.0,1.0,1.0,11.15392,4096,45686456320.0,0.0,0.939109376,10.47475085115392,0.02817328128
hires,2048,2048,128,128,3,64,1024,200.0,is,25540096.0,0.0,113246208,89849856.0,75497472.0,1769472.0,12582912.0,88256512.0,75571200.0,102400.0,12582912.0,113246208.0,603979776.0,14155776.0,88080384.0,706215936.0,75571200.0,102400.0,12582912.0,88256512.0,907718656.0,0.027648,accelergy_plugin,accelergy_component_library_table_plugin,8.0,7.0,1.0,1.0,25.540096000000002,4096,104612233216.0,0.0,0.907718656,23.183221615230977,0.02723155968
hires,2048,2048,128,128,3,64,1024,200.0,os,18134528.0,0.0,113246208,106627072.0,75497472.0,1769472.0,29360128.0,88461312.0,75571200.0,307200.0,12582912.0,113246208.0,603979776.0,14155776.0,205520896.0,823656448.0,75571200.0,307200.0,12582912.0,88461312.0,1025363968.0,0.027648,accelergy_plugin,accelergy_component_library_table_plugin,8.0,7.0,1.0,1.0,18.134528,4096,74279026688.0,0.0,1.025363968,18.594491587887102,0.03076091904
hires,2048,2048,128,128,3,64,1024,200.0,ws,9152512.0,0.0,113246208,88087296.0,75497472.0,6912.0,12582912.0,133824512.0,120934400.0,307200.0,12582912.0,113246208.0,603979776.0,55296.0,88080384.0,692115456.0,120934400.0,307200.0,12582912.0,133824512.0,939186176.0,0.027648,accelergy_plugin,accelergy_component_library_table_plugin,8.0,7.0,1.0,1.0,9.152512,4096,37488689152.0,0.0,0.939186176,8.595912746074111,0.02817558528
hires,2048,2048,128,128,3,64,1024,800.0,is,25209856.0,0.0,113246208,89849856.0,75497472.0,1769472.0,12582912.0,88768512.0,75776000.0,409600.0,12582912.0,113246208.0,603979776.0,14155776.0,88080384.0,706215936.0,75776000.0,409600.0,12582912.0,88768512.0,908230656.0,0.027648,accelergy_plugin,accelergy_component_library_table_plugin,8.0,7.0,1.0,1.0,25.209856,4096,103259570176.0,0.0,0.908230656,22.896364052545533,0.02724691968
hires,2048,2048,128,128,3,64,1024,800.0,os,17804288.0,0.0,113246208,106627072.0,75497472.0,1769472.0,29360128.0,88768512.0,75776000.0,409600.0,12582912.0,113246208.0,603979776.0,14155776.0,205520896.0,823656448.0,75776000.0,409600.0,12582912.0,88768512.0,1025671168.0,0.027648,accelergy_plugin,accelergy_component_library_table_plugin,8.0,7.0,1.0,1.0,17.804288,4096,72926363648.0,0.0,1.025671168,18.261344868368383,0.03077013504
hires,2048,2048,128,128,3,64,1024,800.0,ws,8652288.0,0.0,113246208,88087296.0,75497472.0,6912.0,12582912.0,134234112.0,121241600.0,409600.0,12582912.0,113246208.0,603979776.0,55296.0,88080384.0,692115456.0,121241600.0,409600.0,12582912.0,134234112.0,939595776.0,0.027648,accelergy_plugin,accelergy_component_library_table_plugin,8.0,7.0,1.0,1.0,8.652287999999999,4096,35439771648.0,0.0,0.939595776,8.129653257535487,0.02818787328
hires,2048,2048,128,128,3,64,4096,50.0,is,26861568.0,0.0,113246208,89849856.0,75497472.0,1769472.0,12582912.0,88166912.0,75520000.0,64000.0,12582912.0,113246208.0,603979776.0,14155776.0,88080384.0,706215936.0,75520000.0,64000.0,12582912.0,88166912.0,907629056.0,0.08388608,accelergy_plugin,accelergy_component_library_table_plugin,8.0,7.0,1.0,1.0,26.861568,4096,110024982528.0,0.0,0.907629056,24.380339606519808,0.02722887168
hires,2048,2048,128,128,3,64,4096,50.0,os,19456000.0,0.0,113246208,106627072.0,75497472.0,1769472.0,29360128.0,88410112.0,75520000.0,307200.0,12582912.0,113246208.0,603979776.0,14155776.0,205520896.0,823656448.0,75520000.0,307200.0,12582912.0,88410112.0,1025312768.0,0.08388608,accelergy_plugin,accelergy_component_library_table_plugin,8.0,7.0,1.0,1.0,19.456,4096,79691776000.0,0.0,1.025312768,19.948485214208,0.03075938304
hires,2048,2048,128,128,3,64,4096,50.0,ws,18399744.0,0.0,113246208,88087296.0,75497472.0,6912.0,12582912.0,496038912.0,483148800.0,307200.0,12582912.0,113246208.0,603979776.0,55296.0,88080384.0,692115456.0,483148800.0,307200.0,12582912.0,496038912.0,1301400576.0,0.08388608,accelergy_plugin,accelergy_component_library_table_plugin,8.0,7.0,1.0,1.0,18.399744,4096,75365351424.0,0.0,1.301400576,23.945437439852544,0.03904201728
hires,2048,2048,128,128,3,64,4096,200.0,is,25540096.0,0.0,113246208,89849856.0,75497472.0,1769472.0,12582912.0,88256512.0,75571200.0,102400.0,12582912.0,113246208.0,603979776.0,14155776.0,88080384.0,706215936.0,75571200.0,102400.0,12582912.0,88256512.0,907718656.0,0.027648,accelergy_plugin,accelergy_component_library_table_plugin,8.0,7.0,1.0,1.0,25.540096000000002,4096,104612233216.0,0.0,0.907718656,23.183221615230977,0.02723155968
hires,2048,2048,128,128,3,64,4096,200.0,os,18134528.0,0.0,113246208,106627072.0,75497472.0,1769472.0,29360128.0,88461312.0,75571200.0,307200.0,12582912.0,113246208.0,603979776.0,14155776.0,205520896.0,823656448.0,75571200.0,307200.0,12582912.0,88461312.0,1025363968.0,0.027648,accelergy_plugin,accelergy_component_library_table_plugin,8.0,7.0,1.0,1.0,18.134528,4096,74279026688.0,0.0,1.025363968,18.594491587887102,0.03076091904
hires,2048,2048,128,128,3,64,4096,200.0,ws,10963968.0,0.0,113246208,88087296.0,75497472.0,6912.0,12582912.0,496115712.0,483225600.0,307200.0,12582912.0,113246208.0,603979776.0,55296.0,88080384.0,692115456.0,483225600.0,307200.0,12582912.0,496115712.0,1301477376.0,0.027648,accelergy_plugin,accelergy_component_library_table_plugin,8.0,7.0,1.0,1.0,10.963968,4096,44908412928.0,0.0,1.301477376,14.269356303187967,0.03904432128
hires,2048,2048,128,128,3,64,4096,800.0,is,25209856.0,0.0,113246208,89849856.0,75497472.0,1769472.0,12582912.0,88768512.0,75776000.0,409600.0,12582912.0,113246208.0,603979776.0,14155776.0,88080384.0,706215936.0,75776000.0,409600.0,12582912.0,88768512.0,908230656.0,0.027648,accelergy_plugin,accelergy_component_library_table_plugin,8.0,7.0,1.0,1.0,25.209856,4096,103259570176.0,0.0,0.908230656,22.896364052545533,0.02724691968
hires,2048,2048,128,128,3,64,4096,800.0,os,17804288.0,0.0,113246208,106627072.0,75497472.0,1769472.0,29360128.0,88768512.0,75776000.0,409600.0,12582912.0,113246208.0,603979776.0,14155776.0,205520896.0,823656448.0,75776000.0,409600.0,12582912.0,88768512.0,1025671168.0,0.027648,accelergy_plugin,accelergy_component_library_table_plugin,8.0,7.0,1.0,1.0,17.804288,4096,72926363648.0,0.0,1.025671168,18.261344868368383,0.03077013504
hires,2048,2048,128,128,3,64,4096,800.0,ws,9104896.0,0.0,113246208,88087296.0,75497472.0,6912.0,12582912.0,496320512.0,483328000.0,409600.0,12582912.0,113246208.0,603979776.0,55296.0,88080384.0,692115456.0,483328000.0,409600.0,12582912.0,496320512.0,1301682176.0,0.027648,accelergy_plugin,accelergy_component_library_table_plugin,8.0,7.0,1.0,1.0,9.104896,4096,37293654016.0,0.0,1.301682176,11.851680837533696,0.03905046528
hires,2048,2048,128,128,3,128,256,50.0,is,25987072.0,0.0,113246208,88965120.0,75497472.0,884736.0,12582912.0,404736512.0,392038400.0,115200.0,12582912.0,113246208.0,603979776.0,7077888.0,88080384.0,699138048.0,392038400.0,115200.0,12582912.0,404736512.0,1217120768.0,0.08388608,accelergy_plugin,accelergy_component_library_table_plugin,8.0,7.0,1.0,1.0,25.987072,16384,425772187648.0,0.0,1.217120768,31.629405030711297,0.03651362304
hires,2048,2048,128,128,3,128,256,50.0,os,18089984.0,0.0,113246208,105742336.0,75497472.0,884736.0,29360128.0,405235712.0,392038400.0,614400.0,12582912.0,113246208.0,603979776.0,7077888.0,205520896.0,816578560.0,392038400.0,614400.0,12582912.0,405235712.0,1335060480.0,0.08388608,accelergy_plugin,accelergy_component_library_table_plugin,8.0,7.0,1.0,1.0,18.089984,16384,296386297856.0,0.0,1.33506048,24.151222722232323,0.0400518144
hires,2048,2048,128,128,3,128,256,50.0,ws,9438208.0,0.0,113246208,88087296.0,75497472.0,6912.0,12582912.0,103667712.0,90470400.0,614400.0,12582912.0,113246208.0,603979776.0,55296.0,88080384.0,692115456.0,90470400.0,614400.0,12582912.0,103667712.0,909029376.0,0.08388608,accelergy_plugin,accelergy_component_library_table_plugin,8.0,7.0,1.0,1.0,9.438208,16384,154635599872.0,0.0,0.909029376,8.579608328798207,0.02727088128
hires,2048,2048,128,128,3,128,256,200.0,is,25346048.0,0.0,113246208,88965120.0,75497472.0,884736.0,12582912.0,405440512.0,392704000.0,153600.0,12582912.0,113246208.0,603979776.0,7077888.0,88080384.0,699138048.0,392704000.0,153600.0,12582912.0,405440512.0,1217824768.0,0.02097152,accelergy_plugin,accelergy_component_library_table_plugin,8.0,7.0,1.0,1.0,25.346048,16384,415269650432.0,0.0,1.217824768,30.867045025316866,0.03653474304
hires,2048,2048,128,128,3,128,256,200.0,os,17448960.0,0.0,113246208,105742336.0,75497472.0,884736.0,29360128.0,405901312.0,392704000.0,614400.0,12582912.0,113246208.0,603979776.0,7077888.0,205520896.0,816578560.0,392704000.0,614400.0,12582912.0,405901312.0,1335726080.0,0.02097152,accelergy_plugin,accelergy_component_library_table_plugin,8.0,7.0,1.0,1.0,17.44896,16384,285883760640.0,0.0,1.33572608,23.3070309408768,0.0400717824
hires,2048,2048,128,128,3,128,256,200.0,ws,8797184.0,0.0,113246208,88087296.0,75497472.0,6912.0,12582912.0,103821312.0,90624000.0,614400.0,12582912.0,113246208.0,603979776.0,55296.0,88080384.0,692115456.0,90624000.0,614400.0,12582912.0,103821312.0,909182976.0,0.02097152,accelergy_plugin,accelergy_component_library_table_plugin,8.0,7.0,1.0,1.0,8.797184,16384,144133062656.0,0.0,0.909182976,7.9982499295395835,0.02727548928
hires,2048,2048,128,128,3,128,256,800.0,is,25185792.0,0.0,113246208,88965120.0,75497472.0,884736.0,12582912.0,407027712.0,394035200.0,409600.0,12582912.0,113246208.0,603979776.0,7077888.0,88080384.0,699138048.0,394035200.0,409600.0,12582912.0,407027712.0,1219411968.0,0.006912,accelergy_plugin,accelergy_component_library_table_plugin,8.0,7.0,1.0,1.0,25.185792,16384,412644016128.0,0.0,1.219411968,30.711856188358656,0.03658235904
hires,2048,2048,128,128,3,128,256,800.0,os,17288704.0,0.0,113246208,105742336.0,75497472.0,884736.0,29360128.0,407437312.0,394035200.0,819200.0,12582912.0,113246208.0,603979776.0,7077888.0,205520896.0,816578560.0,394035200.0,819200.0,12582912.0,407437312.0,1337262080.0,0.006912,accelergy_plugin,accelergy_component_library_table_plugin,8.0,7.0,1.0,1.0,17.288704,16384,283258126336.0,0.0,1.33726208,23.11952827154432,0.0401178624
hires,2048,2048,128,128,3,128,256,800.0,ws,8636928.0,0.0,113246208,88087296.0,75497472.0,6912.0,12582912.0,104333312.0,90931200.0,819200.0,12582912.0,113246208.0,603979776.0,55296.0,88080384.0,692115456.0,90931200.0,819200.0,12582912.0,104333312.0,909694976.0,0.006912,accelergy_plugin,accelergy_component_library_table_plugin,8.0,7.0,1.0,1.0,8.636928000000001,16384,141507428352.0,0.0,0.909694976,7.856970009673729,0.02729084928
hires,2048,2048,128,128,3,128,1024,50.0,is,26894336.0,0.0,113246208,88965120.0,75497472.0,884736.0,12582912.0,88218112.0,75520000.0,115200.0,12582912.0,113246208.0,603979776.0,7077888.0,88080384.0,699138048.0,75520000.0,115200.0,12582912.0,88218112.0,900602368.0,0.08388608,accelergy_plugin,accelergy_component_library_table_plugin,8.0,7.0,1.0,1.0,26.894336000000003,16384,440636801024.0,0.0,0.900602368,24.221102687387653,0.02701807104
hires,2048,2048,128,128,3,128,1024,50.0,os,18997248.0,0.0,113246208,105742336.0,75497472.0,884736.0,29360128.0,88717312.0,75520000.0,614400.0,12582912.0,113246208.0,603979776.0,7077888.0,205520896.0,816578560.0,75520000.0,614400.0,12582912.0,88717312.0,1018542080.0,0.08388608,accelergy_plugin,accelergy_component_library_table_plugin,8.0,7.0,1.0,1.0,18.997248000000003,16384,311250911232.0,0.0,1.01854208,19.349496492195843,0.0305562624
hires,2048,2048,128,128,3,128,1024,50.0,ws,11252224.0,0.0,113246208,88087296.0,75497472.0,6912.0,12582912.0,134054912.0,120857600.0,614400.0,12582912.0,113246208.0,603979776.0,55296.0,88080384.0,692115456.0,120857600.0,614400.0,12582912.0,134054912.0,939416576.0,0.08388608,accelergy_plugin,accelergy_component_library_table_plugin,8.0,7.0,1.0,1.0,11.252224,16384,184356438016.0,0.0,0.939416576,10.570525742465023,0.02818249728
hires,2048,2048,128,128,3,128,1024,200.0,is,25572864.0,0.0,113246208,88965120.0,75497472.0,884736.0,12582912.0,88307712.0,75571200.0,153600.0,12582912.0,113246208.0,603979776.0,7077888.0,88080384.0,699138048.0,75571200.0,153600.0,12582912.0,88307712.0,900691968.0,0.02097152,accelergy_plugin,accelergy_component_library_table_plugin,8.0,7.0,1.0,1.0,25.572864,16384,418985803776.0,0.0,0.900691968,23.03327320355635,0.02702075904
hires,2048,2048,128,128,3,128,1024,200.0,os,17675776.0,0.0,113246208,105742336.0,75497472.0,884736.0,29360128.0,88768512.0,75571200.0,614400.0,12582912.0,113246208.0,603979776.0,7077888.0,205520896.0,816578560.0,75571200.0,614400.0,12582912.0,88768512.0,1018593280.0,0.02097152,accelergy_plugin,accelergy_component_library_table_plugin,8.0,7.0,1.0,1.0,17.675776,16384,289599913984.0,0.0,1.01859328,18.004426652385277,0.0305577984
hires,2048,2048,128,128,3,128,1024,200.0,ws,9250816.0,0.0,113246208,88087296.0,75497472.0,6912.0,12582912.0,134131712.0,120934400.0,614400.0,12582912.0,113246208.0,603979776.0,55296.0,88080384.0,692115456.0,120934400.0,614400.0,12582912.0,134131712.0,939493376.0,0.02097152,accelergy_plugin,accelergy_component_library_table_plugin,8.0,7.0,1.0,1.0,9.250816,16384,151565369344.0,0.0,0.939493376,8.691080354594817,0.02818480128
hires,2048,2048,128,128,3,128,1024,800.0,is,25242624.0,0.0,113246208,88965120.0,75497472.0,884736.0,12582912.0,88768512.0,75776000.0,409600.0,12582912.0,113246208.0,603979776.0,7077888.0,88080384.0,699138048.0,75776000.0,409600.0,12582912.0,88768512.0,901152768.0,0.006912,accelergy_plugin,accelergy_component_library_table_plugin,8.0,7.0,1.0,1.0,25.242624000000003,16384,413575151616.0,0.0,0.901152768,22.747460489183233,0.02703458304
hires,2048,2048,128,128,3,128,1024,800.0,os,17345536.0,0.0,113246208,105742336.0,75497472.0,884736.0,29360128.0,89178112.0,75776000.0,819200.0,12582912.0,113246208.0,603979776.0,7077888.0,205520896.0,816578560.0,75776000.0,819200.0,12582912.0,89178112.0,1019002880.0,0.006912,accelergy_plugin,accelergy_component_library_table_plugin,8.0,7.0,1.0,1.0,17.345536000000003,16384,284189261824.0,0.0,1.01900288,17.675151139143683,0.0305700864
hires,2048,2048,128,128,3,128,1024,800.0,ws,8750592.0,0.0,113246208,88087296.0,75497472.0,6912.0,12582912.0,134643712.0,121241600.0,819200.0,12582912.0,113246208.0,603979776.0,55296.0,88080384.0,692115456.0,121241600.0,819200.0,12582912.0,134643712.0,940005376.0,0.006912,accelergy_plugin,accelergy_component_library_table_plugin,8.0,7.0,1.0,1.0,8.750592,16384,143369699328.0,0.0,0.940005376,8.225603523182592,0.02820016128
hires,2048,2048,128,128,3,128,4096,50.0,is,26894336.0,0.0,113246208,88965120.0,75497472.0,884736.0,12582912.0,88218112.0,75520000.0,115200.0,12582912.0,113246208.0,603979776.0,7077888.0,88080384.0,699138048.0,75520000.0,115200.0,12582912.0,88218112.0,900602368.0,0.08388608,accelergy_plugin,accelergy_component_library_table_plugin,8.0,7.0,1.0,1.0,26.894336000000003,16384,440636801024.0,0.0,0.900602368,24.221102687387653,0.02701807104
hires,2048,2048,128,128,3,128,4096,50.0,os,18997248.0,0.0,113246208,105742336.0,75497472.0,884736.0,29360128.0,88717312.0,75520000.0,614400.0,12582912.0,113246208.0,603979776.0,7077888.0,205520896.0,816578560.0,75520000.0,614400.0,12582912.0,88717312.0,1018542080.0,0.08388608,accelergy_plugin,accelergy_component_library_table_plugin,8.0,7.0,1.0,1.0,18.997248000000003,16384,311250911232.0,0.0,1.01854208,19.349496492195843,0.0305562624
hires,2048,2048,128,128,3,128,4096,50.0,ws,18498048.0,0.0,113246208,88087296.0,75497472.0,6912.0,12582912.0,496346112.0,483148800.0,614400.0,12582912.0,113246208.0,603979776.0,55296.0,88080384.0,692115456.0,483148800.0,614400.0,12582912.0,496346112.0,1301707776.0,0.08388608,accelergy_plugin,accelergy_component_library_table_plugin,8.0,7.0,1.0,1.0,18.498048,16384,303072018432.0,0.0,1.301707776,24.079052922421248,0.03905123328
hires,2048,2048,128,128,3,128,4096,200.0,is,25572864.0,0.0,113246208,88965120.0,75497472.0,884736.0,12582912.0,88307712.0,75571200.0,153600.0,12582912.0,113246208.0,603979776.0,7077888.0,88080384.0,699138048.0,75571200.0,153600.0,12582912.0,88307712.0,900691968.0,0.02097152,accelergy_plugin,accelergy_component_library_table_plugin,8.0,7.0,1.0,1.0,25.572864,16384,418985803776.0,0.0,0.900691968,23.03327320355635,0.02702075904
hires,2048,2048,128,128,3,128,4096,200.0,os,17675776.0,0.0,113246208,105742336.0,75497472.0,884736.0,29360128.0,88768512.0,75571200.0,614400.0,12582912.0,113246208.0,603979776.0,7077888.0,205520896.0,816578560.0,75571200.0,614400.0,12582912.0,88768512.0,1018593280.0,0.02097152,accelergy_plugin,accelergy_component_library_table_plugin,8.0,7.0,1.0,1.0,17.675776,16384,289599913984.0,0.0,1.01859328,18.004426652385277,0.0305577984
hires,2048,2048,128,128,3,128,4096,200.0,ws,11062272.0,0.0,113246208,88087296.0,75497472.0,6912.0,12582912.0,496422912.0,483225600.0,614400.0,12582912.0,113246208.0,603979776.0,55296.0,88080384.0,692115456.0,483225600.0,614400.0,12582912.0,496422912.0,1301784576.0,0.02097152,accelergy_plugin,accelergy_component_library_table_plugin,8.0,7.0,1.0,1.0,11.062272,16384,181244264448.0,0.0,1.301784576,14.400695065116672,0.03905353728
hires,2048,2048,128,128,3,128,4096,800.0,is,25242624.0,0.0,113246208,88965120.0,75497472.0,884736.0,12582912.0,88768512.0,75776000.0,409600.0,12582912.0,113246208.0,603979776.0,7077888.0,88080384.0,699138048.0,75776000.0,409600.0,12582912.0,88768512.0,901152768.0,0.006912,accelergy_plugin,accelergy_component_library_table_plugin,8.0,7.0,1.0,1.0,25.242624000000003,16384,413575151616.0,0.0,0.901152768,22.747460489183233,0.02703458304
hires,2048,2048,128,128,3,128,4096,800.0,os,17345536.0,0.0,113246208,105742336.0,75497472.0,884736.0,29360128.0,89178112.0,75776000.0,819200.0,12582912.0,113246208.0,603979776.0,7077888.0,205520896.0,816578560.0,75776000.0,819200.0,12582912.0,89178112.0,1019002880.0,0.006912,accelergy_plugin,accelergy_component_library_table_plugin,8.0,7.0,1.0,1.0,17.345536000000003,16384,284189261824.0,0.0,1.01900288,17.675151139143683,0.0305700864
hires,2048,2048,128,128,3,128,4096,800.0,ws,9203200.0,0.0,113246208,88087296.0,75497472.0,6912.0,12582912.0,496730112.0,483328000.0,819200.0,12582912.0,113246208.0,603979776.0,55296.0,88080384.0,692115456.0,483328000.0,819200.0,12582912.0,496730112.0,1302091776.0,0.006912,accelergy_plugin,accelergy_component_library_table_plugin,8.0,7.0,1.0,1.0,9.2032,16384,150785228800.0,0.0,1.302091776,11.9834110328832,0.03906275328
hires,2048,2048,128,128,5,8,256,50.0,is,183353088.0,109282048.0,180355072,198705152.0,142606336.0,22544384.0,33554432.0,8100524032.0,8066944000.0,25600.0,33554432.0,180355072.0,1140850688.0,180355072.0,234881024.0,1556086784.0,8066944000.0,25600.0,33554432.0,8100524032.0,9836965888.0,2.818048,accelergy_plugin,accelergy_component_library_table_plugin,8.0,7.0,1.0,1.0,183.35308799999999,64,11734597632.0,59.60196754362818,9.836965888,1803.638072115462,0.29510897664
hires,2048,2048,128,128,5,8,256,50.0,os,33359872.0,0.0,180355072,194510848.0,142606336.0,22544384.0,29360128.0,344384512.0,331724800.0,76800.0,12582912.0,180355072.0,1140850688.0,180355072.0,205520896.0,1526726656.0,331724800.0,76800.0,12582912.0,344384512.0,2051466240.0,2.818048,accelergy_plugin,accelergy_component_library_table_plugin,8.0,7.0,1.0,1.0,33.359871999999996,64,2135031808.0,0.0,2.05146624,68.43665117872126,0.0615439872
hires,2048,2048,128,128,5,8,256,50.0,ws,25870336.0,0.0,180355072,176171776.0,142606336.0,11008.0,33554432.0,184415232.0,150784000.0,76800.0,33554432.0,180355072.0,1140850688.0,88064.0,234881024.0,1375819776.0,150784000.0,76800.0,33554432.0,184415232.0,1740590080.0,2.818048,accelergy_plugin,accelergy_component_library_table_plugin,8.0,7.0,1.0,1.0,25.870336,64,1655701504.0,0.0,1.74059008,45.02965020786689,0.0522177024
hires,2048,2048,128,128,5,8,256,200.0,is,73567744.0,0.0,180355072,198705152.0,142606336.0,22544384.0,33554432.0,8114296832.0,8080640000.0,102400.0,33554432.0,180355072.0,1140850688.0,180355072.0,234881024.0,1556086784.0,8080640000.0,102400.0,33554432.0,8114296832.0,9850738688.0,2.818048,accelergy_plugin,accelergy_component_library_table_plugin,8.0,7.0,1.0,1.0,73.567744,64,4708335616.0,0.0,9.850738688,724.6966220096799,0.29552216064
hires,2048,2048,128,128,5,8,256,200.0,os,32718848.0,0.0,180355072,194510848.0,142606336.0,22544384.0,29360128.0,344973312.0,332288000.0,102400.0,12582912.0,180355072.0,1140850688.0,180355072.0,205520896.0,1526726656.0,332288000.0,102400.0,12582912.0,344973312.0,2052055040.0,2.818048,accelergy_plugin,accelergy_component_library_table_plugin,8.0,7.0,1.0,1.0,32.718848,64,2094006272.0,0.0,2.05205504,67.14087694139393,0.0615616512
hires,2048,2048,128,128,5,8,256,200.0,ws,25367040.0,0.0,180355072,176171776.0,142606336.0,11008.0,33554432.0,184696832.0,151040000.0,102400.0,33554432.0,180355072.0,1140850688.0,88064.0,234881024.0,1375819776.0,151040000.0,102400.0,33554432.0,184696832.0,1740871680.0,2.818048,accelergy_plugin,accelergy_component_library_table_plugin,8.0,7.0,1.0,1.0,25.36704,64,1623490560.0,0.0,1.74087168,44.1607615414272,0.0522261504
hires,2048,2048,128,128,5,8,256,800.0,is,73441792.0,0.0,180355072,198705152.0,142606336.0,22544384.0,33554432.0,8141996032.0,8108032000.0,409600.0,33554432.0,180355072.0,1140850688.0,180355072.0,234881024.0,1556086784.0,8108032000.0,409600.0,33554432.0,8141996032.0,9878437888.0,2.818048,accelergy_plugin,accelergy_component_library_table_plugin,8.0,7.0,1.0,1.0,73.441792,64,4700274688.0,0.0,9.878437888,725.4901806554154,0.29635313664
hires,2048,2048,128,128,5,8,256,800.0,os,32558592.0,0.0,180355072,194510848.0,142606336.0,22544384.0,29360128.0,346406912.0,333414400.0,409600.0,12582912.0,180355072.0,1140850688.0,180355072.0,205520896.0,1526726656.0,333414400.0,409600.0,12582912.0,346406912.0,2053488640.0,2.818048,accelergy_plugin,accelergy_component_library_table_plugin,8.0,7.0,1.0,1.0,32.558592,64,2083749888.0,0.0,2.05348864,66.85869880639487,0.0616046592
hires,2048,2048,128,128,5,8,256,800.0,ws,25241088.0,0.0,180355072,176171776.0,142606336.0,11008.0,33554432.0,185516032.0,151552000.0,409600.0,33554432.0,180355072.0,1140850688.0,88064.0,234881024.0,1375819776.0,151552000.0,409600.0,33554432.0,185516032.0,1741690880.0,2.818048,accelergy_plugin,accelergy_component_library_table_plugin,8.0,7.0,1.0,1.0,25.241087999999998,64,1615429632.0,0.0,1.74169088,43.96217277087744,0.0522507264
hires,2048,2048,128,128,5,8,1024,50.0,is,76034304.0,0.0,180355072,198705152.0,142606336.0,22544384.0,33554432.0,192197632.0,158617600.0,25600.0,33554432.0,180355072.0,1140850688.0,180355072.0,234881024.0,1556086784.0,158617600.0,25600.0,33554432.0,192197632.0,1928639488.0,2.818048,accelergy_plugin,accelergy_component_library_table_plugin,8.0,7.0,1.0,1.0,76.03430399999999,64,4866195456.0,0.0,1.928639488,146.64276113699634,0.05785918464
hires,2048,2048,128,128,5,8,1024,50.0,os,34720512.0,0.0,180355072,194510848.0,142606336.0,22544384.0,29360128.0,171277312.0,158617600.0,76800.0,12582912.0,180355072.0,1140850688.0,180355072.0,205520896.0,1526726656.0,158617600.0,76800.0,12582912.0,171277312.0,1878359040.0,2.818048,accelergy_plugin,accelergy_component_library_table_plugin,8.0,7.0,1.0,1.0,34.720512,64,2222112768.0,0.0,1.87835904,65.21758758862848,0.0563507712
hires,2048,2048,128,128,5,8,1024,50.0,ws,28286976.0,0.0,180355072,176171776.0,142606336.0,11008.0,33554432.0,214917632.0,181286400.0,76800.0,33554432.0,180355072.0,1140850688.0,88064.0,234881024.0,1375819776.0,181286400.0,76800.0,33554432.0,214917632.0,1771092480.0,2.818048,accelergy_plugin,accelergy_component_library_table_plugin,8.0,7.0,1.0,1.0,28.286976,64,1810366464.0,0.0,1.77109248,50.09885047554048,0.0531327744
hires,2048,2048,128,128,5,8,1024,200.0,is,74058496.0,0.0,180355072,198705152.0,142606336.0,22544384.0,33554432.0,192376832.0,158720000.0,102400.0,33554432.0,180355072.0,1140850688.0,180355072.0,234881024.0,1556086784.0,158720000.0,102400.0,33554432.0,192376832.0,1928818688.0,2.818048,accelergy_plugin,accelergy_component_library_table_plugin,8.0,7.0,1.0,1.0,74.058496,64,4739743744.0,0.0,1.928818688,142.84541108997325,0.05786456064
hires,2048,2048,128,128,5,8,1024,200.0,os,33059072.0,0.0,180355072,194510848.0,142606336.0,22544384.0,29360128.0,171405312.0,158720000.0,102400.0,12582912.0,180355072.0,1140850688.0,180355072.0,205520896.0,1526726656.0,158720000.0,102400.0,12582912.0,171405312.0,1878487040.0,2.818048,accelergy_plugin,accelergy_component_library_table_plugin,8.0,7.0,1.0,1.0,33.059072,64,2115780608.0,0.0,1.87848704,62.10103830642688,0.0563546112
hires,2048,2048,128,128,5,8,1024,200.0,ws,25971200.0,0.0,180355072,176171776.0,142606336.0,11008.0,33554432.0,215058432.0,181401600.0,102400.0,33554432.0,180355072.0,1140850688.0,88064.0,234881024.0,1375819776.0,181401600.0,102400.0,33554432.0,215058432.0,1771233280.0,2.818048,accelergy_plugin,accelergy_component_library_table_plugin,8.0,7.0,1.0,1.0,25.9712,64,1662156800.0,0.0,1.77123328,46.001053761536,0.0531369984
hires,2048,2048,128,128,5,8,1024,800.0,is,73564416.0,0.0,180355072,198705152.0,142606336.0,22544384.0,33554432.0,193093632.0,159129600.0,409600.0,33554432.0,180355072.0,1140850688.0,180355072.0,234881024.0,1556086784.0,159129600.0,409600.0,33554432.0,193093632.0,1929535488.0,2.818048,accelergy_plugin,accelergy_component_library_table_plugin,8.0,7.0,1.0,1.0,73.564416,64,4708122624.0,0.0,1.929535488,141.945151325995,0.05788606464
hires,2048,2048,128,128,5,8,1024,800.0,os,32643840.0,0.0,180355072,194510848.0,142606336.0,22544384.0,29360128.0,172122112.0,159129600.0,409600.0,12582912.0,180355072.0,1140850688.0,180355072.0,205520896.0,1526726656.0,159129600.0,409600.0,12582912.0,172122112.0,1879203840.0,2.818048,accelergy_plugin,accelergy_component_library_table_plugin,8.0,7.0,1.0,1.0,32.64384,64,2089205760.0,0.0,1.87920384,61.344429480345596,0.0563761152
hires,2048,2048,128,128,5,8,1024,800.0,ws,25392128.0,0.0,180355072,176171776.0,142606336.0,11008.0,33554432.0,215826432.0,181862400.0,409600.0,33554432.0,180355072.0,1140850688.0,88064.0,234881024.0,1375819776.0,181862400.0,409600.0,33554432.0,215826432.0,1772001280.0,2.818048,accelergy_plugin,accelergy_component_library_table_plugin,8.0,7.0,1.0,1.0,25.392128,64,1625096192.0,0.0,1.77200128,44.994883317923836,0.0531600384
hires,2048,2048,128,128,5,8,4096,50.0,is,76922880.0,0.0,180355072,198705152.0,142606336.0,22544384.0,33554432.0,176197632.0,142617600.0,25600.0,33554432.0,180355072.0,1140850688.0,180355072.0,234881024.0,1556086784.0,142617600.0,25600.0,33554432.0,176197632.0,1912639488.0,2.818048,accelergy_plugin,accelergy_component_library_table_plugin,8.0,7.0,1.0,1.0,76.92287999999999,64,4923064320.0,0.0,1.912639488,147.12573781868542,0.05737918464
hires,2048,2048,128,128,5,8,4096,50.0,os,35609088.0,0.0,180355072,194510848.0,142606336.0,22544384.0,29360128.0,155277312.0,142617600.0,76800.0,12582912.0,180355072.0,1140850688.0,180355072.0,205520896.0,1526726656.0,142617600.0,76800.0,12582912.0,155277312.0,1862359040.0,2.818048,accelergy_plugin,accelergy_component_library_table_plugin,8.0,7.0,1.0,1.0,35.609088,64,2278981632.0,0.0,1.86235904,66.31690694295553,0.0558707712
hires,2048,2048,128,128,5,8,4096,50.0,ws,29896448.0,0.0,180355072,176171776.0,142606336.0,11008.0,33554432.0,234962432.0,201331200.0,76800.0,33554432.0,180355072.0,1140850688.0,88064.0,234881024.0,1375819776.0,201331200.0,76800.0,33554432.0,234962432.0,1791137280.0,2.818048,accelergy_plugin,accelergy_component_library_table_plugin,8.0,7.0,1.0,1.0,29.896448,64,1913372672.0,0.0,1.79113728,53.54864255238144,0.0537341184
hires,2048,2048,128,128,5,8,4096,200.0,is,74280448.0,0.0,180355072,198705152.0,142606336.0,22544384.0,33554432.0,176300032.0,142643200.0,102400.0,33554432.0,180355072.0,1140850688.0,180355072.0,234881024.0,1556086784.0,142643200.0,102400.0,33554432.0,176300032.0,1912741888.0,2.818048,accelergy_plugin,accelergy_component_library_table_plugin,8.0,7.0,1.0,1.0,74.28044799999999,64,4753948672.0,0.0,1.912741888,142.07932434900582,0.05738225664
hires,2048,2048,128,128,5,8,4096,200.0,os,33281024.0,0.0,180355072,194510848.0,142606336.0,22544384.0,29360128.0,155328512.0,142643200.0,102400.0,12582912.0,180355072.0,1140850688.0,180355072.0,205520896.0,1526726656.0,142643200.0,102400.0,12582912.0,155328512.0,1862410240.0,2.818048,accelergy_plugin,accelergy_component_library_table_plugin,8.0,7.0,1.0,1.0,33.281024,64,2129985536.0,0.0,1.86241024,61.98291989528576,0.0558723072
hires,2048,2048,128,128,5,8,4096,200.0,ws,26373376.0,0.0,180355072,176171776.0,142606336.0,11008.0,33554432.0,235026432.0,201369600.0,102400.0,33554432.0,180355072.0,1140850688.0,88064.0,234881024.0,1375819776.0,201369600.0,102400.0,33554432.0,235026432.0,1791201280.0,2.818048,accelergy_plugin,accelergy_component_library_table_plugin,8.0,7.0,1.0,1.0,26.373376,64,1687896064.0,0.0,1.79120128,47.240024849121276,0.0537360384
hires,2048,2048,128,128,5,8,4096,800.0,is,73619712.0,0.0,180355072,198705152.0,142606336.0,22544384.0,33554432.0,176709632.0,142745600.0,409600.0,33554432.0,180355072.0,1140850688.0,180355072.0,234881024.0,1556086784.0,142745600.0,409600.0,33554432.0,176709632.0,1913151488.0,2.818048,accelergy_plugin,accelergy_component_library_table_plugin,8.0,7.0,1.0,1.0,73.619712,64,4711661568.0,0.0,1.913151488,140.84566155893148,0.05739454464
hires,2048,2048,128,128,5,8,4096,800.0,os,32699136.0,0.0,180355072,194510848.0,142606336.0,22544384.0,29360128.0,155738112.0,142745600.0,409600.0,12582912.0,180355072.0,1140850688.0,180355072.0,205520896.0,1526726656.0,142745600.0,409600.0,12582912.0,155738112.0,1862819840.0,2.818048,accelergy_plugin,accelergy_component_library_table_plugin,8.0,7.0,1.0,1.0,32.699135999999996,64,2092744704.0,0.0,1.86281984,60.91259929165823,0.0558845952
hires,2048,2048,128,128,5,8,4096,800.0,ws,25492480.0,0.0,180355072,176171776.0,142606336.0,11008.0,33554432.0,235487232.0,201523200.0,409600.0,33554432.0,180355072.0,1140850688.0,88064.0,234881024.0,1375819776.0,201523200.0,409600.0,33554432.0,235487232.0,1791662080.0,2.818048,accelergy_plugin,accelergy_component_library_table_plugin,8.0,7.0,1.0,1.0,25.49248,64,1631518720.0,0.0,1.79166208,45.673909741158404,0.0537498624
hires,2048,2048,128,128,5,16,256,50.0,is,276079104.0,237916672.0,180355072,170655744.0,142606336.0,11272192.0,16777216.0,13331030016.0,13314227200.0,25600.0,16777216.0,180355072.0,1140850688.0,90177536.0,117440512.0,1348468736.0,13314227200.0,25600.0,16777216.0,13331030016.0,14859853824.0,0.704512,accelergy_plugin,accelergy_component_library_table_plugin,8.0,7.0,1.0,1.0,276.07910400000003,256,70676250624.0,86.17699367786994,14.859853824,4102.495129300894,0.44579561472
hires,2048,2048,128,128,5,16,256,50.0,os,49517568.0,24022016.0,180355072,183238656.0,142606336.0,11272192.0,29360128.0,2108621312.0,2095897600.0,140800.0,12582912.0,180355072.0,1140850688.0,90177536.0,205520896.0,1436549120.0,2095897600.0,140800.0,12582912.0,2108621312.0,3725525504.0,0.704512,accelergy_plugin,accelergy_component_library_table_plugin,8.0,7.0,1.0,1.0,49.517568,256,12676497408.0,48.512107864425005,3.725525504,184.47896248005426,0.11176576512
hires,2048,2048,128,128,5,16,256,50.0,ws,13556224.0,0.0,180355072,159394560.0,142606336.0,11008.0,16777216.0,167702016.0,150784000.0,140800.0,16777216.0,180355072.0,1140850688.0,88064.0,117440512.0,1258379264.0,150784000.0,140800.0,16777216.0,167702016.0,1606436352.0,0.704512,accelergy_plugin,accelergy_component_library_table_plugin,8.0,7.0,1.0,1.0,13.556224,256,3470393344.0,0.0,1.606436352,21.777211029454847,0.04819309056
hires,2048,2048,128,128,5,16,256,200.0,is,78871808.0,41413376.0,180355072,170655744.0,142606336.0,11272192.0,16777216.0,13353711616.0,13336832000.0,102400.0,16777216.0,180355072.0,1140850688.0,90177536.0,117440512.0,1348468736.0,13336832000.0,102400.0,16777216.0,13353711616.0,14882535424.0,0.704512,accelergy_plugin,accelergy_component_library_table_plugin,8.0,7.0,1.0,1.0,78.871808,256,20191182848.0,52.50719750205295,14.882535424,1173.8124765149266,0.44647606272
hires,2048,2048,128,128,5,16,256,200.0,os,25174272.0,319744.0,180355072,183238656.0,142606336.0,11272192.0,29360128.0,2112192512.0,2099456000.0,153600.0,12582912.0,180355072.0,1140850688.0,90177536.0,205520896.0,1436549120.0,2099456000.0,153600.0,12582912.0,2112192512.0,3729096704.0,0.704512,accelergy_plugin,accelergy_component_library_table_plugin,8.0,7.0,1.0,1.0,25.174272000000002,256,6444613632.0,1.2701221310391815,3.729096704,93.87729474079948,0.11187290112
hires,2048,2048,128,128,5,16,256,200.0,ws,12852224.0,0.0,180355072,159394560.0,142606336.0,11008.0,16777216.0,167970816.0,151040000.0,153600.0,16777216.0,180355072.0,1140850688.0,88064.0,117440512.0,1258379264.0,151040000.0,153600.0,16777216.0,167970816.0,1606705152.0,0.704512,accelergy_plugin,accelergy_component_library_table_plugin,8.0,7.0,1.0,1.0,12.852224000000001,256,3290169344.0,0.0,1.606705152,20.64973451545805,0.04820115456
hires,2048,2048,128,128,5,16,256,800.0,is,37282304.0,0.0,180355072,170655744.0,142606336.0,11272192.0,16777216.0,13399228416.0,13382041600.0,409600.0,16777216.0,180355072.0,1140850688.0,90177536.0,117440512.0,1348468736.0,13382041600.0,409600.0,16777216.0,13399228416.0,14928052224.0,0.704512,accelergy_plugin,accelergy_component_library_table_plugin,8.0,7.0,1.0,1.0,37.282304,256,9544269824.0,0.0,14.928052224,556.5521811430441,0.44784156672
hires,2048,2048,128,128,5,16,256,800.0,os,24694272.0,0.0,180355072,183238656.0,142606336.0,11272192.0,29360128.0,2119565312.0,2106572800.0,409600.0,12582912.0,180355072.0,1140850688.0,90177536.0,205520896.0,1436549120.0,2106572800.0,409600.0,12582912.0,2119565312.0,3736469504.0,0.704512,accelergy_plugin,accelergy_component_library_table_plugin,8.0,7.0,1.0,1.0,24.694271999999998,256,6321733632.0,0.0,3.736469504,92.26939425148107,0.11209408512
hires,2048,2048,128,128,5,16,256,800.0,ws,12676096.0,0.0,180355072,159394560.0,142606336.0,11008.0,16777216.0,168738816.0,151552000.0,409600.0,16777216.0,180355072.0,1140850688.0,88064.0,117440512.0,1258379264.0,151552000.0,409600.0,16777216.0,168738816.0,1607473152.0,0.704512,accelergy_plugin,accelergy_component_library_table_plugin,8.0,7.0,1.0,1.0,12.676096,256,3245080576.0,0.0,1.607473152,20.37648399217459,0.04822419456
hires,2048,2048,128,128,5,16,1024,50.0,is,39523072.0,0.0,180355072,170655744.0,142606336.0,11272192.0,16777216.0,175420416.0,158617600.0,25600.0,16777216.0,180355072.0,1140850688.0,90177536.0,117440512.0,1348468736.0,158617600.0,25600.0,16777216.0,175420416.0,1704244224.0,0.704512,accelergy_plugin,accelergy_component_library_table_plugin,8.0,7.0,1.0,1.0,39.523072,256,10117906432.0,0.0,1.704244224,67.35696717073613,0.05112732672
hires,2048,2048,128,128,5,16,1024,50.0,os,26856192.0,0.0,180355072,183238656.0,142606336.0,11272192.0,29360128.0,171341312.0,158617600.0,140800.0,12582912.0,180355072.0,1140850688.0,90177536.0,205520896.0,1436549120.0,158617600.0,140800.0,12582912.0,171341312.0,1788245504.0,0.704512,accelergy_plugin,accelergy_component_library_table_plugin,8.0,7.0,1.0,1.0,26.856192,256,6875185152.0,0.0,1.788245504,48.02546459856077,0.05364736512
hires,2048,2048,128,128,5,16,1024,50.0,ws,15370240.0,0.0,180355072,159394560.0,142606336.0,11008.0,16777216.0,198204416.0,181286400.0,140800.0,16777216.0,180355072.0,1140850688.0,88064.0,117440512.0,1258379264.0,181286400.0,140800.0,16777216.0,198204416.0,1636938752.0,0.704512,accelergy_plugin,accelergy_component_library_table_plugin,8.0,7.0,1.0,1.0,15.37024,256,3934781440.0,0.0,1.636938752,25.16014148354048,0.04910816256
hires,2048,2048,128,128,5,16,1024,200.0,is,37798656.0,0.0,180355072,170655744.0,142606336.0,11272192.0,16777216.0,175599616.0,158720000.0,102400.0,16777216.0,180355072.0,1140850688.0,90177536.0,117440512.0,1348468736.0,158720000.0,102400.0,16777216.0,175599616.0,1704423424.0,0.704512,accelergy_plugin,accelergy_component_library_table_plugin,8.0,7.0,1.0,1.0,37.798656,256,9676455936.0,0.0,1.704423424,64.42491468211814,0.05113270272
hires,2048,2048,128,128,5,16,1024,200.0,os,25194752.0,0.0,180355072,183238656.0,142606336.0,11272192.0,29360128.0,171456512.0,158720000.0,153600.0,12582912.0,180355072.0,1140850688.0,90177536.0,205520896.0,1436549120.0,158720000.0,153600.0,12582912.0,171456512.0,1788360704.0,0.704512,accelergy_plugin,accelergy_component_library_table_plugin,8.0,7.0,1.0,1.0,25.194752,256,6449856512.0,0.0,1.788360704,45.057304423825414,0.05365082112
hires,2048,2048,128,128,5,16,1024,200.0,ws,13305856.0,0.0,180355072,159394560.0,142606336.0,11008.0,16777216.0,198332416.0,181401600.0,153600.0,16777216.0,180355072.0,1140850688.0,88064.0,117440512.0,1258379264.0,181401600.0,153600.0,16777216.0,198332416.0,1637066752.0,0.704512,accelergy_plugin,accelergy_component_library_table_plugin,8.0,7.0,1.0,1.0,13.305856,256,3406299136.0,0.0,1.637066752,21.782574464499714,0.04911200256
hires,2048,2048,128,128,5,16,1024,800.0,is,37367552.0,0.0,180355072,170655744.0,142606336.0,11272192.0,16777216.0,176316416.0,159129600.0,409600.0,16777216.0,180355072.0,1140850688.0,90177536.0,117440512.0,1348468736.0,159129600.0,409600.0,16777216.0,176316416.0,1705140224.0,0.704512,accelergy_plugin,accelergy_component_library_table_plugin,8.0,7.0,1.0,1.0,37.367551999999996,256,9566093312.0,0.0,1.705140224,63.71691598761164,0.05115420672
hires,2048,2048,128,128,5,16,1024,800.0,os,24779520.0,0.0,180355072,183238656.0,142606336.0,11272192.0,29360128.0,172122112.0,159129600.0,409600.0,12582912.0,180355072.0,1140850688.0,90177536.0,205520896.0,1436549120.0,159129600.0,409600.0,12582912.0,172122112.0,1789026304.0,0.704512,accelergy_plugin,accelergy_component_library_table_plugin,8.0,7.0,1.0,1.0,24.779519999999998,256,6343557120.0,0.0,1.789026304,44.33121308049408,0.05367078912
hires,2048,2048,128,128,5,16,1024,800.0,ws,12789760.0,0.0,180355072,159394560.0,142606336.0,11008.0,16777216.0,199049216.0,181862400.0,409600.0,16777216.0,180355072.0,1140850688.0,88064.0,117440512.0,1258379264.0,181862400.0,409600.0,16777216.0,199049216.0,1637783552.0,0.704512,accelergy_plugin,accelergy_component_library_table_plugin,8.0,7.0,1.0,1.0,12.789760000000001,256,3274178560.0,0.0,1.637783552,20.946858562027522,0.04913350656
hires,2048,2048,128,128,5,16,4096,50.0,is,40411648.0,0.0,180355072,170655744.0,142606336.0,11272192.0,16777216.0,159420416.0,142617600.0,25600.0,16777216.0,180355072.0,1140850688.0,90177536.0,117440512.0,1348468736.0,142617600.0,25600.0,16777216.0,159420416.0,1688244224.0,0.704512,accelergy_plugin,accelergy_component_library_table_plugin,8.0,7.0,1.0,1.0,40.411648,256,10345381888.0,0.0,1.688244224,68.22473131832115,0.05064732672
hires,2048,2048,128,128,5,16,4096,50.0,os,27744768.0,0.0,180355072,183238656.0,142606336.0,11272192.0,29360128.0,155341312.0,142617600.0,140800.0,12582912.0,180355072.0,1140850688.0,90177536.0,205520896.0,1436549120.0,142617600.0,140800.0,12582912.0,155341312.0,1772245504.0,0.704512,accelergy_plugin,accelergy_component_library_table_plugin,8.0,7.0,1.0,1.0,27.744768,256,7102660608.0,0.0,1.772245504,49.17054034752307,0.05316736512
hires,2048,2048,128,128,5,16,4096,50.0,ws,16979712.0,0.0,180355072,159394560.0,142606336.0,11008.0,16777216.0,218249216.0,201331200.0,140800.0,16777216.0,180355072.0,1140850688.0,88064.0,117440512.0,1258379264.0,201331200.0,140800.0,16777216.0,218249216.0,1656983552.0,0.704512,accelergy_plugin,accelergy_component_library_table_plugin,8.0,7.0,1.0,1.0,16.979712,256,4346806272.0,0.0,1.656983552,28.135103501697024,0.04970950656
hires,2048,2048,128,128,5,16,4096,200.0,is,38020608.0,0.0,180355072,170655744.0,142606336.0,11272192.0,16777216.0,159522816.0,142643200.0,102400.0,16777216.0,180355072.0,1140850688.0,90177536.0,117440512.0,1348468736.0,142643200.0,102400.0,16777216.0,159522816.0,1688346624.0,0.704512,accelergy_plugin,accelergy_component_library_table_plugin,8.0,7.0,1.0,1.0,38.020607999999996,256,9733275648.0,0.0,1.688346624,64.19196515922738,0.05065039872
hires,2048,2048,128,128,5,16,4096,200.0,os,25416704.0,0.0,180355072,183238656.0,142606336.0,11272192.0,29360128.0,155379712.0,142643200.0,153600.0,12582912.0,180355072.0,1140850688.0,90177536.0,205520896.0,1436549120.0,142643200.0,153600.0,12582912.0,155379712.0,1772283904.0,0.704512,accelergy_plugin,accelergy_component_library_table_plugin,8.0,7.0,1.0,1.0,25.416704,256,6506676224.0,0.0,1.772283904,45.045615391932415,0.05316851712
hires,2048,2048,128,128,5,16,4096,200.0,ws,13708032.0,0.0,180355072,159394560.0,142606336.0,11008.0,16777216.0,218300416.0,201369600.0,153600.0,16777216.0,180355072.0,1140850688.0,88064.0,117440512.0,1258379264.0,201369600.0,153600.0,16777216.0,218300416.0,1657034752.0,0.704512,accelergy_plugin,accelergy_component_library_table_plugin,8.0,7.0,1.0,1.0,13.708032,256,3509256192.0,0.0,1.657034752,22.714685405528062,0.04971104256
hires,2048,2048,128,128,5,16,4096,800.0,is,37422848.0,0.0,180355072,170655744.0,142606336.0,11272192.0,16777216.0,159932416.0,142745600.0,409600.0,16777216.0,180355072.0,1140850688.0,90177536.0,117440512.0,1348468736.0,142745600.0,409600.0,16777216.0,159932416.0,1688756224.0,0.704512,accelergy_plugin,accelergy_component_library_table_plugin,8.0,7.0,1.0,1.0,37.422848,256,9580249088.0,0.0,1.688756224,63.19806747980596,0.05066268672
hires,2048,2048,128,128,5,16,4096,800.0,os,24834816.0,0.0,180355072,183238656.0,142606336.0,11272192.0,29360128.0,155738112.0,142745600.0,409600.0,12582912.0,180355072.0,1140850688.0,90177536.0,205520896.0,1436549120.0,142745600.0,409600.0,12582912.0,155738112.0,1772642304.0,0.704512,accelergy_plugin,accelergy_component_library_table_plugin,8.0,7.0,1.0,1.0,24.834816,256,6357712896.0,0.0,1.772642304,44.02324545365606,0.05317926912
hires,2048,2048,128,128,5,16,4096,800.0,ws,12890112.0,0.0,180355072,159394560.0,142606336.0,11008.0,16777216.0,218710016.0,201523200.0,409600.0,16777216.0,180355072.0,1140850688.0,88064.0,117440512.0,1258379264.0,201523200.0,409600.0,16777216.0,218710016.0,1657444352.0,0.704512,accelergy_plugin,accelergy_component_library_table_plugin,8.0,7.0,1.0,1.0,12.890112,256,3299868672.0,0.0,1.657444352,21.364643331047425,0.04972333056
hires,2048,2048,128,128,5,32,256,50.0,is,328419584.0,302530816.0,180355072,160825344.0,142606336.0,5636096.0,12582912.0,15950490112.0,15937868800.0,38400.0,12582912.0,180355072.0,1140850688.0,45088768.0,88080384.0,1274019840.0,15937868800.0,38400.0,12582912.0,15950490112.0,17404865024.0,0.176128,accelergy_plugin,accelergy_component_library_table_plugin,8.0,7.0,1.0,1.0,328.419584,1024,336301654016.0,92.11716680086897,17.404865024,5716.09853075823,0.52214595072
hires,2048,2048,128,128,5,32,256,50.0,os,325241856.0,303678464.0,180355072,177602560.0,142606336.0,5636096.0,29360128.0,15950733312.0,15937868800.0,281600.0,12582912.0,180355072.0,1140850688.0,45088768.0,205520896.0,1391460352.0,15937868800.0,281600.0,12582912.0,15950733312.0,17522548736.0,0.176128,accelergy_plugin,accelergy_component_library_table_plugin,8.0,7.0,1.0,1.0,325.241856,1024,333047660544.0,93.37004398351483,17.522548736,5699.066272747094,0.52567646208
hires,2048,2048,128,128,5,32,256,50.0,ws,9290752.0,0.0,180355072,155200256.0,142606336.0,11008.0,12582912.0,163648512.0,150784000.0,281600.0,12582912.0,180355072.0,1140850688.0,88064.0,88080384.0,1229019136.0,150784000.0,281600.0,12582912.0,163648512.0,1573022720.0,0.176128,accelergy_plugin,accelergy_component_library_table_plugin,8.0,7.0,1.0,1.0,9.290752,1024,9513730048.0,0.0,1.57302272,14.61456398188544,0.0471906816
hires,2048,2048,128,128,5,32,256,200.0,is,91902464.0,66654720.0,180355072,160825344.0,142606336.0,5636096.0,12582912.0,15977613312.0,15964928000.0,102400.0,12582912.0,180355072.0,1140850688.0,45088768.0,88080384.0,1274019840.0,15964928000.0,102400.0,12582912.0,15977613312.0,17431988224.0,0.176128,accelergy_plugin,accelergy_component_library_table_plugin,8.0,7.0,1.0,1.0,91.90246400000001,1024,94108123136.0,72.52767455723495,17.431988224,1602.0426702045843,0.52295964672
hires,2048,2048,128,128,5,32,256,200.0,os,88629248.0,67706880.0,180355072,177602560.0,142606336.0,5636096.0,29360128.0,15977818112.0,15964928000.0,307200.0,12582912.0,180355072.0,1140850688.0,45088768.0,205520896.0,1391460352.0,15964928000.0,307200.0,12582912.0,15977818112.0,17549633536.0,0.176128,accelergy_plugin,accelergy_component_library_table_plugin,8.0,7.0,1.0,1.0,88.62924799999999,1024,90756349952.0,76.39338201312505,17.549633536,1555.4108229712608,0.52648900608
hires,2048,2048,128,128,5,32,256,200.0,ws,8649728.0,0.0,180355072,155200256.0,142606336.0,11008.0,12582912.0,163930112.0,151040000.0,307200.0,12582912.0,180355072.0,1140850688.0,88064.0,88080384.0,1229019136.0,151040000.0,307200.0,12582912.0,163930112.0,1573304320.0,0.176128,accelergy_plugin,accelergy_component_library_table_plugin,8.0,7.0,1.0,1.0,8.649728000000001,1024,8857321472.0,0.0,1.57330432,13.608654429224963,0.0471991296
hires,2048,2048,128,128,5,32,256,800.0,is,32748032.0,7660544.0,180355072,160825344.0,142606336.0,5636096.0,12582912.0,16032038912.0,16019046400.0,409600.0,12582912.0,180355072.0,1140850688.0,45088768.0,88080384.0,1274019840.0,16019046400.0,409600.0,12582912.0,16032038912.0,17486413824.0,0.176128,accelergy_plugin,accelergy_component_library_table_plugin,8.0,7.0,1.0,1.0,32.748032,1024,33533984768.0,23.392379731398822,17.486413824,572.6456394735944,0.52459241472
hires,2048,2048,128,128,5,32,256,800.0,os,29469952.0,8707840.0,180355072,177602560.0,142606336.0,5636096.0,29360128.0,16032038912.0,16019046400.0,409600.0,12582912.0,180355072.0,1140850688.0,45088768.0,205520896.0,1391460352.0,16019046400.0,409600.0,12582912.0,16032038912.0,17603854336.0,0.176128,accelergy_plugin,accelergy_component_library_table_plugin,8.0,7.0,1.0,1.0,29.469952,1024,30177230848.0,29.548198789058087,17.603854336,518.7847422969119,0.52811563008
hires,2048,2048,128,128,5,32,256,800.0,ws,8489472.0,0.0,180355072,155200256.0,142606336.0,11008.0,12582912.0,164544512.0,151552000.0,409600.0,12582912.0,180355072.0,1140850688.0,88064.0,88080384.0,1229019136.0,151552000.0,409600.0,12582912.0,164544512.0,1573918720.0,0.176128,accelergy_plugin,accelergy_component_library_table_plugin,8.0,7.0,1.0,1.0,8.489472,1024,8693219328.0,0.0,1.57391872,13.361738903715839,0.0472175616
hires,2048,2048,128,128,5,32,1024,50.0,is,27249408.0,0.0,180355072,160825344.0,142606336.0,5636096.0,12582912.0,171238912.0,158617600.0,38400.0,12582912.0,180355072.0,1140850688.0,45088768.0,88080384.0,1274019840.0,158617600.0,38400.0,12582912.0,171238912.0,1625613824.0,0.176128,accelergy_plugin,accelergy_component_library_table_plugin,8.0,7.0,1.0,1.0,27.249408,1024,27903393792.0,0.0,1.625613824,44.29701434061619,0.04876841472
hires,2048,2048,128,128,5,32,1024,50.0,os,22924032.0,0.0,180355072,177602560.0,142606336.0,5636096.0,29360128.0,171482112.0,158617600.0,281600.0,12582912.0,180355072.0,1140850688.0,45088768.0,205520896.0,1391460352.0,158617600.0,281600.0,12582912.0,171482112.0,1743297536.0,0.176128,accelergy_plugin,accelergy_component_library_table_plugin,8.0,7.0,1.0,1.0,22.924032,1024,23474208768.0,0.0,1.743297536,39.96340850078516,0.05229892608
hires,2048,2048,128,128,5,32,1024,50.0,ws,11104768.0,0.0,180355072,155200256.0,142606336.0,11008.0,12582912.0,194150912.0,181286400.0,281600.0,12582912.0,180355072.0,1140850688.0,88064.0,88080384.0,1229019136.0,181286400.0,281600.0,12582912.0,194150912.0,1603525120.0,0.176128,accelergy_plugin,accelergy_component_library_table_plugin,8.0,7.0,1.0,1.0,11.104768,1024,11371282432.0,0.0,1.60352512,17.80677443977216,0.0481057536
hires,2048,2048,128,128,5,32,1024,200.0,is,25587968.0,0.0,180355072,160825344.0,142606336.0,5636096.0,12582912.0,171405312.0,158720000.0,102400.0,12582912.0,180355072.0,1140850688.0,45088768.0,88080384.0,1274019840.0,158720000.0,102400.0,12582912.0,171405312.0,1625780224.0,0.176128,accelergy_plugin,accelergy_component_library_table_plugin,8.0,7.0,1.0,1.0,25.587968,1024,26202079232.0,0.0,1.625780224,41.60041234674483,0.04877340672
hires,2048,2048,128,128,5,32,1024,200.0,os,21262592.0,0.0,180355072,177602560.0,142606336.0,5636096.0,29360128.0,171610112.0,158720000.0,307200.0,12582912.0,180355072.0,1140850688.0,45088768.0,205520896.0,1391460352.0,158720000.0,307200.0,12582912.0,171610112.0,1743425536.0,0.176128,accelergy_plugin,accelergy_component_library_table_plugin,8.0,7.0,1.0,1.0,21.262592,1024,21772894208.0,0.0,1.743425536,37.069745854349314,0.05230276608
hires,2048,2048,128,128,5,32,1024,200.0,ws,9103360.0,0.0,180355072,155200256.0,142606336.0,11008.0,12582912.0,194291712.0,181401600.0,307200.0,12582912.0,180355072.0,1140850688.0,88064.0,88080384.0,1229019136.0,181401600.0,307200.0,12582912.0,194291712.0,1603665920.0,0.176128,accelergy_plugin,accelergy_component_library_table_plugin,8.0,7.0,1.0,1.0,9.10336,1024,9321840640.0,0.0,1.60366592,14.598748189491202,0.0481099776
hires,2048,2048,128,128,5,32,1024,800.0,is,25172736.0,0.0,180355072,160825344.0,142606336.0,5636096.0,12582912.0,172122112.0,159129600.0,409600.0,12582912.0,180355072.0,1140850688.0,45088768.0,88080384.0,1274019840.0,159129600.0,409600.0,12582912.0,172122112.0,1626497024.0,0.176128,accelergy_plugin,accelergy_component_library_table_plugin,8.0,7.0,1.0,1.0,25.172736,1024,25776881664.0,0.0,1.626497024,40.94338018993766,0.04879491072
hires,2048,2048,128,128,5,32,1024,800.0,os,20847360.0,0.0,180355072,177602560.0,142606336.0,5636096.0,29360128.0,172122112.0,159129600.0,409600.0,12582912.0,180355072.0,1140850688.0,45088768.0,205520896.0,1391460352.0,159129600.0,409600.0,12582912.0,172122112.0,1743937536.0,0.176128,accelergy_plugin,accelergy_component_library_table_plugin,8.0,7.0,1.0,1.0,20.84736,1024,21347696640.0,0.0,1.743937536,36.35649363050496,0.05231812608
hires,2048,2048,128,128,5,32,1024,800.0,ws,8603136.0,0.0,180355072,155200256.0,142606336.0,11008.0,12582912.0,194854912.0,181862400.0,409600.0,12582912.0,180355072.0,1140850688.0,88064.0,88080384.0,1229019136.0,181862400.0,409600.0,12582912.0,194854912.0,1604229120.0,0.176128,accelergy_plugin,accelergy_component_library_table_plugin,8.0,7.0,1.0,1.0,8.603136000000001,1024,8809611264.0,0.0,1.60422912,13.801401294520323,0.0481268736
hires,2048,2048,128,128,5,32,4096,50.0,is,28137984.0,0.0,180355072,160825344.0,142606336.0,5636096.0,12582912.0,155238912.0,142617600.0,38400.0,12582912.0,180355072.0,1140850688.0,45088768.0,88080384.0,1274019840.0,142617600.0,38400.0,12582912.0,155238912.0,1609613824.0,0.176128,accelergy_plugin,accelergy_component_library_table_plugin,8.0,7.0,1.0,1.0,28.137984000000003,1024,28813295616.0,0.0,1.609613824,45.29128802589082,0.04828841472
hires,2048,2048,128,128,5,32,4096,50.0,os,23812608.0,0.0,180355072,177602560.0,142606336.0,5636096.0,29360128.0,155482112.0,142617600.0,281600.0,12582912.0,180355072.0,1140850688.0,45088768.0,205520896.0,1391460352.0,142617600.0,281600.0,12582912.0,155482112.0,1727297536.0,0.176128,accelergy_plugin,accelergy_component_library_table_plugin,8.0,7.0,1.0,1.0,23.812607999999997,1024,24384110592.0,0.0,1.727297536,41.13145912413388,0.05181892608
hires,2048,2048,128,128,5,32,4096,50.0,ws,14056448.0,0.0,180355072,155200256.0,142606336.0,11008.0,12582912.0,281306112.0,268441600.0,281600.0,12582912.0,180355072.0,1140850688.0,88064.0,88080384.0,1229019136.0,268441600.0,281600.0,12582912.0,281306112.0,1690680320.0,0.176128,accelergy_plugin,accelergy_component_library_table_plugin,8.0,7.0,1.0,1.0,14.056448,1024,14393802752.0,0.0,1.69068032,23.764960002703358,0.0507204096
hires,2048,2048,128,128,5,32,4096,200.0,is,25809920.0,0.0,180355072,160825344.0,142606336.0,5636096.0,12582912.0,155328512.0,142643200.0,102400.0,12582912.0,180355072.0,1140850688.0,45088768.0,88080384.0,1274019840.0,142643200.0,102400.0,12582912.0,155328512.0,1609703424.0,0.176128,accelergy_plugin,accelergy_component_library_table_plugin,8.0,7.0,1.0,1.0,25.80992,1024,26429358080.0,0.0,1.609703424,41.54631659716608,0.04829110272
hires,2048,2048,128,128,5,32,4096,200.0,os,21484544.0,0.0,180355072,177602560.0,142606336.0,5636096.0,29360128.0,155533312.0,142643200.0,307200.0,12582912.0,180355072.0,1140850688.0,45088768.0,205520896.0,1391460352.0,142643200.0,307200.0,12582912.0,155533312.0,1727348736.0,0.176128,accelergy_plugin,accelergy_component_library_table_plugin,8.0,7.0,1.0,1.0,21.484544,1024,22000173056.0,0.0,1.727348736,37.11129992193638,0.05182046208
hires,2048,2048,128,128,5,32,4096,200.0,ws,9841152.0,0.0,180355072,155200256.0,142606336.0,11008.0,12582912.0,281382912.0,268492800.0,307200.0,12582912.0,180355072.0,1140850688.0,88064.0,88080384.0,1229019136.0,268492800.0,307200.0,12582912.0,281382912.0,1690757120.0,0.176128,accelergy_plugin,accelergy_component_library_table_plugin,8.0,7.0,1.0,1.0,9.841152000000001,1024,10077339648.0,0.0,1.69075712,16.63899781300224,0.0507227136
hires,2048,2048,128,128,5,32,4096,800.0,is,25228032.0,0.0,180355072,160825344.0,142606336.0,5636096.0,12582912.0,155738112.0,142745600.0,409600.0,12582912.0,180355072.0,1140850688.0,45088768.0,88080384.0,1274019840.0,142745600.0,409600.0,12582912.0,155738112.0,1610113024.0,0.176128,accelergy_plugin,accelergy_component_library_table_plugin,8.0,7.0,1.0,1.0,25.228032000000002,1024,25833504768.0,0.0,1.610113024,40.61998289308877,0.04830339072
hires,2048,2048,128,128,5,32,4096,800.0,os,20902656.0,0.0,180355072,177602560.0,142606336.0,5636096.0,29360128.0,155738112.0,142745600.0,409600.0,12582912.0,180355072.0,1140850688.0,45088768.0,205520896.0,1391460352.0,142745600.0,409600.0,12582912.0,155738112.0,1727553536.0,0.176128,accelergy_plugin,accelergy_component_library_table_plugin,8.0,7.0,1.0,1.0,20.902656,1024,21404319744.0,0.0,1.727553536,36.11045728459162,0.05182660608
hires,2048,2048,128,128,5,32,4096,800.0,ws,8787456.0,0.0,180355072,155200256.0,142606336.0,11008.0,12582912.0,281690112.0,268697600.0,409600.0,12582912.0,180355072.0,1140850688.0,88064.0,88080384.0,1229019136.0,268697600.0,409600.0,12582912.0,281690112.0,1691064320.0,0.176128,accelergy_plugin,accelergy_component_library_table_plugin,8.0,7.0,1.0,1.0,8.787456,1024,8998354944.0,0.0,1.69106432,14.86015330516992,0.0507319296
hires,2048,2048,128,128,5,64,256,50.0,is,328546560.0,302592256.0,180355072,158007296.0,142606336.0,2818048.0,12582912.0,15950515712.0,15937868800.0,64000.0,12582912.0,180355072.0,1140850688.0,22544384.0,88080384.0,1251475456.0,15937868800.0,64000.0,12582912.0,15950515712.0,17382346240.0,0.08388608,accelergy_plugin,accelergy_component_library_table_plugin,8.0,7.0,1.0,1.0,328.54656,4096,1345726709760.0,92.10026609318327,17.38234624,5710.910061880934,0.5214703872
hires,2048,2048,128,128,5,64,256,50.0,os,324837376.0,305240064.0,180355072,174784512.0,142606336.0,2818048.0,29360128.0,15951014912.0,15937868800.0,563200.0,12582912.0,180355072.0,1140850688.0,22544384.0,205520896.0,1368915968.0,15937868800.0,563200.0,12582912.0,15951014912.0,17500285952.0,0.08388608,accelergy_plugin,accelergy_component_library_table_plugin,8.0,7.0,1.0,1.0,324.837376,4096,1330533892096.0,93.96703906387916,17.500285952,5684.746967897342,0.52500857856
hires,2048,2048,128,128,5,64,256,50.0,ws,9339904.0,0.0,180355072,155200256.0,142606336.0,11008.0,12582912.0,163930112.0,150784000.0,563200.0,12582912.0,180355072.0,1140850688.0,88064.0,88080384.0,1229019136.0,150784000.0,563200.0,12582912.0,163930112.0,1573304320.0,0.08388608,accelergy_plugin,accelergy_component_library_table_plugin,8.0,7.0,1.0,1.0,9.339903999999999,4096,38256246784.0,0.0,1.57330432,14.694511311585279,0.0471991296
hires,2048,2048,128,128,5,64,256,200.0,is,91922688.0,66609408.0,180355072,158007296.0,142606336.0,2818048.0,12582912.0,15977613312.0,15964928000.0,102400.0,12582912.0,180355072.0,1140850688.0,22544384.0,88080384.0,1251475456.0,15964928000.0,102400.0,12582912.0,15977613312.0,17409443840.0,0.044032,accelergy_plugin,accelergy_component_library_table_plugin,8.0,7.0,1.0,1.0,91.92268800000001,4096,376515330048.0,72.4624240753273,17.40944384,1600.3228743578422,0.5222833152
hires,2048,2048,128,128,5,64,256,200.0,os,88210688.0,69254400.0,180355072,174784512.0,142606336.0,2818048.0,29360128.0,15978074112.0,15964928000.0,563200.0,12582912.0,180355072.0,1140850688.0,22544384.0,205520896.0,1368915968.0,15964928000.0,563200.0,12582912.0,15978074112.0,17527345152.0,0.044032,accelergy_plugin,accelergy_component_library_table_plugin,8.0,7.0,1.0,1.0,88.21068799999999,4096,361310978048.0,78.51021409106343,17.527345152,1546.0991746713844,0.52582035456
hires,2048,2048,128,128,5,64,256,200.0,ws,8698880.0,0.0,180355072,155200256.0,142606336.0,11008.0,12582912.0,164186112.0,151040000.0,563200.0,12582912.0,180355072.0,1140850688.0,88064.0,88080384.0,1229019136.0,151040000.0,563200.0,12582912.0,164186112.0,1573560320.0,0.044032,accelergy_plugin,accelergy_component_library_table_plugin,8.0,7.0,1.0,1.0,8.69888,4096,35630612480.0,0.0,1.57356032,13.6882123964416,0.0472068096
hires,2048,2048,128,128,5,64,256,800.0,is,32766208.0,7613184.0,180355072,158007296.0,142606336.0,2818048.0,12582912.0,16032038912.0,16019046400.0,409600.0,12582912.0,180355072.0,1140850688.0,22544384.0,88080384.0,1251475456.0,16019046400.0,409600.0,12582912.0,16032038912.0,17463869440.0,0.044032,accelergy_plugin,accelergy_component_library_table_plugin,8.0,7.0,1.0,1.0,32.766208,4096,134210387968.0,23.234864406647237,17.46386944,572.2247785558835,0.5239160832
hires,2048,2048,128,128,5,64,256,800.0,os,29021696.0,10225664.0,180355072,174784512.0,142606336.0,2818048.0,29360128.0,16032243712.0,16019046400.0,614400.0,12582912.0,180355072.0,1140850688.0,22544384.0,205520896.0,1368915968.0,16019046400.0,614400.0,12582912.0,16032243712.0,17581514752.0,0.044032,accelergy_plugin,accelergy_component_library_table_plugin,8.0,7.0,1.0,1.0,29.021696,4096,118872866816.0,35.23455004145864,17.581514752,510.2453763520594,0.52744544256
hires,2048,2048,128,128,5,64,256,800.0,ws,8538624.0,0.0,180355072,155200256.0,142606336.0,11008.0,12582912.0,164749312.0,151552000.0,614400.0,12582912.0,180355072.0,1140850688.0,88064.0,88080384.0,1229019136.0,151552000.0,614400.0,12582912.0,164749312.0,1574123520.0,0.044032,accelergy_plugin,accelergy_component_library_table_plugin,8.0,7.0,1.0,1.0,8.538624,4096,34974203904.0,0.0,1.57412352,13.440848866836483,0.0472237056
hires,2048,2048,128,128,5,64,1024,50.0,is,27314944.0,0.0,180355072,158007296.0,142606336.0,2818048.0,12582912.0,171264512.0,158617600.0,64000.0,12582912.0,180355072.0,1140850688.0,22544384.0,88080384.0,1251475456.0,158617600.0,64000.0,12582912.0,171264512.0,1603095040.0,0.08388608,accelergy_plugin,accelergy_component_library_table_plugin,8.0,7.0,1.0,1.0,27.314944,4096,111882010624.0,0.0,1.60309504,43.78845124427776,0.0480928512
hires,2048,2048,128,128,5,64,1024,50.0,os,20957952.0,0.0,180355072,174784512.0,142606336.0,2818048.0,29360128.0,171763712.0,158617600.0,563200.0,12582912.0,180355072.0,1140850688.0,22544384.0,205520896.0,1368915968.0,158617600.0,563200.0,12582912.0,171763712.0,1721034752.0,0.08388608,accelergy_plugin,accelergy_component_library_table_plugin,8.0,7.0,1.0,1.0,20.957952,4096,85843771392.0,0.0,1.721034752,36.0693637227479,0.05163104256
hires,2048,2048,128,128,5,64,1024,50.0,ws,11153920.0,0.0,180355072,155200256.0,142606336.0,11008.0,12582912.0,194432512.0,181286400.0,563200.0,12582912.0,180355072.0,1140850688.0,88064.0,88080384.0,1229019136.0,181286400.0,563200.0,12582912.0,194432512.0,1603806720.0,0.08388608,accelergy_plugin,accelergy_component_library_table_plugin,8.0,7.0,1.0,1.0,11.15392,4096,45686456320.0,0.0,1.60380672,17.8887318503424,0.0481142016
hires,2048,2048,128,128,5,64,1024,200.0,is,25653504.0,0.0,180355072,158007296.0,142606336.0,2818048.0,12582912.0,171405312.0,158720000.0,102400.0,12582912.0,180355072.0,1140850688.0,22544384.0,88080384.0,1251475456.0,158720000.0,102400.0,12582912.0,171405312.0,1603235840.0,0.044032,accelergy_plugin,accelergy_component_library_table_plugin,8.0,7.0,1.0,1.0,25.653504,4096,105076752384.0,0.0,1.60323584,41.12861703438336,0.0480970752
hires,2048,2048,128,128,5,64,1024,200.0,os,19296512.0,0.0,180355072,174784512.0,142606336.0,2818048.0,29360128.0,171866112.0,158720000.0,563200.0,12582912.0,180355072.0,1140850688.0,22544384.0,205520896.0,1368915968.0,158720000.0,563200.0,12582912.0,171866112.0,1721137152.0,0.044032,accelergy_plugin,accelergy_component_library_table_plugin,8.0,7.0,1.0,1.0,19.296512,4096,79038513152.0,0.0,1.721137152,33.21194370721383,0.05163411456
hires,2048,2048,128,128,5,64,1024,200.0,ws,9152512.0,0.0,180355072,155200256.0,142606336.0,11008.0,12582912.0,194547712.0,181401600.0,563200.0,12582912.0,180355072.0,1140850688.0,88064.0,88080384.0,1229019136.0,181401600.0,563200.0,12582912.0,194547712.0,1603921920.0,0.044032,accelergy_plugin,accelergy_component_library_table_plugin,8.0,7.0,1.0,1.0,9.152512,4096,37488689152.0,0.0,1.60392192,14.67991461986304,0.0481176576
hires,2048,2048,128,128,5,64,1024,800.0,is,25238272.0,0.0,180355072,158007296.0,142606336.0,2818048.0,12582912.0,172122112.0,159129600.0,409600.0,12582912.0,180355072.0,1140850688.0,22544384.0,88080384.0,1251475456.0,159129600.0,409600.0,12582912.0,172122112.0,1603952640.0,0.044032,accelergy_plugin,accelergy_component_library_table_plugin,8.0,7.0,1.0,1.0,25.238272,4096,103375962112.0,0.0,1.60395264,40.48099300343807,0.0481185792
hires,2048,2048,128,128,5,64,1024,800.0,os,18881280.0,0.0,180355072,174784512.0,142606336.0,2818048.0,29360128.0,172326912.0,159129600.0,614400.0,12582912.0,180355072.0,1140850688.0,22544384.0,205520896.0,1368915968.0,159129600.0,614400.0,12582912.0,172326912.0,1721597952.0,0.044032,accelergy_plugin,accelergy_component_library_table_plugin,8.0,7.0,1.0,1.0,18.88128,4096,77337722880.0,0.0,1.721597952,32.50597297913856,0.05164793856
hires,2048,2048,128,128,5,64,1024,800.0,ws,8652288.0,0.0,180355072,155200256.0,142606336.0,11008.0,12582912.0,195059712.0,181862400.0,614400.0,12582912.0,180355072.0,1140850688.0,88064.0,88080384.0,1229019136.0,181862400.0,614400.0,12582912.0,195059712.0,1604433920.0,0.044032,accelergy_plugin,accelergy_component_library_table_plugin,8.0,7.0,1.0,1.0,8.652287999999999,4096,35439771648.0,0.0,1.60443392,13.882024352808957,0.0481330176
hires,2048,2048,128,128,5,64,4096,50.0,is,28203520.0,0.0,180355072,158007296.0,142606336.0,2818048.0,12582912.0,155264512.0,142617600.0,64000.0,12582912.0,180355072.0,1140850688.0,22544384.0,88080384.0,1251475456.0,142617600.0,64000.0,12582912.0,155264512.0,1587095040.0,0.08388608,accelergy_plugin,accelergy_component_library_table_plugin,8.0,7.0,1.0,1.0,28.20352,4096,115521617920.0,0.0,1.58709504,44.7616667025408,0.0476128512
hires,2048,2048,128,128,5,64,4096,50.0,os,21846528.0,0.0,180355072,174784512.0,142606336.0,2818048.0,29360128.0,155763712.0,142617600.0,563200.0,12582912.0,180355072.0,1140850688.0,22544384.0,205520896.0,1368915968.0,142617600.0,563200.0,12582912.0,155763712.0,1705034752.0,0.08388608,accelergy_plugin,accelergy_component_library_table_plugin,8.0,7.0,1.0,1.0,21.846528,4096,89483378688.0,0.0,1.705034752,37.24908945054106,0.05115104256
hires,2048,2048,128,128,5,64,4096,50.0,ws,18399744.0,0.0,180355072,155200256.0,142606336.0,11008.0,12582912.0,496294912.0,483148800.0,563200.0,12582912.0,180355072.0,1140850688.0,88064.0,88080384.0,1229019136.0,483148800.0,563200.0,12582912.0,496294912.0,1905669120.0,0.08388608,accelergy_plugin,accelergy_component_library_table_plugin,8.0,7.0,1.0,1.0,18.399744,4096,75365351424.0,0.0,1.90566912,35.06382395670528,0.0571700736
hires,2048,2048,128,128,5,64,4096,200.0,is,25875456.0,0.0,180355072,158007296.0,142606336.0,2818048.0,12582912.0,155328512.0,142643200.0,102400.0,12582912.0,180355072.0,1140850688.0,22544384.0,88080384.0,1251475456.0,142643200.0,102400.0,12582912.0,155328512.0,1587159040.0,0.044032,accelergy_plugin,accelergy_component_library_table_plugin,8.0,7.0,1.0,1.0,25.875456,4096,105985867776.0,0.0,1.58715904,41.06846390452224,0.0476147712
hires,2048,2048,128,128,5,64,4096,200.0,os,19518464.0,0.0,180355072,174784512.0,142606336.0,2818048.0,29360128.0,155789312.0,142643200.0,563200.0,12582912.0,180355072.0,1140850688.0,22544384.0,205520896.0,1368915968.0,142643200.0,563200.0,12582912.0,155789312.0,1705060352.0,0.044032,accelergy_plugin,accelergy_component_library_table_plugin,8.0,7.0,1.0,1.0,19.518463999999998,4096,79947628544.0,0.0,1.705060352,33.280159098339325,0.05115181056
hires,2048,2048,128,128,5,64,4096,200.0,ws,10963968.0,0.0,180355072,155200256.0,142606336.0,11008.0,12582912.0,496371712.0,483225600.0,563200.0,12582912.0,180355072.0,1140850688.0,88064.0,88080384.0,1229019136.0,483225600.0,563200.0,12582912.0,496371712.0,1905745920.0,0.044032,accelergy_plugin,accelergy_component_library_table_plugin,8.0,7.0,1.0,1.0,10.963968,4096,44908412928.0,0.0,1.90574592,20.89453728301056,0.0571723776
hires,2048,2048,128,128,5,64,4096,800.0,is,25293568.0,0.0,180355072,158007296.0,142606336.0,2818048.0,12582912.0,155738112.0,142745600.0,409600.0,12582912.0,180355072.0,1140850688.0,22544384.0,88080384.0,1251475456.0,142745600.0,409600.0,12582912.0,155738112.0,1587568640.0,0.044032,accelergy_plugin,accelergy_component_library_table_plugin,8.0,7.0,1.0,1.0,25.293568,4096,103602454528.0,0.0,1.58756864,40.15527535050752,0.0476270592
hires,2048,2048,128,128,5,64,4096,800.0,os,18936576.0,0.0,180355072,174784512.0,142606336.0,2818048.0,29360128.0,155942912.0,142745600.0,614400.0,12582912.0,180355072.0,1140850688.0,22544384.0,205520896.0,1368915968.0,142745600.0,614400.0,12582912.0,155942912.0,1705213952.0,0.044032,accelergy_plugin,accelergy_component_library_table_plugin,8.0,7.0,1.0,1.0,18.936576,4096,77564215296.0,0.0,1.705213952,32.29091359830835,0.05115641856
hires,2048,2048,128,128,5,64,4096,800.0,ws,9104896.0,0.0,180355072,155200256.0,142606336.0,11008.0,12582912.0,496525312.0,483328000.0,614400.0,12582912.0,180355072.0,1140850688.0,88064.0,88080384.0,1229019136.0,483328000.0,614400.0,12582912.0,496525312.0,1905899520.0,0.044032,accelergy_plugin,accelergy_component_library_table_plugin,8.0,7.0,1.0,1.0,9.104896,4096,37293654016.0,0.0,1.90589952,17.35301691604992,0.0571769856
hires,2048,2048,128,128,5,128,256,50.0,is,37438976.0,11451904.0,180355072,156598272.0,142606336.0,1409024.0,12582912.0,1369754112.0,1357056000.0,115200.0,12582912.0,180355072.0,1140850688.0,11272192.0,88080384.0,1240203264.0,1357056000.0,115200.0,12582912.0,1369754112.0,2790312448.0,0.08388608,accelergy_plugin,accelergy_component_library_table_plugin,8.0,7.0,1.0,1.0,37.438976,16384,613400182784.0,30.588187027337497,2.790312448,104.46644077317323,0.08370937344
hires,2048,2048,128,128,5,128,256,50.0,os,156796160.0,138181888.0,180355072,173375488.0,142606336.0,1409024.0,29360128.0,7567987712.0,7554278400.0,1126400.0,12582912.0,180355072.0,1140850688.0,11272192.0,205520896.0,1357643776.0,7554278400.0,1126400.0,12582912.0,7567987712.0,9105986560.0,0.08388608,accelergy_plugin,accelergy_component_library_table_plugin,8.0,7.0,1.0,1.0,156.79616,16384,2568948285440.0,88.12836232724067,9.10598656,1427.7837256196094,0.2731795968
hires,2048,2048,128,128,5,128,256,50.0,ws,9438208.0,0.0,180355072,155200256.0,142606336.0,11008.0,12582912.0,164493312.0,150784000.0,1126400.0,12582912.0,180355072.0,1140850688.0,88064.0,88080384.0,1229019136.0,150784000.0,1126400.0,12582912.0,164493312.0,1573867520.0,0.08388608,accelergy_plugin,accelergy_component_library_table_plugin,8.0,7.0,1.0,1.0,9.438208,16384,154635599872.0,0.0,1.57386752,14.85448901820416,0.0472160256
hires,2048,2048,128,128,5,128,256,200.0,is,25346048.0,0.0,180355072,156598272.0,142606336.0,1409024.0,12582912.0,1372096512.0,1359360000.0,153600.0,12582912.0,180355072.0,1140850688.0,11272192.0,88080384.0,1240203264.0,1359360000.0,153600.0,12582912.0,1372096512.0,2792654848.0,0.02097152,accelergy_plugin,accelergy_component_library_table_plugin,8.0,7.0,1.0,1.0,25.346048,16384,415269650432.0,0.0,2.792654848,70.78276382484071,0.08377964544
hires,2048,2048,128,128,5,128,256,200.0,os,45871360.0,27898112.0,180355072,173375488.0,142606336.0,1409024.0,29360128.0,7580813312.0,7567104000.0,1126400.0,12582912.0,180355072.0,1140850688.0,11272192.0,205520896.0,1357643776.0,7567104000.0,1126400.0,12582912.0,7580813312.0,9118812160.0,0.02097152,accelergy_plugin,accelergy_component_library_table_plugin,8.0,7.0,1.0,1.0,45.87136,16384,751556362240.0,60.81814884058375,9.11881216,418.2923153637376,0.2735643648
hires,2048,2048,128,128,5,128,256,200.0,ws,8797184.0,0.0,180355072,155200256.0,142606336.0,11008.0,12582912.0,164749312.0,151040000.0,1126400.0,12582912.0,180355072.0,1140850688.0,88064.0,88080384.0,1229019136.0,151040000.0,1126400.0,12582912.0,164749312.0,1574123520.0,0.02097152,accelergy_plugin,accelergy_component_library_table_plugin,8.0,7.0,1.0,1.0,8.797184,16384,144133062656.0,0.0,1.57412352,13.84785424416768,0.0472237056
hires,2048,2048,128,128,5,128,256,800.0,is,25185792.0,0.0,180355072,156598272.0,142606336.0,1409024.0,12582912.0,1376960512.0,1363968000.0,409600.0,12582912.0,180355072.0,1140850688.0,11272192.0,88080384.0,1240203264.0,1363968000.0,409600.0,12582912.0,1376960512.0,2797518848.0,0.011008,accelergy_plugin,accelergy_component_library_table_plugin,8.0,7.0,1.0,1.0,25.185792,16384,412644016128.0,0.0,2.797518848,70.45772782180762,0.08392556544
hires,2048,2048,128,128,5,128,256,800.0,os,18163456.0,350464.0,180355072,173375488.0,142606336.0,1409024.0,29360128.0,7606566912.0,7592755200.0,1228800.0,12582912.0,180355072.0,1140850688.0,11272192.0,205520896.0,1357643776.0,7592755200.0,1228800.0,12582912.0,7606566912.0,9144565760.0,0.011008,accelergy_plugin,accelergy_component_library_table_plugin,8.0,7.0,1.0,1.0,18.163456,16384,297590063104.0,1.9295006412876494,9.14456576,166.09691782086657,0.2743369728
hires,2048,2048,128,128,5,128,256,800.0,ws,8636928.0,0.0,180355072,155200256.0,142606336.0,11008.0,12582912.0,165363712.0,151552000.0,1228800.0,12582912.0,180355072.0,1140850688.0,88064.0,88080384.0,1229019136.0,151552000.0,1228800.0,12582912.0,165363712.0,1574737920.0,0.011008,accelergy_plugin,accelergy_component_library_table_plugin,8.0,7.0,1.0,1.0,8.636928000000001,16384,141507428352.0,0.0,1.57473792,13.600898033909761,0.0472421376
hires,2048,2048,128,128,5,128,1024,50.0,is,27347712.0,0.0,180355072,156598272.0,142606336.0,1409024.0,12582912.0,171315712.0,158617600.0,115200.0,12582912.0,180355072.0,1140850688.0,11272192.0,88080384.0,1240203264.0,158617600.0,115200.0,12582912.0,171315712.0,1591874048.0,0.08388608,accelergy_plugin,accelergy_component_library_table_plugin,8.0,7.0,1.0,1.0,27.347712,16384,448064913408.0,0.0,1.591874048,43.53411300497818,0.04775622144
hires,2048,2048,128,128,5,128,1024,50.0,os,19974912.0,0.0,180355072,173375488.0,142606336.0,1409024.0,29360128.0,172326912.0,158617600.0,1126400.0,12582912.0,180355072.0,1140850688.0,11272192.0,205520896.0,1357643776.0,158617600.0,1126400.0,12582912.0,172326912.0,1710325760.0,0.08388608,accelergy_plugin,accelergy_component_library_table_plugin,8.0,7.0,1.0,1.0,19.974912,16384,327268958208.0,0.0,1.71032576,34.16360654733312,0.0513097728
hires,2048,2048,128,128,5,128,1024,50.0,ws,11252224.0,0.0,180355072,155200256.0,142606336.0,11008.0,12582912.0,194995712.0,181286400.0,1126400.0,12582912.0,180355072.0,1140850688.0,88064.0,88080384.0,1229019136.0,181286400.0,1126400.0,12582912.0,194995712.0,1604369920.0,0.08388608,accelergy_plugin,accelergy_component_library_table_plugin,8.0,7.0,1.0,1.0,11.252224,16384,184356438016.0,0.0,1.60436992,18.05272971870208,0.0481310976
hires,2048,2048,128,128,5,128,1024,200.0,is,25686272.0,0.0,180355072,156598272.0,142606336.0,1409024.0,12582912.0,171456512.0,158720000.0,153600.0,12582912.0,180355072.0,1140850688.0,11272192.0,88080384.0,1240203264.0,158720000.0,153600.0,12582912.0,171456512.0,1592014848.0,0.02097152,accelergy_plugin,accelergy_component_library_table_plugin,8.0,7.0,1.0,1.0,25.686272,16384,420843880448.0,0.0,1.592014848,40.89292641376665,0.04776044544
hires,2048,2048,128,128,5,128,1024,200.0,os,18313472.0,0.0,180355072,173375488.0,142606336.0,1409024.0,29360128.0,172429312.0,158720000.0,1126400.0,12582912.0,180355072.0,1140850688.0,11272192.0,205520896.0,1357643776.0,158720000.0,1126400.0,12582912.0,172429312.0,1710428160.0,0.02097152,accelergy_plugin,accelergy_component_library_table_plugin,8.0,7.0,1.0,1.0,18.313472,16384,300047925248.0,0.0,1.71042816,31.323878216171522,0.0513128448
hires,2048,2048,128,128,5,128,1024,200.0,ws,9250816.0,0.0,180355072,155200256.0,142606336.0,11008.0,12582912.0,195110912.0,181401600.0,1126400.0,12582912.0,180355072.0,1140850688.0,88064.0,88080384.0,1229019136.0,181401600.0,1126400.0,12582912.0,195110912.0,1604485120.0,0.02097152,accelergy_plugin,accelergy_component_library_table_plugin,8.0,7.0,1.0,1.0,9.250816,16384,151565369344.0,0.0,1.60448512,14.842796619857921,0.0481345536
hires,2048,2048,128,128,5,128,1024,800.0,is,25271040.0,0.0,180355072,156598272.0,142606336.0,1409024.0,12582912.0,172122112.0,159129600.0,409600.0,12582912.0,180355072.0,1140850688.0,11272192.0,88080384.0,1240203264.0,159129600.0,409600.0,12582912.0,172122112.0,1592680448.0,0.011008,accelergy_plugin,accelergy_component_library_table_plugin,8.0,7.0,1.0,1.0,25.271040000000003,16384,414040719360.0,0.0,1.592680448,40.24869130862593,0.04778041344
hires,2048,2048,128,128,5,128,1024,800.0,os,17898240.0,0.0,180355072,173375488.0,142606336.0,1409024.0,29360128.0,172941312.0,159129600.0,1228800.0,12582912.0,180355072.0,1140850688.0,11272192.0,205520896.0,1357643776.0,159129600.0,1228800.0,12582912.0,172941312.0,1710940160.0,0.011008,accelergy_plugin,accelergy_component_library_table_plugin,8.0,7.0,1.0,1.0,17.898239999999998,16384,293244764160.0,0.0,1.71094016,30.622817609318396,0.0513282048
hires,2048,2048,128,128,5,128,1024,800.0,ws,8750592.0,0.0,180355072,155200256.0,142606336.0,11008.0,12582912.0,195674112.0,181862400.0,1228800.0,12582912.0,180355072.0,1140850688.0,88064.0,88080384.0,1229019136.0,181862400.0,1228800.0,12582912.0,195674112.0,1605048320.0,0.011008,accelergy_plugin,accelergy_component_library_table_plugin,8.0,7.0,1.0,1.0,8.750592,16384,143369699328.0,0.0,1.60504832,14.04512298860544,0.0481514496
hires,2048,2048,128,128,5,128,4096,50.0,is,28236288.0,0.0,180355072,156598272.0,142606336.0,1409024.0,12582912.0,155315712.0,142617600.0,115200.0,12582912.0,180355072.0,1140850688.0,11272192.0,88080384.0,1240203264.0,142617600.0,115200.0,12582912.0,155315712.0,1575874048.0,0.08388608,accelergy_plugin,accelergy_component_library_table_plugin,8.0,7.0,1.0,1.0,28.236288,16384,462623342592.0,0.0,1.575874048,44.49683347105382,0.04727622144
hires,2048,2048,128,128,5,128,4096,50.0,os,20863488.0,0.0,180355072,173375488.0,142606336.0,1409024.0,29360128.0,156326912.0,142617600.0,1126400.0,12582912.0,180355072.0,1140850688.0,11272192.0,205520896.0,1357643776.0,142617600.0,1126400.0,12582912.0,156326912.0,1694325760.0,0.08388608,accelergy_plugin,accelergy_component_library_table_plugin,8.0,7.0,1.0,1.0,20.863488,16384,341827387392.0,0.0,1.69432576,35.34954516185088,0.0508297728
hires,2048,2048,128,128,5,128,4096,50.0,ws,18498048.0,0.0,180355072,155200256.0,142606336.0,11008.0,12582912.0,496858112.0,483148800.0,1126400.0,12582912.0,180355072.0,1140850688.0,88064.0,88080384.0,1229019136.0,483148800.0,1126400.0,12582912.0,496858112.0,1906232320.0,0.08388608,accelergy_plugin,accelergy_component_library_table_plugin,8.0,7.0,1.0,1.0,18.498048,16384,303072018432.0,0.0,1.90623232,35.26157695451136,0.0571869696
hires,2048,2048,128,128,5,128,4096,200.0,is,25908224.0,0.0,180355072,156598272.0,142606336.0,1409024.0,12582912.0,155379712.0,142643200.0,153600.0,12582912.0,180355072.0,1140850688.0,11272192.0,88080384.0,1240203264.0,142643200.0,153600.0,12582912.0,155379712.0,1575938048.0,0.02097152,accelergy_plugin,accelergy_component_library_table_plugin,8.0,7.0,1.0,1.0,25.908224,16384,424480342016.0,0.0,1.575938048,40.82975595770675,0.04727814144
hires,2048,2048,128,128,5,128,4096,200.0,os,18535424.0,0.0,180355072,173375488.0,142606336.0,1409024.0,29360128.0,156352512.0,142643200.0,1126400.0,12582912.0,180355072.0,1140850688.0,11272192.0,205520896.0,1357643776.0,142643200.0,1126400.0,12582912.0,156352512.0,1694351360.0,0.02097152,accelergy_plugin,accelergy_component_library_table_plugin,8.0,7.0,1.0,1.0,18.535424000000003,16384,303684386816.0,0.0,1.69435136,31.405520862576644,0.0508305408
hires,2048,2048,128,128,5,128,4096,200.0,ws,11062272.0,0.0,180355072,155200256.0,142606336.0,11008.0,12582912.0,496934912.0,483225600.0,1126400.0,12582912.0,180355072.0,1140850688.0,88064.0,88080384.0,1229019136.0,483225600.0,1126400.0,12582912.0,496934912.0,1906309120.0,0.02097152,accelergy_plugin,accelergy_component_library_table_plugin,8.0,7.0,1.0,1.0,11.062272,16384,181244264448.0,0.0,1.90630912,21.08811000152064,0.0571892736
hires,2048,2048,128,128,5,128,4096,800.0,is,25326336.0,0.0,180355072,156598272.0,142606336.0,1409024.0,12582912.0,155738112.0,142745600.0,409600.0,12582912.0,180355072.0,1140850688.0,11272192.0,88080384.0,1240203264.0,142745600.0,409600.0,12582912.0,155738112.0,1576296448.0,0.011008,accelergy_plugin,accelergy_component_library_table_plugin,8.0,7.0,1.0,1.0,25.326336,16384,414946689024.0,0.0,1.576296448,39.921813477654524,0.04728889344
hires,2048,2048,128,128,5,128,4096,800.0,os,17953536.0,0.0,180355072,173375488.0,142606336.0,1409024.0,29360128.0,156557312.0,142745600.0,1228800.0,12582912.0,180355072.0,1140850688.0,11272192.0,205520896.0,1357643776.0,142745600.0,1228800.0,12582912.0,156557312.0,1694556160.0,0.011008,accelergy_plugin,accelergy_component_library_table_plugin,8.0,7.0,1.0,1.0,17.953536,16384,294150733824.0,0.0,1.69455616,30.423275022581763,0.0508366848
hires,2048,2048,128,128,5,128,4096,800.0,ws,9203200.0,0.0,180355072,155200256.0,142606336.0,11008.0,12582912.0,497139712.0,483328000.0,1228800.0,12582912.0,180355072.0,1140850688.0,88064.0,88080384.0,1229019136.0,483328000.0,1228800.0,12582912.0,497139712.0,1906513920.0,0.011008,accelergy_plugin,accelergy_component_library_table_plugin,8.0,7.0,1.0,1.0,9.2032,16384,150785228800.0,0.0,1.90651392,17.546028908544002,0.0571954176
hires,2048,2048,128,128,7,8,256,50.0,is,142759680.0,32261120.0,281018368,324534272.0,243269632.0,35127296.0,46137344.0,6002143744.0,5955968000.0,38400.0,46137344.0,281018368.0,1946157056.0,281018368.0,322961408.0,2550136832.0,5955968000.0,38400.0,46137344.0,6002143744.0,8833298944.0,4.390912,accelergy_plugin,accelergy_component_library_table_plugin,8.0,7.0,1.0,1.0,142.75968,64,9136619520.0,22.598201396921034,8.833298944,1261.038930589778,0.26499896832
hires,2048,2048,128,128,7,8,256,50.0,os,45942784.0,0.0,281018368,307757056.0,243269632.0,35127296.0,29360128.0,555533312.0,542822400.0,128000.0,12582912.0,281018368.0,1946157056.0,281018368.0,205520896.0,2432696320.0,542822400.0,128000.0,12582912.0,555533312.0,3269248000.0,4.390912,accelergy_plugin,accelergy_component_library_table_plugin,8.0,7.0,1.0,1.0,45.942784,64,2940338176.0,0.0,3.269248,150.198354706432,0.09807744
hires,2048,2048,128,128,7,8,256,50.0,ws,38721792.0,0.0,281018368,289424128.0,243269632.0,17152.0,46137344.0,302598144.0,256332800.0,128000.0,46137344.0,281018368.0,1946157056.0,137216.0,322961408.0,2269255680.0,256332800.0,128000.0,46137344.0,302598144.0,2852872192.0,4.390912,accelergy_plugin,accelergy_component_library_table_plugin,8.0,7.0,1.0,1.0,38.721792,64,2478194688.0,0.0,2.852872192,110.46832362120807,0.08558616576
hires,2048,2048,128,128,7,8,256,200.0,is,109806592.0,0.0,281018368,324534272.0,243269632.0,35127296.0,46137344.0,6012319744.0,5966080000.0,102400.0,46137344.0,281018368.0,1946157056.0,281018368.0,322961408.0,2550136832.0,5966080000.0,102400.0,46137344.0,6012319744.0,8843474944.0,4.390912,accelergy_plugin,accelergy_component_library_table_plugin,8.0,7.0,1.0,1.0,109.806592,64,7027621888.0,0.0,8.843474944,971.0718450380308,0.26530424832
hires,2048,2048,128,128,7,8,256,200.0,os,45301760.0,0.0,281018368,307757056.0,243269632.0,35127296.0,29360128.0,556480512.0,543744000.0,153600.0,12582912.0,281018368.0,1946157056.0,281018368.0,205520896.0,2432696320.0,543744000.0,153600.0,12582912.0,556480512.0,3270195200.0,4.390912,accelergy_plugin,accelergy_component_library_table_plugin,8.0,7.0,1.0,1.0,45.30176,64,2899312640.0,0.0,3.2701952,148.145598103552,0.098105856
hires,2048,2048,128,128,7,8,256,200.0,ws,38029824.0,0.0,281018368,289424128.0,243269632.0,17152.0,46137344.0,303058944.0,256768000.0,153600.0,46137344.0,281018368.0,1946157056.0,137216.0,322961408.0,2269255680.0,256768000.0,153600.0,46137344.0,303058944.0,2853332992.0,4.390912,accelergy_plugin,accelergy_component_library_table_plugin,8.0,7.0,1.0,1.0,38.029824,64,2433908736.0,0.0,2.853332992,108.5117514991534,0.08559998976
hires,2048,2048,128,128,7,8,256,800.0,is,109633280.0,0.0,281018368,324534272.0,243269632.0,35127296.0,46137344.0,6032850944.0,5986304000.0,409600.0,46137344.0,281018368.0,1946157056.0,281018368.0,322961408.0,2550136832.0,5986304000.0,409600.0,46137344.0,6032850944.0,8864006144.0,4.390912,accelergy_plugin,accelergy_component_library_table_plugin,8.0,7.0,1.0,1.0,109.63328,64,7016529920.0,0.0,8.864006144,971.7900675068722,0.26592018432
hires,2048,2048,128,128,7,8,256,800.0,os,45141504.0,0.0,281018368,307757056.0,243269632.0,35127296.0,29360128.0,558579712.0,545587200.0,409600.0,12582912.0,281018368.0,1946157056.0,281018368.0,205520896.0,2432696320.0,545587200.0,409600.0,12582912.0,558579712.0,3272294400.0,4.390912,accelergy_plugin,accelergy_component_library_table_plugin,8.0,7.0,1.0,1.0,45.141504,64,2889056256.0,0.0,3.2722944,147.7162907467776,0.098168832
hires,2048,2048,128,128,7,8,256,800.0,ws,37856512.0,0.0,281018368,289424128.0,243269632.0,17152.0,46137344.0,304185344.0,257638400.0,409600.0,46137344.0,281018368.0,1946157056.0,137216.0,322961408.0,2269255680.0,257638400.0,409600.0,46137344.0,304185344.0,2854459392.0,4.390912,accelergy_plugin,accelergy_component_library_table_plugin,8.0,7.0,1.0,1.0,37.856512,64,2422816768.0,0.0,2.854459392,108.05987622676071,0.08563378176
hires,2048,2048,128,128,7,8,1024,50.0,is,112461824.0,0.0,281018368,324534272.0,243269632.0,35127296.0,46137344.0,1352940544.0,1306764800.0,38400.0,46137344.0,281018368.0,1946157056.0,281018368.0,322961408.0,2550136832.0,1306764800.0,38400.0,46137344.0,1352940544.0,4184095744.0,4.390912,accelergy_plugin,accelergy_component_library_table_plugin,8.0,7.0,1.0,1.0,112.46182400000001,64,7197556736.0,0.0,4.184095744,470.5510391608771,0.12552287232
hires,2048,2048,128,128,7,8,1024,50.0,os,47303424.0,0.0,281018368,307757056.0,243269632.0,35127296.0,29360128.0,292186112.0,279475200.0,128000.0,12582912.0,281018368.0,1946157056.0,281018368.0,205520896.0,2432696320.0,279475200.0,128000.0,12582912.0,292186112.0,3005900800.0,4.390912,accelergy_plugin,accelergy_component_library_table_plugin,8.0,7.0,1.0,1.0,47.303424,64,3027419136.0,0.0,3.0059008,142.1894000443392,0.090177024
hires,2048,2048,128,128,7,8,1024,50.0,ws,41138432.0,0.0,281018368,289424128.0,243269632.0,17152.0,46137344.0,348409344.0,302144000.0,128000.0,46137344.0,281018368.0,1946157056.0,137216.0,322961408.0,2269255680.0,302144000.0,128000.0,46137344.0,348409344.0,2898683392.0,4.390912,accelergy_plugin,accelergy_component_library_table_plugin,8.0,7.0,1.0,1.0,41.138432,64,2632859648.0,0.0,2.898683392,119.24728961132135,0.08696050176
hires,2048,2048,128,128,7,8,1024,200.0,is,110297344.0,0.0,281018368,324534272.0,243269632.0,35127296.0,46137344.0,1353836544.0,1307596800.0,102400.0,46137344.0,281018368.0,1946157056.0,281018368.0,322961408.0,2550136832.0,1307596800.0,102400.0,46137344.0,1353836544.0,4184991744.0,4.390912,accelergy_plugin,accelergy_component_library_table_plugin,8.0,7.0,1.0,1.0,110.29734400000001,64,7059030016.0,0.0,4.184991744,461.59347402512805,0.12554975232
hires,2048,2048,128,128,7,8,1024,200.0,os,45641984.0,0.0,281018368,307757056.0,243269632.0,35127296.0,29360128.0,292390912.0,279654400.0,153600.0,12582912.0,281018368.0,1946157056.0,281018368.0,205520896.0,2432696320.0,279654400.0,153600.0,12582912.0,292390912.0,3006105600.0,4.390912,accelergy_plugin,accelergy_component_library_table_plugin,8.0,7.0,1.0,1.0,45.641983999999994,64,2921086976.0,0.0,3.0061056,137.20462369751039,0.090183168
hires,2048,2048,128,128,7,8,1024,200.0,ws,38633984.0,0.0,281018368,289424128.0,243269632.0,17152.0,46137344.0,348626944.0,302336000.0,153600.0,46137344.0,281018368.0,1946157056.0,137216.0,322961408.0,2269255680.0,302336000.0,153600.0,46137344.0,348626944.0,2898900992.0,4.390912,accelergy_plugin,accelergy_component_library_table_plugin,8.0,7.0,1.0,1.0,38.633984000000005,64,2472574976.0,0.0,2.898900992,111.99609454251215,0.08696702976
hires,2048,2048,128,128,7,8,1024,800.0,is,109756160.0,0.0,281018368,324534272.0,243269632.0,35127296.0,46137344.0,1357471744.0,1310924800.0,409600.0,46137344.0,281018368.0,1946157056.0,281018368.0,322961408.0,2550136832.0,1310924800.0,409600.0,46137344.0,1357471744.0,4188626944.0,4.390912,accelergy_plugin,accelergy_component_library_table_plugin,8.0,7.0,1.0,1.0,109.75616000000001,64,7024394240.0,0.0,4.188626944,459.7276090459751,0.12565880832
hires,2048,2048,128,128,7,8,1024,800.0,os,45226752.0,0.0,281018368,307757056.0,243269632.0,35127296.0,29360128.0,293363712.0,280371200.0,409600.0,12582912.0,281018368.0,1946157056.0,281018368.0,205520896.0,2432696320.0,280371200.0,409600.0,12582912.0,293363712.0,3007078400.0,4.390912,accelergy_plugin,accelergy_component_library_table_plugin,8.0,7.0,1.0,1.0,45.226752000000005,64,2894512128.0,0.0,3.0070784,136.0003890413568,0.090212352
hires,2048,2048,128,128,7,8,1024,800.0,ws,38007808.0,0.0,281018368,289424128.0,243269632.0,17152.0,46137344.0,349650944.0,303104000.0,409600.0,46137344.0,281018368.0,1946157056.0,137216.0,322961408.0,2269255680.0,303104000.0,409600.0,46137344.0,349650944.0,2899924992.0,4.390912,accelergy_plugin,accelergy_component_library_table_plugin,8.0,7.0,1.0,1.0,38.007808,64,2432499712.0,0.0,2.899924992,110.21979231033752,0.08699774976
hires,2048,2048,128,128,7,8,4096,50.0,is,115363840.0,0.0,281018368,324534272.0,243269632.0,35127296.0,46137344.0,289465344.0,243289600.0,38400.0,46137344.0,281018368.0,1946157056.0,281018368.0,322961408.0,2550136832.0,243289600.0,38400.0,46137344.0,289465344.0,3120620544.0,4.390912,accelergy_plugin,accelergy_component_library_table_plugin,8.0,7.0,1.0,1.0,115.36384,64,7383285760.0,0.0,3.120620544,360.00676913872894,0.09361861632
hires,2048,2048,128,128,7,8,4096,50.0,os,50205440.0,0.0,281018368,307757056.0,243269632.0,35127296.0,29360128.0,256000512.0,243289600.0,128000.0,12582912.0,281018368.0,1946157056.0,281018368.0,205520896.0,2432696320.0,243289600.0,128000.0,12582912.0,256000512.0,2969715200.0,4.390912,accelergy_plugin,accelergy_component_library_table_plugin,8.0,7.0,1.0,1.0,50.205439999999996,64,3213148160.0,0.0,2.9697152,149.095858290688,0.089091456
hires,2048,2048,128,128,7,8,4096,50.0,ws,44761344.0,0.0,281018368,289424128.0,243269632.0,17152.0,46137344.0,348268544.0,302003200.0,128000.0,46137344.0,281018368.0,1946157056.0,137216.0,322961408.0,2269255680.0,302003200.0,128000.0,46137344.0,348268544.0,2898542592.0,4.390912,accelergy_plugin,accelergy_component_library_table_plugin,8.0,7.0,1.0,1.0,44.761344,64,2864726016.0,0.0,2.898542592,129.74266205916365,0.08695627776
hires,2048,2048,128,128,7,8,4096,200.0,is,111022848.0,0.0,281018368,324534272.0,243269632.0,35127296.0,46137344.0,289593344.0,243353600.0,102400.0,46137344.0,281018368.0,1946157056.0,281018368.0,322961408.0,2550136832.0,243353600.0,102400.0,46137344.0,289593344.0,3120748544.0,4.390912,accelergy_plugin,accelergy_component_library_table_plugin,8.0,7.0,1.0,1.0,111.022848,64,7105462272.0,0.0,3.120748544,346.4743912467333,0.09362245632
hires,2048,2048,128,128,7,8,4096,200.0,os,46367488.0,0.0,281018368,307757056.0,243269632.0,35127296.0,29360128.0,256090112.0,243353600.0,153600.0,12582912.0,281018368.0,1946157056.0,281018368.0,205520896.0,2432696320.0,243353600.0,153600.0,12582912.0,256090112.0,2969804800.0,4.390912,accelergy_plugin,accelergy_component_library_table_plugin,8.0,7.0,1.0,1.0,46.367488,64,2967519232.0,0.0,2.9698048,137.7023884263424,0.089094144
hires,2048,2048,128,128,7,8,4096,200.0,ws,39539456.0,0.0,281018368,289424128.0,243269632.0,17152.0,46137344.0,348319744.0,302028800.0,153600.0,46137344.0,281018368.0,1946157056.0,137216.0,322961408.0,2269255680.0,302028800.0,153600.0,46137344.0,348319744.0,2898593792.0,4.390912,accelergy_plugin,accelergy_component_library_table_plugin,8.0,7.0,1.0,1.0,39.539456,64,2530525184.0,0.0,2.898593792,114.60882170065715,0.08695781376
hires,2048,2048,128,128,7,8,4096,800.0,is,109937408.0,0.0,281018368,324534272.0,243269632.0,35127296.0,46137344.0,290054144.0,243507200.0,409600.0,46137344.0,281018368.0,1946157056.0,281018368.0,322961408.0,2550136832.0,243507200.0,409600.0,46137344.0,290054144.0,3121209344.0,4.390912,accelergy_plugin,accelergy_component_library_table_plugin,8.0,7.0,1.0,1.0,109.937408,64,7035994112.0,0.0,3.121209344,343.13766510474034,0.09363628032
hires,2048,2048,128,128,7,8,4096,800.0,os,45408000.0,0.0,281018368,307757056.0,243269632.0,35127296.0,29360128.0,256499712.0,243507200.0,409600.0,12582912.0,281018368.0,1946157056.0,281018368.0,205520896.0,2432696320.0,243507200.0,409600.0,12582912.0,256499712.0,2970214400.0,4.390912,accelergy_plugin,accelergy_component_library_table_plugin,8.0,7.0,1.0,1.0,45.407999999999994,64,2906112000.0,0.0,2.9702144,134.8714954752,0.089106432
hires,2048,2048,128,128,7,8,4096,800.0,ws,38233856.0,0.0,281018368,289424128.0,243269632.0,17152.0,46137344.0,348626944.0,302080000.0,409600.0,46137344.0,281018368.0,1946157056.0,137216.0,322961408.0,2269255680.0,302080000.0,409600.0,46137344.0,348626944.0,2898900992.0,4.390912,accelergy_plugin,accelergy_component_library_table_plugin,8.0,7.0,1.0,1.0,38.233855999999996,64,2446966784.0,0.0,2.898900992,110.83616308638514,0.08696702976
hires,2048,2048,128,128,7,16,256,50.0,is,153537280.0,90866944.0,281018368,285999104.0,243269632.0,17563648.0,25165824.0,7217601024.0,7192396800.0,38400.0,25165824.0,281018368.0,1946157056.0,140509184.0,176160768.0,2262827008.0,7192396800.0,38400.0,25165824.0,7217601024.0,9761446400.0,1.097728,accelergy_plugin,accelergy_component_library_table_plugin,8.0,7.0,1.0,1.0,153.53728,256,39305543680.0,59.18233278588757,9.7614464,1498.7459291217922,0.292843392
hires,2048,2048,128,128,7,16,256,50.0,os,45640192.0,13853184.0,281018368,290193408.0,243269632.0,17563648.0,29360128.0,1656371712.0,1643545600.0,243200.0,12582912.0,281018368.0,1946157056.0,140509184.0,205520896.0,2292187136.0,1643545600.0,243200.0,12582912.0,1656371712.0,4229577216.0,1.097728,accelergy_plugin,accelergy_component_library_table_plugin,8.0,7.0,1.0,1.0,45.640192000000006,256,11683889152.0,30.3530362010747,4.229577216,193.0387162170655,0.12688731648
hires,2048,2048,128,128,7,16,256,50.0,ws,21834752.0,0.0,281018368,268452608.0,243269632.0,17152.0,25165824.0,281741824.0,256332800.0,243200.0,25165824.0,281018368.0,1946157056.0,137216.0,176160768.0,2122455040.0,256332800.0,243200.0,25165824.0,281741824.0,2685215232.0,1.097728,accelergy_plugin,accelergy_component_library_table_plugin,8.0,7.0,1.0,1.0,21.834751999999998,256,5589696512.0,0.0,2.685215232,58.63100865734246,0.08055645696
hires,2048,2048,128,128,7,16,256,200.0,is,62066688.0,0.0,281018368,285999104.0,243269632.0,17563648.0,25165824.0,7229876224.0,7204608000.0,102400.0,25165824.0,281018368.0,1946157056.0,140509184.0,176160768.0,2262827008.0,7204608000.0,102400.0,25165824.0,7229876224.0,9773721600.0,1.097728,accelergy_plugin,accelergy_component_library_table_plugin,8.0,7.0,1.0,1.0,62.066688,256,15889072128.0,0.0,9.7737216,606.6225291460607,0.293211648
hires,2048,2048,128,128,7,16,256,200.0,os,31145984.0,0.0,281018368,290193408.0,243269632.0,17563648.0,29360128.0,1659174912.0,1646336000.0,256000.0,12582912.0,281018368.0,1946157056.0,140509184.0,205520896.0,2292187136.0,1646336000.0,256000.0,12582912.0,1659174912.0,4232380416.0,1.097728,accelergy_plugin,accelergy_component_library_table_plugin,8.0,7.0,1.0,1.0,31.145984000000002,256,7973371904.0,0.0,4.232380416,131.82165271864935,0.12697141248
hires,2048,2048,128,128,7,16,256,200.0,ws,21231104.0,0.0,281018368,268452608.0,243269632.0,17152.0,25165824.0,282189824.0,256768000.0,256000.0,25165824.0,281018368.0,1946157056.0,137216.0,176160768.0,2122455040.0,256768000.0,256000.0,25165824.0,282189824.0,2685663232.0,1.097728,accelergy_plugin,accelergy_component_library_table_plugin,8.0,7.0,1.0,1.0,21.231104000000002,256,5435162624.0,0.0,2.685663232,57.01959538756813,0.08056989696
hires,2048,2048,128,128,7,16,256,800.0,is,61915648.0,0.0,281018368,285999104.0,243269632.0,17563648.0,25165824.0,7254605824.0,7229030400.0,409600.0,25165824.0,281018368.0,1946157056.0,140509184.0,176160768.0,2262827008.0,7229030400.0,409600.0,25165824.0,7254605824.0,9798451200.0,1.097728,accelergy_plugin,accelergy_component_library_table_plugin,8.0,7.0,1.0,1.0,61.915648,256,15850405888.0,0.0,9.7984512,606.6774554443776,0.293953536
hires,2048,2048,128,128,7,16,256,800.0,os,30985728.0,0.0,281018368,290193408.0,243269632.0,17563648.0,29360128.0,1664909312.0,1651916800.0,409600.0,12582912.0,281018368.0,1946157056.0,140509184.0,205520896.0,2292187136.0,1651916800.0,409600.0,12582912.0,1664909312.0,4238114816.0,1.097728,accelergy_plugin,accelergy_component_library_table_plugin,8.0,7.0,1.0,1.0,30.985728,256,7932346368.0,0.0,4.238114816,131.32107292134606,0.12714344448
hires,2048,2048,128,128,7,16,256,800.0,ws,21080064.0,0.0,281018368,268452608.0,243269632.0,17152.0,25165824.0,283213824.0,257638400.0,409600.0,25165824.0,281018368.0,1946157056.0,137216.0,176160768.0,2122455040.0,257638400.0,409600.0,25165824.0,283213824.0,2686687232.0,1.097728,accelergy_plugin,accelergy_component_library_table_plugin,8.0,7.0,1.0,1.0,21.080064,256,5396496384.0,0.0,2.686687232,56.635538798542854,0.08060061696
hires,2048,2048,128,128,7,16,1024,50.0,is,64332288.0,0.0,281018368,285999104.0,243269632.0,17563648.0,25165824.0,1331969024.0,1306764800.0,38400.0,25165824.0,281018368.0,1946157056.0,140509184.0,176160768.0,2262827008.0,1306764800.0,38400.0,25165824.0,1331969024.0,3875814400.0,1.097728,accelergy_plugin,accelergy_component_library_table_plugin,8.0,7.0,1.0,1.0,64.332288,256,16469065728.0,0.0,3.8758144,249.3400082153472,0.116274432
hires,2048,2048,128,128,7,16,1024,50.0,os,33147648.0,0.0,281018368,290193408.0,243269632.0,17563648.0,29360128.0,473587712.0,460761600.0,243200.0,12582912.0,281018368.0,1946157056.0,140509184.0,205520896.0,2292187136.0,460761600.0,243200.0,12582912.0,473587712.0,3046793216.0,1.097728,accelergy_plugin,accelergy_component_library_table_plugin,8.0,7.0,1.0,1.0,33.147648000000004,256,8485797888.0,0.0,3.046793216,100.99402905275599,0.09140379648
hires,2048,2048,128,128,7,16,1024,50.0,ws,23950080.0,0.0,281018368,268452608.0,243269632.0,17152.0,25165824.0,327553024.0,302144000.0,243200.0,25165824.0,281018368.0,1946157056.0,137216.0,176160768.0,2122455040.0,302144000.0,243200.0,25165824.0,327553024.0,2731026432.0,1.097728,accelergy_plugin,accelergy_component_library_table_plugin,8.0,7.0,1.0,1.0,23.95008,256,6131220480.0,0.0,2.731026432,65.40830152851457,0.08193079296
hires,2048,2048,128,128,7,16,1024,200.0,is,62482176.0,0.0,281018368,285999104.0,243269632.0,17563648.0,25165824.0,1332865024.0,1307596800.0,102400.0,25165824.0,281018368.0,1946157056.0,140509184.0,176160768.0,2262827008.0,1307596800.0,102400.0,25165824.0,1332865024.0,3876710400.0,1.097728,accelergy_plugin,accelergy_component_library_table_plugin,8.0,7.0,1.0,1.0,62.482176,256,15995437056.0,0.0,3.8767104,242.2253015138304,0.116301312
hires,2048,2048,128,128,7,16,1024,200.0,os,31486208.0,0.0,281018368,290193408.0,243269632.0,17563648.0,29360128.0,473894912.0,461056000.0,256000.0,12582912.0,281018368.0,1946157056.0,140509184.0,205520896.0,2292187136.0,461056000.0,256000.0,12582912.0,473894912.0,3047100416.0,1.097728,accelergy_plugin,accelergy_component_library_table_plugin,8.0,7.0,1.0,1.0,31.486208,256,8060469248.0,0.0,3.047100416,95.94163749506254,0.09141301248
hires,2048,2048,128,128,7,16,1024,200.0,ws,21760000.0,0.0,281018368,268452608.0,243269632.0,17152.0,25165824.0,327757824.0,302336000.0,256000.0,25165824.0,281018368.0,1946157056.0,137216.0,176160768.0,2122455040.0,302336000.0,256000.0,25165824.0,327757824.0,2731231232.0,1.097728,accelergy_plugin,accelergy_component_library_table_plugin,8.0,7.0,1.0,1.0,21.76,256,5570560000.0,0.0,2.731231232,59.43159160832,0.08193693696
hires,2048,2048,128,128,7,16,1024,800.0,is,62019584.0,0.0,281018368,285999104.0,243269632.0,17563648.0,25165824.0,1336500224.0,1310924800.0,409600.0,25165824.0,281018368.0,1946157056.0,140509184.0,176160768.0,2262827008.0,1310924800.0,409600.0,25165824.0,1336500224.0,3880345600.0,1.097728,accelergy_plugin,accelergy_component_library_table_plugin,8.0,7.0,1.0,1.0,62.019584,256,15877013504.0,0.0,3.8803456,240.6574198882304,0.116410368
hires,2048,2048,128,128,7,16,1024,800.0,os,31070976.0,0.0,281018368,290193408.0,243269632.0,17563648.0,29360128.0,475226112.0,462233600.0,409600.0,12582912.0,281018368.0,1946157056.0,140509184.0,205520896.0,2292187136.0,462233600.0,409600.0,12582912.0,475226112.0,3048431616.0,1.097728,accelergy_plugin,accelergy_component_library_table_plugin,8.0,7.0,1.0,1.0,31.070976,256,7954169856.0,0.0,3.048431616,94.71774557837722,0.09145294848
hires,2048,2048,128,128,7,16,1024,800.0,ws,21212416.0,0.0,281018368,268452608.0,243269632.0,17152.0,25165824.0,328679424.0,303104000.0,409600.0,25165824.0,281018368.0,1946157056.0,137216.0,176160768.0,2122455040.0,303104000.0,409600.0,25165824.0,328679424.0,2732152832.0,1.097728,accelergy_plugin,accelergy_component_library_table_plugin,8.0,7.0,1.0,1.0,21.212416,256,5430378496.0,0.0,2.732152832,57.955562447962116,0.08196458496
hires,2048,2048,128,128,7,16,4096,50.0,is,67234304.0,0.0,281018368,285999104.0,243269632.0,17563648.0,25165824.0,268493824.0,243289600.0,38400.0,25165824.0,281018368.0,1946157056.0,140509184.0,176160768.0,2262827008.0,243289600.0,38400.0,25165824.0,268493824.0,2812339200.0,1.097728,accelergy_plugin,accelergy_component_library_table_plugin,8.0,7.0,1.0,1.0,67.234304,256,17211981824.0,0.0,2.8123392,189.08566872391677,0.084370176
hires,2048,2048,128,128,7,16,4096,50.0,os,36049664.0,0.0,281018368,290193408.0,243269632.0,17563648.0,29360128.0,256115712.0,243289600.0,243200.0,12582912.0,281018368.0,1946157056.0,140509184.0,205520896.0,2292187136.0,243289600.0,243200.0,12582912.0,256115712.0,2829321216.0,1.097728,accelergy_plugin,accelergy_component_library_table_plugin,8.0,7.0,1.0,1.0,36.049664,256,9228713984.0,0.0,2.829321216,101.99607918487142,0.08487963648
hires,2048,2048,128,128,7,16,4096,50.0,ws,27706624.0,0.0,281018368,268452608.0,243269632.0,17152.0,25165824.0,334093824.0,308684800.0,243200.0,25165824.0,281018368.0,1946157056.0,137216.0,176160768.0,2122455040.0,308684800.0,243200.0,25165824.0,334093824.0,2737567232.0,1.097728,accelergy_plugin,accelergy_component_library_table_plugin,8.0,7.0,1.0,1.0,27.706623999999998,256,7092895744.0,0.0,2.737567232,75.84874597174476,0.08212701696
hires,2048,2048,128,128,7,16,4096,200.0,is,63207680.0,0.0,281018368,285999104.0,243269632.0,17563648.0,25165824.0,268621824.0,243353600.0,102400.0,25165824.0,281018368.0,1946157056.0,140509184.0,176160768.0,2262827008.0,243353600.0,102400.0,25165824.0,268621824.0,2812467200.0,1.097728,accelergy_plugin,accelergy_component_library_table_plugin,8.0,7.0,1.0,1.0,63.20768,256,16181166080.0,0.0,2.8124672,177.76952678809602,0.084374016
hires,2048,2048,128,128,7,16,4096,200.0,os,32211712.0,0.0,281018368,290193408.0,243269632.0,17563648.0,29360128.0,256192512.0,243353600.0,256000.0,12582912.0,281018368.0,1946157056.0,140509184.0,205520896.0,2292187136.0,243353600.0,256000.0,12582912.0,256192512.0,2829398016.0,1.097728,accelergy_plugin,accelergy_component_library_table_plugin,8.0,7.0,1.0,1.0,32.211712000000006,256,8246198272.0,0.0,2.829398016,91.1397540247634,0.08488194048
hires,2048,2048,128,128,7,16,4096,200.0,ws,22699008.0,0.0,281018368,268452608.0,243269632.0,17152.0,25165824.0,334157824.0,308736000.0,256000.0,25165824.0,281018368.0,1946157056.0,137216.0,176160768.0,2122455040.0,308736000.0,256000.0,25165824.0,334157824.0,2737631232.0,1.097728,accelergy_plugin,accelergy_component_library_table_plugin,8.0,7.0,1.0,1.0,22.699008,256,5810946048.0,0.0,2.737631232,62.141513236217854,0.08212893696
hires,2048,2048,128,128,7,16,4096,800.0,is,62200832.0,0.0,281018368,285999104.0,243269632.0,17563648.0,25165824.0,269082624.0,243507200.0,409600.0,25165824.0,281018368.0,1946157056.0,140509184.0,176160768.0,2262827008.0,243507200.0,409600.0,25165824.0,269082624.0,2812928000.0,1.097728,accelergy_plugin,accelergy_component_library_table_plugin,8.0,7.0,1.0,1.0,62.200832,256,15923412992.0,0.0,2.812928,174.966461956096,0.08438784
hires,2048,2048,128,128,7,16,4096,800.0,os,31252224.0,0.0,281018368,290193408.0,243269632.0,17563648.0,29360128.0,256499712.0,243507200.0,409600.0,12582912.0,281018368.0,1946157056.0,140509184.0,205520896.0,2292187136.0,243507200.0,409600.0,12582912.0,256499712.0,2829705216.0,1.097728,accelergy_plugin,accelergy_component_library_table_plugin,8.0,7.0,1.0,1.0,31.252224000000002,256,8000569344.0,0.0,2.829705216,88.43458126440038,0.08489115648
hires,2048,2048,128,128,7,16,4096,800.0,ws,21446912.0,0.0,281018368,268452608.0,243269632.0,17152.0,25165824.0,334413824.0,308838400.0,409600.0,25165824.0,281018368.0,1946157056.0,137216.0,176160768.0,2122455040.0,308838400.0,409600.0,25165824.0,334413824.0,2737887232.0,1.097728,accelergy_plugin,accelergy_component_library_table_plugin,8.0,7.0,1.0,1.0,21.446911999999998,256,5490409472.0,0.0,2.737887232,58.71922653062757,0.08213661696
hires,2048,2048,128,128,7,32,256,50.0,is,165707264.0,127282688.0,281018368,268828672.0,243269632.0,8781824.0,16777216.0,7827439616.0,7810611200.0,51200.0,16777216.0,281018368.0,1946157056.0,70254592.0,117440512.0,2133852160.0,7810611200.0,51200.0,16777216.0,7827439616.0,10242310144.0,0.274432,accelergy_plugin,accelergy_component_library_table_plugin,8.0,7.0,1.0,1.0,165.70726399999998,1024,169684238336.0,76.811773320933,10.242310144,1697.2251910016857,0.30726930432
hires,2048,2048,128,128,7,32,256,50.0,os,88690688.0,63981568.0,281018368,281411584.0,243269632.0,8781824.0,29360128.0,4129472512.0,4116403200.0,486400.0,12582912.0,281018368.0,1946157056.0,70254592.0,205520896.0,2221932544.0,4116403200.0,486400.0,12582912.0,4129472512.0,6632423424.0,0.274432,accelergy_plugin,accelergy_component_library_table_plugin,8.0,7.0,1.0,1.0,88.69068800000001,1024,90819264512.0,72.14011915208054,6.632423424,588.2341965818757,0.19897270272
hires,2048,2048,128,128,7,32,256,50.0,ws,13593088.0,0.0,281018368,260064000.0,243269632.0,17152.0,16777216.0,273596416.0,256332800.0,486400.0,16777216.0,281018368.0,1946157056.0,137216.0,117440512.0,2063734784.0,256332800.0,486400.0,16777216.0,273596416.0,2618349568.0,0.274432,accelergy_plugin,accelergy_component_library_table_plugin,8.0,7.0,1.0,1.0,13.593088,1024,13919322112.0,0.0,2.618349568,35.591456092585986,0.07855048704
hires,2048,2048,128,128,7,32,256,200.0,is,51075072.0,13354496.0,281018368,268828672.0,243269632.0,8781824.0,16777216.0,7840751616.0,7823872000.0,102400.0,16777216.0,281018368.0,1946157056.0,70254592.0,117440512.0,2133852160.0,7823872000.0,102400.0,16777216.0,7840751616.0,10255622144.0,0.274432,accelergy_plugin,accelergy_component_library_table_plugin,8.0,7.0,1.0,1.0,51.075072,1024,52300873728.0,26.14679818757769,10.255622144,523.8066394095944,0.30766866432
hires,2048,2048,128,128,7,32,256,200.0,os,29608704.0,5540608.0,281018368,281411584.0,243269632.0,8781824.0,29360128.0,4136486912.0,4123392000.0,512000.0,12582912.0,281018368.0,1946157056.0,70254592.0,205520896.0,2221932544.0,4123392000.0,512000.0,12582912.0,4136486912.0,6639437824.0,0.274432,accelergy_plugin,accelergy_component_library_table_plugin,8.0,7.0,1.0,1.0,29.608704,1024,30319312896.0,18.712767705064024,6.639437824,196.58514925722008,0.19918313472
hires,2048,2048,128,128,7,32,256,200.0,ws,12889088.0,0.0,281018368,260064000.0,243269632.0,17152.0,16777216.0,274057216.0,256768000.0,512000.0,16777216.0,281018368.0,1946157056.0,137216.0,117440512.0,2063734784.0,256768000.0,512000.0,16777216.0,274057216.0,2618810368.0,0.274432,accelergy_plugin,accelergy_component_library_table_plugin,8.0,7.0,1.0,1.0,12.889088,1024,13198426112.0,0.0,2.618810368,33.75407728846438,0.07856431104
hires,2048,2048,128,128,7,32,256,800.0,is,37544448.0,0.0,281018368,268828672.0,243269632.0,8781824.0,16777216.0,7867580416.0,7850393600.0,409600.0,16777216.0,281018368.0,1946157056.0,70254592.0,117440512.0,2133852160.0,7850393600.0,409600.0,16777216.0,7867580416.0,10282450944.0,0.274432,accelergy_plugin,accelergy_component_library_table_plugin,8.0,7.0,1.0,1.0,37.544448,1024,38445514752.0,0.0,10.282450944,386.04894477955895,0.30847352832
hires,2048,2048,128,128,7,32,256,800.0,os,23907840.0,0.0,281018368,281411584.0,243269632.0,8781824.0,29360128.0,4150566912.0,4137369600.0,614400.0,12582912.0,281018368.0,1946157056.0,70254592.0,205520896.0,2221932544.0,4137369600.0,614400.0,12582912.0,4150566912.0,6653517824.0,0.274432,accelergy_plugin,accelergy_component_library_table_plugin,8.0,7.0,1.0,1.0,23.90784,1024,24481628160.0,0.0,6.653517824,159.07123957334016,0.19960553472
hires,2048,2048,128,128,7,32,256,800.0,ws,12712960.0,0.0,281018368,260064000.0,243269632.0,17152.0,16777216.0,275030016.0,257638400.0,614400.0,16777216.0,281018368.0,1946157056.0,137216.0,117440512.0,2063734784.0,257638400.0,614400.0,16777216.0,275030016.0,2619783168.0,0.274432,accelergy_plugin,accelergy_component_library_table_plugin,8.0,7.0,1.0,1.0,12.71296,1024,13018071040.0,0.0,2.619783168,33.30519862345729,0.07859349504
hires,2048,2048,128,128,7,32,1024,50.0,is,39785216.0,0.0,281018368,268828672.0,243269632.0,8781824.0,16777216.0,1323593216.0,1306764800.0,51200.0,16777216.0,281018368.0,1946157056.0,70254592.0,117440512.0,2133852160.0,1306764800.0,51200.0,16777216.0,1323593216.0,3738463744.0,0.274432,accelergy_plugin,accelergy_component_library_table_plugin,8.0,7.0,1.0,1.0,39.785216,1024,40740061184.0,0.0,3.738463744,148.7355875632087,0.11215391232
hires,2048,2048,128,128,7,32,1024,50.0,os,26069760.0,0.0,281018368,281411584.0,243269632.0,8781824.0,29360128.0,473830912.0,460761600.0,486400.0,12582912.0,281018368.0,1946157056.0,70254592.0,205520896.0,2221932544.0,460761600.0,486400.0,12582912.0,473830912.0,2976781824.0,0.274432,accelergy_plugin,accelergy_component_library_table_plugin,8.0,7.0,1.0,1.0,26.069760000000002,1024,26695434240.0,0.0,2.976781824,77.60398772404226,0.08930345472
hires,2048,2048,128,128,7,32,1024,50.0,ws,15407104.0,0.0,281018368,260064000.0,243269632.0,17152.0,16777216.0,319407616.0,302144000.0,486400.0,16777216.0,281018368.0,1946157056.0,137216.0,117440512.0,2063734784.0,302144000.0,486400.0,16777216.0,319407616.0,2664160768.0,0.274432,accelergy_plugin,accelergy_component_library_table_plugin,8.0,7.0,1.0,1.0,15.407104,1024,15776874496.0,0.0,2.664160768,41.047002025295875,0.07992482304
hires,2048,2048,128,128,7,32,1024,200.0,is,38060800.0,0.0,281018368,268828672.0,243269632.0,8781824.0,16777216.0,1324476416.0,1307596800.0,102400.0,16777216.0,281018368.0,1946157056.0,70254592.0,117440512.0,2133852160.0,1307596800.0,102400.0,16777216.0,1324476416.0,3739346944.0,0.274432,accelergy_plugin,accelergy_component_library_table_plugin,8.0,7.0,1.0,1.0,38.0608,1024,38974259200.0,0.0,3.739346944,142.3225361661952,0.11218040832
hires,2048,2048,128,128,7,32,1024,200.0,os,24408320.0,0.0,281018368,281411584.0,243269632.0,8781824.0,29360128.0,474150912.0,461056000.0,512000.0,12582912.0,281018368.0,1946157056.0,70254592.0,205520896.0,2221932544.0,461056000.0,512000.0,12582912.0,474150912.0,2977101824.0,0.274432,accelergy_plugin,accelergy_component_library_table_plugin,8.0,7.0,1.0,1.0,24.40832,1024,24994119680.0,0.0,2.977101824,72.66605399277567,0.08931305472
hires,2048,2048,128,128,7,32,1024,200.0,ws,13342720.0,0.0,281018368,260064000.0,243269632.0,17152.0,16777216.0,319625216.0,302336000.0,512000.0,16777216.0,281018368.0,1946157056.0,137216.0,117440512.0,2063734784.0,302336000.0,512000.0,16777216.0,319625216.0,2664378368.0,0.274432,accelergy_plugin,accelergy_component_library_table_plugin,8.0,7.0,1.0,1.0,13.34272,1024,13662945280.0,0.0,2.664378368,35.55005453828096,0.07993135104
hires,2048,2048,128,128,7,32,1024,800.0,is,37629696.0,0.0,281018368,268828672.0,243269632.0,8781824.0,16777216.0,1328111616.0,1310924800.0,409600.0,16777216.0,281018368.0,1946157056.0,70254592.0,117440512.0,2133852160.0,1310924800.0,409600.0,16777216.0,1328111616.0,3742982144.0,0.274432,accelergy_plugin,accelergy_component_library_table_plugin,8.0,7.0,1.0,1.0,37.629695999999996,1024,38532808704.0,0.0,3.742982144,140.8472802121482,0.11228946432
hires,2048,2048,128,128,7,32,1024,800.0,os,23993088.0,0.0,281018368,281411584.0,243269632.0,8781824.0,29360128.0,475430912.0,462233600.0,614400.0,12582912.0,281018368.0,1946157056.0,70254592.0,205520896.0,2221932544.0,462233600.0,614400.0,12582912.0,475430912.0,2978381824.0,0.274432,accelergy_plugin,accelergy_component_library_table_plugin,8.0,7.0,1.0,1.0,23.993088,1024,24568922112.0,0.0,2.978381824,71.46057720083252,0.08935145472
hires,2048,2048,128,128,7,32,1024,800.0,ws,12826624.0,0.0,281018368,260064000.0,243269632.0,17152.0,16777216.0,320495616.0,303104000.0,614400.0,16777216.0,281018368.0,1946157056.0,137216.0,117440512.0,2063734784.0,303104000.0,614400.0,16777216.0,320495616.0,2665248768.0,0.274432,accelergy_plugin,accelergy_component_library_table_plugin,8.0,7.0,1.0,1.0,12.826624,1024,13134462976.0,0.0,2.665248768,34.18614381359924,0.07995746304
hires,2048,2048,128,128,7,32,4096,50.0,is,42687232.0,0.0,281018368,268828672.0,243269632.0,8781824.0,16777216.0,260118016.0,243289600.0,51200.0,16777216.0,281018368.0,1946157056.0,70254592.0,117440512.0,2133852160.0,243289600.0,51200.0,16777216.0,260118016.0,2674988544.0,0.274432,accelergy_plugin,accelergy_component_library_table_plugin,8.0,7.0,1.0,1.0,42.687232,1024,43711725568.0,0.0,2.674988544,114.18785657507021,0.08024965632
hires,2048,2048,128,128,7,32,4096,50.0,os,28971776.0,0.0,281018368,281411584.0,243269632.0,8781824.0,29360128.0,256358912.0,243289600.0,486400.0,12582912.0,281018368.0,1946157056.0,70254592.0,205520896.0,2221932544.0,243289600.0,486400.0,12582912.0,256358912.0,2759309824.0,0.274432,accelergy_plugin,accelergy_component_library_table_plugin,8.0,7.0,1.0,1.0,28.971776000000002,1024,29667098624.0,0.0,2.759309824,79.94210613552742,0.08277929472
hires,2048,2048,128,128,7,32,4096,50.0,ws,20505856.0,0.0,281018368,260064000.0,243269632.0,17152.0,16777216.0,393058816.0,375795200.0,486400.0,16777216.0,281018368.0,1946157056.0,137216.0,117440512.0,2063734784.0,375795200.0,486400.0,16777216.0,393058816.0,2737811968.0,0.274432,accelergy_plugin,accelergy_component_library_table_plugin,8.0,7.0,1.0,1.0,20.505855999999998,1024,20997996544.0,0.0,2.737811968,56.1411779708846,0.08213435904
hires,2048,2048,128,128,7,32,4096,200.0,is,38786304.0,0.0,281018368,268828672.0,243269632.0,8781824.0,16777216.0,260233216.0,243353600.0,102400.0,16777216.0,281018368.0,1946157056.0,70254592.0,117440512.0,2133852160.0,243353600.0,102400.0,16777216.0,260233216.0,2675103744.0,0.274432,accelergy_plugin,accelergy_component_library_table_plugin,8.0,7.0,1.0,1.0,38.786304,1024,39717175296.0,0.0,2.675103744,103.75738704632218,0.08025311232
hires,2048,2048,128,128,7,32,4096,200.0,os,25133824.0,0.0,281018368,281411584.0,243269632.0,8781824.0,29360128.0,256448512.0,243353600.0,512000.0,12582912.0,281018368.0,1946157056.0,70254592.0,205520896.0,2221932544.0,243353600.0,512000.0,12582912.0,256448512.0,2759399424.0,0.274432,accelergy_plugin,accelergy_component_library_table_plugin,8.0,7.0,1.0,1.0,25.133824,1024,25737035776.0,0.0,2.759399424,69.35425946851738,0.08278198272
hires,2048,2048,128,128,7,32,4096,200.0,ws,14617344.0,0.0,281018368,260064000.0,243269632.0,17152.0,16777216.0,393148416.0,375859200.0,512000.0,16777216.0,281018368.0,1946157056.0,137216.0,117440512.0,2063734784.0,375859200.0,512000.0,16777216.0,393148416.0,2737901568.0,0.274432,accelergy_plugin,accelergy_component_library_table_plugin,8.0,7.0,1.0,1.0,14.617344000000001,1024,14968160256.0,0.0,2.737901568,40.02084905759539,0.08213704704
hires,2048,2048,128,128,7,32,4096,800.0,is,37810944.0,0.0,281018368,268828672.0,243269632.0,8781824.0,16777216.0,260694016.0,243507200.0,409600.0,16777216.0,281018368.0,1946157056.0,70254592.0,117440512.0,2133852160.0,243507200.0,409600.0,16777216.0,260694016.0,2675564544.0,0.274432,accelergy_plugin,accelergy_component_library_table_plugin,8.0,7.0,1.0,1.0,37.810944,1024,38718406656.0,0.0,2.675564544,101.16562114156955,0.08026693632
hires,2048,2048,128,128,7,32,4096,800.0,os,24174336.0,0.0,281018368,281411584.0,243269632.0,8781824.0,29360128.0,256704512.0,243507200.0,614400.0,12582912.0,281018368.0,1946157056.0,70254592.0,205520896.0,2221932544.0,243507200.0,614400.0,12582912.0,256704512.0,2759655424.0,0.274432,accelergy_plugin,accelergy_component_library_table_plugin,8.0,7.0,1.0,1.0,24.174336,1024,24754520064.0,0.0,2.759655424,66.71283746399847,0.08278966272
hires,2048,2048,128,128,7,32,4096,800.0,ws,13145088.0,0.0,281018368,260064000.0,243269632.0,17152.0,16777216.0,393404416.0,376012800.0,614400.0,16777216.0,281018368.0,1946157056.0,137216.0,117440512.0,2063734784.0,376012800.0,614400.0,16777216.0,393404416.0,2738157568.0,0.274432,accelergy_plugin,accelergy_component_library_table_plugin,8.0,7.0,1.0,1.0,13.145088,1024,13460570112.0,0.0,2.738157568,35.993322189225985,0.08214472704
hires,2048,2048,128,128,7,64,256,50.0,is,165851904.0,139897600.0,281018368,260243456.0,243269632.0,4390912.0,12582912.0,7823258112.0,7810611200.0,64000.0,12582912.0,281018368.0,1946157056.0,35127296.0,88080384.0,2069364736.0,7810611200.0,64000.0,12582912.0,7823258112.0,10173641216.0,0.08388608,accelergy_plugin,accelergy_component_library_table_plugin,8.0,7.0,1.0,1.0,165.851904,4096,679329398784.0,84.35091586286522,10.173641216,1687.3177662864753,0.30520923648
hires,2048,2048,128,128,7,64,256,50.0,os,161933056.0,140762880.0,281018368,277020672.0,243269632.0,4390912.0,29360128.0,7824154112.0,7810611200.0,960000.0,12582912.0,281018368.0,1946157056.0,35127296.0,205520896.0,2186805248.0,7810611200.0,960000.0,12582912.0,7824154112.0,10291977728.0,0.08388608,accelergy_plugin,accelergy_component_library_table_plugin,8.0,7.0,1.0,1.0,161.933056,4096,663277797376.0,86.92658773758953,10.291977728,1666.6114057789769,0.30875933184
hires,2048,2048,128,128,7,64,256,50.0,ws,9339904.0,0.0,281018368,255869696.0,243269632.0,17152.0,12582912.0,269875712.0,256332800.0,960000.0,12582912.0,281018368.0,1946157056.0,137216.0,88080384.0,2034374656.0,256332800.0,960000.0,12582912.0,269875712.0,2585268736.0,0.08388608,accelergy_plugin,accelergy_component_library_table_plugin,8.0,7.0,1.0,1.0,9.339903999999999,4096,38256246784.0,0.0,2.585268736,24.14616180844134,0.07755806208
hires,2048,2048,128,128,7,64,256,200.0,is,51024640.0,25711360.0,281018368,260243456.0,243269632.0,4390912.0,12582912.0,7836557312.0,7823872000.0,102400.0,12582912.0,281018368.0,1946157056.0,35127296.0,88080384.0,2069364736.0,7823872000.0,102400.0,12582912.0,7836557312.0,10186940416.0,0.068608,accelergy_plugin,accelergy_component_library_table_plugin,8.0,7.0,1.0,1.0,51.024640000000005,4096,208996925440.0,50.39008604470311,10.186940416,519.7849674278503,0.30560821248
hires,2048,2048,128,128,7,64,256,200.0,os,47295744.0,26766592.0,281018368,277020672.0,243269632.0,4390912.0,29360128.0,7837427712.0,7823872000.0,972800.0,12582912.0,281018368.0,1946157056.0,35127296.0,205520896.0,2186805248.0,7823872000.0,972800.0,12582912.0,7837427712.0,10305251328.0,0.068608,accelergy_plugin,accelergy_component_library_table_plugin,8.0,7.0,1.0,1.0,47.295744,4096,193723367424.0,56.59408170003627,10.305251328,487.39452866474807,0.30915753984
hires,2048,2048,128,128,7,64,256,200.0,ws,8698880.0,0.0,281018368,255869696.0,243269632.0,17152.0,12582912.0,270323712.0,256768000.0,972800.0,12582912.0,281018368.0,1946157056.0,137216.0,88080384.0,2034374656.0,256768000.0,972800.0,12582912.0,270323712.0,2585716736.0,0.068608,accelergy_plugin,accelergy_component_library_table_plugin,8.0,7.0,1.0,1.0,8.69888,4096,35630612480.0,0.0,2.585716736,22.492839600455685,0.07757150208
hires,2048,2048,128,128,7,64,256,800.0,is,25153024.0,0.0,281018368,260243456.0,243269632.0,4390912.0,12582912.0,7863386112.0,7850393600.0,409600.0,12582912.0,281018368.0,1946157056.0,35127296.0,88080384.0,2069364736.0,7850393600.0,409600.0,12582912.0,7863386112.0,10213769216.0,0.068608,accelergy_plugin,accelergy_component_library_table_plugin,8.0,7.0,1.0,1.0,25.153024,4096,103026786304.0,0.0,10.213769216,256.9071822205091,0.30641307648
hires,2048,2048,128,128,7,64,256,800.0,os,20368896.0,0.0,281018368,277020672.0,243269632.0,4390912.0,29360128.0,7864000512.0,7850393600.0,1024000.0,12582912.0,281018368.0,1946157056.0,35127296.0,205520896.0,2186805248.0,7850393600.0,1024000.0,12582912.0,7864000512.0,10331824128.0,0.068608,accelergy_plugin,accelergy_component_library_table_plugin,8.0,7.0,1.0,1.0,20.368896,4096,83430998016.0,0.0,10.331824128,210.44785115352266,0.30995472384
hires,2048,2048,128,128,7,64,256,800.0,ws,8538624.0,0.0,281018368,255869696.0,243269632.0,17152.0,12582912.0,271245312.0,257638400.0,1024000.0,12582912.0,281018368.0,1946157056.0,137216.0,88080384.0,2034374656.0,257638400.0,1024000.0,12582912.0,271245312.0,2586638336.0,0.068608,accelergy_plugin,accelergy_component_library_table_plugin,8.0,7.0,1.0,1.0,8.538624,4096,34974203904.0,0.0,2.586638336,22.086332175089666,0.07759915008
hires,2048,2048,128,128,7,64,1024,50.0,is,39372800.0,12057856.0,281018368,260243456.0,243269632.0,4390912.0,12582912.0,1319411712.0,1306764800.0,64000.0,12582912.0,281018368.0,1946157056.0,35127296.0,88080384.0,2069364736.0,1306764800.0,64000.0,12582912.0,1319411712.0,3669794816.0,0.08388608,accelergy_plugin,accelergy_component_library_table_plugin,8.0,7.0,1.0,1.0,39.3728,4096,161270988800.0,30.624837451235372,3.669794816,144.4900973314048,0.11009384448
hires,2048,2048,128,128,7,64,1024,50.0,os,35551744.0,13020928.0,281018368,277020672.0,243269632.0,4390912.0,29360128.0,1320307712.0,1306764800.0,960000.0,12582912.0,281018368.0,1946157056.0,35127296.0,205520896.0,2186805248.0,1306764800.0,960000.0,12582912.0,1320307712.0,3788131328.0,0.08388608,accelergy_plugin,accelergy_component_library_table_plugin,8.0,7.0,1.0,1.0,35.55174400000001,4096,145619943424.0,36.625286230683926,3.788131328,134.67467521143607,0.11364393984
hires,2048,2048,128,128,7,64,1024,50.0,ws,11153920.0,0.0,281018368,255869696.0,243269632.0,17152.0,12582912.0,315686912.0,302144000.0,960000.0,12582912.0,281018368.0,1946157056.0,137216.0,88080384.0,2034374656.0,302144000.0,960000.0,12582912.0,315686912.0,2631079936.0,0.08388608,accelergy_plugin,accelergy_component_library_table_plugin,8.0,7.0,1.0,1.0,11.15392,4096,45686456320.0,0.0,2.631079936,29.34685511974912,0.07893239808
hires,2048,2048,128,128,7,64,1024,200.0,is,25653504.0,0.0,281018368,260243456.0,243269632.0,4390912.0,12582912.0,1320282112.0,1307596800.0,102400.0,12582912.0,281018368.0,1946157056.0,35127296.0,88080384.0,2069364736.0,1307596800.0,102400.0,12582912.0,1320282112.0,3670665216.0,0.068608,accelergy_plugin,accelergy_component_library_table_plugin,8.0,7.0,1.0,1.0,25.653504,4096,105076752384.0,0.0,3.670665216,94.16542480131687,0.11011995648
hires,2048,2048,128,128,7,64,1024,200.0,os,20869376.0,0.0,281018368,277020672.0,243269632.0,4390912.0,29360128.0,1321152512.0,1307596800.0,972800.0,12582912.0,281018368.0,1946157056.0,35127296.0,205520896.0,2186805248.0,1307596800.0,972800.0,12582912.0,1321152512.0,3788976128.0,0.068608,accelergy_plugin,accelergy_component_library_table_plugin,8.0,7.0,1.0,1.0,20.869376,4096,85480964096.0,0.0,3.788976128,79.07356747025612,0.11366928384
hires,2048,2048,128,128,7,64,1024,200.0,ws,9152512.0,0.0,281018368,255869696.0,243269632.0,17152.0,12582912.0,315891712.0,302336000.0,972800.0,12582912.0,281018368.0,1946157056.0,137216.0,88080384.0,2034374656.0,302336000.0,972800.0,12582912.0,315891712.0,2631284736.0,0.068608,accelergy_plugin,accelergy_component_library_table_plugin,8.0,7.0,1.0,1.0,9.152512,4096,37488689152.0,0.0,2.631284736,24.08286512165683,0.07893854208
hires,2048,2048,128,128,7,64,1024,800.0,is,25238272.0,0.0,281018368,260243456.0,243269632.0,4390912.0,12582912.0,1323917312.0,1310924800.0,409600.0,12582912.0,281018368.0,1946157056.0,35127296.0,88080384.0,2069364736.0,1310924800.0,409600.0,12582912.0,1323917312.0,3674300416.0,0.068608,accelergy_plugin,accelergy_component_library_table_plugin,8.0,7.0,1.0,1.0,25.238272,4096,103375962112.0,0.0,3.674300416,92.73299330872115,0.11022901248
hires,2048,2048,128,128,7,64,1024,800.0,os,20454144.0,0.0,281018368,277020672.0,243269632.0,4390912.0,29360128.0,1324531712.0,1310924800.0,1024000.0,12582912.0,281018368.0,1946157056.0,35127296.0,205520896.0,2186805248.0,1310924800.0,1024000.0,12582912.0,1324531712.0,3792355328.0,0.068608,accelergy_plugin,accelergy_component_library_table_plugin,8.0,7.0,1.0,1.0,20.454144,4096,83780173824.0,0.0,3.792355328,77.56938197807924,0.11377065984
hires,2048,2048,128,128,7,64,1024,800.0,ws,8652288.0,0.0,281018368,255869696.0,243269632.0,17152.0,12582912.0,316710912.0,303104000.0,1024000.0,12582912.0,281018368.0,1946157056.0,137216.0,88080384.0,2034374656.0,303104000.0,1024000.0,12582912.0,316710912.0,2632103936.0,0.068608,accelergy_plugin,accelergy_component_library_table_plugin,8.0,7.0,1.0,1.0,8.652287999999999,4096,35439771648.0,0.0,2.632103936,22.773721300205565,0.07896311808
hires,2048,2048,128,128,7,64,4096,50.0,is,30216960.0,0.0,281018368,260243456.0,243269632.0,4390912.0,12582912.0,255936512.0,243289600.0,64000.0,12582912.0,281018368.0,1946157056.0,35127296.0,88080384.0,2069364736.0,243289600.0,64000.0,12582912.0,255936512.0,2606319616.0,0.08388608,accelergy_plugin,accelergy_component_library_table_plugin,8.0,7.0,1.0,1.0,30.21696,4096,123768668160.0,0.0,2.606319616,78.75505558388735,0.07818958848
hires,2048,2048,128,128,7,64,4096,50.0,os,25432832.0,0.0,281018368,277020672.0,243269632.0,4390912.0,29360128.0,256832512.0,243289600.0,960000.0,12582912.0,281018368.0,1946157056.0,35127296.0,205520896.0,2186805248.0,243289600.0,960000.0,12582912.0,256832512.0,2724656128.0,0.08388608,accelergy_plugin,accelergy_component_library_table_plugin,8.0,7.0,1.0,1.0,25.432831999999998,4096,104172879872.0,0.0,2.724656128,69.29572156119448,0.08173968384
hires,2048,2048,128,128,7,64,4096,50.0,ws,18399744.0,0.0,281018368,255869696.0,243269632.0,17152.0,12582912.0,496691712.0,483148800.0,960000.0,12582912.0,281018368.0,1946157056.0,137216.0,88080384.0,2034374656.0,483148800.0,960000.0,12582912.0,496691712.0,2812084736.0,0.08388608,accelergy_plugin,accelergy_component_library_table_plugin,8.0,7.0,1.0,1.0,18.399744,4096,75365351424.0,0.0,2.812084736,51.74163924870758,0.08436254208
hires,2048,2048,128,128,7,64,4096,200.0,is,26379008.0,0.0,281018368,260243456.0,243269632.0,4390912.0,12582912.0,256038912.0,243353600.0,102400.0,12582912.0,281018368.0,1946157056.0,35127296.0,88080384.0,2069364736.0,243353600.0,102400.0,12582912.0,256038912.0,2606422016.0,0.068608,accelergy_plugin,accelergy_component_library_table_plugin,8.0,7.0,1.0,1.0,26.379008,4096,108048416768.0,0.0,2.606422016,68.75482721144012,0.07819266048
hires,2048,2048,128,128,7,64,4096,200.0,os,21594880.0,0.0,281018368,277020672.0,243269632.0,4390912.0,29360128.0,256909312.0,243353600.0,972800.0,12582912.0,281018368.0,1946157056.0,35127296.0,205520896.0,2186805248.0,243353600.0,972800.0,12582912.0,256909312.0,2724732928.0,0.068608,accelergy_plugin,accelergy_component_library_table_plugin,8.0,7.0,1.0,1.0,21.59488,4096,88452628480.0,0.0,2.724732928,58.84028061220864,0.08174198784
hires,2048,2048,128,128,7,64,4096,200.0,ws,10963968.0,0.0,281018368,255869696.0,243269632.0,17152.0,12582912.0,496781312.0,483225600.0,972800.0,12582912.0,281018368.0,1946157056.0,137216.0,88080384.0,2034374656.0,483225600.0,972800.0,12582912.0,496781312.0,2812174336.0,0.068608,accelergy_plugin,accelergy_component_library_table_plugin,8.0,7.0,1.0,1.0,10.963968,4096,44908412928.0,0.0,2.812174336,30.832589430325246,0.08436523008
hires,2048,2048,128,128,7,64,4096,800.0,is,25419520.0,0.0,281018368,260243456.0,243269632.0,4390912.0,12582912.0,256499712.0,243507200.0,409600.0,12582912.0,281018368.0,1946157056.0,35127296.0,88080384.0,2069364736.0,243507200.0,409600.0,12582912.0,256499712.0,2606882816.0,0.068608,accelergy_plugin,accelergy_component_library_table_plugin,8.0,7.0,1.0,1.0,25.419520000000002,4096,104118353920.0,0.0,2.606882816,66.26570987896832,0.07820648448
hires,2048,2048,128,128,7,64,4096,800.0,os,20635392.0,0.0,281018368,277020672.0,243269632.0,4390912.0,29360128.0,257114112.0,243507200.0,1024000.0,12582912.0,281018368.0,1946157056.0,35127296.0,205520896.0,2186805248.0,243507200.0,1024000.0,12582912.0,257114112.0,2724937728.0,0.068608,accelergy_plugin,accelergy_component_library_table_plugin,8.0,7.0,1.0,1.0,20.635392,4096,84522565632.0,0.0,2.724937728,56.230158192869375,0.08174813184
hires,2048,2048,128,128,7,64,4096,800.0,ws,9104896.0,0.0,281018368,255869696.0,243269632.0,17152.0,12582912.0,496934912.0,483328000.0,1024000.0,12582912.0,281018368.0,1946157056.0,137216.0,88080384.0,2034374656.0,483328000.0,1024000.0,12582912.0,496934912.0,2812327936.0,0.068608,accelergy_plugin,accelergy_component_library_table_plugin,8.0,7.0,1.0,1.0,9.104896,4096,37293654016.0,0.0,2.812327936,25.605953375174657,0.08436983808
hires,2048,2048,128,128,7,128,256,50.0,is,165905664.0,139918592.0,281018368,258048000.0,243269632.0,2195456.0,12582912.0,7823309312.0,7810611200.0,115200.0,12582912.0,281018368.0,1946157056.0,17563648.0,88080384.0,2051801088.0,7810611200.0,115200.0,12582912.0,7823309312.0,10156128768.0,0.08388608,accelergy_plugin,accelergy_component_library_table_plugin,8.0,7.0,1.0,1.0,165.905664,16384,2718198398976.0,84.33623580205195,10.156128768,1684.959286924542,0.30468386304
hires,2048,2048,128,128,7,128,256,50.0,os,161908992.0,142508288.0,281018368,274825216.0,243269632.0,2195456.0,29360128.0,7825114112.0,7810611200.0,1920000.0,12582912.0,281018368.0,1946157056.0,17563648.0,205520896.0,2169241600.0,7810611200.0,1920000.0,12582912.0,7825114112.0,10275374080.0,0.08388608,accelergy_plugin,accelergy_component_library_table_plugin,8.0,7.0,1.0,1.0,161.908992,16384,2652716924928.0,88.0175253021154,10.27537408,1663.6754597157276,0.3082612224
hires,2048,2048,128,128,7,128,256,50.0,ws,9438208.0,0.0,281018368,255869696.0,243269632.0,17152.0,12582912.0,270835712.0,256332800.0,1920000.0,12582912.0,281018368.0,1946157056.0,137216.0,88080384.0,2034374656.0,256332800.0,1920000.0,12582912.0,270835712.0,2586228736.0,0.08388608,accelergy_plugin,accelergy_component_library_table_plugin,8.0,7.0,1.0,1.0,9.438208,16384,154635599872.0,0.0,2.586228736,24.409364745945084,0.07758686208
hires,2048,2048,128,128,7,128,256,200.0,is,51060992.0,25714944.0,281018368,258048000.0,243269632.0,2195456.0,12582912.0,7836608512.0,7823872000.0,153600.0,12582912.0,281018368.0,1946157056.0,17563648.0,88080384.0,2051801088.0,7823872000.0,153600.0,12582912.0,7836608512.0,10169427968.0,0.02097152,accelergy_plugin,accelergy_component_library_table_plugin,8.0,7.0,1.0,1.0,51.060992,16384,836583292928.0,50.36123074146307,10.169427968,519.2610801186242,0.30508283904
hires,2048,2048,128,128,7,128,256,200.0,os,47099136.0,28339456.0,281018368,274825216.0,243269632.0,2195456.0,29360128.0,7838400512.0,7823872000.0,1945600.0,12582912.0,281018368.0,1946157056.0,17563648.0,205520896.0,2169241600.0,7823872000.0,1945600.0,12582912.0,7838400512.0,10288660480.0,0.02097152,accelergy_plugin,accelergy_component_library_table_plugin,8.0,7.0,1.0,1.0,47.099136,16384,771672244224.0,60.169800142406004,10.28866048,484.5870192053453,0.3086598144
hires,2048,2048,128,128,7,128,256,200.0,ws,8797184.0,0.0,281018368,255869696.0,243269632.0,17152.0,12582912.0,271296512.0,256768000.0,1945600.0,12582912.0,281018368.0,1946157056.0,137216.0,88080384.0,2034374656.0,256768000.0,1945600.0,12582912.0,271296512.0,2586689536.0,0.02097152,accelergy_plugin,accelergy_component_library_table_plugin,8.0,7.0,1.0,1.0,8.797184,16384,144133062656.0,0.0,2.586689536,22.755583799066624,0.07760068608
hires,2048,2048,128,128,7,128,256,800.0,is,25185792.0,0.0,281018368,258048000.0,243269632.0,2195456.0,12582912.0,7863386112.0,7850393600.0,409600.0,12582912.0,281018368.0,1946157056.0,17563648.0,88080384.0,2051801088.0,7850393600.0,409600.0,12582912.0,7863386112.0,10196205568.0,0.017152,accelergy_plugin,accelergy_component_library_table_plugin,8.0,7.0,1.0,1.0,25.185792,16384,412644016128.0,0.0,10.196205568,256.79951262488987,0.30588616704
hires,2048,2048,128,128,7,128,256,800.0,os,18599424.0,0.0,281018368,274825216.0,243269632.0,2195456.0,29360128.0,7865024512.0,7850393600.0,2048000.0,12582912.0,281018368.0,1946157056.0,17563648.0,205520896.0,2169241600.0,7850393600.0,2048000.0,12582912.0,7865024512.0,10315284480.0,0.017152,accelergy_plugin,accelergy_component_library_table_plugin,8.0,7.0,1.0,1.0,18.599424,16384,304732962816.0,0.0,10.31528448,191.85834972413952,0.3094585344
hires,2048,2048,128,128,7,128,256,800.0,ws,8636928.0,0.0,281018368,255869696.0,243269632.0,17152.0,12582912.0,272269312.0,257638400.0,2048000.0,12582912.0,281018368.0,1946157056.0,137216.0,88080384.0,2034374656.0,257638400.0,2048000.0,12582912.0,272269312.0,2587662336.0,0.017152,accelergy_plugin,accelergy_component_library_table_plugin,8.0,7.0,1.0,1.0,8.636928000000001,16384,141507428352.0,0.0,2.587662336,22.349453284343813,0.07762987008
hires,2048,2048,128,128,7,128,1024,50.0,is,39456256.0,12108544.0,281018368,258048000.0,243269632.0,2195456.0,12582912.0,1319462912.0,1306764800.0,115200.0,12582912.0,281018368.0,1946157056.0,17563648.0,88080384.0,2051801088.0,1306764800.0,115200.0,12582912.0,1319462912.0,3652282368.0,0.08388608,accelergy_plugin,accelergy_component_library_table_plugin,8.0,7.0,1.0,1.0,39.456256,16384,646451298304.0,30.688527568353162,3.652282368,144.1053880960942,0.10956847104
hires,2048,2048,128,128,7,128,1024,50.0,os,35396608.0,14635264.0,281018368,274825216.0,243269632.0,2195456.0,29360128.0,1321267712.0,1306764800.0,1920000.0,12582912.0,281018368.0,1946157056.0,17563648.0,205520896.0,2169241600.0,1306764800.0,1920000.0,12582912.0,1321267712.0,3771527680.0,0.08388608,accelergy_plugin,accelergy_component_library_table_plugin,8.0,7.0,1.0,1.0,35.396608,16384,579938025472.0,41.34651546272457,3.77152768,133.49928685010946,0.1131458304
hires,2048,2048,128,128,7,128,1024,50.0,ws,11252224.0,0.0,281018368,255869696.0,243269632.0,17152.0,12582912.0,316646912.0,302144000.0,1920000.0,12582912.0,281018368.0,1946157056.0,137216.0,88080384.0,2034374656.0,302144000.0,1920000.0,12582912.0,316646912.0,2632039936.0,0.08388608,accelergy_plugin,accelergy_component_library_table_plugin,8.0,7.0,1.0,1.0,11.252224,16384,184356438016.0,0.0,2.632039936,29.616302936817664,0.07896119808
hires,2048,2048,128,128,7,128,1024,200.0,is,25686272.0,0.0,281018368,258048000.0,243269632.0,2195456.0,12582912.0,1320333312.0,1307596800.0,153600.0,12582912.0,281018368.0,1946157056.0,17563648.0,88080384.0,2051801088.0,1307596800.0,153600.0,12582912.0,1320333312.0,3653152768.0,0.02097152,accelergy_plugin,accelergy_component_library_table_plugin,8.0,7.0,1.0,1.0,25.686272,16384,420843880448.0,0.0,3.653152768,93.83587565640089,0.10959458304
hires,2048,2048,128,128,7,128,1024,200.0,os,19099904.0,0.0,281018368,274825216.0,243269632.0,2195456.0,29360128.0,1322125312.0,1307596800.0,1945600.0,12582912.0,281018368.0,1946157056.0,17563648.0,205520896.0,2169241600.0,1307596800.0,1945600.0,12582912.0,1322125312.0,3772385280.0,0.02097152,accelergy_plugin,accelergy_component_library_table_plugin,8.0,7.0,1.0,1.0,19.099904000000002,16384,312932827136.0,0.0,3.77238528,72.05219669901312,0.1131715584
hires,2048,2048,128,128,7,128,1024,200.0,ws,9250816.0,0.0,281018368,255869696.0,243269632.0,17152.0,12582912.0,316864512.0,302336000.0,1945600.0,12582912.0,281018368.0,1946157056.0,137216.0,88080384.0,2034374656.0,302336000.0,1945600.0,12582912.0,316864512.0,2632257536.0,0.02097152,accelergy_plugin,accelergy_component_library_table_plugin,8.0,7.0,1.0,1.0,9.250816,16384,151565369344.0,0.0,2.632257536,24.350530130149377,0.07896772608
hires,2048,2048,128,128,7,128,1024,800.0,is,25271040.0,0.0,281018368,258048000.0,243269632.0,2195456.0,12582912.0,1323917312.0,1310924800.0,409600.0,12582912.0,281018368.0,1946157056.0,17563648.0,88080384.0,2051801088.0,1310924800.0,409600.0,12582912.0,1323917312.0,3656736768.0,0.017152,accelergy_plugin,accelergy_component_library_table_plugin,8.0,7.0,1.0,1.0,25.271040000000003,16384,414040719360.0,0.0,3.656736768,92.40954113359874,0.10970210304
hires,2048,2048,128,128,7,128,1024,800.0,os,18684672.0,0.0,281018368,274825216.0,243269632.0,2195456.0,29360128.0,1325555712.0,1310924800.0,2048000.0,12582912.0,281018368.0,1946157056.0,17563648.0,205520896.0,2169241600.0,1310924800.0,2048000.0,12582912.0,1325555712.0,3775815680.0,0.017152,accelergy_plugin,accelergy_component_library_table_plugin,8.0,7.0,1.0,1.0,18.684672,16384,306129666048.0,0.0,3.77581568,70.54987751325696,0.1132744704
hires,2048,2048,128,128,7,128,1024,800.0,ws,8750592.0,0.0,281018368,255869696.0,243269632.0,17152.0,12582912.0,317734912.0,303104000.0,2048000.0,12582912.0,281018368.0,1946157056.0,137216.0,88080384.0,2034374656.0,303104000.0,2048000.0,12582912.0,317734912.0,2633127936.0,0.017152,accelergy_plugin,accelergy_component_library_table_plugin,8.0,7.0,1.0,1.0,8.750592,16384,143369699328.0,0.0,2.633127936,23.04142825173811,0.07899383808
hires,2048,2048,128,128,7,128,4096,50.0,is,30249728.0,0.0,281018368,258048000.0,243269632.0,2195456.0,12582912.0,255987712.0,243289600.0,115200.0,12582912.0,281018368.0,1946157056.0,17563648.0,88080384.0,2051801088.0,243289600.0,115200.0,12582912.0,255987712.0,2588807168.0,0.08388608,accelergy_plugin,accelergy_component_library_table_plugin,8.0,7.0,1.0,1.0,30.249728,16384,495611543552.0,0.0,2.588807168,78.31071267645031,0.07766421504
hires,2048,2048,128,128,7,128,4096,50.0,os,23663360.0,0.0,281018368,274825216.0,243269632.0,2195456.0,29360128.0,257792512.0,243289600.0,1920000.0,12582912.0,281018368.0,1946157056.0,17563648.0,205520896.0,2169241600.0,243289600.0,1920000.0,12582912.0,257792512.0,2708052480.0,0.08388608,accelergy_plugin,accelergy_component_library_table_plugin,8.0,7.0,1.0,1.0,23.66336,16384,387700490240.0,0.0,2.70805248,64.08162073313281,0.0812415744
hires,2048,2048,128,128,7,128,4096,50.0,ws,18498048.0,0.0,281018368,255869696.0,243269632.0,17152.0,12582912.0,497651712.0,483148800.0,1920000.0,12582912.0,281018368.0,1946157056.0,137216.0,88080384.0,2034374656.0,483148800.0,1920000.0,12582912.0,497651712.0,2813044736.0,0.08388608,accelergy_plugin,accelergy_component_library_table_plugin,8.0,7.0,1.0,1.0,18.498048,16384,303072018432.0,0.0,2.813044736,52.035836552675335,0.08439134208
hires,2048,2048,128,128,7,128,4096,200.0,is,26411776.0,0.0,281018368,258048000.0,243269632.0,2195456.0,12582912.0,256090112.0,243353600.0,153600.0,12582912.0,281018368.0,1946157056.0,17563648.0,88080384.0,2051801088.0,243353600.0,153600.0,12582912.0,256090112.0,2588909568.0,0.02097152,accelergy_plugin,accelergy_component_library_table_plugin,8.0,7.0,1.0,1.0,26.411776,16384,432730537984.0,0.0,2.588909568,68.37769959427277,0.07766728704
hires,2048,2048,128,128,7,128,4096,200.0,os,19825408.0,0.0,281018368,274825216.0,243269632.0,2195456.0,29360128.0,257882112.0,243353600.0,1945600.0,12582912.0,281018368.0,1946157056.0,17563648.0,205520896.0,2169241600.0,243353600.0,1945600.0,12582912.0,257882112.0,2708142080.0,0.02097152,accelergy_plugin,accelergy_component_library_table_plugin,8.0,7.0,1.0,1.0,19.825408,16384,324819484672.0,0.0,2.70814208,53.690021657968636,0.0812442624
hires,2048,2048,128,128,7,128,4096,200.0,ws,11062272.0,0.0,281018368,255869696.0,243269632.0,17152.0,12582912.0,497754112.0,483225600.0,1945600.0,12582912.0,281018368.0,1946157056.0,137216.0,88080384.0,2034374656.0,483225600.0,1945600.0,12582912.0,497754112.0,2813147136.0,0.02097152,accelergy_plugin,accelergy_component_library_table_plugin,8.0,7.0,1.0,1.0,11.062272,16384,181244264448.0,0.0,2.813147136,31.119798794452993,0.08439441408
hires,2048,2048,128,128,7,128,4096,800.0,is,25452288.0,0.0,281018368,258048000.0,243269632.0,2195456.0,12582912.0,256499712.0,243507200.0,409600.0,12582912.0,281018368.0,1946157056.0,17563648.0,88080384.0,2051801088.0,243507200.0,409600.0,12582912.0,256499712.0,2589319168.0,0.017152,accelergy_plugin,accelergy_component_library_table_plugin,8.0,7.0,1.0,1.0,25.452288,16384,417010286592.0,0.0,2.589319168,65.90409718785638,0.07767957504
hires,2048,2048,128,128,7,128,4096,800.0,os,18865920.0,0.0,281018368,274825216.0,243269632.0,2195456.0,29360128.0,258138112.0,243507200.0,2048000.0,12582912.0,281018368.0,1946157056.0,17563648.0,205520896.0,2169241600.0,243507200.0,2048000.0,12582912.0,258138112.0,2708398080.0,0.017152,accelergy_plugin,accelergy_component_library_table_plugin,8.0,7.0,1.0,1.0,18.865920000000003,16384,309099233280.0,0.0,2.70839808,51.096421505433604,0.0812519424
hires,2048,2048,128,128,7,128,4096,800.0,ws,9203200.0,0.0,281018368,255869696.0,243269632.0,17152.0,12582912.0,497958912.0,483328000.0,2048000.0,12582912.0,281018368.0,1946157056.0,137216.0,88080384.0,2034374656.0,483328000.0,2048000.0,12582912.0,497958912.0,2813351936.0,0.017152,accelergy_plugin,accelergy_component_library_table_plugin,8.0,7.0,1.0,1.0,9.2032,16384,150785228800.0,0.0,2.813351936,25.891840537395204,0.08440055808
hires,2048,2048,128,128,11,8,256,50.0,os,83691520.0,0.0,583008256,647495680.0,545259520.0,72876032.0,29360128.0,1656410112.0,1643545600.0,281600.0,12582912.0,583008256.0,4362076160.0,583008256.0,205520896.0,5150605312.0,1643545600.0,281600.0,12582912.0,1656410112.0,7390023680.0,9.109504,accelergy_plugin,accelergy_component_library_table_plugin,8.0,7.0,1.0,1.0,83.69152000000001,64,5356257280.0,0.0,7.39002368,618.4823146151937,0.2217007104
hires,2048,2048,128,128,11,8,256,50.0,ws,76371712.0,0.0,583008256,629181184.0,545259520.0,35584.0,83886080.0,642068480.0,557900800.0,281600.0,83886080.0,583008256.0,4362076160.0,284672.0,587202560.0,4949563392.0,557900800.0,281600.0,83886080.0,642068480.0,6174640128.0,9.109504,accelergy_plugin,accelergy_component_library_table_plugin,8.0,7.0,1.0,1.0,76.37171199999999,64,4887789568.0,0.0,6.174640128,471.5678375592591,0.18523920384
hires,2048,2048,128,128,11,8,256,200.0,os,83050496.0,0.0,583008256,647495680.0,545259520.0,72876032.0,29360128.0,1659226112.0,1646336000.0,307200.0,12582912.0,583008256.0,4362076160.0,583008256.0,205520896.0,5150605312.0,1646336000.0,307200.0,12582912.0,1659226112.0,7392839680.0,9.109504,accelergy_plugin,accelergy_component_library_table_plugin,8.0,7.0,1.0,1.0,83.050496,64,5315231744.0,0.0,7.39283968,613.9790022724812,0.2217851904
hires,2048,2048,128,128,11,8,256,200.0,ws,75791872.0,0.0,583008256,629181184.0,545259520.0,35584.0,83886080.0,643041280.0,558848000.0,307200.0,83886080.0,583008256.0,4362076160.0,284672.0,587202560.0,4949563392.0,558848000.0,307200.0,83886080.0,643041280.0,6175612928.0,9.109504,accelergy_plugin,accelergy_component_library_table_plugin,8.0,7.0,1.0,1.0,75.791872,64,4850679808.0,0.0,6.175612928,468.0612645605212,0.18526838784
hires,2048,2048,128,128,11,8,256,800.0,os,82890240.0,0.0,583008256,647495680.0,545259520.0,72876032.0,29360128.0,1665114112.0,1651916800.0,614400.0,12582912.0,583008256.0,4362076160.0,583008256.0,205520896.0,5150605312.0,1651916800.0,614400.0,12582912.0,1665114112.0,7398727680.0,9.109504,accelergy_plugin,accelergy_component_library_table_plugin,8.0,7.0,1.0,1.0,82.89024,64,5304975360.0,0.0,7.39872768,613.2823130898432,0.2219618304
hires,2048,2048,128,128,11,8,256,800.0,ws,75646720.0,0.0,583008256,629181184.0,545259520.0,35584.0,83886080.0,645242880.0,560742400.0,614400.0,83886080.0,583008256.0,4362076160.0,284672.0,587202560.0,4949563392.0,560742400.0,614400.0,83886080.0,645242880.0,6177814528.0,9.109504,accelergy_plugin,accelergy_component_library_table_plugin,8.0,7.0,1.0,1.0,75.64672,64,4841390080.0,0.0,6.177814528,467.33140581154817,0.18533443584
hires,2048,2048,128,128,11,8,1024,50.0,is,220536064.0,0.0,583008256,702021632.0,545259520.0,72876032.0,83886080.0,6225006080.0,6141068800.0,51200.0,83886080.0,583008256.0,4362076160.0,583008256.0,587202560.0,5532286976.0,6141068800.0,51200.0,83886080.0,6225006080.0,12340301312.0,9.109504,accelergy_plugin,accelergy_component_library_table_plugin,8.0,7.0,1.0,1.0,220.536064,64,14114308096.0,0.0,12.340301312,2721.481479922516,0.37020903936
hires,2048,2048,128,128,11,8,1024,50.0,os,85052160.0,0.0,583008256,647495680.0,545259520.0,72876032.0,29360128.0,1077914112.0,1065049600.0,281600.0,12582912.0,583008256.0,4362076160.0,583008256.0,205520896.0,5150605312.0,1065049600.0,281600.0,12582912.0,1077914112.0,6811527680.0,9.109504,accelergy_plugin,accelergy_component_library_table_plugin,8.0,7.0,1.0,1.0,85.05216,64,5443338240.0,0.0,6.81152768,579.3351420837888,0.2043458304
hires,2048,2048,128,128,11,8,1024,50.0,ws,78484480.0,0.0,583008256,629181184.0,545259520.0,35584.0,83886080.0,688455680.0,604288000.0,281600.0,83886080.0,583008256.0,4362076160.0,284672.0,587202560.0,4949563392.0,604288000.0,281600.0,83886080.0,688455680.0,6221027328.0,9.109504,accelergy_plugin,accelergy_component_library_table_plugin,8.0,7.0,1.0,1.0,78.48447999999999,64,5023006720.0,0.0,6.221027328,488.2540949038694,0.18663081984
hires,2048,2048,128,128,11,8,1024,200.0,is,218711552.0,0.0,583008256,702021632.0,545259520.0,72876032.0,83886080.0,6228961280.0,6144972800.0,102400.0,83886080.0,583008256.0,4362076160.0,583008256.0,587202560.0,5532286976.0,6144972800.0,102400.0,83886080.0,6228961280.0,12344256512.0,9.109504,accelergy_plugin,accelergy_component_library_table_plugin,8.0,7.0,1.0,1.0,218.711552,64,13997539328.0,0.0,12.344256512,2699.8315000256266,0.37032769536
hires,2048,2048,128,128,11,8,1024,200.0,os,83390720.0,0.0,583008256,647495680.0,545259520.0,72876032.0,29360128.0,1078618112.0,1065728000.0,307200.0,12582912.0,583008256.0,4362076160.0,583008256.0,205520896.0,5150605312.0,1065728000.0,307200.0,12582912.0,1078618112.0,6812231680.0,9.109504,accelergy_plugin,accelergy_component_library_table_plugin,8.0,7.0,1.0,1.0,83.39072,64,5337006080.0,0.0,6.81223168,568.0769046020096,0.2043669504
hires,2048,2048,128,128,11,8,1024,200.0,ws,76320000.0,0.0,583008256,629181184.0,545259520.0,35584.0,83886080.0,688865280.0,604672000.0,307200.0,83886080.0,583008256.0,4362076160.0,284672.0,587202560.0,4949563392.0,604672000.0,307200.0,83886080.0,688865280.0,6221436928.0,9.109504,accelergy_plugin,accelergy_component_library_table_plugin,8.0,7.0,1.0,1.0,76.32,64,4884480000.0,0.0,6.221436928,474.82006634495997,0.18664310784
hires,2048,2048,128,128,11,8,1024,800.0,is,218255360.0,0.0,583008256,702021632.0,545259520.0,72876032.0,83886080.0,6244884480.0,6160588800.0,409600.0,83886080.0,583008256.0,4362076160.0,583008256.0,587202560.0,5532286976.0,6160588800.0,409600.0,83886080.0,6244884480.0,12360179712.0,9.109504,accelergy_plugin,accelergy_component_library_table_plugin,8.0,7.0,1.0,1.0,218.25536,64,13968343040.0,0.0,12.360179712,2697.6754727072566,0.37080539136
hires,2048,2048,128,128,11,8,1024,800.0,os,82975488.0,0.0,583008256,647495680.0,545259520.0,72876032.0,29360128.0,1081638912.0,1068441600.0,614400.0,12582912.0,583008256.0,4362076160.0,583008256.0,205520896.0,5150605312.0,1068441600.0,614400.0,12582912.0,1081638912.0,6815252480.0,9.109504,accelergy_plugin,accelergy_component_library_table_plugin,8.0,7.0,1.0,1.0,82.975488,64,5310431232.0,0.0,6.81525248,565.4989003712102,0.2044575744
hires,2048,2048,128,128,11,8,1024,800.0,ws,75778816.0,0.0,583008256,629181184.0,545259520.0,35584.0,83886080.0,690708480.0,606208000.0,614400.0,83886080.0,583008256.0,4362076160.0,284672.0,587202560.0,4949563392.0,606208000.0,614400.0,83886080.0,690708480.0,6223280128.0,9.109504,accelergy_plugin,accelergy_component_library_table_plugin,8.0,7.0,1.0,1.0,75.77881599999999,64,4849844224.0,0.0,6.223280128,471.5927997361684,0.18669840384
hires,2048,2048,128,128,11,8,4096,50.0,is,225367296.0,0.0,583008256,702021632.0,545259520.0,72876032.0,83886080.0,1812718080.0,1728780800.0,51200.0,83886080.0,583008256.0,4362076160.0,583008256.0,587202560.0,5532286976.0,1728780800.0,51200.0,83886080.0,1812718080.0,7928013312.0,9.109504,accelergy_plugin,accelergy_component_library_table_plugin,8.0,7.0,1.0,1.0,225.36729599999998,64,14423506944.0,0.0,7.928013312,1786.7149227774441,0.23784039936
hires,2048,2048,128,128,11,8,4096,50.0,os,88675072.0,0.0,583008256,647495680.0,545259520.0,72876032.0,29360128.0,775347712.0,762483200.0,281600.0,12582912.0,583008256.0,4362076160.0,583008256.0,205520896.0,5150605312.0,762483200.0,281600.0,12582912.0,775347712.0,6508961280.0,9.109504,accelergy_plugin,accelergy_component_library_table_plugin,8.0,7.0,1.0,1.0,88.675072,64,5675204608.0,0.0,6.50896128,577.1826101492122,0.1952688384
hires,2048,2048,128,128,11,8,4096,50.0,ws,83449344.0,0.0,583008256,629181184.0,545259520.0,35584.0,83886080.0,876001280.0,791833600.0,281600.0,83886080.0,583008256.0,4362076160.0,284672.0,587202560.0,4949563392.0,791833600.0,281600.0,83886080.0,876001280.0,6408572928.0,9.109504,accelergy_plugin,accelergy_component_library_table_plugin,8.0,7.0,1.0,1.0,83.449344,64,5340758016.0,0.0,6.408572928,534.7912068177592,0.19225718784
hires,2048,2048,128,128,11,8,4096,200.0,is,219919360.0,0.0,583008256,702021632.0,545259520.0,72876032.0,83886080.0,1813063680.0,1729075200.0,102400.0,83886080.0,583008256.0,4362076160.0,583008256.0,587202560.0,5532286976.0,1729075200.0,102400.0,83886080.0,1813063680.0,7928358912.0,9.109504,accelergy_plugin,accelergy_component_library_table_plugin,8.0,7.0,1.0,1.0,219.91936,64,14074839040.0,0.0,7.928358912,1743.5996177773366,0.23785076736
hires,2048,2048,128,128,11,8,4096,200.0,os,84296448.0,0.0,583008256,647495680.0,545259520.0,72876032.0,29360128.0,775514112.0,762624000.0,307200.0,12582912.0,583008256.0,4362076160.0,583008256.0,205520896.0,5150605312.0,762624000.0,307200.0,12582912.0,775514112.0,6509127680.0,9.109504,accelergy_plugin,accelergy_component_library_table_plugin,8.0,7.0,1.0,1.0,84.296448,64,5394972672.0,0.0,6.50912768,548.6963430024806,0.1952738304
hires,2048,2048,128,128,11,8,4096,200.0,ws,77561088.0,0.0,583008256,629181184.0,545259520.0,35584.0,83886080.0,876154880.0,791961600.0,307200.0,83886080.0,583008256.0,4362076160.0,284672.0,587202560.0,4949563392.0,791961600.0,307200.0,83886080.0,876154880.0,6408726528.0,9.109504,accelergy_plugin,accelergy_component_library_table_plugin,8.0,7.0,1.0,1.0,77.561088,64,4963909632.0,0.0,6.408726528,497.06780220614246,0.19226179584
hires,2048,2048,128,128,11,8,4096,800.0,is,218557184.0,0.0,583008256,702021632.0,545259520.0,72876032.0,83886080.0,1813831680.0,1729536000.0,409600.0,83886080.0,583008256.0,4362076160.0,583008256.0,587202560.0,5532286976.0,1729536000.0,409600.0,83886080.0,1813831680.0,7929126912.0,9.109504,accelergy_plugin,accelergy_component_library_table_plugin,8.0,7.0,1.0,1.0,218.55718399999998,64,13987659776.0,0.0,7.929126912,1732.9676494653356,0.23787380736
hires,2048,2048,128,128,11,8,4096,800.0,os,83201792.0,0.0,583008256,647495680.0,545259520.0,72876032.0,29360128.0,776077312.0,762880000.0,614400.0,12582912.0,583008256.0,4362076160.0,583008256.0,205520896.0,5150605312.0,762880000.0,614400.0,12582912.0,776077312.0,6509690880.0,9.109504,accelergy_plugin,accelergy_component_library_table_plugin,8.0,7.0,1.0,1.0,83.201792,64,5324914688.0,0.0,6.50969088,541.6179465820569,0.1952907264
hires,2048,2048,128,128,11,8,4096,800.0,ws,76088832.0,0.0,583008256,629181184.0,545259520.0,35584.0,83886080.0,876666880.0,792166400.0,614400.0,83886080.0,583008256.0,4362076160.0,284672.0,587202560.0,4949563392.0,792166400.0,614400.0,83886080.0,876666880.0,6409238528.0,9.109504,accelergy_plugin,accelergy_component_library_table_plugin,8.0,7.0,1.0,1.0,76.088832,64,4869685248.0,0.0,6.409238528,487.6714736049193,0.19227715584
hires,2048,2048,128,128,11,16,256,50.0,os,67479296.0,16817920.0,583008256,611057664.0,545259520.0,36438016.0,29360128.0,2757389312.0,2744268800.0,537600.0,12582912.0,583008256.0,4362076160.0,291504128.0,205520896.0,4859101184.0,2744268800.0,537600.0,12582912.0,2757389312.0,8199498752.0,2.277376,accelergy_plugin,accelergy_component_library_table_plugin,8.0,7.0,1.0,1.0,67.47929599999999,256,17274699776.0,24.92308159231537,8.199498752,553.2964033378386,0.24598496256
hires,2048,2048,128,128,11,16,256,50.0,ws,38693120.0,0.0,583008256,587238144.0,545259520.0,35584.0,41943040.0,600381440.0,557900800.0,537600.0,41943040.0,583008256.0,4362076160.0,284672.0,293601280.0,4655962112.0,557900800.0,537600.0,41943040.0,600381440.0,5839351808.0,2.277376,accelergy_plugin,accelergy_component_library_table_plugin,8.0,7.0,1.0,1.0,38.69312,256,9905438720.0,0.0,5.839351808,225.94274022916096,0.17518055424
hires,2048,2048,128,128,11,16,256,200.0,os,50020352.0,0.0,583008256,611057664.0,545259520.0,36438016.0,29360128.0,2762074112.0,2748928000.0,563200.0,12582912.0,583008256.0,4362076160.0,291504128.0,205520896.0,4859101184.0,2748928000.0,563200.0,12582912.0,2762074112.0,8204183552.0,2.277376,accelergy_plugin,accelergy_component_library_table_plugin,8.0,7.0,1.0,1.0,50.020351999999995,256,12805210112.0,0.0,8.204183552,410.37614914365025,0.24612550656
hires,2048,2048,128,128,11,16,256,200.0,ws,38063872.0,0.0,583008256,587238144.0,545259520.0,35584.0,41943040.0,601354240.0,558848000.0,563200.0,41943040.0,583008256.0,4362076160.0,284672.0,293601280.0,4655962112.0,558848000.0,563200.0,41943040.0,601354240.0,5840324608.0,2.277376,accelergy_plugin,accelergy_component_library_table_plugin,8.0,7.0,1.0,1.0,38.063871999999996,256,9744351232.0,0.0,5.840324608,222.30536831736217,0.17520973824
hires,2048,2048,128,128,11,16,256,800.0,os,49860096.0,0.0,583008256,611057664.0,545259520.0,36438016.0,29360128.0,2771648512.0,2758246400.0,819200.0,12582912.0,583008256.0,4362076160.0,291504128.0,205520896.0,4859101184.0,2758246400.0,819200.0,12582912.0,2771648512.0,8213757952.0,2.277376,accelergy_plugin,accelergy_component_library_table_plugin,8.0,7.0,1.0,1.0,49.860096,256,12764184576.0,0.0,8.213757952,409.5387600074834,0.24641273856
hires,2048,2048,128,128,11,16,256,800.0,ws,37906432.0,0.0,583008256,587238144.0,545259520.0,35584.0,41943040.0,603504640.0,560742400.0,819200.0,41943040.0,583008256.0,4362076160.0,284672.0,293601280.0,4655962112.0,560742400.0,819200.0,41943040.0,603504640.0,5842475008.0,2.277376,accelergy_plugin,accelergy_component_library_table_plugin,8.0,7.0,1.0,1.0,37.906431999999995,256,9704046592.0,0.0,5.842475008,221.46738160245144,0.17527425024
hires,2048,2048,128,128,11,16,1024,50.0,os,52022016.0,0.0,583008256,611057664.0,545259520.0,36438016.0,29360128.0,594739712.0,581619200.0,537600.0,12582912.0,583008256.0,4362076160.0,291504128.0,205520896.0,4859101184.0,581619200.0,537600.0,12582912.0,594739712.0,6036849152.0,2.277376,accelergy_plugin,accelergy_component_library_table_plugin,8.0,7.0,1.0,1.0,52.022016,256,13317636096.0,0.0,6.036849152,314.04906317493044,0.18110547456
hires,2048,2048,128,128,11,16,1024,50.0,ws,41110016.0,0.0,583008256,587238144.0,545259520.0,35584.0,41943040.0,646768640.0,604288000.0,537600.0,41943040.0,583008256.0,4362076160.0,284672.0,293601280.0,4655962112.0,604288000.0,537600.0,41943040.0,646768640.0,5885739008.0,2.277376,accelergy_plugin,accelergy_component_library_table_plugin,8.0,7.0,1.0,1.0,41.110016,256,10524164096.0,0.0,5.885739008,241.96282479070413,0.17657217024
hires,2048,2048,128,128,11,16,1024,200.0,os,50360576.0,0.0,583008256,611057664.0,545259520.0,36438016.0,29360128.0,595136512.0,581990400.0,563200.0,12582912.0,583008256.0,4362076160.0,291504128.0,205520896.0,4859101184.0,581990400.0,563200.0,12582912.0,595136512.0,6037245952.0,2.277376,accelergy_plugin,accelergy_component_library_table_plugin,8.0,7.0,1.0,1.0,50.360575999999995,256,12892307456.0,0.0,6.037245952,304.03918359638834,0.18111737856
hires,2048,2048,128,128,11,16,1024,200.0,ws,38668288.0,0.0,583008256,587238144.0,545259520.0,35584.0,41943040.0,647178240.0,604672000.0,563200.0,41943040.0,583008256.0,4362076160.0,284672.0,293601280.0,4655962112.0,604672000.0,563200.0,41943040.0,647178240.0,5886148608.0,2.277376,accelergy_plugin,accelergy_component_library_table_plugin,8.0,7.0,1.0,1.0,38.668288000000004,256,9899081728.0,0.0,5.886148608,227.60728958494312,0.17658445824
hires,2048,2048,128,128,11,16,1024,800.0,os,49945344.0,0.0,583008256,611057664.0,545259520.0,36438016.0,29360128.0,596877312.0,583475200.0,819200.0,12582912.0,583008256.0,4362076160.0,291504128.0,205520896.0,4859101184.0,583475200.0,819200.0,12582912.0,596877312.0,6038986752.0,2.277376,accelergy_plugin,accelergy_component_library_table_plugin,8.0,7.0,1.0,1.0,49.945344000000006,256,12786008064.0,0.0,6.038986752,301.6192707400827,0.18116960256
hires,2048,2048,128,128,11,16,1024,800.0,ws,38057728.0,0.0,583008256,587238144.0,545259520.0,35584.0,41943040.0,648970240.0,606208000.0,819200.0,41943040.0,583008256.0,4362076160.0,284672.0,293601280.0,4655962112.0,606208000.0,819200.0,41943040.0,648970240.0,5887940608.0,2.277376,accelergy_plugin,accelergy_component_library_table_plugin,8.0,7.0,1.0,1.0,38.057728,256,9742778368.0,0.0,5.887940608,224.08164213941862,0.17663821824
hires,2048,2048,128,128,11,16,4096,50.0,is,117573888.0,0.0,583008256,623640576.0,545259520.0,36438016.0,41943040.0,1770775040.0,1728780800.0,51200.0,41943040.0,583008256.0,4362076160.0,291504128.0,293601280.0,4947181568.0,1728780800.0,51200.0,41943040.0,1770775040.0,7300964864.0,2.277376,accelergy_plugin,accelergy_component_library_table_plugin,8.0,7.0,1.0,1.0,117.573888,256,30098915328.0,0.0,7.300964864,858.4028252118712,0.21902894592
hires,2048,2048,128,128,11,16,4096,50.0,os,55644928.0,0.0,583008256,611057664.0,545259520.0,36438016.0,29360128.0,775603712.0,762483200.0,537600.0,12582912.0,583008256.0,4362076160.0,291504128.0,205520896.0,4859101184.0,762483200.0,537600.0,12582912.0,775603712.0,6217713152.0,2.277376,accelergy_plugin,accelergy_component_library_table_plugin,8.0,7.0,1.0,1.0,55.644928,256,14245101568.0,0.0,6.217713152,345.9842006676931,0.18653139456
hires,2048,2048,128,128,11,16,4096,50.0,ws,44866560.0,0.0,583008256,587238144.0,545259520.0,35584.0,41943040.0,834314240.0,791833600.0,537600.0,41943040.0,583008256.0,4362076160.0,284672.0,293601280.0,4655962112.0,791833600.0,537600.0,41943040.0,834314240.0,6073284608.0,2.277376,accelergy_plugin,accelergy_component_library_table_plugin,8.0,7.0,1.0,1.0,44.86656,256,11485839360.0,0.0,6.073284608,272.48738826190845,0.18219853824
hires,2048,2048,128,128,11,16,4096,200.0,is,112754944.0,0.0,583008256,623640576.0,545259520.0,36438016.0,41943040.0,1771120640.0,1729075200.0,102400.0,41943040.0,583008256.0,4362076160.0,291504128.0,293601280.0,4947181568.0,1729075200.0,102400.0,41943040.0,1771120640.0,7301310464.0,2.277376,accelergy_plugin,accelergy_component_library_table_plugin,8.0,7.0,1.0,1.0,112.754944,256,28865265664.0,0.0,7.301310464,823.258852494934,0.21903931392
hires,2048,2048,128,128,11,16,4096,200.0,os,51266304.0,0.0,583008256,611057664.0,545259520.0,36438016.0,29360128.0,775770112.0,762624000.0,563200.0,12582912.0,583008256.0,4362076160.0,291504128.0,205520896.0,4859101184.0,762624000.0,563200.0,12582912.0,775770112.0,6217879552.0,2.277376,accelergy_plugin,accelergy_component_library_table_plugin,8.0,7.0,1.0,1.0,51.266304,256,13124173824.0,0.0,6.217879552,318.76770334821583,0.18653638656
hires,2048,2048,128,128,11,16,4096,200.0,ws,39607296.0,0.0,583008256,587238144.0,545259520.0,35584.0,41943040.0,834467840.0,791961600.0,563200.0,41943040.0,583008256.0,4362076160.0,284672.0,293601280.0,4655962112.0,791961600.0,563200.0,41943040.0,834467840.0,6073438208.0,2.277376,accelergy_plugin,accelergy_component_library_table_plugin,8.0,7.0,1.0,1.0,39.607296,256,10139467776.0,0.0,6.073438208,240.55246484196556,0.18220314624
hires,2048,2048,128,128,11,16,4096,800.0,is,111549952.0,0.0,583008256,623640576.0,545259520.0,36438016.0,41943040.0,1771888640.0,1729536000.0,409600.0,41943040.0,583008256.0,4362076160.0,291504128.0,293601280.0,4947181568.0,1729536000.0,409600.0,41943040.0,1771888640.0,7302078464.0,2.277376,accelergy_plugin,accelergy_component_library_table_plugin,8.0,7.0,1.0,1.0,111.54995199999999,256,28556787712.0,0.0,7.302078464,814.5465021594337,0.21906235392
hires,2048,2048,128,128,11,16,4096,800.0,os,50171648.0,0.0,583008256,611057664.0,545259520.0,36438016.0,29360128.0,776282112.0,762880000.0,819200.0,12582912.0,583008256.0,4362076160.0,291504128.0,205520896.0,4859101184.0,762880000.0,819200.0,12582912.0,776282112.0,6218391552.0,2.277376,accelergy_plugin,accelergy_component_library_table_plugin,8.0,7.0,1.0,1.0,50.171648,256,12843941888.0,0.0,6.218391552,311.98695207311766,0.18655174656
hires,2048,2048,128,128,11,16,4096,800.0,ws,38292224.0,0.0,583008256,587238144.0,545259520.0,35584.0,41943040.0,834928640.0,792166400.0,819200.0,41943040.0,583008256.0,4362076160.0,284672.0,293601280.0,4655962112.0,792166400.0,819200.0,41943040.0,834928640.0,6073899008.0,2.277376,accelergy_plugin,accelergy_component_library_table_plugin,8.0,7.0,1.0,1.0,38.292224,256,9802809344.0,0.0,6.073899008,232.58310136771377,0.18221697024
hires,2048,2048,128,128,11,32,256,50.0,os,131982080.0,97835776.0,583008256,592838656.0,545259520.0,18219008.0,29360128.0,6301350912.0,6287692800.0,1075200.0,12582912.0,583008256.0,4362076160.0,145752064.0,205520896.0,4713349120.0,6287692800.0,1075200.0,12582912.0,6301350912.0,11597708288.0,0.569344,accelergy_plugin,accelergy_component_library_table_plugin,8.0,7.0,1.0,1.0,131.98208,1024,135149649920.0,74.12807556904694,11.597708288,1530.689663083479,0.34793124864
hires,2048,2048,128,128,11,32,256,50.0,ws,21896192.0,0.0,583008256,570460928.0,545259520.0,35584.0,25165824.0,584141824.0,557900800.0,1075200.0,25165824.0,583008256.0,4362076160.0,284672.0,176160768.0,4538521600.0,557900800.0,1075200.0,25165824.0,584141824.0,5705671680.0,0.569344,accelergy_plugin,accelergy_component_library_table_plugin,8.0,7.0,1.0,1.0,21.896192,1024,22421700608.0,0.0,5.70567168,124.93248259424256,0.1711701504
hires,2048,2048,128,128,11,32,256,200.0,os,40456192.0,6950912.0,583008256,592838656.0,545259520.0,18219008.0,29360128.0,6312077312.0,6298368000.0,1126400.0,12582912.0,583008256.0,4362076160.0,145752064.0,205520896.0,4713349120.0,6298368000.0,1126400.0,12582912.0,6312077312.0,11608434688.0,0.569344,accelergy_plugin,accelergy_component_library_table_plugin,8.0,7.0,1.0,1.0,40.456192,1024,41427140608.0,17.18133036347069,11.608434688,469.63306255718805,0.34825304064
hires,2048,2048,128,128,11,32,256,200.0,ws,21292544.0,0.0,583008256,570460928.0,545259520.0,35584.0,25165824.0,585140224.0,558848000.0,1126400.0,25165824.0,583008256.0,4362076160.0,284672.0,176160768.0,4538521600.0,558848000.0,1126400.0,25165824.0,585140224.0,5706670080.0,0.569344,accelergy_plugin,accelergy_component_library_table_plugin,8.0,7.0,1.0,1.0,21.292544,1024,21803565056.0,0.0,5.70667008,121.50952377188352,0.1712001024
hires,2048,2048,128,128,11,32,256,800.0,os,33345024.0,0.0,583008256,592838656.0,545259520.0,18219008.0,29360128.0,6333530112.0,6319718400.0,1228800.0,12582912.0,583008256.0,4362076160.0,145752064.0,205520896.0,4713349120.0,6319718400.0,1228800.0,12582912.0,6333530112.0,11629887488.0,0.569344,accelergy_plugin,accelergy_component_library_table_plugin,8.0,7.0,1.0,1.0,33.345024,1024,34145304576.0,0.0,11.629887488,387.7988774046597,0.34889662464
hires,2048,2048,128,128,11,32,256,800.0,ws,21141504.0,0.0,583008256,570460928.0,545259520.0,35584.0,25165824.0,587137024.0,560742400.0,1228800.0,25165824.0,583008256.0,4362076160.0,284672.0,176160768.0,4538521600.0,560742400.0,1228800.0,25165824.0,587137024.0,5708666880.0,0.569344,accelergy_plugin,accelergy_component_library_table_plugin,8.0,7.0,1.0,1.0,21.141503999999998,1024,21648900096.0,0.0,5.70866688,120.6898036781875,0.1712600064
hires,2048,2048,128,128,11,32,1024,50.0,os,44737024.0,9230080.0,583008256,592838656.0,545259520.0,18219008.0,29360128.0,1078707712.0,1065049600.0,1075200.0,12582912.0,583008256.0,4362076160.0,145752064.0,205520896.0,4713349120.0,1065049600.0,1075200.0,12582912.0,1078707712.0,6375065088.0,0.569344,accelergy_plugin,accelergy_component_library_table_plugin,8.0,7.0,1.0,1.0,44.737024,1024,45810712576.0,20.631859642697737,6.375065088,285.20143984341814,0.19125195264
hires,2048,2048,128,128,11,32,1024,50.0,ws,24011520.0,0.0,583008256,570460928.0,545259520.0,35584.0,25165824.0,630529024.0,604288000.0,1075200.0,25165824.0,583008256.0,4362076160.0,284672.0,176160768.0,4538521600.0,604288000.0,1075200.0,25165824.0,630529024.0,5752058880.0,0.569344,accelergy_plugin,accelergy_component_library_table_plugin,8.0,7.0,1.0,1.0,24.01152,1024,24587796480.0,0.0,5.75205888,138.1156768382976,0.1725617664
hires,2048,2048,128,128,11,32,1024,200.0,os,34013184.0,167680.0,583008256,592838656.0,545259520.0,18219008.0,29360128.0,1079437312.0,1065728000.0,1126400.0,12582912.0,583008256.0,4362076160.0,145752064.0,205520896.0,4713349120.0,1065728000.0,1126400.0,12582912.0,1079437312.0,6375794688.0,0.569344,accelergy_plugin,accelergy_component_library_table_plugin,8.0,7.0,1.0,1.0,34.013184,1024,34829500416.0,0.49298530828516374,6.375794688,216.86107786916662,0.19127384064
hires,2048,2048,128,128,11,32,1024,200.0,ws,21821440.0,0.0,583008256,570460928.0,545259520.0,35584.0,25165824.0,630964224.0,604672000.0,1126400.0,25165824.0,583008256.0,4362076160.0,284672.0,176160768.0,4538521600.0,604672000.0,1126400.0,25165824.0,630964224.0,5752494080.0,0.569344,accelergy_plugin,accelergy_component_library_table_plugin,8.0,7.0,1.0,1.0,21.821440000000003,1024,22345154560.0,0.0,5.75249408,125.52770441707521,0.1725748224
hires,2048,2048,128,128,11,32,1024,800.0,os,33430272.0,0.0,583008256,592838656.0,545259520.0,18219008.0,29360128.0,1082253312.0,1068441600.0,1228800.0,12582912.0,583008256.0,4362076160.0,145752064.0,205520896.0,4713349120.0,1068441600.0,1228800.0,12582912.0,1082253312.0,6378610688.0,0.569344,accelergy_plugin,accelergy_component_library_table_plugin,8.0,7.0,1.0,1.0,33.430271999999995,1024,34232598528.0,0.0,6.378610688,213.2386902819471,0.19135832064
hires,2048,2048,128,128,11,32,1024,800.0,ws,21273856.0,0.0,583008256,570460928.0,545259520.0,35584.0,25165824.0,632602624.0,606208000.0,1228800.0,25165824.0,583008256.0,4362076160.0,284672.0,176160768.0,4538521600.0,606208000.0,1228800.0,25165824.0,632602624.0,5754132480.0,0.569344,accelergy_plugin,accelergy_component_library_table_plugin,8.0,7.0,1.0,1.0,21.273856000000002,1024,21784428544.0,0.0,5.75413248,122.4125857844429,0.1726239744
hires,2048,2048,128,128,11,32,4096,50.0,is,68479488.0,0.0,583008256,588644352.0,545259520.0,18219008.0,25165824.0,1754010624.0,1728780800.0,64000.0,25165824.0,583008256.0,4362076160.0,145752064.0,176160768.0,4683988992.0,1728780800.0,64000.0,25165824.0,1754010624.0,7021007872.0,0.569344,accelergy_plugin,accelergy_component_library_table_plugin,8.0,7.0,1.0,1.0,68.479488,1024,70122995712.0,0.0,7.021007872,480.79502431852956,0.21063023616
hires,2048,2048,128,128,11,32,4096,50.0,os,39129856.0,0.0,583008256,592838656.0,545259520.0,18219008.0,29360128.0,776141312.0,762483200.0,1075200.0,12582912.0,583008256.0,4362076160.0,145752064.0,205520896.0,4713349120.0,762483200.0,1075200.0,12582912.0,776141312.0,6072498688.0,0.569344,accelergy_plugin,accelergy_component_library_table_plugin,8.0,7.0,1.0,1.0,39.129856,1024,40068972544.0,0.0,6.072498688,237.6159992216289,0.18217496064
hires,2048,2048,128,128,11,32,4096,50.0,ws,29110272.0,0.0,583008256,570460928.0,545259520.0,35584.0,25165824.0,885185024.0,858944000.0,1075200.0,25165824.0,583008256.0,4362076160.0,284672.0,176160768.0,4538521600.0,858944000.0,1075200.0,25165824.0,885185024.0,6006714880.0,0.569344,accelergy_plugin,accelergy_component_library_table_plugin,8.0,7.0,1.0,1.0,29.110272,1024,29808918528.0,0.0,6.00671488,174.85710398324733,0.1802014464
hires,2048,2048,128,128,11,32,4096,200.0,is,63912192.0,0.0,583008256,588644352.0,545259520.0,18219008.0,25165824.0,1754343424.0,1729075200.0,102400.0,25165824.0,583008256.0,4362076160.0,145752064.0,176160768.0,4683988992.0,1729075200.0,102400.0,25165824.0,1754343424.0,7021340672.0,0.569344,accelergy_plugin,accelergy_component_library_table_plugin,8.0,7.0,1.0,1.0,63.912192000000005,1024,65446084608.0,0.0,7.021340672,448.74927312627307,0.21064022016
hires,2048,2048,128,128,11,32,4096,200.0,os,34751232.0,0.0,583008256,592838656.0,545259520.0,18219008.0,29360128.0,776333312.0,762624000.0,1126400.0,12582912.0,583008256.0,4362076160.0,145752064.0,205520896.0,4713349120.0,762624000.0,1126400.0,12582912.0,776333312.0,6072690688.0,0.569344,accelergy_plugin,accelergy_component_library_table_plugin,8.0,7.0,1.0,1.0,34.751232,1024,35585261568.0,0.0,6.072690688,211.03348296292762,0.18218072064
hires,2048,2048,128,128,11,32,4096,200.0,ws,23096064.0,0.0,583008256,570460928.0,545259520.0,35584.0,25165824.0,885377024.0,859084800.0,1126400.0,25165824.0,583008256.0,4362076160.0,284672.0,176160768.0,4538521600.0,859084800.0,1126400.0,25165824.0,885377024.0,6006906880.0,0.569344,accelergy_plugin,accelergy_component_library_table_plugin,8.0,7.0,1.0,1.0,23.096064,1024,23650369536.0,0.0,6.00690688,138.73590574252032,0.1802072064
hires,2048,2048,128,128,11,32,4096,800.0,is,62770176.0,0.0,583008256,588644352.0,545259520.0,18219008.0,25165824.0,1755111424.0,1729536000.0,409600.0,25165824.0,583008256.0,4362076160.0,145752064.0,176160768.0,4683988992.0,1729536000.0,409600.0,25165824.0,1755111424.0,7022108672.0,0.569344,accelergy_plugin,accelergy_component_library_table_plugin,8.0,7.0,1.0,1.0,62.770176,1024,64276660224.0,0.0,7.022108672,440.77899723256627,0.21066326016
hires,2048,2048,128,128,11,32,4096,800.0,os,33656576.0,0.0,583008256,592838656.0,545259520.0,18219008.0,29360128.0,776691712.0,762880000.0,1228800.0,12582912.0,583008256.0,4362076160.0,145752064.0,205520896.0,4713349120.0,762880000.0,1228800.0,12582912.0,776691712.0,6073049088.0,0.569344,accelergy_plugin,accelergy_component_library_table_plugin,8.0,7.0,1.0,1.0,33.656576,1024,34464333824.0,0.0,6.073049088,204.3980381820027,0.18219147264
hires,2048,2048,128,128,11,32,4096,800.0,ws,21592320.0,0.0,583008256,570460928.0,545259520.0,35584.0,25165824.0,885735424.0,859340800.0,1228800.0,25165824.0,583008256.0,4362076160.0,284672.0,176160768.0,4538521600.0,859340800.0,1228800.0,25165824.0,885735424.0,6007265280.0,0.569344,accelergy_plugin,accelergy_component_library_table_plugin,8.0,7.0,1.0,1.0,21.59232,1024,22110535680.0,0.0,6.00726528,129.71079425064963,0.1802179584
hires,2048,2048,128,128,11,64,256,50.0,os,223361536.0,197472768.0,583008256,583729152.0,545259520.0,9109504.0,29360128.0,10871168512.0,10856448000.0,2137600.0,12582912.0,583008256.0,4362076160.0,72876032.0,205520896.0,4640473088.0,10856448000.0,2137600.0,12582912.0,10871168512.0,16094649856.0,0.142336,accelergy_plugin,accelergy_component_library_table_plugin,8.0,7.0,1.0,1.0,223.361536,4096,914888851456.0,88.4094779863978,16.094649856,3594.925713218339,0.48283949568
hires,2048,2048,128,128,11,64,256,50.0,ws,15348224.0,1681408.0,583008256,562072320.0,545259520.0,35584.0,16777216.0,576815616.0,557900800.0,2137600.0,16777216.0,583008256.0,4362076160.0,284672.0,117440512.0,4479801344.0,557900800.0,2137600.0,16777216.0,576815616.0,5639625216.0,0.142336,accelergy_plugin,accelergy_component_library_table_plugin,8.0,7.0,1.0,1.0,15.348224,4096,62866325504.0,10.955065550255195,5.639625216,86.55823109121638,0.16918875648
hires,2048,2048,128,128,11,64,256,200.0,os,63051008.0,37803264.0,583008256,583729152.0,545259520.0,9109504.0,29360128.0,10889613312.0,10874880000.0,2150400.0,12582912.0,583008256.0,4362076160.0,72876032.0,205520896.0,4640473088.0,10874880000.0,2150400.0,12582912.0,10889613312.0,16113094656.0,0.142336,accelergy_plugin,accelergy_component_library_table_plugin,8.0,7.0,1.0,1.0,63.051008,4096,258256928768.0,59.95663701363823,16.113094656,1015.9468600602133,0.48339283968
hires,2048,2048,128,128,11,64,256,200.0,ws,12962816.0,0.0,583008256,562072320.0,545259520.0,35584.0,16777216.0,577775616.0,558848000.0,2150400.0,16777216.0,583008256.0,4362076160.0,284672.0,117440512.0,4479801344.0,558848000.0,2150400.0,16777216.0,577775616.0,5640585216.0,0.142336,accelergy_plugin,accelergy_component_library_table_plugin,8.0,7.0,1.0,1.0,12.962816,4096,53095694336.0,0.0,5.640585216,73.11786828732825,0.16921755648
hires,2048,2048,128,128,11,64,256,800.0,os,25895424.0,807936.0,583008256,583729152.0,545259520.0,9109504.0,29360128.0,10926579712.0,10911744000.0,2252800.0,12582912.0,583008256.0,4362076160.0,72876032.0,205520896.0,4640473088.0,10911744000.0,2252800.0,12582912.0,10926579712.0,16150061056.0,0.142336,accelergy_plugin,accelergy_component_library_table_plugin,8.0,7.0,1.0,1.0,25.895424,4096,106067656704.0,3.1199952547600684,16.150061056,418.21267867100767,0.48450183168
hires,2048,2048,128,128,11,64,256,800.0,ws,12786688.0,0.0,583008256,562072320.0,545259520.0,35584.0,16777216.0,579772416.0,560742400.0,2252800.0,16777216.0,583008256.0,4362076160.0,284672.0,117440512.0,4479801344.0,560742400.0,2252800.0,16777216.0,579772416.0,5642582016.0,0.142336,accelergy_plugin,accelergy_component_library_table_plugin,8.0,7.0,1.0,1.0,12.786688,4096,52374274048.0,0.0,5.642582016,72.149935753003,0.16927746048
hires,2048,2048,128,128,11,64,1024,50.0,os,83141376.0,55891968.0,583008256,583729152.0,545259520.0,9109504.0,29360128.0,3617779712.0,3603059200.0,2137600.0,12582912.0,583008256.0,4362076160.0,72876032.0,205520896.0,4640473088.0,3603059200.0,2137600.0,12582912.0,3617779712.0,8841261056.0,0.142336,accelergy_plugin,accelergy_component_library_table_plugin,8.0,7.0,1.0,1.0,83.14137600000001,4096,340547076096.0,67.22521407391669,8.841261056,735.0746097710531,0.26523783168
hires,2048,2048,128,128,11,64,1024,50.0,ws,17134080.0,1653248.0,583008256,562072320.0,545259520.0,35584.0,16777216.0,623202816.0,604288000.0,2137600.0,16777216.0,583008256.0,4362076160.0,284672.0,117440512.0,4479801344.0,604288000.0,2137600.0,16777216.0,623202816.0,5686012416.0,0.142336,accelergy_plugin,accelergy_component_library_table_plugin,8.0,7.0,1.0,1.0,17.13408,4096,70181191680.0,9.648886896757807,5.686012416,97.42459161673727,0.17058037248
hires,2048,2048,128,128,11,64,1024,200.0,os,28084224.0,2496256.0,583008256,583729152.0,545259520.0,9109504.0,29360128.0,3620083712.0,3605350400.0,2150400.0,12582912.0,583008256.0,4362076160.0,72876032.0,205520896.0,4640473088.0,3605350400.0,2150400.0,12582912.0,3620083712.0,8843565056.0,0.142336,accelergy_plugin,accelergy_component_library_table_plugin,8.0,7.0,1.0,1.0,28.084224000000003,4096,115032981504.0,8.888463501786624,8.843565056,248.36466199127653,0.26530695168
hires,2048,2048,128,128,11,64,1024,200.0,ws,13416448.0,0.0,583008256,562072320.0,545259520.0,35584.0,16777216.0,623599616.0,604672000.0,2150400.0,16777216.0,583008256.0,4362076160.0,284672.0,117440512.0,4479801344.0,604672000.0,2150400.0,16777216.0,623599616.0,5686409216.0,0.142336,accelergy_plugin,accelergy_component_library_table_plugin,8.0,7.0,1.0,1.0,13.416447999999999,4096,54953771008.0,0.0,5.686409216,76.29141355318477,0.17059227648
hires,2048,2048,128,128,11,64,1024,800.0,is,37760768.0,0.0,583008256,571146240.0,545259520.0,9109504.0,16777216.0,7208329216.0,7191142400.0,409600.0,16777216.0,583008256.0,4362076160.0,72876032.0,117440512.0,4552392704.0,7191142400.0,409600.0,16777216.0,7208329216.0,12343730176.0,0.142336,accelergy_plugin,accelergy_component_library_table_plugin,8.0,7.0,1.0,1.0,37.760768,4096,154668105728.0,0.0,12.343730176,466.1087314305351,0.37031190528
hires,2048,2048,128,128,11,64,1024,800.0,os,25172736.0,0.0,583008256,583729152.0,545259520.0,9109504.0,29360128.0,3629350912.0,3614515200.0,2252800.0,12582912.0,583008256.0,4362076160.0,72876032.0,205520896.0,4640473088.0,3614515200.0,2252800.0,12582912.0,3629350912.0,8852832256.0,0.142336,accelergy_plugin,accelergy_component_library_table_plugin,8.0,7.0,1.0,1.0,25.172736,4096,103107526656.0,0.0,8.852832256,222.8500092325724,0.26558496768
hires,2048,2048,128,128,11,64,1024,800.0,ws,12900352.0,0.0,583008256,562072320.0,545259520.0,35584.0,16777216.0,625238016.0,606208000.0,2252800.0,16777216.0,583008256.0,4362076160.0,284672.0,117440512.0,4479801344.0,606208000.0,2252800.0,16777216.0,625238016.0,5688047616.0,0.142336,accelergy_plugin,accelergy_component_library_table_plugin,8.0,7.0,1.0,1.0,12.900352,4096,52839841792.0,0.0,5.688047616,73.37781643916084,0.17064142848
hires,2048,2048,128,128,11,64,4096,50.0,is,54952960.0,11413760.0,583008256,571146240.0,545259520.0,9109504.0,16777216.0,1745634816.0,1728780800.0,76800.0,16777216.0,583008256.0,4362076160.0,72876032.0,117440512.0,4552392704.0,1728780800.0,76800.0,16777216.0,1745634816.0,6881035776.0,0.142336,accelergy_plugin,accelergy_component_library_table_plugin,8.0,7.0,1.0,1.0,54.952960000000004,4096,225087324160.0,20.770054970651262,6.881035776,378.133283757097,0.20643107328
hires,2048,2048,128,128,11,64,4096,50.0,os,50199296.0,19326976.0,583008256,583729152.0,545259520.0,9109504.0,29360128.0,1743501312.0,1728780800.0,2137600.0,12582912.0,583008256.0,4362076160.0,72876032.0,205520896.0,4640473088.0,1728780800.0,2137600.0,12582912.0,1743501312.0,6966982656.0,0.142336,accelergy_plugin,accelergy_component_library_table_plugin,8.0,7.0,1.0,1.0,50.199296,4096,205616316416.0,38.50049211845521,6.966982656,349.73762457541017,0.20900947968
hires,2048,2048,128,128,11,64,4096,50.0,ws,24791040.0,2064384.0,583008256,562072320.0,545259520.0,35584.0,16777216.0,985212416.0,966297600.0,2137600.0,16777216.0,583008256.0,4362076160.0,284672.0,117440512.0,4479801344.0,966297600.0,2137600.0,16777216.0,985212416.0,6048022016.0,0.142336,accelergy_plugin,accelergy_component_library_table_plugin,8.0,7.0,1.0,1.0,24.79104,4096,101544099840.0,8.327137546468402,6.048022016,149.93675571953662,0.18144066048
hires,2048,2048,128,128,11,64,4096,200.0,is,39097600.0,0.0,583008256,571146240.0,545259520.0,9109504.0,16777216.0,1745954816.0,1729075200.0,102400.0,16777216.0,583008256.0,4362076160.0,72876032.0,117440512.0,4552392704.0,1729075200.0,102400.0,16777216.0,1745954816.0,6881355776.0,0.142336,accelergy_plugin,accelergy_component_library_table_plugin,8.0,7.0,1.0,1.0,39.0976,4096,160143769600.0,0.0,6.881355776,269.04449558773763,0.20644067328
hires,2048,2048,128,128,11,64,4096,200.0,os,26493696.0,0.0,583008256,583729152.0,545259520.0,9109504.0,29360128.0,1743808512.0,1729075200.0,2150400.0,12582912.0,583008256.0,4362076160.0,72876032.0,205520896.0,4640473088.0,1729075200.0,2150400.0,12582912.0,1743808512.0,6967289856.0,0.142336,accelergy_plugin,accelergy_component_library_table_plugin,8.0,7.0,1.0,1.0,26.493696,4096,108518178816.0,0.0,6.967289856,184.58925938874776,0.20901869568
hires,2048,2048,128,128,11,64,4096,200.0,ws,15227904.0,0.0,583008256,562072320.0,545259520.0,35584.0,16777216.0,985378816.0,966451200.0,2150400.0,16777216.0,583008256.0,4362076160.0,284672.0,117440512.0,4479801344.0,966451200.0,2150400.0,16777216.0,985378816.0,6048188416.0,0.142336,accelergy_plugin,accelergy_component_library_table_plugin,8.0,7.0,1.0,1.0,15.227904,4096,62373494784.0,0.0,6.048188416,92.10123257276007,0.18144565248
hires,2048,2048,128,128,11,64,4096,800.0,is,37987072.0,0.0,583008256,571146240.0,545259520.0,9109504.0,16777216.0,1746722816.0,1729536000.0,409600.0,16777216.0,583008256.0,4362076160.0,72876032.0,117440512.0,4552392704.0,1729536000.0,409600.0,16777216.0,1746722816.0,6882123776.0,0.142336,accelergy_plugin,accelergy_component_library_table_plugin,8.0,7.0,1.0,1.0,37.987072,4096,155595046912.0,0.0,6.882123776,261.43173139182386,0.20646371328
hires,2048,2048,128,128,11,64,4096,800.0,os,25399040.0,0.0,583008256,583729152.0,545259520.0,9109504.0,29360128.0,1744371712.0,1729536000.0,2252800.0,12582912.0,583008256.0,4362076160.0,72876032.0,205520896.0,4640473088.0,1729536000.0,2252800.0,12582912.0,1744371712.0,6967853056.0,0.142336,accelergy_plugin,accelergy_component_library_table_plugin,8.0,7.0,1.0,1.0,25.399040000000003,4096,104034467840.0,0.0,6.967853056,176.97677848346626,0.20903559168
hires,2048,2048,128,128,11,64,4096,800.0,ws,13352960.0,0.0,583008256,562072320.0,545259520.0,35584.0,16777216.0,985686016.0,966656000.0,2252800.0,16777216.0,583008256.0,4362076160.0,284672.0,117440512.0,4479801344.0,966656000.0,2252800.0,16777216.0,985686016.0,6048495616.0,0.142336,accelergy_plugin,accelergy_component_library_table_plugin,8.0,7.0,1.0,1.0,13.352960000000001,4096,54693724160.0,0.0,6.048495616,80.76532002062338,0.18145486848
hires,2048,2048,128,128,11,128,256,50.0,ws,15366656.0,5928448.0,583008256,557878016.0,545259520.0,35584.0,12582912.0,574208512.0,557900800.0,3724800.0,12582912.0,583008256.0,4362076160.0,284672.0,88080384.0,4450441216.0,557900800.0,3724800.0,12582912.0,574208512.0,5607657984.0,0.08388608,accelergy_plugin,accelergy_component_library_table_plugin,8.0,7.0,1.0,1.0,15.366655999999999,16384,251767291904.0,38.579948688901474,5.607657984,86.1709512057815,0.16822973952
hires,2048,2048,128,128,11,128,256,200.0,ws,8797184.0,0.0,583008256,557878016.0,545259520.0,35584.0,12582912.0,575168512.0,558848000.0,3737600.0,12582912.0,583008256.0,4362076160.0,284672.0,88080384.0,4450441216.0,558848000.0,3737600.0,12582912.0,575168512.0,5608617984.0,0.035584,accelergy_plugin,accelergy_component_library_table_plugin,8.0,7.0,1.0,1.0,8.797184,16384,144133062656.0,0.0,5.608617984,49.340044390957054,0.16825853952
hires,2048,2048,128,128,11,128,256,800.0,ws,8636928.0,0.0,583008256,557878016.0,545259520.0,35584.0,12582912.0,577216512.0,560742400.0,3891200.0,12582912.0,583008256.0,4362076160.0,284672.0,88080384.0,4450441216.0,560742400.0,3891200.0,12582912.0,577216512.0,5610665984.0,0.035584,accelergy_plugin,accelergy_component_library_table_plugin,8.0,7.0,1.0,1.0,8.636928000000001,16384,141507428352.0,0.0,5.610665984,48.458918135857154,0.16831997952
hires,2048,2048,128,128,11,128,1024,50.0,ws,16927744.0,5675520.0,583008256,557878016.0,545259520.0,35584.0,12582912.0,621146112.0,604288000.0,4275200.0,12582912.0,583008256.0,4362076160.0,284672.0,88080384.0,4450441216.0,604288000.0,4275200.0,12582912.0,621146112.0,5654595584.0,0.08388608,accelergy_plugin,accelergy_component_library_table_plugin,8.0,7.0,1.0,1.0,16.927744,16384,277344157696.0,33.52791724638558,5.654595584,95.7195464694825,0.16963786752
hires,2048,2048,128,128,11,128,1024,200.0,ws,9250816.0,0.0,583008256,557878016.0,545259520.0,35584.0,12582912.0,621555712.0,604672000.0,4300800.0,12582912.0,583008256.0,4362076160.0,284672.0,88080384.0,4450441216.0,604672000.0,4300800.0,12582912.0,621555712.0,5655005184.0,0.035584,accelergy_plugin,accelergy_component_library_table_plugin,8.0,7.0,1.0,1.0,9.250816,16384,151565369344.0,0.0,5.655005184,52.313412436230145,0.16965015552
hires,2048,2048,128,128,11,128,1024,800.0,ws,8750592.0,0.0,583008256,557878016.0,545259520.0,35584.0,12582912.0,623296512.0,606208000.0,4505600.0,12582912.0,583008256.0,4362076160.0,284672.0,88080384.0,4450441216.0,606208000.0,4505600.0,12582912.0,623296512.0,5656745984.0,0.035584,accelergy_plugin,accelergy_component_library_table_plugin,8.0,7.0,1.0,1.0,8.750592,16384,143369699328.0,0.0,5.656745984,49.49987615362252,0.16970237952
hires,2048,2048,128,128,11,128,4096,50.0,is,50297600.0,19326976.0,583008256,562397184.0,545259520.0,4554752.0,12582912.0,1741478912.0,1728780800.0,115200.0,12582912.0,583008256.0,4362076160.0,36438016.0,88080384.0,4486594560.0,1728780800.0,115200.0,12582912.0,1741478912.0,6811081728.0,0.08388608,accelergy_plugin,accelergy_component_library_table_plugin,8.0,7.0,1.0,1.0,50.297599999999996,16384,824075878400.0,38.42524494210459,6.811081728,342.58106432225276,0.20433245184
hires,2048,2048,128,128,11,128,4096,50.0,os,46070528.0,19326976.0,583008256,579174400.0,545259520.0,4554752.0,29360128.0,1745638912.0,1728780800.0,4275200.0,12582912.0,583008256.0,4362076160.0,36438016.0,205520896.0,4604035072.0,1728780800.0,4275200.0,12582912.0,1745638912.0,6932682240.0,0.08388608,accelergy_plugin,accelergy_component_library_table_plugin,8.0,7.0,1.0,1.0,46.070527999999996,16384,754819530752.0,41.950845451565044,6.93268224,319.3923312530227,0.2079804672
hires,2048,2048,128,128,11,128,4096,50.0,ws,24168448.0,5670400.0,583008256,557878016.0,545259520.0,35584.0,12582912.0,983155712.0,966297600.0,4275200.0,12582912.0,583008256.0,4362076160.0,284672.0,88080384.0,4450441216.0,966297600.0,4275200.0,12582912.0,983155712.0,6016605184.0,0.08388608,accelergy_plugin,accelergy_component_library_table_plugin,8.0,7.0,1.0,1.0,24.168447999999998,16384,395975852032.0,23.46199474620795,6.016605184,145.41200952603444,0.18049815552
hires,2048,2048,128,128,11,128,4096,200.0,is,26592000.0,0.0,583008256,562397184.0,545259520.0,4554752.0,12582912.0,1741811712.0,1729075200.0,153600.0,12582912.0,583008256.0,4362076160.0,36438016.0,88080384.0,4486594560.0,1729075200.0,153600.0,12582912.0,1741811712.0,6811414528.0,0.035584,accelergy_plugin,accelergy_component_library_table_plugin,8.0,7.0,1.0,1.0,26.592000000000002,16384,435683328000.0,0.0,6.811414528,181.12913512857602,0.20434243584
hires,2048,2048,128,128,11,128,4096,200.0,os,22364928.0,0.0,583008256,579174400.0,545259520.0,4554752.0,29360128.0,1745958912.0,1729075200.0,4300800.0,12582912.0,583008256.0,4362076160.0,36438016.0,205520896.0,4604035072.0,1729075200.0,4300800.0,12582912.0,1745958912.0,6933002240.0,0.035584,accelergy_plugin,accelergy_component_library_table_plugin,8.0,7.0,1.0,1.0,22.364928,16384,366426980352.0,0.0,6.93300224,155.05609592143873,0.2079900672
hires,2048,2048,128,128,11,128,4096,200.0,ws,11062272.0,0.0,583008256,557878016.0,545259520.0,35584.0,12582912.0,983334912.0,966451200.0,4300800.0,12582912.0,583008256.0,4362076160.0,284672.0,88080384.0,4450441216.0,966451200.0,4300800.0,12582912.0,983334912.0,6016784384.0,0.035584,accelergy_plugin,accelergy_component_library_table_plugin,8.0,7.0,1.0,1.0,11.062272,16384,181244264448.0,0.0,6.016784384,66.55930542116045,0.18050353152
hires,2048,2048,128,128,11,128,4096,800.0,is,25497344.0,0.0,583008256,562397184.0,545259520.0,4554752.0,12582912.0,1742528512.0,1729536000.0,409600.0,12582912.0,583008256.0,4362076160.0,36438016.0,88080384.0,4486594560.0,1729536000.0,409600.0,12582912.0,1742528512.0,6812131328.0,0.035584,accelergy_plugin,accelergy_component_library_table_plugin,8.0,7.0,1.0,1.0,25.497344000000002,16384,417748484096.0,0.0,6.812131328,173.69125584319286,0.20436393984
hires,2048,2048,128,128,11,128,4096,800.0,os,21270272.0,0.0,583008256,579174400.0,545259520.0,4554752.0,29360128.0,1746624512.0,1729536000.0,4505600.0,12582912.0,583008256.0,4362076160.0,36438016.0,205520896.0,4604035072.0,1729536000.0,4505600.0,12582912.0,1746624512.0,6933667840.0,0.035584,accelergy_plugin,accelergy_component_library_table_plugin,8.0,7.0,1.0,1.0,21.270272,16384,348492136448.0,0.0,6.93366784,147.48100091445247,0.2080100352
hires,2048,2048,128,128,11,128,4096,800.0,ws,9203200.0,0.0,583008256,557878016.0,545259520.0,35584.0,12582912.0,983744512.0,966656000.0,4505600.0,12582912.0,583008256.0,4362076160.0,284672.0,88080384.0,4450441216.0,966656000.0,4505600.0,12582912.0,983744512.0,6017193984.0,0.035584,accelergy_plugin,accelergy_component_library_table_plugin,8.0,7.0,1.0,1.0,9.2032,16384,150785228800.0,0.0,6.017193984,55.37743967354881,0.18051581952
