resolution,frame_width,frame_height,tile_width,tile_height,gaussian_kernel,array_size,sram_budget_kb,bandwidth_gbps,dataflow,stage_op,stage_cycles,stage_energy_mj,energy_backend,total_cycles,total_energy_mj,latency_share_pct,energy_share_pct
1080p,1920,1080,128,128,3,8,256,50.0,os,gaussian,6161880.0,9.804068352,accelergy,12365265.0,19.966237056,49.832171004826826,49.1032352490967
1080p,1920,1080,128,128,3,8,256,50.0,os,sobel,6203385.0,10.162168704,accelergy,12365265.0,19.966237056,50.16782899517317,50.8967647509033
1080p,1920,1080,128,128,3,8,256,50.0,ws,gaussian,4394925.0,4.459418427,accelergy,8731515.0,9.607423280999999,50.334048558583476,46.41638342113138
1080p,1920,1080,128,128,3,8,256,50.0,ws,sobel,4336590.0,5.148004854,accelergy,8731515.0,9.607423280999999,49.665951441416524,53.58361657886863
1080p,1920,1080,128,128,3,8,256,200.0,os,gaussian,6011535.0,9.822068352,accelergy,12033450.0,20.002237056,49.956870224249904,49.10484924511836
1080p,1920,1080,128,128,3,8,256,200.0,os,sobel,6021915.0,10.180168704,accelergy,12033450.0,20.002237056,50.043129775750096,50.89515075488165
1080p,1920,1080,128,128,3,8,256,200.0,ws,gaussian,4213455.0,4.467818427,accelergy,8412390.0,9.624223280999999,50.08630127704493,46.422638965788565
1080p,1920,1080,128,128,3,8,256,200.0,ws,sobel,4198935.0,5.156404854,accelergy,8412390.0,9.624223280999999,49.91369872295507,53.57736103421145
1080p,1920,1080,128,128,3,8,256,800.0,os,gaussian,5973975.0,9.866708352,accelergy,11950485.0,20.091517056,49.98939373590277,49.10882699648342
1080p,1920,1080,128,128,3,8,256,800.0,os,sobel,5976510.0,10.224808704,accelergy,11950485.0,20.091517056,50.010606264097234,50.89117300351658
1080p,1920,1080,128,128,3,8,256,800.0,ws,gaussian,4168050.0,4.493258427,accelergy,8332530.0,9.675103281,50.02142206508707,46.44145180159343
1080p,1920,1080,128,128,3,8,256,800.0,ws,sobel,4164480.0,5.181844854,accelergy,8332530.0,9.675103281,49.97857793491293,53.55854819840656
1080p,1920,1080,128,128,3,8,1024,50.0,os,gaussian,6376215.0,3.461228352,accelergy,12793935.0,7.280557056,49.837794236097025,47.5407077422401
1080p,1920,1080,128,128,3,8,1024,50.0,os,sobel,6417720.0,3.819328704,accelergy,12793935.0,7.280557056,50.162205763902975,52.459292257759905
1080p,1920,1080,128,128,3,8,1024,50.0,ws,gaussian,4836825.0,5.591498427,accelergy,9756555.0,11.871583281,49.575131796007916,47.09985428775092
1080p,1920,1080,128,128,3,8,1024,50.0,ws,sobel,4919730.0,6.280084853999999,accelergy,9756555.0,11.871583281,50.42486820399209,52.90014571224907
1080p,1920,1080,128,128,3,8,1024,200.0,os,gaussian,6065115.0,3.465428352,accelergy,12140610.0,7.288957055999999,49.95725091243356,47.54354190010473
1080p,1920,1080,128,128,3,8,1024,200.0,os,sobel,6075495.0,3.8235287039999997,accelergy,12140610.0,7.288957055999999,50.04274908756644,52.45645809989527
1080p,1920,1080,128,128,3,8,1024,200.0,ws,gaussian,4323960.0,5.596778427,accelergy,8668680.0,11.882143281000001,49.88025858608231,47.10243173005212
1080p,1920,1080,128,128,3,8,1024,200.0,ws,sobel,4344720.0,6.285364854,accelergy,8668680.0,11.882143281000001,50.11974141391769,52.89756826994787
1080p,1920,1080,128,128,3,8,1024,800.0,os,gaussian,5987400.0,3.486548352,accelergy,11977335.0,7.331197056,49.989417512326405,47.55769522177198
1080p,1920,1080,128,128,3,8,1024,800.0,os,sobel,5989935.0,3.844648704,accelergy,11977335.0,7.331197056,50.010582487673595,52.44230477822802
1080p,1920,1080,128,128,3,8,1024,800.0,ws,gaussian,4195740.0,5.622218427,accelergy,8396670.0,11.933023281,49.96909489118901,47.11478637565226
1080p,1920,1080,128,128,3,8,1024,800.0,ws,sobel,4200930.0,6.310804854,accelergy,8396670.0,11.933023281,50.030905108811,52.885213624347735
1080p,1920,1080,128,128,3,8,4096,50.0,os,gaussian,6376215.0,3.461228352,accelergy,12793935.0,7.280557056,49.837794236097025,47.5407077422401
1080p,1920,1080,128,128,3,8,4096,50.0,os,sobel,6417720.0,3.819328704,accelergy,12793935.0,7.280557056,50.162205763902975,52.459292257759905
1080p,1920,1080,128,128,3,8,4096,50.0,ws,gaussian,4899465.0,6.092618427000001,accelergy,9881835.0,12.873823281,49.580518193230304,47.32563352793471
1080p,1920,1080,128,128,3,8,4096,50.0,ws,sobel,4982370.0,6.781204853999999,accelergy,9881835.0,12.873823281,50.419481806769696,52.674366472065294
1080p,1920,1080,128,128,3,8,4096,200.0,os,gaussian,6065115.0,3.465428352,accelergy,12140610.0,7.288957055999999,49.95725091243356,47.54354190010473
1080p,1920,1080,128,128,3,8,4096,200.0,os,sobel,6075495.0,3.8235287039999997,accelergy,12140610.0,7.288957055999999,50.04274908756644,52.45645809989527
1080p,1920,1080,128,128,3,8,4096,200.0,ws,gaussian,4339560.0,6.095978427,accelergy,8699880.0,12.880543281000001,49.88068800948979,47.32702879071984
1080p,1920,1080,128,128,3,8,4096,200.0,ws,sobel,4360320.0,6.784564854,accelergy,8699880.0,12.880543281000001,50.11931199051022,52.67297120928015
1080p,1920,1080,128,128,3,8,4096,800.0,os,gaussian,5987400.0,3.486548352,accelergy,11977335.0,7.331197056,49.989417512326405,47.55769522177198
1080p,1920,1080,128,128,3,8,4096,800.0,os,sobel,5989935.0,3.844648704,accelergy,11977335.0,7.331197056,50.010582487673595,52.44230477822802
1080p,1920,1080,128,128,3,8,4096,800.0,ws,gaussian,4199580.0,6.1137384269999995,accelergy,8404350.0,12.916063281,49.96912313266344,47.33437963248083
1080p,1920,1080,128,128,3,8,4096,800.0,ws,sobel,4204770.0,6.802324853999999,accelergy,8404350.0,12.916063281,50.03087686733656,52.66562036751916
1080p,1920,1080,128,128,3,16,256,50.0,os,gaussian,5254680.0,15.453716352,accelergy,10550865.0,31.259701056,49.80330996558102,49.43654555210088
1080p,1920,1080,128,128,3,16,256,50.0,os,sobel,5296185.0,15.805984704,accelergy,10550865.0,31.259701056,50.19669003441898,50.56345444789911
1080p,1920,1080,128,128,3,16,256,50.0,ws,gaussian,2280090.0,4.118354427,accelergy,4601685.0,8.583151281,49.549023890161976,47.98184596974949
1080p,1920,1080,128,128,3,16,256,50.0,ws,sobel,2321595.0,4.464796853999999,accelergy,4601685.0,8.583151281,50.45097610983803,52.01815403025051
1080p,1920,1080,128,128,3,16,256,200.0,os,gaussian,5104335.0,15.480236352,accelergy,10219050.0,31.312741056,49.949212500183485,49.437499975856475
1080p,1920,1080,128,128,3,16,256,200.0,os,sobel,5114715.0,15.832504704,accelergy,10219050.0,31.312741056,50.050787499816515,50.56250002414353
1080p,1920,1080,128,128,3,16,256,200.0,ws,gaussian,2129745.0,4.125674427,accelergy,4269870.0,8.597791281,49.87845063198645,47.98528240755511
1080p,1920,1080,128,128,3,16,256,200.0,ws,sobel,2140125.0,4.472116853999999,accelergy,4269870.0,8.597791281,50.121549368013554,52.014717592444896
1080p,1920,1080,128,128,3,16,256,800.0,os,gaussian,5066775.0,15.544076352000001,accelergy,10136085.0,31.440421056,49.98749517195248,49.4397842965071
1080p,1920,1080,128,128,3,16,256,800.0,os,sobel,5069310.0,15.896344704,accelergy,10136085.0,31.440421056,50.01250482804751,50.560215703492894
1080p,1920,1080,128,128,3,16,256,800.0,ws,gaussian,2092185.0,4.1511144269999996,accelergy,4186905.0,8.648671280999999,49.969727041812504,47.99713496013493
1080p,1920,1080,128,128,3,16,256,800.0,ws,sobel,2094720.0,4.497556854,accelergy,4186905.0,8.648671280999999,50.030272958187496,52.002865039865085
1080p,1920,1080,128,128,3,16,1024,50.0,os,gaussian,5469015.0,3.456476352,accelergy,10979535.0,7.265221056,49.8109892632065,47.575652899720936
1080p,1920,1080,128,128,3,16,1024,50.0,os,sobel,5510520.0,3.808744704,accelergy,10979535.0,7.265221056,50.18901073679349,52.424347100279064
1080p,1920,1080,128,128,3,16,1024,50.0,ws,gaussian,2721990.0,5.250434427,accelergy,5485485.0,10.847311281,49.62168340629862,48.40309539375521
1080p,1920,1080,128,128,3,16,1024,50.0,ws,sobel,2763495.0,5.596876854,accelergy,5485485.0,10.847311281,50.37831659370138,51.596904606244784
1080p,1920,1080,128,128,3,16,1024,200.0,os,gaussian,5157915.0,3.4595963519999997,accelergy,10326210.0,7.271461056,49.949739546261405,47.57773335174966
1080p,1920,1080,128,128,3,16,1024,200.0,os,sobel,5168295.0,3.8118647039999995,accelergy,10326210.0,7.271461056,50.050260453738595,52.422266648250336
1080p,1920,1080,128,128,3,16,1024,200.0,ws,gaussian,2240250.0,5.254634427000001,accelergy,4490880.0,10.855711281000001,49.88443244976486,48.40433105656396
1080p,1920,1080,128,128,3,16,1024,200.0,ws,sobel,2250630.0,5.601076854,accelergy,4490880.0,10.855711281000001,50.11556755023514,51.59566894343604
1080p,1920,1080,128,128,3,16,1024,800.0,os,gaussian,5080200.0,3.480716352,accelergy,10162935.0,7.313701055999999,49.987528209124626,47.59172305989314
1080p,1920,1080,128,128,3,16,1024,800.0,os,sobel,5082735.0,3.832984704,accelergy,10162935.0,7.313701055999999,50.01247179087537,52.408276940106866
1080p,1920,1080,128,128,3,16,1024,800.0,ws,gaussian,2119875.0,5.280074427000001,accelergy,4242285.0,10.906591281,49.97012223365474,48.4117749621574
1080p,1920,1080,128,128,3,16,1024,800.0,ws,sobel,2122410.0,5.626516854,accelergy,4242285.0,10.906591281,50.02987776634525,51.58822503784259
1080p,1920,1080,128,128,3,16,4096,50.0,os,gaussian,5469015.0,3.456476352,accelergy,10979535.0,7.265221056,49.8109892632065,47.575652899720936
1080p,1920,1080,128,128,3,16,4096,50.0,os,sobel,5510520.0,3.808744704,accelergy,10979535.0,7.265221056,50.18901073679349,52.424347100279064
1080p,1920,1080,128,128,3,16,4096,50.0,ws,gaussian,2784630.0,5.751554427,accelergy,5610765.0,11.849551281,49.630130650633205,48.53816225279561
1080p,1920,1080,128,128,3,16,4096,50.0,ws,sobel,2826135.0,6.097996854,accelergy,5610765.0,11.849551281,50.3698693493668,51.4618377472044
1080p,1920,1080,128,128,3,16,4096,200.0,os,gaussian,5157915.0,3.4595963519999997,accelergy,10326210.0,7.271461056,49.949739546261405,47.57773335174966
1080p,1920,1080,128,128,3,16,4096,200.0,os,sobel,5168295.0,3.8118647039999995,accelergy,10326210.0,7.271461056,50.050260453738595,52.422266648250336
1080p,1920,1080,128,128,3,16,4096,200.0,ws,gaussian,2255850.0,5.753834427000001,accelergy,4522080.0,11.854111281000002,49.885229805753106,48.5387245876657
1080p,1920,1080,128,128,3,16,4096,200.0,ws,sobel,2266230.0,6.1002768540000005,accelergy,4522080.0,11.854111281000002,50.114770194246894,51.46127541233431
1080p,1920,1080,128,128,3,16,4096,800.0,os,gaussian,5080200.0,3.480716352,accelergy,10162935.0,7.313701055999999,49.987528209124626,47.59172305989314
1080p,1920,1080,128,128,3,16,4096,800.0,os,sobel,5082735.0,3.832984704,accelergy,10162935.0,7.313701055999999,50.01247179087537,52.408276940106866
1080p,1920,1080,128,128,3,16,4096,800.0,ws,gaussian,2123715.0,5.771594427,accelergy,4249965.0,11.889631281,49.970176224980676,48.543090114351884
1080p,1920,1080,128,128,3,16,4096,800.0,ws,sobel,2126250.0,6.118036854,accelergy,4249965.0,11.889631281,50.029823775019324,51.456909885648116
1080p,1920,1080,128,128,3,32,256,50.0,os,gaussian,4801080.0,15.454040352,accelergy,9643665.0,31.257433056,49.78480691728715,49.44116915906992
1080p,1920,1080,128,128,3,32,256,50.0,os,sobel,4842585.0,15.803392704,accelergy,9643665.0,31.257433056,50.21519308271285,50.55883084093008
1080p,1920,1080,128,128,3,32,256,50.0,ws,gaussian,2286570.0,4.121594427,accelergy,4614645.0,8.589631280999999,49.550290434042054,47.983368460958744
1080p,1920,1080,128,128,3,32,256,50.0,ws,sobel,2328075.0,4.468036854,accelergy,4614645.0,8.589631280999999,50.449709565957946,52.01663153904127
1080p,1920,1080,128,128,3,32,256,200.0,os,gaussian,4650735.0,15.481640352000001,accelergy,9311850.0,31.312633056000003,49.94426456611737,49.44215430338418
1080p,1920,1080,128,128,3,32,256,200.0,os,sobel,4661115.0,15.830992704000002,accelergy,9311850.0,31.312633056000003,50.05573543388263,50.55784569661582
1080p,1920,1080,128,128,3,32,256,200.0,ws,gaussian,2136225.0,4.129994427,accelergy,4282830.0,8.606431280999999,49.87881844481336,47.987304983397564
1080p,1920,1080,128,128,3,32,256,200.0,ws,sobel,2146605.0,4.476436853999999,accelergy,4282830.0,8.606431280999999,50.121181555186645,52.01269501660243
1080p,1920,1080,128,128,3,32,256,800.0,os,gaussian,4613175.0,15.541160352,accelergy,9228885.0,31.431673056,49.986265946536335,49.44426701153073
1080p,1920,1080,128,128,3,32,256,800.0,os,sobel,4615710.0,15.890512704,accelergy,9228885.0,31.431673056,50.013734053463665,50.55573298846927
1080p,1920,1080,128,128,3,32,256,800.0,ws,gaussian,2098665.0,4.1511144269999996,accelergy,4199865.0,8.648671280999999,49.96982045851473,47.99713496013493
1080p,1920,1080,128,128,3,32,256,800.0,ws,sobel,2101200.0,4.497556854,accelergy,4199865.0,8.648671280999999,50.03017954148527,52.002865039865085
1080p,1920,1080,128,128,3,32,1024,50.0,os,gaussian,5015415.0,3.4568003519999997,accelergy,10072335.0,7.262953055999999,49.79396535162899,47.59497032882929
1080p,1920,1080,128,128,3,32,1024,50.0,os,sobel,5056920.0,3.8061527039999996,accelergy,10072335.0,7.262953055999999,50.20603464837101,52.40502967117071
1080p,1920,1080,128,128,3,32,1024,50.0,ws,gaussian,2762880.0,5.528954427,accelergy,5567265.0,11.404351281,49.627240664850696,48.48109542373891
1080p,1920,1080,128,128,3,32,1024,50.0,ws,sobel,2804385.0,5.875396854,accelergy,5567265.0,11.404351281,50.37275933514931,51.51890457626109
1080p,1920,1080,128,128,3,32,1024,200.0,os,gaussian,4704315.0,3.461000352,accelergy,9419010.0,7.271353056000001,49.944898667694375,47.59774866307908
1080p,1920,1080,128,128,3,32,1024,200.0,os,sobel,4714695.0,3.810352704,accelergy,9419010.0,7.271353056000001,50.05510133230563,52.40225133692091
1080p,1920,1080,128,128,3,32,1024,200.0,ws,gaussian,2255325.0,5.533994427,accelergy,4521030.0,11.414431280999999,49.885203150609485,48.48243675715726
1080p,1920,1080,128,128,3,32,1024,200.0,ws,sobel,2265705.0,5.880436853999999,accelergy,4521030.0,11.414431280999999,50.11479684939052,51.51756324284275
1080p,1920,1080,128,128,3,32,1024,800.0,os,gaussian,4626600.0,3.477800352,accelergy,9255735.0,7.3049530560000004,49.986305787708915,47.6087981036849
1080p,1920,1080,128,128,3,32,1024,800.0,os,sobel,4629135.0,3.827152704,accelergy,9255735.0,7.3049530560000004,50.013694212291085,52.391201896315096
1080p,1920,1080,128,128,3,32,1024,800.0,ws,gaussian,2128500.0,5.554634427000001,accelergy,4259535.0,11.455711281000001,49.97024323077519,48.48790520945393
1080p,1920,1080,128,128,3,32,1024,800.0,ws,sobel,2131035.0,5.901076854,accelergy,4259535.0,11.455711281000001,50.02975676922481,51.51209479054607
1080p,1920,1080,128,128,3,32,4096,50.0,os,gaussian,5015415.0,3.4568003519999997,accelergy,10072335.0,7.262953055999999,49.79396535162899,47.59497032882929
1080p,1920,1080,128,128,3,32,4096,50.0,os,sobel,5056920.0,3.8061527039999996,accelergy,10072335.0,7.262953055999999,50.20603464837101,52.40502967117071
1080p,1920,1080,128,128,3,32,4096,50.0,ws,gaussian,3454680.0,11.063354427,accelergy,6950865.0,22.473151281,49.701440036599756,49.2292081723027
1080p,1920,1080,128,128,3,32,4096,50.0,ws,sobel,3496185.0,11.409796854000001,accelergy,6950865.0,22.473151281,50.29855996340024,50.770791827697316
1080p,1920,1080,128,128,3,32,4096,200.0,os,gaussian,4704315.0,3.461000352,accelergy,9419010.0,7.271353056000001,49.944898667694375,47.59774866307908
1080p,1920,1080,128,128,3,32,4096,200.0,os,sobel,4714695.0,3.810352704,accelergy,9419010.0,7.271353056000001,50.05510133230563,52.40225133692091
1080p,1920,1080,128,128,3,32,4096,200.0,ws,gaussian,2428245.0,11.067434427,accelergy,4866870.0,22.481311281000004,49.89336061986451,49.229487945187614
1080p,1920,1080,128,128,3,32,4096,200.0,ws,sobel,2438625.0,11.413876854000002,accelergy,4866870.0,22.481311281000004,50.10663938013549,50.77051205481238
1080p,1920,1080,128,128,3,32,4096,800.0,os,gaussian,4626600.0,3.477800352,accelergy,9255735.0,7.3049530560000004,49.986305787708915,47.6087981036849
1080p,1920,1080,128,128,3,32,4096,800.0,os,sobel,4629135.0,3.827152704,accelergy,9255735.0,7.3049530560000004,50.013694212291085,52.391201896315096
1080p,1920,1080,128,128,3,32,4096,800.0,ws,gaussian,2171700.0,11.084234427,accelergy,4345935.0,22.514911281,49.97083481460261,49.2306378144773
1080p,1920,1080,128,128,3,32,4096,800.0,ws,sobel,2174235.0,11.430676854,accelergy,4345935.0,22.514911281,50.02916518539738,50.7693621855227
1080p,1920,1080,128,128,3,64,256,50.0,os,gaussian,4574280.0,15.459062352,accelergy,9190065.0,31.266019056,49.77418549270326,49.443654225091954
1080p,1920,1080,128,128,3,64,256,50.0,os,sobel,4615785.0,15.806956704000001,accelergy,9190065.0,31.266019056,50.22581450729674,50.55634577490804
1080p,1920,1080,128,128,3,64,256,50.0,ws,gaussian,2299530.0,4.128074427,accelergy,4640565.0,8.602591280999999,49.552802298858005,47.98640656237403
1080p,1920,1080,128,128,3,64,256,50.0,ws,sobel,2341035.0,4.474516853999999,accelergy,4640565.0,8.602591280999999,50.447197701142,52.01359343762597
1080p,1920,1080,128,128,3,64,256,200.0,os,gaussian,4423935.0,15.484502352,accelergy,8858250.0,31.316899056,49.94141054948776,49.44455811001928
1080p,1920,1080,128,128,3,64,256,200.0,os,sobel,4434315.0,15.832396704,accelergy,8858250.0,31.316899056,50.05858945051224,50.55544188998072
1080p,1920,1080,128,128,3,64,256,200.0,ws,gaussian,2149185.0,4.134314427,accelergy,4308750.0,8.615071280999999,49.87954743255004,47.98932350238322
1080p,1920,1080,128,128,3,64,256,200.0,ws,sobel,2159565.0,4.480756854,accelergy,4308750.0,8.615071280999999,50.12045256744996,52.01067649761679
1080p,1920,1080,128,128,3,64,256,800.0,os,gaussian,4386375.0,15.539702352,accelergy,8775285.0,31.427299056000003,49.98555602467612,49.44650930488794
1080p,1920,1080,128,128,3,64,256,800.0,os,sobel,4388910.0,15.887596704,accelergy,8775285.0,31.427299056000003,50.01444397532387,50.55349069511206
1080p,1920,1080,128,128,3,64,256,800.0,ws,gaussian,2111625.0,4.1511144269999996,accelergy,4225785.0,8.648671280999999,49.970005572929054,47.99713496013493
1080p,1920,1080,128,128,3,64,256,800.0,ws,sobel,2114160.0,4.497556854,accelergy,4225785.0,8.648671280999999,50.029994427070946,52.002865039865085
1080p,1920,1080,128,128,3,64,1024,50.0,os,gaussian,4788615.0,3.461822352,accelergy,9618735.0,7.271539056,49.78424917621704,47.6078354986422
1080p,1920,1080,128,128,3,64,1024,50.0,os,sobel,4830120.0,3.8097167039999995,accelergy,9618735.0,7.271539056,50.215750823782955,52.3921645013578
1080p,1920,1080,128,128,3,64,1024,50.0,ws,gaussian,2777835.0,5.551394427,accelergy,5597175.0,11.449231281,49.62923260394753,48.487049398788365
1080p,1920,1080,128,128,3,64,1024,50.0,ws,sobel,2819340.0,5.8978368539999995,accelergy,5597175.0,11.449231281,50.37076739605247,51.51295060121163
1080p,1920,1080,128,128,3,64,1024,200.0,os,gaussian,4477515.0,3.463862352,accelergy,8965410.0,7.275619056,49.942110846018196,47.60917696953154
1080p,1920,1080,128,128,3,64,1024,200.0,os,sobel,4487895.0,3.811756704,accelergy,8965410.0,7.275619056,50.057889153981804,52.39082303046846
1080p,1920,1080,128,128,3,64,1024,200.0,ws,gaussian,2268795.0,5.554634427,accelergy,4547970.0,11.455711281,49.88588315226354,48.48790520945393
1080p,1920,1080,128,128,3,64,1024,200.0,ws,sobel,2279175.0,5.901076853999999,accelergy,4547970.0,11.455711281,50.11411684773647,51.51209479054607
1080p,1920,1080,128,128,3,64,1024,800.0,os,gaussian,4399800.0,3.476342352,accelergy,8802135.0,7.300579056,49.98560008452495,47.61735097085153
1080p,1920,1080,128,128,3,64,1024,800.0,os,sobel,4402335.0,3.8242367039999996,accelergy,8802135.0,7.300579056,50.01439991547505,52.38264902914845
1080p,1920,1080,128,128,3,64,1024,800.0,ws,gaussian,2141595.0,5.571914427,accelergy,4285725.0,11.490271281,49.970425073937314,48.49245323053048
1080p,1920,1080,128,128,3,64,1024,800.0,ws,sobel,2144130.0,5.918356854,accelergy,4285725.0,11.490271281,50.02957492606268,51.50754676946953
1080p,1920,1080,128,128,3,64,4096,50.0,os,gaussian,4788615.0,3.461822352,accelergy,9618735.0,7.271539056,49.78424917621704,47.6078354986422
1080p,1920,1080,128,128,3,64,4096,50.0,os,sobel,4830120.0,3.8097167039999995,accelergy,9618735.0,7.271539056,50.215750823782955,52.3921645013578
1080p,1920,1080,128,128,3,64,4096,50.0,ws,gaussian,4542900.0,19.671914426999997,accelergy,9127305.0,39.690271280999994,49.77263277604945,49.563567574850715
1080p,1920,1080,128,128,3,64,4096,50.0,ws,sobel,4584405.0,20.018356854,accelergy,9127305.0,39.690271280999994,50.227367223950544,50.436432425149306
1080p,1920,1080,128,128,3,64,4096,200.0,os,gaussian,4477515.0,3.463862352,accelergy,8965410.0,7.275619056,49.942110846018196,47.60917696953154
1080p,1920,1080,128,128,3,64,4096,200.0,os,sobel,4487895.0,3.811756704,accelergy,8965410.0,7.275619056,50.057889153981804,52.39082303046846
1080p,1920,1080,128,128,3,64,4096,200.0,ws,gaussian,2710050.0,19.674794427,accelergy,5430480.0,39.696031281,49.90442833782649,49.56363090235947
1080p,1920,1080,128,128,3,64,4096,200.0,ws,sobel,2720430.0,20.021236854,accelergy,5430480.0,39.696031281,50.09557166217351,50.43636909764052
1080p,1920,1080,128,128,3,64,4096,800.0,os,gaussian,4399800.0,3.476342352,accelergy,8802135.0,7.300579056,49.98560008452495,47.61735097085153
1080p,1920,1080,128,128,3,64,4096,800.0,os,sobel,4402335.0,3.8242367039999996,accelergy,8802135.0,7.300579056,50.01439991547505,52.38264902914845
1080p,1920,1080,128,128,3,64,4096,800.0,ws,gaussian,2251845.0,19.683914426999998,accelergy,4506225.0,39.714271280999995,49.97187224339664,49.563831318282624
1080p,1920,1080,128,128,3,64,4096,800.0,ws,sobel,2254380.0,20.030356854,accelergy,4506225.0,39.714271280999995,50.02812775660337,50.43616868171738
1080p,1920,1080,128,128,3,128,256,50.0,os,gaussian,4460880.0,15.471293352,accelergy,8963265.0,31.289752056,49.768471645098074,49.44524112658568
1080p,1920,1080,128,128,3,128,256,50.0,os,sobel,4502385.0,15.818458704000001,accelergy,8963265.0,31.289752056,50.231528354901926,50.554758873414315
1080p,1920,1080,128,128,3,128,256,50.0,ws,gaussian,2325450.0,4.141034427,accelergy,4692405.0,8.628511281,49.557742777957145,47.99245538588524
1080p,1920,1080,128,128,3,128,256,50.0,ws,sobel,2366955.0,4.487476854,accelergy,4692405.0,8.628511281,50.442257222042855,52.00754461411476
1080p,1920,1080,128,128,3,128,256,200.0,os,gaussian,4310535.0,15.496733352,accelergy,8631450.0,31.340632056,49.93987105295171,49.446141750779496
1080p,1920,1080,128,128,3,128,256,200.0,os,sobel,4320915.0,15.843898704,accelergy,8631450.0,31.340632056,50.0601289470483,50.5538582492205
1080p,1920,1080,128,128,3,128,256,200.0,ws,gaussian,2175105.0,4.147274427,accelergy,4360590.0,8.640991281,49.88097940874973,47.995354839891085
1080p,1920,1080,128,128,3,128,256,200.0,ws,sobel,2185485.0,4.493716854,accelergy,4360590.0,8.640991281,50.11902059125026,52.00464516010891
1080p,1920,1080,128,128,3,128,256,800.0,os,gaussian,4272975.0,15.556253351999999,accelergy,8548485.0,31.459672056000002,49.98517281132271,49.44823749055294
1080p,1920,1080,128,128,3,128,256,800.0,os,sobel,4275510.0,15.903418704000002,accelergy,8548485.0,31.459672056000002,50.01482718867729,50.55176250944706
1080p,1920,1080,128,128,3,128,256,800.0,ws,gaussian,2137545.0,4.168394427,accelergy,4277625.0,8.683231281,49.97036907162269,48.00510653356626
1080p,1920,1080,128,128,3,128,256,800.0,ws,sobel,2140080.0,4.5148368539999995,accelergy,4277625.0,8.683231281,50.02963092837731,51.994893466433744
1080p,1920,1080,128,128,3,128,1024,50.0,os,gaussian,4675215.0,3.474053352,accelergy,9391935.0,7.295272056,49.77903914369083,47.620614081729315
1080p,1920,1080,128,128,3,128,1024,50.0,os,sobel,4716720.0,3.821218704,accelergy,9391935.0,7.295272056,50.22096085630916,52.379385918270685
1080p,1920,1080,128,128,3,128,1024,50.0,ws,gaussian,2803755.0,5.564354427,accelergy,5649015.0,11.475151280999999,49.63263507000778,48.49046684215126
1080p,1920,1080,128,128,3,128,1024,50.0,ws,sobel,2845260.0,5.910796853999999,accelergy,5649015.0,11.475151280999999,50.36736492999222,51.50953315784874
1080p,1920,1080,128,128,3,128,1024,200.0,os,gaussian,4364115.0,3.476093352,accelergy,8738610.0,7.299352056,49.94060840339596,47.621944048344446
1080p,1920,1080,128,128,3,128,1024,200.0,os,sobel,4374495.0,3.823258704,accelergy,8738610.0,7.299352056,50.059391596604044,52.378055951655554
1080p,1920,1080,128,128,3,128,1024,200.0,ws,gaussian,2294715.0,5.567594427,accelergy,4599810.0,11.481631281,49.88716925264304,48.49131879207226
1080p,1920,1080,128,128,3,128,1024,200.0,ws,sobel,2305095.0,5.914036854,accelergy,4599810.0,11.481631281,50.11283074735695,51.508681207927744
1080p,1920,1080,128,128,3,128,1024,800.0,os,gaussian,4286400.0,3.492893352,accelergy,8575335.0,7.332952056,49.98521923633304,47.63284043487001
1080p,1920,1080,128,128,3,128,1024,800.0,os,sobel,4288935.0,3.8400587039999996,accelergy,8575335.0,7.332952056,50.014780763666955,52.36715956512998
1080p,1920,1080,128,128,3,128,1024,800.0,ws,gaussian,2167515.0,5.589194427000001,accelergy,4337565.0,11.524831281,49.97077853588362,48.496973974919925
1080p,1920,1080,128,128,3,128,1024,800.0,ws,sobel,2170050.0,5.935636853999999,accelergy,4337565.0,11.524831281,50.02922146411639,51.50302602508007
1080p,1920,1080,128,128,3,128,4096,50.0,os,gaussian,4675215.0,3.474053352,accelergy,9391935.0,7.295272056,49.77903914369083,47.620614081729315
1080p,1920,1080,128,128,3,128,4096,50.0,os,sobel,4716720.0,3.821218704,accelergy,9391935.0,7.295272056,50.22096085630916,52.379385918270685
1080p,1920,1080,128,128,3,128,4096,50.0,ws,gaussian,4706445.0,20.785874427,accelergy,9454395.0,41.918191281000006,49.78049891082401,49.586763626467544
1080p,1920,1080,128,128,3,128,4096,50.0,ws,sobel,4747950.0,21.132316854000003,accelergy,9454395.0,41.918191281000006,50.21950108917599,50.41323637353244
1080p,1920,1080,128,128,3,128,4096,200.0,os,gaussian,4364115.0,3.476093352,accelergy,8738610.0,7.299352056,49.94060840339596,47.621944048344446
1080p,1920,1080,128,128,3,128,4096,200.0,os,sobel,4374495.0,3.823258704,accelergy,8738610.0,7.299352056,50.059391596604044,52.378055951655554
1080p,1920,1080,128,128,3,128,4096,200.0,ws,gaussian,2770380.0,20.788874427,accelergy,5551140.0,41.924191281,49.90650569072299,49.586822766982024
1080p,1920,1080,128,128,3,128,4096,200.0,ws,sobel,2780760.0,21.135316854,accelergy,5551140.0,41.924191281,50.093494309277006,50.41317723301798
1080p,1920,1080,128,128,3,128,4096,800.0,os,gaussian,4286400.0,3.492893352,accelergy,8575335.0,7.332952056,49.98521923633304,47.63284043487001
1080p,1920,1080,128,128,3,128,4096,800.0,os,sobel,4288935.0,3.8400587039999996,accelergy,8575335.0,7.332952056,50.014780763666955,52.36715956512998
1080p,1920,1080,128,128,3,128,4096,800.0,ws,gaussian,2286360.0,20.801354427,accelergy,4575255.0,41.949151281,49.972296626089694,49.58706860994717
1080p,1920,1080,128,128,3,128,4096,800.0,ws,sobel,2288895.0,21.147796854,accelergy,4575255.0,41.949151281,50.027703373910306,50.41293139005284
1080p,1920,1080,128,128,5,8,256,50.0,os,gaussian,10309080.0,17.4925632,accelergy,16512465.0,27.654731904000002,62.43210810742067,63.25341811565297
1080p,1920,1080,128,128,5,8,256,50.0,os,sobel,6203385.0,10.162168704,accelergy,16512465.0,27.654731904000002,37.56789189257933,36.74658188434702
1080p,1920,1080,128,128,5,8,256,50.0,ws,gaussian,8489730.0,10.125636075,accelergy,12826320.0,15.273640928999999,66.18991261718092,66.29484169537137
1080p,1920,1080,128,128,5,8,256,50.0,ws,sobel,4336590.0,5.148004854,accelergy,12826320.0,15.273640928999999,33.81008738281908,33.705158304628625
1080p,1920,1080,128,128,5,8,256,200.0,os,gaussian,10158735.0,17.5211232,accelergy,16180650.0,27.701291904,62.78323182319623,63.250202411931525
1080p,1920,1080,128,128,5,8,256,200.0,os,sobel,6021915.0,10.180168704,accelergy,16180650.0,27.701291904,37.216768176803775,36.749797588068475
1080p,1920,1080,128,128,5,8,256,200.0,ws,gaussian,8352075.0,10.140036075,accelergy,12551010.0,15.296440929,66.54504298857223,66.29016594164628
1080p,1920,1080,128,128,5,8,256,200.0,ws,sobel,4198935.0,5.156404854,accelergy,12551010.0,15.296440929,33.454957011427766,33.70983405835372
1080p,1920,1080,128,128,5,8,256,800.0,os,gaussian,10121175.0,17.5912032,accelergy,16097685.0,27.816011904,62.87348149749482,63.24128441097751
1080p,1920,1080,128,128,5,8,256,800.0,os,sobel,5976510.0,10.224808704,accelergy,16097685.0,27.816011904,37.12651850250517,36.75871558902249
1080p,1920,1080,128,128,5,8,256,800.0,ws,gaussian,8317620.0,10.181796075000001,accelergy,12482100.0,15.363640929000002,66.63638330088688,66.27202576559253
1080p,1920,1080,128,128,5,8,256,800.0,ws,sobel,4164480.0,5.181844854,accelergy,12482100.0,15.363640929000002,33.36361669911313,33.72797423440746
1080p,1920,1080,128,128,5,8,1024,50.0,os,gaussian,10770330.0,10.1651232,accelergy,17188050.0,13.984451904,62.66173300636198,72.6887494038465
1080p,1920,1080,128,128,5,8,1024,50.0,os,sobel,6417720.0,3.819328704,accelergy,17188050.0,13.984451904,37.33826699363802,27.311250596153503
1080p,1920,1080,128,128,5,8,1024,50.0,ws,gaussian,9107280.0,11.258916075,accelergy,14027010.0,17.539000929,64.92673777234064,64.19359985541627
1080p,1920,1080,128,128,5,8,1024,50.0,ws,sobel,4919730.0,6.280084853999999,accelergy,14027010.0,17.539000929,35.07326222765935,35.80640014458374
1080p,1920,1080,128,128,5,8,1024,200.0,os,gaussian,10274070.0,10.1708832,accelergy,16349565.0,13.994411904,62.84002051430726,72.67817518714648
1080p,1920,1080,128,128,5,8,1024,200.0,os,sobel,6075495.0,3.8235287039999997,accelergy,16349565.0,13.994411904,37.15997948569274,27.321824812853528
1080p,1920,1080,128,128,5,8,1024,200.0,ws,gaussian,8506455.0,11.264676074999999,accelergy,12851175.0,17.550040928999998,66.19204080560726,64.18603877091847
1080p,1920,1080,128,128,5,8,1024,200.0,ws,sobel,4344720.0,6.285364854,accelergy,12851175.0,17.550040928999998,33.80795919439273,35.813961229081535
1080p,1920,1080,128,128,5,8,1024,800.0,os,gaussian,10150065.0,10.2068832,accelergy,16140000.0,14.051531904,62.88763940520447,72.63893552484795
1080p,1920,1080,128,128,5,8,1024,800.0,os,sobel,5989935.0,3.844648704,accelergy,16140000.0,14.051531904,37.11236059479554,27.361064475152048
1080p,1920,1080,128,128,5,8,1024,800.0,ws,gaussian,8356215.0,11.301156075,accelergy,12557145.0,17.611960929,66.54550058950501,64.16750593848653
1080p,1920,1080,128,128,5,8,1024,800.0,ws,sobel,4200930.0,6.310804854,accelergy,12557145.0,17.611960929,33.45449941049498,35.832494061513486
1080p,1920,1080,128,128,5,8,4096,50.0,os,gaussian,11186850.0,8.9651232,accelergy,17604570.0,12.784451904,63.545147652001724,70.12520573678243
1080p,1920,1080,128,128,5,8,4096,50.0,os,sobel,6417720.0,3.819328704,accelergy,17604570.0,12.784451904,36.454852347998276,29.87479426321756
1080p,1920,1080,128,128,5,8,4096,50.0,ws,gaussian,9799080.0,12.261156074999999,accelergy,14781450.0,19.042360928999997,66.29309032605055,64.38884401317715
1080p,1920,1080,128,128,5,8,4096,50.0,ws,sobel,4982370.0,6.781204853999999,accelergy,14781450.0,19.042360928999997,33.70690967394944,35.61115598682286
1080p,1920,1080,128,128,5,8,4096,200.0,os,gaussian,10378110.0,8.9651232,accelergy,16453605.0,12.788651904,63.0749917723198,70.10217548572038
1080p,1920,1080,128,128,5,8,4096,200.0,os,sobel,6075495.0,3.8235287039999997,accelergy,16453605.0,12.788651904,36.925008227680195,29.897824514279627
1080p,1920,1080,128,128,5,8,4096,200.0,ws,gaussian,8679375.0,12.263076074999999,accelergy,13039695.0,19.047640929,66.56118107056952,64.38107543454102
1080p,1920,1080,128,128,5,8,4096,200.0,ws,sobel,4360320.0,6.784564854,accelergy,13039695.0,19.047640929,33.43881892943048,35.61892456545898
1080p,1920,1080,128,128,5,8,4096,800.0,os,gaussian,10175985.0,8.9780832,accelergy,16165920.0,12.822731904000001,62.947144362956145,70.01692983380026
1080p,1920,1080,128,128,5,8,4096,800.0,os,sobel,5989935.0,3.844648704,accelergy,16165920.0,12.822731904000001,37.052855637043855,29.983070166199738
1080p,1920,1080,128,128,5,8,4096,800.0,ws,gaussian,8399415.0,12.284196074999999,accelergy,12604185.0,19.086520929,66.63988984611063,64.36058263680434
1080p,1920,1080,128,128,5,8,4096,800.0,ws,sobel,4204770.0,6.802324853999999,accelergy,12604185.0,19.086520929,33.36011015388936,35.639417363195655
1080p,1920,1080,128,128,5,16,256,50.0,os,gaussian,18588600.0,144.56332319999999,accelergy,23884785.0,160.36930790399998,77.82611398846588,90.14400890632905
1080p,1920,1080,128,128,5,16,256,50.0,os,sobel,5296185.0,15.805984704,accelergy,23884785.0,160.36930790399998,22.173886011534123,9.855991093670962
1080p,1920,1080,128,128,5,16,256,50.0,ws,gaussian,4401405.0,9.445668075,accelergy,6723000.0,13.910464929,65.46787148594377,67.90332403130564
1080p,1920,1080,128,128,5,16,256,50.0,ws,sobel,2321595.0,4.464796853999999,accelergy,6723000.0,13.910464929,34.532128514056225,32.096675968694356
1080p,1920,1080,128,128,5,16,256,200.0,os,gaussian,7327815.0,144.8076432,accelergy,12442530.0,160.640147904,58.89328777989685,90.14411720197018
1080p,1920,1080,128,128,5,16,256,200.0,os,sobel,5114715.0,15.832504704,accelergy,12442530.0,160.640147904,41.10671222010315,9.855882798029821
1080p,1920,1080,128,128,5,16,256,200.0,ws,gaussian,4219935.0,9.460068074999999,accelergy,6360060.0,13.932184928999998,66.35055329666702,67.90082189699307
1080p,1920,1080,128,128,5,16,256,200.0,ws,sobel,2140125.0,4.472116853999999,accelergy,6360060.0,13.932184928999998,33.649446703332984,32.099178103006935
1080p,1920,1080,128,128,5,16,256,800.0,os,gaussian,7140375.0,145.3049232,accelergy,12209685.0,161.201267904,58.481238459468855,90.1388215423549
1080p,1920,1080,128,128,5,16,256,800.0,os,sobel,5069310.0,15.896344704,accelergy,12209685.0,161.201267904,41.518761540531145,9.861178457645092
1080p,1920,1080,128,128,5,16,256,800.0,ws,gaussian,4174530.0,9.497508075,accelergy,6269250.0,13.995064929000002,66.58739083622443,67.86326553812303
1080p,1920,1080,128,128,5,16,256,800.0,ws,sobel,2094720.0,4.497556854,accelergy,6269250.0,13.995064929000002,33.41260916377557,32.13673446187696
1080p,1920,1080,128,128,5,16,1024,50.0,os,gaussian,7789530.0,10.1532432,accelergy,13300050.0,13.961987904,58.567674557614446,72.72061306607475
1080p,1920,1080,128,128,5,16,1024,50.0,os,sobel,5510520.0,3.808744704,accelergy,13300050.0,13.961987904,41.432325442385554,27.27938693392525
1080p,1920,1080,128,128,5,16,1024,50.0,ws,gaussian,4877715.0,10.578948075,accelergy,7641210.0,16.175824929,63.83432728586179,65.39974388591504
1080p,1920,1080,128,128,5,16,1024,50.0,ws,sobel,2763495.0,5.596876854,accelergy,7641210.0,16.175824929,36.16567271413821,34.60025611408494
1080p,1920,1080,128,128,5,16,1024,200.0,os,gaussian,7293270.0,10.159003199999999,accelergy,12461565.0,13.970867903999999,58.52611610178978,72.7156198870893
1080p,1920,1080,128,128,5,16,1024,200.0,os,sobel,5168295.0,3.8118647039999995,accelergy,12461565.0,13.970867903999999,41.47388389821022,27.2843801129107
1080p,1920,1080,128,128,5,16,1024,200.0,ws,gaussian,4339035.0,10.584708075,accelergy,6589665.0,16.185784929,65.84606349488176,65.39508662341994
1080p,1920,1080,128,128,5,16,1024,200.0,ws,sobel,2250630.0,5.601076854,accelergy,6589665.0,16.185784929,34.153936505118246,34.60491337658006
1080p,1920,1080,128,128,5,16,1024,800.0,os,gaussian,7169265.0,10.1906832,accelergy,12252000.0,14.023667904,58.515058765915775,72.66774477091896
1080p,1920,1080,128,128,5,16,1024,800.0,os,sobel,5082735.0,3.832984704,accelergy,12252000.0,14.023667904,41.48494123408423,27.332255229081042
1080p,1920,1080,128,128,5,16,1024,800.0,ws,gaussian,4204365.0,10.616868075000001,accelergy,6326775.0,16.243384929,66.45352490012684,65.36118008288567
1080p,1920,1080,128,128,5,16,1024,800.0,ws,sobel,2122410.0,5.626516854,accelergy,6326775.0,16.243384929,33.546475099873156,34.63881991711433
1080p,1920,1080,128,128,5,16,4096,50.0,os,gaussian,8206050.0,8.9532432,accelergy,13716570.0,12.761987904,59.82581651243714,70.15555309524919
1080p,1920,1080,128,128,5,16,4096,50.0,os,sobel,5510520.0,3.808744704,accelergy,13716570.0,12.761987904,40.17418348756286,29.844446904750804
1080p,1920,1080,128,128,5,16,4096,50.0,ws,gaussian,5569515.0,11.581188075,accelergy,8395650.0,17.679184929,66.33810366082436,65.50747741771076
1080p,1920,1080,128,128,5,16,4096,50.0,ws,sobel,2826135.0,6.097996854,accelergy,8395650.0,17.679184929,33.66189633917565,34.49252258228923
1080p,1920,1080,128,128,5,16,4096,200.0,os,gaussian,7397310.0,8.9532432,accelergy,12565605.0,12.765107903999999,58.86950926756014,70.13840593697186
1080p,1920,1080,128,128,5,16,4096,200.0,os,sobel,5168295.0,3.8118647039999995,accelergy,12565605.0,12.765107903999999,41.13049073243986,29.86159406302814
1080p,1920,1080,128,128,5,16,4096,200.0,ws,gaussian,4511955.0,11.583108075,accelergy,6778185.0,17.683384929,66.56582846292923,65.50277631520758
1080p,1920,1080,128,128,5,16,4096,200.0,ws,sobel,2266230.0,6.1002768540000005,accelergy,6778185.0,17.683384929,33.43417153707077,34.49722368479242
1080p,1920,1080,128,128,5,16,4096,800.0,os,gaussian,7195185.0,8.9618832,accelergy,12277920.0,12.794867904,58.60263790609485,70.04279580876555
1080p,1920,1080,128,128,5,16,4096,800.0,os,sobel,5082735.0,3.832984704,accelergy,12277920.0,12.794867904,41.39736209390515,29.957204191234453
1080p,1920,1080,128,128,5,16,4096,800.0,ws,gaussian,4247565.0,11.599908075,accelergy,6373815.0,17.717944928999998,66.64085794771263,65.46982802736761
1080p,1920,1080,128,128,5,16,4096,800.0,ws,sobel,2126250.0,6.118036854,accelergy,6373815.0,17.717944928999998,33.35914205228737,34.530171972632395
1080p,1920,1080,128,128,5,32,256,50.0,os,gaussian,148187160.0,1183.1357832,accelergy,153029745.0,1198.9391759040002,96.83552697549094,98.68188536819774
1080p,1920,1080,128,128,5,32,256,50.0,os,sobel,4842585.0,15.803392704,accelergy,153029745.0,1198.9391759040002,3.164473024509059,1.318114631802255
1080p,1920,1080,128,128,5,32,256,50.0,ws,gaussian,2286570.0,9.112164075,accelergy,4614645.0,13.580200929,49.550290434042054,67.0988899401431
1080p,1920,1080,128,128,5,32,256,50.0,ws,sobel,2328075.0,4.468036854,accelergy,4614645.0,13.580200929,50.449709565957946,32.90111005985691
1080p,1920,1080,128,128,5,32,256,200.0,os,gaussian,37425135.0,1185.1433832,accelergy,42086250.0,1200.974375904,88.92485075291812,98.68182094292531
1080p,1920,1080,128,128,5,32,256,200.0,os,sobel,4661115.0,15.830992704000002,accelergy,42086250.0,1200.974375904,11.075149247081885,1.318179057074691
1080p,1920,1080,128,128,5,32,256,200.0,ws,gaussian,2136225.0,9.126564075,accelergy,4282830.0,13.603000928999998,49.87881844481336,67.0922844351443
1080p,1920,1080,128,128,5,32,256,200.0,ws,sobel,2146605.0,4.476436853999999,accelergy,4282830.0,13.603000928999998,50.121181555186645,32.907715564855714
1080p,1920,1080,128,128,5,32,256,800.0,os,gaussian,9731775.0,1189.1585832,accelergy,14347485.0,1205.049095904,67.82913521080523,98.6813389796306
1080p,1920,1080,128,128,5,32,256,800.0,os,sobel,4615710.0,15.890512704,accelergy,14347485.0,1205.049095904,32.17086478919476,1.318661020369407
1080p,1920,1080,128,128,5,32,256,800.0,ws,gaussian,2098665.0,9.155364075,accelergy,4199865.0,13.652920929,49.96982045851473,67.05791473202781
1080p,1920,1080,128,128,5,32,256,800.0,ws,sobel,2101200.0,4.497556854,accelergy,4199865.0,13.652920929,50.03017954148527,32.94208526797218
1080p,1920,1080,128,128,5,32,1024,50.0,os,gaussian,6299130.0,10.153783200000001,accelergy,11356050.0,13.959935904000002,55.469375354986994,72.73517063277198
1080p,1920,1080,128,128,5,32,1024,50.0,os,sobel,5056920.0,3.8061527039999996,accelergy,11356050.0,13.959935904000002,44.53062464501301,27.26482936722801
1080p,1920,1080,128,128,5,32,1024,50.0,ws,gaussian,2762880.0,10.245444075,accelergy,5567265.0,16.120840929,49.627240664850696,63.554029967315984
1080p,1920,1080,128,128,5,32,1024,50.0,ws,sobel,2804385.0,5.875396854,accelergy,5567265.0,16.120840929,50.37275933514931,36.445970032684016
1080p,1920,1080,128,128,5,32,1024,200.0,os,gaussian,5802870.0,10.1595432,accelergy,10517565.0,13.969895904,55.17313180379679,72.72454476264937
1080p,1920,1080,128,128,5,32,1024,200.0,os,sobel,4714695.0,3.810352704,accelergy,10517565.0,13.969895904,44.82686819620321,27.275455237350638
1080p,1920,1080,128,128,5,32,1024,200.0,ws,gaussian,2255325.0,10.251204075,accelergy,4521030.0,16.131640929,49.885203150609485,63.54718729556716
1080p,1920,1080,128,128,5,32,1024,200.0,ws,sobel,2265705.0,5.880436853999999,accelergy,4521030.0,16.131640929,50.11479684939052,36.45281270443284
1080p,1920,1080,128,128,5,32,1024,800.0,os,gaussian,5678865.0,10.1825832,accelergy,10308000.0,14.009735904,55.09182188591385,72.68219236804252
1080p,1920,1080,128,128,5,32,1024,800.0,os,sobel,4629135.0,3.827152704,accelergy,10308000.0,14.009735904,44.90817811408615,27.317807631957486
1080p,1920,1080,128,128,5,32,1024,800.0,ws,gaussian,2128500.0,10.274724075,accelergy,4259535.0,16.175800929,49.97024323077519,63.51910560780616
1080p,1920,1080,128,128,5,32,1024,800.0,ws,sobel,2131035.0,5.901076854,accelergy,4259535.0,16.175800929,50.02975676922481,36.48089439219384
1080p,1920,1080,128,128,5,32,4096,50.0,os,gaussian,6715650.0,8.9537832,accelergy,11772570.0,12.759935903999999,57.044893341046176,70.17106721667119
1080p,1920,1080,128,128,5,32,4096,50.0,os,sobel,5056920.0,3.8061527039999996,accelergy,11772570.0,12.759935903999999,42.955106658953824,29.828932783328817
1080p,1920,1080,128,128,5,32,4096,50.0,ws,gaussian,3454680.0,11.247684075,accelergy,6950865.0,22.657480929000002,49.701440036599756,49.64225330364836
1080p,1920,1080,128,128,5,32,4096,50.0,ws,sobel,3496185.0,11.409796854000001,accelergy,6950865.0,22.657480929000002,50.29855996340024,50.35774669635163
1080p,1920,1080,128,128,5,32,4096,200.0,os,gaussian,5906910.0,8.9537832,accelergy,10621605.0,12.764135904,55.61221679774384,70.14797764096261
1080p,1920,1080,128,128,5,32,4096,200.0,os,sobel,4714695.0,3.810352704,accelergy,10621605.0,12.764135904,44.38778320225615,29.852022359037395
1080p,1920,1080,128,128,5,32,4096,200.0,ws,gaussian,2428245.0,11.249604075,accelergy,4866870.0,22.663480929000002,49.89336061986451,49.63758263897185
1080p,1920,1080,128,128,5,32,4096,200.0,ws,sobel,2438625.0,11.413876854000002,accelergy,4866870.0,22.663480929000002,50.10663938013549,50.36241736102816
1080p,1920,1080,128,128,5,32,4096,800.0,os,gaussian,5704785.0,8.9537832,accelergy,10333920.0,12.780935904,55.20446258534999,70.0557710894847
1080p,1920,1080,128,128,5,32,4096,800.0,os,sobel,4629135.0,3.827152704,accelergy,10333920.0,12.780935904,44.795537414650006,29.944228910515314
1080p,1920,1080,128,128,5,32,4096,800.0,ws,gaussian,2171700.0,11.257764075,accelergy,4345935.0,22.688440929000002,49.97083481460261,49.61894080879972
1080p,1920,1080,128,128,5,32,4096,800.0,ws,sobel,2174235.0,11.430676854,accelergy,4345935.0,22.688440929000002,50.02916518539738,50.38105919120027
1080p,1920,1080,128,128,5,64,256,50.0,os,gaussian,148173960.0,1183.1490132000001,accelergy,152789745.0,1198.955969904,96.97899554711607,98.6816065726529
1080p,1920,1080,128,128,5,64,256,50.0,os,sobel,4615785.0,15.806956704000001,accelergy,152789745.0,1198.955969904,3.0210044528839286,1.3183934273470992
1080p,1920,1080,128,128,5,64,256,50.0,ws,gaussian,2299530.0,9.129444075,accelergy,4640565.0,13.603960929,49.552802298858005,67.10872019294375
1080p,1920,1080,128,128,5,64,256,50.0,ws,sobel,2341035.0,4.474516853999999,accelergy,4640565.0,13.603960929,50.447197701142,32.89127980705625
1080p,1920,1080,128,128,5,64,256,200.0,os,gaussian,37405335.0,1185.1566131999998,accelergy,41839650.0,1200.9890099039999,89.4016441342124,98.6817201012301
1080p,1920,1080,128,128,5,64,256,200.0,os,sobel,4434315.0,15.832396704,accelergy,41839650.0,1200.9890099039999,10.598355865787596,1.3182798987698938
1080p,1920,1080,128,128,5,64,256,200.0,ws,gaussian,2149185.0,9.143844075,accelergy,4308750.0,13.624600929,49.87954743255004,67.11274790836114
1080p,1920,1080,128,128,5,64,256,200.0,ws,sobel,2159565.0,4.480756854,accelergy,4308750.0,13.624600929,50.12045256744996,32.887252091638864
1080p,1920,1080,128,128,5,64,256,800.0,os,gaussian,9698055.0,1189.1718132,accelergy,14086965.0,1205.0594099040002,68.84417615859768,98.68159224570798
1080p,1920,1080,128,128,5,64,256,800.0,os,sobel,4388910.0,15.887596704,accelergy,14086965.0,1205.0594099040002,31.15582384140232,1.3184077542920203
1080p,1920,1080,128,128,5,64,256,800.0,ws,gaussian,2111625.0,9.172644075000001,accelergy,4225785.0,13.670200929,49.970005572929054,67.09955561473225
1080p,1920,1080,128,128,5,64,256,800.0,ws,sobel,2114160.0,4.497556854,accelergy,4225785.0,13.670200929,50.029994427070946,32.90044438526775
1080p,1920,1080,128,128,5,64,1024,50.0,os,gaussian,5553930.0,10.1670132,accelergy,10384050.0,13.976729903999999,53.48520086093577,72.74243166915821
1080p,1920,1080,128,128,5,64,1024,50.0,os,sobel,4830120.0,3.8097167039999995,accelergy,10384050.0,13.976729903999999,46.51479913906424,27.257568330841803
1080p,1920,1080,128,128,5,64,1024,50.0,ws,gaussian,2777835.0,10.278684075000001,accelergy,5597175.0,16.176520929,49.62923260394753,63.54075836277738
1080p,1920,1080,128,128,5,64,1024,50.0,ws,sobel,2819340.0,5.8978368539999995,accelergy,5597175.0,16.176520929,50.37076739605247,36.459241637222625
1080p,1920,1080,128,128,5,64,1024,200.0,os,gaussian,5057670.0,10.1727732,accelergy,9545565.0,13.984529904,52.9845011793435,72.74304728033995
1080p,1920,1080,128,128,5,64,1024,200.0,os,sobel,4487895.0,3.811756704,accelergy,9545565.0,13.984529904,47.015498820656504,27.256952719660042
1080p,1920,1080,128,128,5,64,1024,200.0,ws,gaussian,2268795.0,10.284804075,accelergy,4547970.0,16.185880929,49.88588315226354,63.5418246316941
1080p,1920,1080,128,128,5,64,1024,200.0,ws,sobel,2279175.0,5.901076853999999,accelergy,4547970.0,16.185880929,50.11411684773647,36.458175368305895
1080p,1920,1080,128,128,5,64,1024,800.0,os,gaussian,4933665.0,10.1958132,accelergy,9336000.0,14.020049904,52.84559768637532,72.72308779080078
1080p,1920,1080,128,128,5,64,1024,800.0,os,sobel,4402335.0,3.8242367039999996,accelergy,9336000.0,14.020049904,47.15440231362468,27.27691220919922
1080p,1920,1080,128,128,5,64,1024,800.0,ws,gaussian,2141595.0,10.309284075,accelergy,4285725.0,16.227640929,49.970425073937314,63.529160646983165
1080p,1920,1080,128,128,5,64,1024,800.0,ws,sobel,2144130.0,5.918356854,accelergy,4285725.0,16.227640929,50.02957492606268,36.47083935301684
1080p,1920,1080,128,128,5,64,4096,50.0,os,gaussian,5970450.0,8.9670132,accelergy,10800570.0,12.776729904,55.279026940244826,70.18238052596467
1080p,1920,1080,128,128,5,64,4096,50.0,os,sobel,4830120.0,3.8097167039999995,accelergy,10800570.0,12.776729904,44.72097305975518,29.81761947403533
1080p,1920,1080,128,128,5,64,4096,50.0,ws,gaussian,4542900.0,19.867044075,accelergy,9127305.0,39.885400929,49.77263277604945,49.810315584805885
1080p,1920,1080,128,128,5,64,4096,50.0,ws,sobel,4584405.0,20.018356854,accelergy,9127305.0,39.885400929,50.227367223950544,50.189684415194115
1080p,1920,1080,128,128,5,64,4096,200.0,os,gaussian,5161710.0,8.9670132,accelergy,9649605.0,12.778769904,53.49141234278502,70.1711766262663
1080p,1920,1080,128,128,5,64,4096,200.0,os,sobel,4487895.0,3.811756704,accelergy,9649605.0,12.778769904,46.50858765721498,29.828823373733705
1080p,1920,1080,128,128,5,64,4096,200.0,ws,gaussian,2710050.0,19.869924075,accelergy,5430480.0,39.891160929,49.90442833782649,49.810342973886726
1080p,1920,1080,128,128,5,64,4096,200.0,ws,sobel,2720430.0,20.021236854,accelergy,5430480.0,39.891160929,50.09557166217351,50.189657026113274
1080p,1920,1080,128,128,5,64,4096,800.0,os,gaussian,4959585.0,8.9670132,accelergy,9361920.0,12.791249904,52.97615232772765,70.10271292718542
1080p,1920,1080,128,128,5,64,4096,800.0,os,sobel,4402335.0,3.8242367039999996,accelergy,9361920.0,12.791249904,47.02384767227235,29.89728707281458
1080p,1920,1080,128,128,5,64,4096,800.0,ws,gaussian,2251845.0,19.874724075,accelergy,4506225.0,39.905080929,49.97187224339664,49.804996286967935
1080p,1920,1080,128,128,5,64,4096,800.0,ws,sobel,2254380.0,20.030356854,accelergy,4506225.0,39.905080929,50.02812775660337,50.19500371303206
1080p,1920,1080,128,128,5,128,256,50.0,os,gaussian,69782235.0,556.5326682,accelergy,74284620.0,572.351126904,93.93900783230768,97.23623175347514
1080p,1920,1080,128,128,5,128,256,50.0,os,sobel,4502385.0,15.818458704000001,accelergy,74284620.0,572.351126904,6.060992167692316,2.763768246524868
1080p,1920,1080,128,128,5,128,256,50.0,ws,gaussian,2325450.0,9.164004075,accelergy,4692405.0,13.651480928999998,49.557742777957145,67.1282780429543
1080p,1920,1080,128,128,5,128,256,50.0,ws,sobel,2366955.0,4.487476854,accelergy,4692405.0,13.651480928999998,50.442257222042855,32.87172195704571
1080p,1920,1080,128,128,5,128,256,200.0,os,gaussian,17646975.0,557.4763482000001,accelergy,21967890.0,573.3202469040001,80.33076913622564,97.23646621769264
1080p,1920,1080,128,128,5,128,256,200.0,os,sobel,4320915.0,15.843898704,accelergy,21967890.0,573.3202469040001,19.669230863774352,2.7635337823073582
1080p,1920,1080,128,128,5,128,256,200.0,ws,gaussian,2175105.0,9.178404075,accelergy,4360590.0,13.672120928999998,49.88097940874973,67.13226223395702
1080p,1920,1080,128,128,5,128,256,200.0,ws,sobel,2185485.0,4.493716854,accelergy,4360590.0,13.672120928999998,50.11902059125026,32.867737766042985
1080p,1920,1080,128,128,5,128,256,800.0,os,gaussian,4696455.0,559.3637082,accelergy,8971965.0,575.2671269040001,52.34589078312276,97.23547236401464
1080p,1920,1080,128,128,5,128,256,800.0,os,sobel,4275510.0,15.903418704000002,accelergy,8971965.0,575.2671269040001,47.65410921687724,2.764527635985351
1080p,1920,1080,128,128,5,128,256,800.0,ws,gaussian,2137545.0,9.207204075,accelergy,4277625.0,13.722040928999998,49.97036907162269,67.09792021929918
1080p,1920,1080,128,128,5,128,256,800.0,ws,sobel,2140080.0,4.5148368539999995,accelergy,4277625.0,13.722040928999998,50.02963092837731,32.902079780700824
1080p,1920,1080,128,128,5,128,1024,50.0,os,gaussian,5181330.0,10.1995482,accelergy,9898050.0,14.020766904,52.3469774349493,72.7460079026787
1080p,1920,1080,128,128,5,128,1024,50.0,os,sobel,4716720.0,3.821218704,accelergy,9898050.0,14.020766904,47.65302256505069,27.2539920973213
1080p,1920,1080,128,128,5,128,1024,50.0,ws,gaussian,2803755.0,10.313244075,accelergy,5649015.0,16.224040928999997,49.63263507000778,63.567665541112994
1080p,1920,1080,128,128,5,128,1024,50.0,ws,sobel,2845260.0,5.910796853999999,accelergy,5649015.0,16.224040928999997,50.36736492999222,36.43233445888702
1080p,1920,1080,128,128,5,128,1024,200.0,os,gaussian,4685070.0,10.205308200000001,accelergy,9059565.0,14.028566904000002,51.714072364401595,72.74661959298305
1080p,1920,1080,128,128,5,128,1024,200.0,os,sobel,4374495.0,3.823258704,accelergy,9059565.0,14.028566904000002,48.2859276355984,27.253380407016948
1080p,1920,1080,128,128,5,128,1024,200.0,ws,gaussian,2294715.0,10.319364075,accelergy,4599810.0,16.233400929,49.88716925264304,63.56871317436061
1080p,1920,1080,128,128,5,128,1024,200.0,ws,sobel,2305095.0,5.914036854,accelergy,4599810.0,16.233400929,50.11283074735695,36.4312868256394
1080p,1920,1080,128,128,5,128,1024,800.0,os,gaussian,4561065.0,10.228348200000001,accelergy,8850000.0,14.068406904,51.53745762711864,72.7043813119439
1080p,1920,1080,128,128,5,128,1024,800.0,os,sobel,4288935.0,3.8400587039999996,accelergy,8850000.0,14.068406904,48.46254237288136,27.295618688056106
1080p,1920,1080,128,128,5,128,1024,800.0,ws,gaussian,2167515.0,10.343844075,accelergy,4337565.0,16.279480928999998,49.97077853588362,63.539151648094915
1080p,1920,1080,128,128,5,128,1024,800.0,ws,sobel,2170050.0,5.935636853999999,accelergy,4337565.0,16.279480928999998,50.02922146411639,36.46084835190509
1080p,1920,1080,128,128,5,128,4096,50.0,os,gaussian,5597850.0,8.9995482,accelergy,10314570.0,12.820766904,54.271288090536004,70.19508479786958
1080p,1920,1080,128,128,5,128,4096,50.0,os,sobel,4716720.0,3.821218704,accelergy,10314570.0,12.820766904,45.728711909463996,29.80491520213041
1080p,1920,1080,128,128,5,128,4096,50.0,ws,gaussian,4706445.0,21.002604075,accelergy,9454395.0,42.134920929,49.78049891082401,49.84607449576258
1080p,1920,1080,128,128,5,128,4096,50.0,ws,sobel,4747950.0,21.132316854000003,accelergy,9454395.0,42.134920929,50.21950108917599,50.15392550423742
1080p,1920,1080,128,128,5,128,4096,200.0,os,gaussian,4789110.0,8.9995482,accelergy,9163605.0,12.822806904,52.26229196915406,70.18391735426229
1080p,1920,1080,128,128,5,128,4096,200.0,os,sobel,4374495.0,3.823258704,accelergy,9163605.0,12.822806904,47.73770803084594,29.8160826457377
1080p,1920,1080,128,128,5,128,4096,200.0,ws,gaussian,2770380.0,21.005604075,accelergy,5551140.0,42.140920929,49.90650569072299,49.84609641158704
1080p,1920,1080,128,128,5,128,4096,200.0,ws,sobel,2780760.0,21.135316854,accelergy,5551140.0,42.140920929,50.093494309277006,50.15390358841295
1080p,1920,1080,128,128,5,128,4096,800.0,os,gaussian,4586985.0,8.9995482,accelergy,8875920.0,12.839606904,51.67898088310846,70.092085118247
1080p,1920,1080,128,128,5,128,4096,800.0,os,sobel,4288935.0,3.8400587039999996,accelergy,8875920.0,12.839606904,48.32101911689154,29.907914881752983
1080p,1920,1080,128,128,5,128,4096,800.0,ws,gaussian,2286360.0,21.009444074999998,accelergy,4575255.0,42.157240929,49.972296626089694,49.835908641135916
1080p,1920,1080,128,128,5,128,4096,800.0,ws,sobel,2288895.0,21.147796854,accelergy,4575255.0,42.157240929,50.027703373910306,50.164091358864084
1080p,1920,1080,128,128,7,8,256,50.0,os,gaussian,17067090.0,41.960825471999996,accelergy,23270475.0,52.122994176,73.34225021191016,80.50348245596535
1080p,1920,1080,128,128,7,8,256,50.0,os,sobel,6203385.0,10.162168704,accelergy,23270475.0,52.122994176,26.657749788089845,19.496517544034656
1080p,1920,1080,128,128,7,8,256,50.0,ws,gaussian,14843850.0,19.615562546999996,accelergy,19180440.0,24.763567400999996,77.39056038339058,79.21137625028891
1080p,1920,1080,128,128,7,8,256,50.0,ws,sobel,4336590.0,5.148004854,accelergy,19180440.0,24.763567400999996,22.60943961660942,20.788623749711096
1080p,1920,1080,128,128,7,8,256,200.0,os,gaussian,16379535.0,42.030425472,accelergy,22401450.0,52.210594176,73.11819100995694,80.50171834918594
1080p,1920,1080,128,128,7,8,256,200.0,os,sobel,6021915.0,10.180168704,accelergy,22401450.0,52.210594176,26.881808990043055,19.498281650814057
1080p,1920,1080,128,128,7,8,256,200.0,ws,gaussian,14612910.0,19.643882547,accelergy,18811845.0,24.800287401,77.67930258834261,79.20828589352524
1080p,1920,1080,128,128,7,8,256,200.0,ws,sobel,4198935.0,5.156404854,accelergy,18811845.0,24.800287401,22.320697411657388,20.791714106474764
1080p,1920,1080,128,128,7,8,256,800.0,os,gaussian,16341975.0,42.17826547199999,accelergy,22318485.0,52.40307417599999,73.22170389253571,80.48815100110511
1080p,1920,1080,128,128,7,8,256,800.0,os,sobel,5976510.0,10.224808704,accelergy,22318485.0,52.40307417599999,26.778296107464282,19.51184899889489
1080p,1920,1080,128,128,7,8,256,800.0,ws,gaussian,14555055.0,19.709162547,accelergy,18719535.0,24.891007401,77.75329355136226,79.18185965509849
1080p,1920,1080,128,128,7,8,256,800.0,ws,sobel,4164480.0,5.181844854,accelergy,18719535.0,24.891007401,22.246706448637745,20.818140344901504
1080p,1920,1080,128,128,7,8,1024,50.0,os,gaussian,17008185.0,20.228105471999996,accelergy,23425905.0,24.047434175999996,72.60417473732605,84.11752091284734
1080p,1920,1080,128,128,7,8,1024,50.0,os,sobel,6417720.0,3.819328704,accelergy,23425905.0,24.047434175999996,27.395825262673952,15.882479087152657
1080p,1920,1080,128,128,7,8,1024,50.0,ws,gaussian,15463395.0,22.196762547,accelergy,20383125.0,28.476847400999997,75.8637107901757,77.94669906550307
1080p,1920,1080,128,128,7,8,1024,50.0,ws,sobel,4919730.0,6.280084853999999,accelergy,20383125.0,28.476847400999997,24.1362892098243,22.053300934496935
1080p,1920,1080,128,128,7,8,1024,200.0,os,gaussian,16499145.0,20.240345471999998,accelergy,22574640.0,24.063874176,73.08707912950106,84.11091798421478
1080p,1920,1080,128,128,7,8,1024,200.0,os,sobel,6075495.0,3.8235287039999997,accelergy,22574640.0,24.063874176,26.91292087049893,15.889082015785219
1080p,1920,1080,128,128,7,8,1024,200.0,ws,gaussian,14767800.0,22.209002547,accelergy,19112520.0,28.494367401,77.26767584808283,77.9417287439783
1080p,1920,1080,128,128,7,8,1024,200.0,ws,sobel,4344720.0,6.285364854,accelergy,19112520.0,28.494367401,22.732324151917172,22.058271256021698
1080p,1920,1080,128,128,7,8,1024,800.0,os,gaussian,16371945.0,20.297945472,accelergy,22361880.0,24.142594176,73.21363409516553,84.07524611492686
1080p,1920,1080,128,128,7,8,1024,800.0,os,sobel,5989935.0,3.844648704,accelergy,22361880.0,24.142594176,26.786365904834476,15.924753885073134
1080p,1920,1080,128,128,7,8,1024,800.0,ws,gaussian,14593905.0,22.266602546999998,accelergy,18794835.0,28.577407401,77.64848693803378,77.91680411925972
1080p,1920,1080,128,128,7,8,1024,800.0,ws,sobel,4200930.0,6.310804854,accelergy,18794835.0,28.577407401,22.351513061966227,22.08319588074028
1080p,1920,1080,128,128,7,8,4096,50.0,os,gaussian,18403065.0,17.224145472,accelergy,24820785.0,21.043474176,74.1437670081748,81.85029395784879
1080p,1920,1080,128,128,7,8,4096,50.0,os,sobel,6417720.0,3.819328704,accelergy,24820785.0,21.043474176,25.856232991825195,18.1497060421512
1080p,1920,1080,128,128,7,8,4096,50.0,ws,gaussian,17148615.0,21.515522546999996,accelergy,22130985.0,28.296727400999995,77.48690354270269,76.03537413389948
1080p,1920,1080,128,128,7,8,4096,50.0,ws,sobel,4982370.0,6.781204853999999,accelergy,22130985.0,28.296727400999995,22.513096457297312,23.964625866100526
1080p,1920,1080,128,128,7,8,4096,200.0,os,gaussian,16847865.0,17.227385472,accelergy,22923360.0,21.050914176000003,73.49649004334444,81.83675695966126
1080p,1920,1080,128,128,7,8,4096,200.0,os,sobel,6075495.0,3.8235287039999997,accelergy,22923360.0,21.050914176000003,26.50350995665557,18.16324304033873
1080p,1920,1080,128,128,7,8,4096,200.0,ws,gaussian,15189045.0,21.516842547,accelergy,19549365.0,28.301407401,77.69584843292864,76.0274647904603
1080p,1920,1080,128,128,7,8,4096,200.0,ws,sobel,4360320.0,6.784564854,accelergy,19549365.0,28.301407401,22.304151567071358,23.972535209539704
1080p,1920,1080,128,128,7,8,4096,800.0,os,gaussian,16459065.0,17.241305472,accelergy,22449000.0,21.085954176,73.3175865294668,81.76677862472084
1080p,1920,1080,128,128,7,8,4096,800.0,os,sobel,5989935.0,3.844648704,accelergy,22449000.0,21.085954176,26.682413470533206,18.233221375279154
1080p,1920,1080,128,128,7,8,4096,800.0,ws,gaussian,14699115.0,21.525482546999996,accelergy,18903885.0,28.327807400999994,77.75711183177427,75.98711132948513
1080p,1920,1080,128,128,7,8,4096,800.0,ws,sobel,4204770.0,6.802324853999999,accelergy,18903885.0,28.327807400999994,22.24288816822574,24.012888670514865
1080p,1920,1080,128,128,7,16,256,50.0,os,gaussian,16981425.0,112.05227347200001,accelergy,22277610.0,127.858258176,76.22642195459926,87.6378851632386
1080p,1920,1080,128,128,7,16,256,50.0,os,sobel,5296185.0,15.805984704,accelergy,22277610.0,127.858258176,23.773578045400743,12.362114836761407
1080p,1920,1080,128,128,7,16,256,50.0,ws,gaussian,8502690.0,18.597770546999996,accelergy,10824285.0,23.062567400999995,78.55197825999592,80.6405038243643
1080p,1920,1080,128,128,7,16,256,50.0,ws,sobel,2321595.0,4.464796853999999,accelergy,10824285.0,23.062567400999995,21.448021740004076,19.359496175635698
1080p,1920,1080,128,128,7,16,256,200.0,os,gaussian,10288335.0,112.24091347200002,accelergy,15403050.0,128.07341817600002,66.79414142004343,87.63794632056843
1080p,1920,1080,128,128,7,16,256,200.0,os,sobel,5114715.0,15.832504704,accelergy,15403050.0,128.07341817600002,33.20585857995656,12.362053679431577
1080p,1920,1080,128,128,7,16,256,200.0,ws,gaussian,8365035.0,18.626090547,accelergy,10505160.0,23.098207401,79.62786859029278,80.63868430843519
1080p,1920,1080,128,128,7,16,256,200.0,ws,sobel,2140125.0,4.472116853999999,accelergy,10505160.0,23.098207401,20.37213140970723,19.36131569156482
1080p,1920,1080,128,128,7,16,256,800.0,os,gaussian,10250775.0,112.61819347200002,accelergy,15320085.0,128.51453817600003,66.91069272787978,87.63070316431434
1080p,1920,1080,128,128,7,16,256,800.0,os,sobel,5069310.0,15.896344704,accelergy,15320085.0,128.51453817600003,33.08930727212023,12.369296835685653
1080p,1920,1080,128,128,7,16,256,800.0,ws,gaussian,8330580.0,18.682730547,accelergy,10425300.0,23.180287400999998,79.90734079594833,80.59749313631903
1080p,1920,1080,128,128,7,16,256,800.0,ws,sobel,2094720.0,4.497556854,accelergy,10425300.0,23.180287400999998,20.09265920405168,19.402506863680973
1080p,1920,1080,128,128,7,16,1024,50.0,os,gaussian,10916985.0,33.801473472,accelergy,16427505.0,37.610218176,66.4555268739836,89.87311191289379
1080p,1920,1080,128,128,7,16,1024,50.0,os,sobel,5510520.0,3.808744704,accelergy,16427505.0,37.610218176,33.5444731260164,10.126888087106215
1080p,1920,1080,128,128,7,16,1024,50.0,ws,gaussian,9122235.0,21.178970547,accelergy,11885730.0,26.775847401,76.7494718456502,79.09729328009625
1080p,1920,1080,128,128,7,16,1024,50.0,ws,sobel,2763495.0,5.596876854,accelergy,11885730.0,26.775847401,23.250528154349794,20.902706719903748
1080p,1920,1080,128,128,7,16,1024,200.0,os,gaussian,10407945.0,33.822353471999996,accelergy,15576240.0,37.634218176,66.81936719002789,89.87127967911157
1080p,1920,1080,128,128,7,16,1024,200.0,os,sobel,5168295.0,3.8118647039999995,accelergy,15576240.0,37.634218176,33.18063280997211,10.128720320888432
1080p,1920,1080,128,128,7,16,1024,200.0,ws,gaussian,8519925.0,21.191210547,accelergy,10770555.0,26.792287401000003,79.10386233578492,79.0944432247657
1080p,1920,1080,128,128,7,16,1024,200.0,ws,sobel,2250630.0,5.601076854,accelergy,10770555.0,26.792287401000003,20.896137664215075,20.905556775234295
1080p,1920,1080,128,128,7,16,1024,800.0,os,gaussian,10280745.0,33.905873471999996,accelergy,15363480.0,37.738858175999994,66.91677276242102,89.84340043854961
1080p,1920,1080,128,128,7,16,1024,800.0,os,sobel,5082735.0,3.832984704,accelergy,15363480.0,37.738858175999994,33.08322723757899,10.15659956145039
1080p,1920,1080,128,128,7,16,1024,800.0,ws,gaussian,8369310.0,21.240170546999998,accelergy,10491720.0,26.866687401,79.77061911678925,79.05764573793128
1080p,1920,1080,128,128,7,16,1024,800.0,ws,sobel,2122410.0,5.626516854,accelergy,10491720.0,26.866687401,20.22938088321076,20.942354262068708
1080p,1920,1080,128,128,7,16,4096,50.0,os,gaussian,12311865.0,17.201033472,accelergy,17822385.0,21.009778175999998,69.08090583836002,81.87156155531987
1080p,1920,1080,128,128,7,16,4096,50.0,os,sobel,5510520.0,3.808744704,accelergy,17822385.0,21.009778175999998,30.919094161639983,18.128438444680135
1080p,1920,1080,128,128,7,16,4096,50.0,ws,gaussian,10887300.0,21.136490546999998,accelergy,13713435.0,27.234487400999996,79.39148725319367,77.60928353740158
1080p,1920,1080,128,128,7,16,4096,50.0,ws,sobel,2826135.0,6.097996854,accelergy,13713435.0,27.234487400999996,20.608512746806326,22.390716462598427
1080p,1920,1080,128,128,7,16,4096,200.0,os,gaussian,10756665.0,17.204273472,accelergy,15924960.0,21.016138176,67.54594674021159,81.86220193226048
1080p,1920,1080,128,128,7,16,4096,200.0,os,sobel,5168295.0,3.8118647039999995,accelergy,15924960.0,21.016138176,32.45405325978841,18.137798067739542
1080p,1920,1080,128,128,7,16,4096,200.0,ws,gaussian,8961180.0,21.139370547,accelergy,11227410.0,27.239647401,79.81520225947035,77.60515485315698
1080p,1920,1080,128,128,7,16,4096,200.0,ws,sobel,2266230.0,6.1002768540000005,accelergy,11227410.0,27.239647401,20.18479774052965,22.394845146843025
1080p,1920,1080,128,128,7,16,4096,800.0,os,gaussian,10367865.0,17.209553472000003,accelergy,15450600.0,21.042538176000004,67.10331637606306,81.78458952080364
1080p,1920,1080,128,128,7,16,4096,800.0,os,sobel,5082735.0,3.832984704,accelergy,15450600.0,21.042538176000004,32.89668362393694,18.21541047919636
1080p,1920,1080,128,128,7,16,4096,800.0,ws,gaussian,8479560.0,21.144170546999998,accelergy,10605810.0,27.262207400999998,79.95202629502131,77.55854188910767
1080p,1920,1080,128,128,7,16,4096,800.0,ws,sobel,2126250.0,6.118036854,accelergy,10605810.0,27.262207400999998,20.047973704978688,22.441458110892317
1080p,1920,1080,128,128,7,32,256,50.0,os,gaussian,38121195.0,303.4551174719999,accelergy,42963780.0,319.2585101759999,88.7286802976833,95.04996978928207
1080p,1920,1080,128,128,7,32,256,50.0,os,sobel,4842585.0,15.803392704,accelergy,42963780.0,319.2585101759999,11.271319702316696,4.950030210717939
1080p,1920,1080,128,128,7,32,256,50.0,ws,gaussian,4414365.0,17.930762547,accelergy,6742440.0,22.398799401,65.4713278872337,80.0523377436001
1080p,1920,1080,128,128,7,32,256,50.0,ws,sobel,2328075.0,4.468036854,accelergy,6742440.0,22.398799401,34.5286721127663,19.94766225639988
1080p,1920,1080,128,128,7,32,256,200.0,os,gaussian,9839895.0,303.968717472,accelergy,14501010.0,319.79971017599996,67.85661826314167,95.0497163692589
1080p,1920,1080,128,128,7,32,256,200.0,os,sobel,4661115.0,15.830992704000002,accelergy,14501010.0,319.79971017599996,32.14338173685833,4.950283630741099
1080p,1920,1080,128,128,7,32,256,200.0,ws,gaussian,4232895.0,17.959082546999998,accelergy,6379500.0,22.435519400999997,66.35151657653421,80.0475452607508
1080p,1920,1080,128,128,7,32,256,200.0,ws,sobel,2146605.0,4.476436853999999,accelergy,6379500.0,22.435519400999997,33.64848342346579,19.952454739249205
1080p,1920,1080,128,128,7,32,256,800.0,os,gaussian,7205175.0,304.995917472,accelergy,11820885.0,320.886430176,60.952923575519094,95.04793247402691
1080p,1920,1080,128,128,7,32,256,800.0,os,sobel,4615710.0,15.890512704,accelergy,11820885.0,320.886430176,39.047076424480906,4.952067525973088
1080p,1920,1080,128,128,7,32,256,800.0,ws,gaussian,4187490.0,18.015722547,accelergy,6288690.0,22.513279401,66.58763589873249,80.02264897134343
1080p,1920,1080,128,128,7,32,256,800.0,ws,sobel,2101200.0,4.497556854,accelergy,6288690.0,22.513279401,33.412364101267514,19.977351028656564
1080p,1920,1080,128,128,7,32,1024,50.0,os,gaussian,7871385.0,33.802877472,accelergy,12928305.0,37.609030176,60.88489558375982,89.87968398496787
1080p,1920,1080,128,128,7,32,1024,50.0,os,sobel,5056920.0,3.8061527039999996,accelergy,12928305.0,37.609030176,39.11510441624018,10.120316015032145
1080p,1920,1080,128,128,7,32,1024,50.0,ws,gaussian,4892670.0,20.511962547,accelergy,7697055.0,26.387359400999998,63.56548056367013,77.73404771309804
1080p,1920,1080,128,128,7,32,1024,50.0,ws,sobel,2804385.0,5.875396854,accelergy,7697055.0,26.387359400999998,36.43451943632987,22.265952286901967
1080p,1920,1080,128,128,7,32,1024,200.0,os,gaussian,7362345.0,33.823757472,accelergy,12077040.0,37.634110176,60.961502156157465,89.87526824420591
1080p,1920,1080,128,128,7,32,1024,200.0,os,sobel,4714695.0,3.810352704,accelergy,12077040.0,37.634110176,39.03849784384253,10.124731755794071
1080p,1920,1080,128,128,7,32,1024,200.0,ws,gaussian,4352505.0,20.524202546999998,accelergy,6618210.0,26.404639400999997,65.76559220695626,77.729531675493
1080p,1920,1080,128,128,7,32,1024,200.0,ws,sobel,2265705.0,5.880436853999999,accelergy,6618210.0,26.404639400999997,34.23440779304374,22.270468324507
1080p,1920,1080,128,128,7,32,1024,800.0,os,gaussian,7235145.0,33.907277472,accelergy,11864280.0,37.734430176,60.98258807108395,89.85766397915779
1080p,1920,1080,128,128,7,32,1024,800.0,os,sobel,4629135.0,3.827152704,accelergy,11864280.0,37.734430176,39.01741192891604,10.142336020842208
1080p,1920,1080,128,128,7,32,1024,800.0,ws,gaussian,4217460.0,20.573162547,accelergy,6348495.0,26.474239401,66.43243792426394,77.71011750472763
1080p,1920,1080,128,128,7,32,1024,800.0,ws,sobel,2131035.0,5.901076854,accelergy,6348495.0,26.474239401,33.56756207573606,22.289882495272373
1080p,1920,1080,128,128,7,32,4096,50.0,os,gaussian,9266265.0,17.202437472,accelergy,14323185.0,21.008590176,64.6941654387624,81.88287423328336
1080p,1920,1080,128,128,7,32,4096,50.0,os,sobel,5056920.0,3.8061527039999996,accelergy,14323185.0,21.008590176,35.3058345612376,18.117125766716654
1080p,1920,1080,128,128,7,32,4096,50.0,ws,gaussian,6657735.0,20.469482547,accelergy,10153920.0,31.879279400999998,65.56812541363335,64.20936398693475
1080p,1920,1080,128,128,7,32,4096,50.0,ws,sobel,3496185.0,11.409796854000001,accelergy,10153920.0,31.879279400999998,34.431874586366646,35.79063601306526
1080p,1920,1080,128,128,7,32,4096,200.0,os,gaussian,7711065.0,17.205677472,accelergy,12425760.0,21.016030176,62.05708946575501,81.86930323143822
1080p,1920,1080,128,128,7,32,4096,200.0,os,sobel,4714695.0,3.810352704,accelergy,12425760.0,21.016030176,37.94291053424499,18.130696768561776
1080p,1920,1080,128,128,7,32,4096,200.0,ws,gaussian,4793760.0,20.472362547,accelergy,7232385.0,31.886239401,66.28186967369685,64.20438073471266
1080p,1920,1080,128,128,7,32,4096,200.0,ws,sobel,2438625.0,11.413876854000002,accelergy,7232385.0,31.886239401,33.71813032630315,35.79561926528735
1080p,1920,1080,128,128,7,32,4096,800.0,os,gaussian,7322265.0,17.210957472,accelergy,11951400.0,21.038110176,61.26700637582208,81.80847675013145
1080p,1920,1080,128,128,7,32,4096,800.0,os,sobel,4629135.0,3.827152704,accelergy,11951400.0,21.038110176,38.73299362417792,18.191523249868542
1080p,1920,1080,128,128,7,32,4096,800.0,ws,gaussian,4327710.0,20.477162547,accelergy,6501945.0,31.907839400999997,66.56023697524355,64.17596092814182
1080p,1920,1080,128,128,7,32,4096,800.0,ws,sobel,2174235.0,11.430676854,accelergy,6501945.0,31.907839400999997,33.43976302475644,35.82403907185819
1080p,1920,1080,128,128,7,64,256,50.0,os,gaussian,72657945.0,580.546259472,accelergy,77273730.0,596.3532161759999,94.0267086887096,97.3493969219519
1080p,1920,1080,128,128,7,64,256,50.0,os,sobel,4615785.0,15.806956704000001,accelergy,77273730.0,596.3532161759999,5.973291311290396,2.650603078048118
1080p,1920,1080,128,128,7,64,256,50.0,ws,gaussian,2299530.0,17.622098547,accelergy,4640565.0,22.096615401,49.552802298858005,79.75021616298076
1080p,1920,1080,128,128,7,64,256,50.0,ws,sobel,2341035.0,4.474516853999999,accelergy,4640565.0,22.096615401,50.447197701142,20.249783837019226
1080p,1920,1080,128,128,7,64,256,200.0,os,gaussian,18277140.0,581.531339472,accelergy,22711455.0,597.363736176,80.47542528649089,97.34962205684758
1080p,1920,1080,128,128,7,64,256,200.0,os,sobel,4434315.0,15.832396704,accelergy,22711455.0,597.363736176,19.524574713509107,2.6503779431524337
1080p,1920,1080,128,128,7,64,256,200.0,ws,gaussian,2149185.0,17.651498547,accelergy,4308750.0,22.132255401,49.87954743255004,79.75463063833274
1080p,1920,1080,128,128,7,64,256,200.0,ws,sobel,2159565.0,4.480756854,accelergy,4308750.0,22.132255401,50.12045256744996,20.245369361667258
1080p,1920,1080,128,128,7,64,256,800.0,os,gaussian,5682375.0,583.499339472,accelergy,10071285.0,599.386936176,56.42154898803876,97.34935886234683
1080p,1920,1080,128,128,7,64,256,800.0,os,sobel,4388910.0,15.887596704,accelergy,10071285.0,599.386936176,43.578451011961235,2.650641137653169
1080p,1920,1080,128,128,7,64,256,800.0,ws,gaussian,2111625.0,17.708138547,accelergy,4225785.0,22.205695401,49.970005572929054,79.74593106506605
1080p,1920,1080,128,128,7,64,256,800.0,ws,sobel,2114160.0,4.497556854,accelergy,4225785.0,22.205695401,50.029994427070946,20.25406893493396
1080p,1920,1080,128,128,7,64,1024,50.0,os,gaussian,12452145.0,97.27865947200002,accelergy,17282265.0,101.08837617600001,72.05158004462957,96.23130091894335
1080p,1920,1080,128,128,7,64,1024,50.0,os,sobel,4830120.0,3.8097167039999995,accelergy,17282265.0,101.08837617600001,27.948419955370436,3.768699081056648
1080p,1920,1080,128,128,7,64,1024,50.0,ws,gaussian,2777835.0,20.203298547,accelergy,5597175.0,26.101135401,49.62923260394753,77.40390690523739
1080p,1920,1080,128,128,7,64,1024,50.0,ws,sobel,2819340.0,5.8978368539999995,accelergy,5597175.0,26.101135401,50.37076739605247,22.596093094762608
1080p,1920,1080,128,128,7,64,1024,200.0,os,gaussian,5839545.0,97.34093947200002,accelergy,10327440.0,101.15269617600002,56.54397411168692,96.23168056996943
1080p,1920,1080,128,128,7,64,1024,200.0,os,sobel,4487895.0,3.811756704,accelergy,10327440.0,101.15269617600002,43.45602588831308,3.768319430030572
1080p,1920,1080,128,128,7,64,1024,200.0,ws,gaussian,2268795.0,20.216618547,accelergy,4547970.0,26.117695401,49.88588315226354,77.40582864070748
1080p,1920,1080,128,128,7,64,1024,200.0,ws,sobel,2279175.0,5.901076853999999,accelergy,4547970.0,26.117695401,50.11411684773647,22.59417135929251
1080p,1920,1080,128,128,7,64,1024,800.0,os,gaussian,5712345.0,97.585739472,accelergy,10114680.0,101.409976176,56.4757856897104,96.22893442222792
1080p,1920,1080,128,128,7,64,1024,800.0,os,sobel,4402335.0,3.8242367039999996,accelergy,10114680.0,101.409976176,43.5242143102896,3.7710655777720765
1080p,1920,1080,128,128,7,64,1024,800.0,ws,gaussian,2141595.0,20.265578547,accelergy,4285725.0,26.183935401,49.970425073937314,77.39699260878115
1080p,1920,1080,128,128,7,64,1024,800.0,ws,sobel,2144130.0,5.918356854,accelergy,4285725.0,26.183935401,50.02957492606268,22.603007391218853
1080p,1920,1080,128,128,7,64,4096,50.0,os,gaussian,7743465.0,17.227979471999998,accelergy,12573585.0,21.037696175999997,61.58518036025525,81.89099855740783
1080p,1920,1080,128,128,7,64,4096,50.0,os,sobel,4830120.0,3.8097167039999995,accelergy,12573585.0,21.037696175999997,38.41481963974475,18.10900144259218
1080p,1920,1080,128,128,7,64,4096,50.0,ws,gaussian,4542900.0,20.160818546999998,accelergy,9127305.0,40.179175400999995,49.77263277604945,50.177282997446056
1080p,1920,1080,128,128,7,64,4096,50.0,ws,sobel,4584405.0,20.018356854,accelergy,9127305.0,40.179175400999995,50.227367223950544,49.82271700255396
1080p,1920,1080,128,128,7,64,4096,200.0,os,gaussian,6188265.0,17.232299471999998,accelergy,10676160.0,21.044056175999998,57.96339695171297,81.88677756740084
1080p,1920,1080,128,128,7,64,4096,200.0,os,sobel,4487895.0,3.811756704,accelergy,10676160.0,21.044056175999998,42.03660304828703,18.11322243259916
1080p,1920,1080,128,128,7,64,4096,200.0,ws,gaussian,2710050.0,20.164778546999997,accelergy,5430480.0,40.186015401,49.90442833782649,50.178596573419455
1080p,1920,1080,128,128,7,64,4096,200.0,ws,sobel,2720430.0,20.021236854,accelergy,5430480.0,40.186015401,50.09557166217351,49.82140342658055
1080p,1920,1080,128,128,7,64,4096,800.0,os,gaussian,5799465.0,17.237579472,accelergy,10201800.0,21.061816176,56.84746809386579,81.84279706914484
1080p,1920,1080,128,128,7,64,4096,800.0,os,sobel,4402335.0,3.8242367039999996,accelergy,10201800.0,21.061816176,43.152531906134215,18.157202930855163
1080p,1920,1080,128,128,7,64,4096,800.0,ws,gaussian,2251845.0,20.169578546999997,accelergy,4506225.0,40.199935401,49.97187224339664,50.17316158796182
1080p,1920,1080,128,128,7,64,4096,800.0,ws,sobel,2254380.0,20.030356854,accelergy,4506225.0,40.199935401,50.02812775660337,49.82683841203818
1080p,1920,1080,128,128,7,128,256,50.0,os,gaussian,73272720.0,584.851130472,accelergy,77775105.0,600.669589176,94.21102035156366,97.36652912199204
1080p,1920,1080,128,128,7,128,256,50.0,os,sobel,4502385.0,15.818458704000001,accelergy,77775105.0,600.669589176,5.788979648436348,2.633470878007958
1080p,1920,1080,128,128,7,128,256,50.0,ws,gaussian,2325450.0,17.690138547,accelergy,4692405.0,22.177615401,49.557742777957145,79.76573778171995
1080p,1920,1080,128,128,7,128,256,50.0,ws,sobel,2366955.0,4.487476854,accelergy,4692405.0,22.177615401,50.442257222042855,20.234262218280044
1080p,1920,1080,128,128,7,128,256,200.0,os,gaussian,18413685.0,585.844490472,accelergy,22734600.0,601.688389176,80.99410150167586,97.36676010555931
1080p,1920,1080,128,128,7,128,256,200.0,os,sobel,4320915.0,15.843898704,accelergy,22734600.0,601.688389176,19.00589849832414,2.633239894440692
1080p,1920,1080,128,128,7,128,256,200.0,ws,gaussian,2175105.0,17.720618547,accelergy,4360590.0,22.214335401,49.88097940874973,79.77109477784464
1080p,1920,1080,128,128,7,128,256,200.0,ws,sobel,2185485.0,4.493716854,accelergy,4360590.0,22.214335401,50.11902059125026,20.228905222155376
1080p,1920,1080,128,128,7,128,256,800.0,os,gaussian,4920975.0,587.826890472,accelergy,9196485.0,603.730309176,53.509302739035626,97.36580747027497
1080p,1920,1080,128,128,7,128,256,800.0,os,sobel,4275510.0,15.903418704000002,accelergy,9196485.0,603.730309176,46.49069726096438,2.634192529725027
1080p,1920,1080,128,128,7,128,256,800.0,ws,gaussian,2137545.0,17.777258547,accelergy,4277625.0,22.292095400999997,49.97036907162269,79.746915788825
1080p,1920,1080,128,128,7,128,256,800.0,ws,sobel,2140080.0,4.5148368539999995,accelergy,4277625.0,22.292095400999997,50.02963092837731,20.253084211175004
1080p,1920,1080,128,128,7,128,1024,50.0,os,gaussian,12447465.0,97.34273047200001,accelergy,17164185.0,101.16394917600002,72.51998856922131,96.22274660575772
1080p,1920,1080,128,128,7,128,1024,50.0,os,sobel,4716720.0,3.821218704,accelergy,17164185.0,101.16394917600002,27.480011430778685,3.7772533942422846
1080p,1920,1080,128,128,7,128,1024,50.0,ws,gaussian,2803755.0,20.271338547,accelergy,5649015.0,26.182135400999996,49.63263507000778,77.42431332100497
1080p,1920,1080,128,128,7,128,1024,50.0,ws,sobel,2845260.0,5.910796853999999,accelergy,5649015.0,26.182135400999996,50.36736492999222,22.575686678995034
1080p,1920,1080,128,128,7,128,1024,200.0,os,gaussian,5078145.0,97.406090472,accelergy,9452640.0,101.229349176,53.72197608287209,96.22317170354145
1080p,1920,1080,128,128,7,128,1024,200.0,os,sobel,4374495.0,3.823258704,accelergy,9452640.0,101.229349176,46.27802391712791,3.7768282964585524
1080p,1920,1080,128,128,7,128,1024,200.0,ws,gaussian,2294715.0,20.285738547,accelergy,4599810.0,26.199775401,49.88716925264304,77.42714674655467
1080p,1920,1080,128,128,7,128,1024,200.0,ws,sobel,2305095.0,5.914036854,accelergy,4599810.0,26.199775401,50.11283074735695,22.572853253445338
1080p,1920,1080,128,128,7,128,1024,800.0,os,gaussian,4950945.0,97.650890472,accelergy,9239880.0,101.490949176,53.582351718853495,96.21635354169288
1080p,1920,1080,128,128,7,128,1024,800.0,os,sobel,4288935.0,3.8400587039999996,accelergy,9239880.0,101.490949176,46.417648281146505,3.783646458307116
1080p,1920,1080,128,128,7,128,1024,800.0,ws,gaussian,2167515.0,20.334698547000002,accelergy,4337565.0,26.270335401,49.97077853588362,77.40555358964296
1080p,1920,1080,128,128,7,128,1024,800.0,ws,sobel,2170050.0,5.935636853999999,accelergy,4337565.0,26.270335401,50.02922146411639,22.594446410357037
1080p,1920,1080,128,128,7,128,4096,50.0,os,gaussian,6982065.0,17.292050472,accelergy,11698785.0,21.113269176,59.6819669734934,81.90134046913171
1080p,1920,1080,128,128,7,128,4096,50.0,os,sobel,4716720.0,3.821218704,accelergy,11698785.0,21.113269176,40.3180330265066,18.098659530868286
1080p,1920,1080,128,128,7,128,4096,50.0,ws,gaussian,4706445.0,21.329858547,accelergy,9454395.0,42.462175401,49.78049891082401,50.23260901159028
1080p,1920,1080,128,128,7,128,4096,50.0,ws,sobel,4747950.0,21.132316854000003,accelergy,9454395.0,42.462175401,50.21950108917599,49.767390988409716
1080p,1920,1080,128,128,7,128,4096,200.0,os,gaussian,5426865.0,17.297450472,accelergy,9801360.0,21.120709176000002,55.36848967898332,81.89805715262408
1080p,1920,1080,128,128,7,128,4096,200.0,os,sobel,4374495.0,3.823258704,accelergy,9801360.0,21.120709176000002,44.63151032101668,18.101942847375913
1080p,1920,1080,128,128,7,128,4096,200.0,ws,gaussian,2770380.0,21.335018546999997,accelergy,5551140.0,42.470335401,49.90650569072299,50.235107270892065
1080p,1920,1080,128,128,7,128,4096,200.0,ws,sobel,2780760.0,21.135316854,accelergy,5551140.0,42.470335401,50.093494309277006,49.76489272910793
1080p,1920,1080,128,128,7,128,4096,800.0,os,gaussian,5038065.0,17.302730472,accelergy,9327000.0,21.142789176,54.01592151817305,81.83750179773348
1080p,1920,1080,128,128,7,128,4096,800.0,os,sobel,4288935.0,3.8400587039999996,accelergy,9327000.0,21.142789176,45.984078481826955,18.162498202266516
1080p,1920,1080,128,128,7,128,4096,800.0,ws,gaussian,2286360.0,21.338858547,accelergy,4575255.0,42.486655401,49.972296626089694,50.224849062837166
1080p,1920,1080,128,128,7,128,4096,800.0,ws,sobel,2288895.0,21.147796854,accelergy,4575255.0,42.486655401,50.027703373910306,49.77515093716284
1080p,1920,1080,128,128,11,8,256,50.0,os,gaussian,35192280.0,120.313212288,accelergy,41395665.0,130.475380992,85.01440911747643,92.21142821983935
1080p,1920,1080,128,128,11,8,256,50.0,os,sobel,6203385.0,10.162168704,accelergy,41395665.0,130.475380992,14.985590882523569,7.788571780160646
1080p,1920,1080,128,128,11,8,256,50.0,ws,gaussian,33464595.0,47.378541963,accelergy,37801185.0,52.526546817,88.52789932379103,90.19923226262064
1080p,1920,1080,128,128,11,8,256,50.0,ws,sobel,4336590.0,5.148004854,accelergy,37801185.0,52.526546817,11.47210067620896,9.800767737379356
1080p,1920,1080,128,128,11,8,256,200.0,os,gaussian,35041935.0,120.51433228799999,accelergy,41063850.0,130.694500992,85.33524011995952,92.21071381983917
1080p,1920,1080,128,128,11,8,256,200.0,os,sobel,6021915.0,10.180168704,accelergy,41063850.0,130.694500992,14.664759880040473,7.7892861801608175
1080p,1920,1080,128,128,11,8,256,200.0,ws,gaussian,33284955.0,47.447421963000004,accelergy,37483890.0,52.603826817000005,88.798027632671,90.19766209797191
1080p,1920,1080,128,128,11,8,256,200.0,ws,sobel,4198935.0,5.156404854,accelergy,37483890.0,52.603826817000005,11.201972367329006,9.802337902028075
1080p,1920,1080,128,128,11,8,256,800.0,os,gaussian,35004375.0,120.92953228799999,accelergy,40980885.0,131.154340992,85.41634715794937,92.20398758694256
1080p,1920,1080,128,128,11,8,256,800.0,os,sobel,5976510.0,10.224808704,accelergy,40980885.0,131.154340992,14.583652842050629,7.796012413057439
1080p,1920,1080,128,128,11,8,256,800.0,ws,gaussian,33239970.0,47.598141963,accelergy,37404450.0,52.779986817,88.86635146352907,90.18217857468095
1080p,1920,1080,128,128,11,8,256,800.0,ws,sobel,4164480.0,5.181844854,accelergy,37404450.0,52.779986817,11.133648536470927,9.817821425319059
1080p,1920,1080,128,128,11,8,1024,50.0,os,gaussian,35670585.0,81.16633228799999,accelergy,42088305.0,84.98566099199999,84.75177368154883,95.50591398664355
1080p,1920,1080,128,128,11,8,1024,50.0,os,sobel,6417720.0,3.819328704,accelergy,42088305.0,84.98566099199999,15.248226318451172,4.4940860133564495
1080p,1920,1080,128,128,11,8,1024,50.0,ws,gaussian,33959355.0,49.863741963,accelergy,38879085.0,56.143826817000004,87.34607565995958,88.81429141894826
1080p,1920,1080,128,128,11,8,1024,50.0,ws,sobel,4919730.0,6.280084853999999,accelergy,38879085.0,56.143826817000004,12.65392434004041,11.185708581051742
1080p,1920,1080,128,128,11,8,1024,200.0,os,gaussian,35161545.0,81.216732288,accelergy,41237040.0,85.040260992,85.26689840007916,95.50386057215924
1080p,1920,1080,128,128,11,8,1024,200.0,os,sobel,6075495.0,3.8235287039999997,accelergy,41237040.0,85.040260992,14.733101599920847,4.496139427840761
1080p,1920,1080,128,128,11,8,1024,200.0,ws,gaussian,33408615.0,49.891101963000004,accelergy,37753335.0,56.176466817000005,88.49182462953273,88.8113916553792
1080p,1920,1080,128,128,11,8,1024,200.0,ws,sobel,4344720.0,6.285364854,accelergy,37753335.0,56.176466817000005,11.508175370467272,11.188608344620805
1080p,1920,1080,128,128,11,8,1024,800.0,os,gaussian,35034345.0,81.431292288,accelergy,41024280.0,85.27594099199999,85.39904905095227,95.49152004741798
1080p,1920,1080,128,128,11,8,1024,800.0,os,sobel,5989935.0,3.844648704,accelergy,41024280.0,85.27594099199999,14.600950949047734,4.508479952582029
1080p,1920,1080,128,128,11,8,1024,800.0,ws,gaussian,33270930.0,50.013501963,accelergy,37471860.0,56.324306817,88.78910734615255,88.7955925059068
1080p,1920,1080,128,128,11,8,1024,800.0,ws,sobel,4200930.0,6.310804854,accelergy,37471860.0,56.324306817,11.210892653847447,11.204407494093207
1080p,1920,1080,128,128,11,8,4096,50.0,os,gaussian,37558215.0,58.289412288,accelergy,43975935.0,62.108740992,85.40629096345536,93.85057780435132
1080p,1920,1080,128,128,11,8,4096,50.0,os,sobel,6417720.0,3.819328704,accelergy,43975935.0,62.108740992,14.593709036544647,6.1494221956486825
1080p,1920,1080,128,128,11,8,4096,50.0,ws,gaussian,36428445.0,63.364581963,accelergy,41410815.0,70.145786817,87.96843288401834,90.3326982820919
1080p,1920,1080,128,128,11,8,4096,50.0,ws,sobel,4982370.0,6.781204853999999,accelergy,41410815.0,70.145786817,12.031567115981659,9.667301717908106
1080p,1920,1080,128,128,11,8,4096,200.0,os,gaussian,35633445.0,58.298172288,accelergy,41708940.0,62.121700992,85.43359049642595,93.8450997913074
1080p,1920,1080,128,128,11,8,4096,200.0,os,sobel,6075495.0,3.8235287039999997,accelergy,41708940.0,62.121700992,14.566409503574054,6.154900208692598
1080p,1920,1080,128,128,11,8,4096,200.0,ws,gaussian,34025880.0,63.373341963,accelergy,38386200.0,70.157906817,88.6409178298451,90.32957914252364
1080p,1920,1080,128,128,11,8,4096,200.0,ws,sobel,4360320.0,6.784564854,accelergy,38386200.0,70.157906817,11.359082170154899,9.670420857476365
1080p,1920,1080,128,128,11,8,4096,800.0,os,gaussian,35152260.0,58.324092288,accelergy,41142195.0,62.168740992000004,85.44089589775169,93.81578484194374
1080p,1920,1080,128,128,11,8,4096,800.0,os,sobel,5989935.0,3.844648704,accelergy,41142195.0,62.168740992000004,14.559104102248313,6.1842151580562605
1080p,1920,1080,128,128,11,8,4096,800.0,ws,gaussian,33425175.0,63.397821963000005,accelergy,37629945.0,70.200146817,88.82600014429998,90.31009882111427
1080p,1920,1080,128,128,11,8,4096,800.0,ws,sobel,4204770.0,6.802324853999999,accelergy,37629945.0,70.200146817,11.173999855700028,9.689901178885734
1080p,1920,1080,128,128,11,16,256,50.0,os,gaussian,27653280.0,199.275564288,accelergy,32949465.0,215.081548992,83.92633992691535,92.65116660258575
1080p,1920,1080,128,128,11,16,256,50.0,os,sobel,5296185.0,15.805984704,accelergy,32949465.0,215.081548992,16.073660073084646,7.348833397414256
1080p,1920,1080,128,128,11,16,256,50.0,ws,gaussian,16846485.0,44.661909963,accelergy,19168080.0,49.126706817,87.8882235466463,90.9116707728209
1080p,1920,1080,128,128,11,16,256,50.0,ws,sobel,2321595.0,4.464796853999999,accelergy,19168080.0,49.126706817,12.1117764533537,9.088329227179102
1080p,1920,1080,128,128,11,16,256,200.0,os,gaussian,19619535.0,199.61192428799998,accelergy,24734250.0,215.44442899199998,79.32132569210711,92.6512350409451
1080p,1920,1080,128,128,11,16,256,200.0,os,sobel,5114715.0,15.832504704,accelergy,24734250.0,215.44442899199998,20.6786743078929,7.348764959054894
1080p,1920,1080,128,128,11,16,256,200.0,ws,gaussian,16690380.0,44.731869963,accelergy,18830505.0,49.203986817,88.63479763288346,90.9110680997604
1080p,1920,1080,128,128,11,16,256,200.0,ws,sobel,2140125.0,4.472116853999999,accelergy,18830505.0,49.203986817,11.365202367116549,9.088931900239599
1080p,1920,1080,128,128,11,16,256,800.0,os,gaussian,19581975.0,200.291124288,accelergy,24651285.0,216.187468992,79.43591987192555,92.64696294465233
1080p,1920,1080,128,128,11,16,256,800.0,os,sobel,5069310.0,15.896344704,accelergy,24651285.0,216.187468992,20.564080128074462,7.353037055347664
1080p,1920,1080,128,128,11,16,256,800.0,ws,gaussian,16651320.0,44.878269963,accelergy,18746040.0,49.375826817000004,88.82580000896189,90.89117662643068
1080p,1920,1080,128,128,11,16,256,800.0,ws,sobel,2094720.0,4.497556854,accelergy,18746040.0,49.375826817000004,11.174199991038106,9.108823373569312
1080p,1920,1080,128,128,11,16,1024,50.0,os,gaussian,20248185.0,44.85116428800001,accelergy,25758705.0,48.659908992000005,78.60715435810923,92.17272538543757
1080p,1920,1080,128,128,11,16,1024,50.0,os,sobel,5510520.0,3.808744704,accelergy,25758705.0,48.659908992000005,21.39284564189077,7.827274614562435
1080p,1920,1080,128,128,11,16,1024,50.0,ws,gaussian,17607390.0,47.147109963000005,accelergy,20370885.0,52.74398681700001,86.43409454228424,89.38859727570677
1080p,1920,1080,128,128,11,16,1024,50.0,ws,sobel,2763495.0,5.596876854,accelergy,20370885.0,52.74398681700001,13.565905457715754,10.611402724293226
1080p,1920,1080,128,128,11,16,1024,200.0,os,gaussian,19739145.0,44.879604288,accelergy,24907440.0,48.691468992000004,79.24999518216244,92.17139104054081
1080p,1920,1080,128,128,11,16,1024,200.0,os,sobel,5168295.0,3.8118647039999995,accelergy,24907440.0,48.691468992000004,20.75000481783756,7.828608959459177
1080p,1920,1080,128,128,11,16,1024,200.0,ws,gaussian,16880670.0,47.175549963,accelergy,19131300.0,52.776626817,88.23587524109705,89.38720188878038
1080p,1920,1080,128,128,11,16,1024,200.0,ws,sobel,2250630.0,5.601076854,accelergy,19131300.0,52.776626817,11.76412475890295,10.612798111219615
1080p,1920,1080,128,128,11,16,1024,800.0,os,gaussian,19611945.0,44.997684288,accelergy,24694680.0,48.830668992,79.41769239366535,92.15045629494047
1080p,1920,1080,128,128,11,16,1024,800.0,os,sobel,5082735.0,3.832984704,accelergy,24694680.0,48.830668992,20.582307606334645,7.849543705059546
1080p,1920,1080,128,128,11,16,1024,800.0,ws,gaussian,16698930.0,47.293629963,accelergy,18821340.0,52.920146817,88.72338526374848,89.36791148093991
1080p,1920,1080,128,128,11,16,1024,800.0,ws,sobel,2122410.0,5.626516854,accelergy,18821340.0,52.920146817,11.27661473625151,10.632088519060089
1080p,1920,1080,128,128,11,16,4096,50.0,os,gaussian,22135815.0,58.231524288,accelergy,27646335.0,62.040268992,80.06781007319776,93.86085075728616
1080p,1920,1080,128,128,11,16,4096,50.0,os,sobel,5510520.0,3.808744704,accelergy,27646335.0,62.040268992,19.93218992680223,6.139149242713844
1080p,1920,1080,128,128,11,16,4096,50.0,ws,gaussian,19510080.0,60.647949963,accelergy,22336215.0,66.745946817,87.34729675551564,90.86386942608048
1080p,1920,1080,128,128,11,16,4096,50.0,ws,sobel,2826135.0,6.097996854,accelergy,22336215.0,66.745946817,12.65270324448435,9.13613057391952
1080p,1920,1080,128,128,11,16,4096,200.0,os,gaussian,20211045.0,58.241364288,accelergy,25379340.0,62.053228992,79.63581795271271,93.85710499530744
1080p,1920,1080,128,128,11,16,4096,200.0,os,sobel,5168295.0,3.8118647039999995,accelergy,25379340.0,62.053228992,20.364182047287283,6.142895004692553
1080p,1920,1080,128,128,11,16,4096,200.0,ws,gaussian,17356335.0,60.657789963,accelergy,19622565.0,66.758066817,88.4508982388388,90.86211278298046
1080p,1920,1080,128,128,11,16,4096,200.0,ws,sobel,2266230.0,6.1002768540000005,accelergy,19622565.0,66.758066817,11.549101761161195,9.137887217019532
1080p,1920,1080,128,128,11,16,4096,800.0,os,gaussian,19729860.0,58.262964288,accelergy,24812595.0,62.095948992,79.51550412199934,93.82731922738823
1080p,1920,1080,128,128,11,16,4096,800.0,os,sobel,5082735.0,3.832984704,accelergy,24812595.0,62.095948992,20.48449587800067,6.172680772611776
1080p,1920,1080,128,128,11,16,4096,800.0,ws,gaussian,16817775.0,60.677949962999996,accelergy,18944025.0,66.795986817,88.77614445715733,90.84071192665886
1080p,1920,1080,128,128,11,16,4096,800.0,ws,sobel,2126250.0,6.118036854,accelergy,18944025.0,66.795986817,11.223855542842664,9.159288073341138
1080p,1920,1080,128,128,11,32,256,50.0,os,gaussian,63303615.0,506.736480288,accelergy,68146200.0,522.539872992,92.89382973665442,96.97565802710677
1080p,1920,1080,128,128,11,32,256,50.0,os,sobel,4842585.0,15.803392704,accelergy,68146200.0,522.539872992,7.106170263345573,3.024341972893224
1080p,1920,1080,128,128,11,32,256,50.0,ws,gaussian,8528610.0,43.335453963000006,accelergy,10856685.0,47.803490817000004,78.55629964395209,90.65332514919379
1080p,1920,1080,128,128,11,32,256,50.0,ws,sobel,2328075.0,4.468036854,accelergy,10856685.0,47.803490817000004,21.44370035604791,9.34667485080622
1080p,1920,1080,128,128,11,32,256,200.0,os,gaussian,16067805.0,507.595920288,accelergy,20728920.0,523.426912992,77.51395152280003,96.9755103700138
1080p,1920,1080,128,128,11,32,256,200.0,os,sobel,4661115.0,15.830992704000002,accelergy,20728920.0,523.426912992,22.48604847719997,3.024489629986214
1080p,1920,1080,128,128,11,32,256,200.0,ws,gaussian,8390955.0,43.406493963,accelergy,10537560.0,47.882930817,79.62901278853927,90.6512889298524
1080p,1920,1080,128,128,11,32,256,200.0,ws,sobel,2146605.0,4.476436853999999,accelergy,10537560.0,47.882930817,20.37098721146072,9.348711070147607
1080p,1920,1080,128,128,11,32,256,800.0,os,gaussian,11870775.0,509.310480288,accelergy,16486485.0,525.200992992,72.00306796748973,96.97439400990582
1080p,1920,1080,128,128,11,32,256,800.0,os,sobel,4615710.0,15.890512704,accelergy,16486485.0,525.200992992,27.996932032510262,3.025605990094167
1080p,1920,1080,128,128,11,32,256,800.0,ws,gaussian,8356500.0,43.544253962999996,accelergy,10457700.0,48.041810817,79.90762787228549,90.63824452593593
1080p,1920,1080,128,128,11,32,256,800.0,ws,sobel,2101200.0,4.497556854,accelergy,10457700.0,48.041810817,20.092372127714505,9.361755474064067
1080p,1920,1080,128,128,11,32,1024,50.0,os,gaussian,17014620.0,83.37744028799999,accelergy,22071540.0,87.18359299199999,77.08850401920301,95.63432456339663
1080p,1920,1080,128,128,11,32,1024,50.0,os,sobel,5056920.0,3.8061527039999996,accelergy,22071540.0,87.18359299199999,22.91149598079699,4.365675436603369
1080p,1920,1080,128,128,11,32,1024,50.0,ws,gaussian,9148155.0,45.820653963000005,accelergy,11952540.0,51.69605081700001,76.5373301407065,88.63472787351118
1080p,1920,1080,128,128,11,32,1024,50.0,ws,sobel,2804385.0,5.875396854,accelergy,11952540.0,51.69605081700001,23.462669859293506,11.365272126488826
1080p,1920,1080,128,128,11,32,1024,200.0,os,gaussian,12106545.0,83.431440288,accelergy,16821240.0,87.241792992,71.97177497021623,95.63242274909526
1080p,1920,1080,128,128,11,32,1024,200.0,os,sobel,4714695.0,3.810352704,accelergy,16821240.0,87.241792992,28.02822502978377,4.367577250904742
1080p,1920,1080,128,128,11,32,1024,200.0,ws,gaussian,8545845.0,45.850173963,accelergy,10811550.0,51.730610817,79.04366163963539,88.63257796278033
1080p,1920,1080,128,128,11,32,1024,200.0,ws,sobel,2265705.0,5.880436853999999,accelergy,10811550.0,51.730610817,20.956338360364608,11.367422037219669
1080p,1920,1080,128,128,11,32,1024,800.0,os,gaussian,11900745.0,83.63880028799998,accelergy,16529880.0,87.46595299199998,71.99535023847723,95.62440861491551
1080p,1920,1080,128,128,11,32,1024,800.0,os,sobel,4629135.0,3.827152704,accelergy,16529880.0,87.46595299199998,28.00464976152277,4.375591385084489
1080p,1920,1080,128,128,11,32,1024,800.0,ws,gaussian,8395230.0,45.959613962999995,accelergy,10526265.0,51.860690817,79.75506981821188,88.62129146172958
1080p,1920,1080,128,128,11,32,1024,800.0,ws,sobel,2131035.0,5.901076854,accelergy,10526265.0,51.860690817,20.244930181788128,11.378708538270416
1080p,1920,1080,128,128,11,32,4096,50.0,os,gaussian,14424615.0,58.234440288,accelergy,19481535.0,62.040592992,74.04249716462282,93.86506072807718
1080p,1920,1080,128,128,11,32,4096,50.0,os,sobel,5056920.0,3.8061527039999996,accelergy,19481535.0,62.040592992,25.957502835377195,6.1349392719228115
1080p,1920,1080,128,128,11,32,4096,50.0,ws,gaussian,11050845.0,59.321493963,accelergy,14547030.0,70.731290817,75.96633127174412,83.86881290839146
1080p,1920,1080,128,128,11,32,4096,50.0,ws,sobel,3496185.0,11.409796854000001,accelergy,14547030.0,70.731290817,24.033668728255872,16.13118709160854
1080p,1920,1080,128,128,11,32,4096,200.0,os,gaussian,12499845.0,58.245360288,accelergy,17214540.0,62.055712992000004,72.6121348580909,93.85978740669498
1080p,1920,1080,128,128,11,32,4096,200.0,os,sobel,4714695.0,3.810352704,accelergy,17214540.0,62.055712992000004,27.387865141909106,6.140212593305014
1080p,1920,1080,128,128,11,32,4096,200.0,ws,gaussian,9021510.0,59.332413963,accelergy,11460135.0,70.746290817,78.72080040941925,83.86646604056689
1080p,1920,1080,128,128,11,32,4096,200.0,ws,sobel,2438625.0,11.413876854000002,accelergy,11460135.0,70.746290817,21.27919959058074,16.13353395943311
1080p,1920,1080,128,128,11,32,4096,800.0,os,gaussian,12018660.0,58.25832028800001,accelergy,16647795.0,62.08547299200001,72.19370493209462,93.83567118109393
1080p,1920,1080,128,128,11,32,4096,800.0,os,sobel,4629135.0,3.827152704,accelergy,16647795.0,62.08547299200001,27.80629506790539,6.1643288189060685
1080p,1920,1080,128,128,11,32,4096,800.0,ws,gaussian,8514075.0,59.343933963000005,accelergy,10688310.0,70.77461081700001,79.65782242468642,83.84918444333661
1080p,1920,1080,128,128,11,32,4096,800.0,ws,sobel,2174235.0,11.430676854,accelergy,10688310.0,70.77461081700001,20.342177575313592,16.150815556663378
1080p,1920,1080,128,128,11,64,256,50.0,os,gaussian,109471035.0,874.336038288,accelergy,114086820.0,890.142994992,95.9541470259229,98.22422276050804
1080p,1920,1080,128,128,11,64,256,50.0,os,sobel,4615785.0,15.806956704000001,accelergy,114086820.0,890.142994992,4.0458529740771105,1.7757772394919609
1080p,1920,1080,128,128,11,64,256,50.0,ws,gaussian,5269695.0,42.734325962999996,accelergy,7610730.0,47.208842817,69.24033568396199,90.52186711852907
1080p,1920,1080,128,128,11,64,256,50.0,ws,sobel,2341035.0,4.474516853999999,accelergy,7610730.0,47.208842817,30.759664316038016,9.47813288147092
1080p,1920,1080,128,128,11,64,256,200.0,os,gaussian,27652770.0,875.818398288,accelergy,32087085.0,891.650794992,86.18037444037063,98.22437250177722
1080p,1920,1080,128,128,11,64,256,200.0,os,sobel,4434315.0,15.832396704,accelergy,32087085.0,891.650794992,13.819625559629364,1.7756274982227827
1080p,1920,1080,128,128,11,64,256,200.0,ws,gaussian,4258815.0,42.804285963,accelergy,6418380.0,47.285042817,66.35342563076664,90.52394459841946
1080p,1920,1080,128,128,11,64,256,200.0,ws,sobel,2159565.0,4.480756854,accelergy,6418380.0,47.285042817,33.646574369233356,9.476055401580542
1080p,1920,1080,128,128,11,64,256,800.0,os,gaussian,8588040.0,878.785278288,accelergy,12976950.0,894.672874992,66.17918694300279,98.22420047057511
1080p,1920,1080,128,128,11,64,256,800.0,os,sobel,4388910.0,15.887596704,accelergy,12976950.0,894.672874992,33.82081305699721,1.7757995294248823
1080p,1920,1080,128,128,11,64,256,800.0,ws,gaussian,4213410.0,42.946365963,accelergy,6327570.0,47.443922817,66.58812150636027,90.52026774567543
1080p,1920,1080,128,128,11,64,256,800.0,ws,sobel,2114160.0,4.497556854,accelergy,6327570.0,47.443922817,33.41187849363974,9.479732254324563
1080p,1920,1080,128,128,11,64,1024,50.0,os,gaussian,35495100.0,277.757358288,accelergy,40325220.0,281.56707499199996,88.02208642631088,98.64695944861158
1080p,1920,1080,128,128,11,64,1024,50.0,os,sobel,4830120.0,3.8097167039999995,accelergy,40325220.0,281.56707499199996,11.97791357368912,1.3530405513884192
1080p,1920,1080,128,128,11,64,1024,50.0,ws,gaussian,5735610.0,45.219525963,accelergy,8554950.0,51.117362817,67.04434274893482,88.46216524292493
1080p,1920,1080,128,128,11,64,1024,50.0,ws,sobel,2819340.0,5.8978368539999995,accelergy,8554950.0,51.117362817,32.955657251065176,11.53783475707508
1080p,1920,1080,128,128,11,64,1024,200.0,os,gaussian,9342465.0,277.933758288,accelergy,13830360.0,281.745514992,67.5504108352928,98.64709232226528
1080p,1920,1080,128,128,11,64,1024,200.0,os,sobel,4487895.0,3.811756704,accelergy,13830360.0,281.745514992,32.44958916470721,1.352907677734722
1080p,1920,1080,128,128,11,64,1024,200.0,ws,gaussian,4378425.0,45.247965963,accelergy,6657600.0,51.149042816999994,65.76581651045423,88.4629769610494
1080p,1920,1080,128,128,11,64,1024,200.0,ws,sobel,2279175.0,5.901076853999999,accelergy,6657600.0,51.149042816999994,34.234183489545785,11.537023038950606
1080p,1920,1080,128,128,11,64,1024,800.0,os,gaussian,8045145.0,278.639358288,accelergy,12447480.0,282.46359499199997,64.63272083988085,98.64611342070178
1080p,1920,1080,128,128,11,64,1024,800.0,os,sobel,4402335.0,3.8242367039999996,accelergy,12447480.0,282.46359499199997,35.36727916011916,1.3538865792982315
1080p,1920,1080,128,128,11,64,1024,800.0,ws,gaussian,4243380.0,45.361725963,accelergy,6387510.0,51.280082817,66.43245959693213,88.45876112345515
1080p,1920,1080,128,128,11,64,1024,800.0,ws,sobel,2144130.0,5.918356854,accelergy,6387510.0,51.280082817,33.567540403067866,11.54123887654485
1080p,1920,1080,128,128,11,64,4096,50.0,os,gaussian,19628535.0,130.770318288,accelergy,24458655.0,134.580034992,80.25189856106152,97.16918136911877
1080p,1920,1080,128,128,11,64,4096,50.0,os,sobel,4830120.0,3.8097167039999995,accelergy,24458655.0,134.580034992,19.748101438938487,2.8308186308812187
1080p,1920,1080,128,128,11,64,4096,50.0,ws,gaussian,7788960.0,58.720365963000006,accelergy,12373365.0,78.73872281700001,62.949407861159834,74.57622356851596
1080p,1920,1080,128,128,11,64,4096,50.0,ws,sobel,4584405.0,20.018356854,accelergy,12373365.0,78.73872281700001,37.05059213884016,25.423776431484047
1080p,1920,1080,128,128,11,64,4096,200.0,os,gaussian,8644245.0,130.79167828799999,accelergy,13132140.0,134.603434992,65.82510542836125,97.16815792685635
1080p,1920,1080,128,128,11,64,4096,200.0,os,sobel,4487895.0,3.811756704,accelergy,13132140.0,134.603434992,34.174894571638745,2.831842073143637
1080p,1920,1080,128,128,11,64,4096,200.0,ws,gaussian,4854090.0,58.730205963,accelergy,7574520.0,78.751442817,64.08445683686888,74.57667296264694
1080p,1920,1080,128,128,11,64,4096,200.0,ws,sobel,2720430.0,20.021236854,accelergy,7574520.0,78.751442817,35.91554316313113,25.423327037353065
1080p,1920,1080,128,128,11,64,4096,800.0,os,gaussian,8163060.0,130.824318288,accelergy,12565395.0,134.648554992,64.9646111403581,97.15983828847833
1080p,1920,1080,128,128,11,64,4096,800.0,os,sobel,4402335.0,3.8242367039999996,accelergy,12565395.0,134.648554992,35.0353888596419,2.8401617115216817
1080p,1920,1080,128,128,11,64,4096,800.0,ws,gaussian,4362225.0,58.74604596300001,accelergy,6616605.0,78.776402817,65.92844819964317,74.57315117506555
1080p,1920,1080,128,128,11,64,4096,800.0,ws,sobel,2254380.0,20.030356854,accelergy,6616605.0,78.776402817,34.07155180035683,25.426848824934456
1080p,1920,1080,128,128,11,128,256,50.0,ws,gaussian,5249760.0,42.513141963,accelergy,7616715.0,47.000618817,68.92420157508847,90.4523026144139
1080p,1920,1080,128,128,11,128,256,50.0,ws,sobel,2366955.0,4.487476854,accelergy,7616715.0,47.000618817,31.075798424911525,9.547697385586105
1080p,1920,1080,128,128,11,128,256,200.0,ws,gaussian,2175105.0,42.583101963000004,accelergy,4360590.0,47.076818817,49.88097940874973,90.45450188240574
1080p,1920,1080,128,128,11,128,256,200.0,ws,sobel,2185485.0,4.493716854,accelergy,4360590.0,47.076818817,50.11902059125026,9.545498117594269
1080p,1920,1080,128,128,11,128,256,800.0,ws,gaussian,2137545.0,42.725181963000004,accelergy,4277625.0,47.240018817000006,49.97036907162269,90.44277083908511
1080p,1920,1080,128,128,11,128,256,800.0,ws,sobel,2140080.0,4.5148368539999995,accelergy,4277625.0,47.240018817000006,50.02963092837731,9.557229160914876
1080p,1920,1080,128,128,11,128,1024,50.0,os,gaussian,69847125.0,557.775837288,accelergy,74563845.0,561.597055992,93.6742532523638,99.31957999721878
1080p,1920,1080,128,128,11,128,1024,50.0,os,sobel,4716720.0,3.821218704,accelergy,74563845.0,561.597055992,6.325746747636203,0.6804200027812171
1080p,1920,1080,128,128,11,128,1024,50.0,ws,gaussian,5624745.0,45.044781963000005,accelergy,8470005.0,50.955578817,66.40781203789136,88.40009869139585
1080p,1920,1080,128,128,11,128,1024,50.0,ws,sobel,2845260.0,5.910796853999999,accelergy,8470005.0,50.955578817,33.59218796210864,11.599901308604144
1080p,1920,1080,128,128,11,128,1024,200.0,os,gaussian,17698260.0,558.131157288,accelergy,22072755.0,561.954415992,80.18147258917159,99.31964967349694
1080p,1920,1080,128,128,11,128,1024,200.0,os,sobel,4374495.0,3.823258704,accelergy,22072755.0,561.954415992,19.81852741082842,0.6803503265030714
1080p,1920,1080,128,128,11,128,1024,200.0,ws,gaussian,2294715.0,45.074301962999996,accelergy,4599810.0,50.988338817,49.88716925264304,88.40119723212436
1080p,1920,1080,128,128,11,128,1024,200.0,ws,sobel,2305095.0,5.914036854,accelergy,4599810.0,50.988338817,50.11283074735695,11.598802767875629
1080p,1920,1080,128,128,11,128,1024,800.0,os,gaussian,6117345.0,559.552437288,accelergy,10406280.0,563.3924959919999,58.785127826658524,99.31840435729652
1080p,1920,1080,128,128,11,128,1024,800.0,os,sobel,4288935.0,3.8400587039999996,accelergy,10406280.0,563.3924959919999,41.21487217334148,0.6815956427035066
1080p,1920,1080,128,128,11,128,1024,800.0,ws,gaussian,2167515.0,45.192381963,accelergy,4337565.0,51.128018817000005,49.97077853588362,88.39063787070425
1080p,1920,1080,128,128,11,128,1024,800.0,ws,sobel,2170050.0,5.935636853999999,accelergy,4337565.0,51.128018817000005,50.02922146411639,11.609362129295741
1080p,1920,1080,128,128,11,128,4096,50.0,os,gaussian,17700735.0,130.92791728799997,accelergy,22417455.0,134.74913599199996,78.95960982189995,97.16419799216608
1080p,1920,1080,128,128,11,128,4096,50.0,os,sobel,4716720.0,3.821218704,accelergy,22417455.0,134.74913599199996,21.040390178100058,2.8358020078339243
1080p,1920,1080,128,128,11,128,4096,50.0,ws,gaussian,7364445.0,58.545621963,accelergy,12112395.0,79.67793881700001,60.80089858364097,73.47783192216409
1080p,1920,1080,128,128,11,128,4096,50.0,ws,sobel,4747950.0,21.132316854000003,accelergy,12112395.0,79.67793881700001,39.19910141635903,26.522168077835907
1080p,1920,1080,128,128,11,128,4096,200.0,os,gaussian,6716445.0,130.950357288,accelergy,11090940.0,134.773615992,60.55794188770294,97.16319943198158
1080p,1920,1080,128,128,11,128,4096,200.0,os,sobel,4374495.0,3.823258704,accelergy,11090940.0,134.773615992,39.44205811229706,2.836800568018405
1080p,1920,1080,128,128,11,128,4096,200.0,ws,gaussian,2770380.0,58.556541963,accelergy,5551140.0,79.691858817,49.90650569072299,73.47870012351704
1080p,1920,1080,128,128,11,128,4096,200.0,ws,sobel,2780760.0,21.135316854,accelergy,5551140.0,79.691858817,50.093494309277006,26.521299876482967
1080p,1920,1080,128,128,11,128,4096,800.0,os,gaussian,6235260.0,130.987317288,accelergy,10524195.0,134.82737599200001,59.2469067705416,97.15187017788742
1080p,1920,1080,128,128,11,128,4096,800.0,os,sobel,4288935.0,3.8400587039999996,accelergy,10524195.0,134.82737599200001,40.7530932294584,2.848129822112573
1080p,1920,1080,128,128,11,128,4096,800.0,ws,gaussian,2286360.0,58.576701963000005,accelergy,4575255.0,79.72449881700001,49.972296626089694,73.47390429817219
1080p,1920,1080,128,128,11,128,4096,800.0,ws,sobel,2288895.0,21.147796854,accelergy,4575255.0,79.72449881700001,50.027703373910306,26.526095701827806
720p,1280,720,128,128,3,8,256,50.0,os,gaussian,2738610.0,4.168883712,accelergy,5495670.0,8.496923136,49.83214057612629,49.06345091362729
720p,1280,720,128,128,3,8,256,50.0,os,sobel,2757060.0,4.328039424,accelergy,5495670.0,8.496923136,50.16785942387371,50.936549086372715
720p,1280,720,128,128,3,8,256,50.0,ws,gaussian,1953300.0,1.950550412,accelergy,3884600.0,4.207139236,50.283169438294806,46.36286803415888
720p,1280,720,128,128,3,8,256,50.0,ws,sobel,1931300.0,2.256588824,accelergy,3884600.0,4.207139236,49.716830561705194,53.63713196584112
720p,1280,720,128,128,3,8,256,200.0,os,gaussian,2671800.0,4.176563712,accelergy,5348210.0,8.512283136,49.95690146796778,49.06514087080291
720p,1280,720,128,128,3,8,256,200.0,os,sobel,2676410.0,4.3357194240000005,accelergy,5348210.0,8.512283136,50.04309853203222,50.934859129197086
720p,1280,720,128,128,3,8,256,200.0,ws,gaussian,1872650.0,1.954230412,accelergy,3739820.0,4.214499236,50.07326555823543,46.36921974755816
720p,1280,720,128,128,3,8,256,200.0,ws,sobel,1867170.0,2.260268824,accelergy,3739820.0,4.214499236,49.92673444176457,53.63078025244184
720p,1280,720,128,128,3,8,256,800.0,os,gaussian,2655100.0,4.195763712,accelergy,5311330.0,8.550683136,49.98936236309926,49.06933920092346
720p,1280,720,128,128,3,8,256,800.0,os,sobel,2656230.0,4.354919424,accelergy,5311330.0,8.550683136,50.01063763690073,50.930660799076534
720p,1280,720,128,128,3,8,256,800.0,ws,gaussian,1852470.0,1.9654304120000001,accelergy,3703600.0,4.236899236,50.018090506534186,46.3884152660552
720p,1280,720,128,128,3,8,256,800.0,ws,sobel,1851130.0,2.2714688240000003,accelergy,3703600.0,4.236899236,49.981909493465814,53.61158473394481
720p,1280,720,128,128,3,8,1024,50.0,os,gaussian,2833870.0,1.538323712,accelergy,5686190.0,3.235803136,49.837764830229034,47.5407077422401
720p,1280,720,128,128,3,8,1024,50.0,os,sobel,2852320.0,1.697479424,accelergy,5686190.0,3.235803136,50.16223516977097,52.459292257759905
720p,1280,720,128,128,3,8,1024,50.0,ws,gaussian,2151440.0,2.4990304119999998,accelergy,4339730.0,5.304099236,49.57543441642683,47.11507648723033
720p,1280,720,128,128,3,8,1024,50.0,ws,sobel,2188290.0,2.805068824,accelergy,4339730.0,5.304099236,50.42456558357317,52.88492351276967
720p,1280,720,128,128,3,8,1024,200.0,os,gaussian,2695610.0,1.540083712,accelergy,5395830.0,3.239323136,49.95728182689225,47.54338012421123
720p,1280,720,128,128,3,8,1024,200.0,os,sobel,2700220.0,1.699239424,accelergy,5395830.0,3.239323136,50.042718173107744,52.45661987578877
720p,1280,720,128,128,3,8,1024,200.0,ws,gaussian,1922200.0,2.501430412,accelergy,3853620.0,5.308899236,49.880372221443736,47.117684868411764
720p,1280,720,128,128,3,8,1024,200.0,ws,sobel,1931420.0,2.8074688240000003,accelergy,3853620.0,5.308899236,50.119627778556264,52.88231513158823
720p,1280,720,128,128,3,8,1024,800.0,os,gaussian,2661070.0,1.550003712,accelergy,5323270.0,3.259163136,49.98938622312977,47.558334680427606
720p,1280,720,128,128,3,8,1024,800.0,os,sobel,2662200.0,1.709159424,accelergy,5323270.0,3.259163136,50.01061377687023,52.441665319572394
720p,1280,720,128,128,3,8,1024,800.0,ws,gaussian,1864880.0,2.511990412,accelergy,3732070.0,5.330019236,49.96905202742714,47.12910593330549
720p,1280,720,128,128,3,8,1024,800.0,ws,sobel,1867190.0,2.8180288239999998,accelergy,3732070.0,5.330019236,50.03094797257286,52.870894066694504
720p,1280,720,128,128,3,8,4096,50.0,os,gaussian,2833870.0,1.538323712,accelergy,5686190.0,3.235803136,49.837764830229034,47.5407077422401
720p,1280,720,128,128,3,8,4096,50.0,os,sobel,2852320.0,1.697479424,accelergy,5686190.0,3.235803136,50.16223516977097,52.459292257759905
720p,1280,720,128,128,3,8,4096,50.0,ws,gaussian,2177540.0,2.707830412,accelergy,4391930.0,5.721699236,49.580480563214806,47.3256335279347
720p,1280,720,128,128,3,8,4096,50.0,ws,sobel,2214390.0,3.0138688240000002,accelergy,4391930.0,5.721699236,50.4195194367852,52.674366472065294
720p,1280,720,128,128,3,8,4096,200.0,os,gaussian,2695610.0,1.540083712,accelergy,5395830.0,3.239323136,49.95728182689225,47.54338012421123
720p,1280,720,128,128,3,8,4096,200.0,os,sobel,2700220.0,1.699239424,accelergy,5395830.0,3.239323136,50.042718173107744,52.45661987578877
720p,1280,720,128,128,3,8,4096,200.0,ws,gaussian,1928700.0,2.7094304119999997,accelergy,3866620.0,5.724899236,49.88077442313959,47.327128396640305
720p,1280,720,128,128,3,8,4096,200.0,ws,sobel,1937920.0,3.015468824,accelergy,3866620.0,5.724899236,50.119225576860416,52.672871603359695
720p,1280,720,128,128,3,8,4096,800.0,os,gaussian,2661070.0,1.550003712,accelergy,5323270.0,3.259163136,49.98938622312977,47.558334680427606
720p,1280,720,128,128,3,8,4096,800.0,os,sobel,2662200.0,1.709159424,accelergy,5323270.0,3.259163136,50.01061377687023,52.441665319572394
720p,1280,720,128,128,3,8,4096,800.0,ws,gaussian,1866480.0,2.716790412,accelergy,3735270.0,5.739619235999999,49.96907854050711,47.33398332348889
720p,1280,720,128,128,3,8,4096,800.0,ws,sobel,1868790.0,3.022828824,accelergy,3735270.0,5.739619235999999,50.03092145949288,52.66601667651112
720p,1280,720,128,128,3,16,256,50.0,os,gaussian,2335410.0,6.522771712,accelergy,4689270.0,13.202107135999999,49.8032742836305,49.407050289824284
720p,1280,720,128,128,3,16,256,50.0,os,sobel,2353860.0,6.679335424,accelergy,4689270.0,13.202107135999999,50.19672571636949,50.592949710175716
720p,1280,720,128,128,3,16,256,50.0,ws,gaussian,1013370.0,1.798966412,accelergy,2045190.0,3.751907236,49.54894166312177,47.948051453370205
720p,1280,720,128,128,3,16,256,50.0,ws,sobel,1031820.0,1.9529408240000001,accelergy,2045190.0,3.751907236,50.45105833687824,52.05194854662979
720p,1280,720,128,128,3,16,256,200.0,os,gaussian,2268600.0,6.533971712,accelergy,4541810.0,13.224507136,49.949249308095226,49.40805464283126
720p,1280,720,128,128,3,16,256,200.0,os,sobel,2273210.0,6.690535424,accelergy,4541810.0,13.224507136,50.05075069190477,50.59194535716873
720p,1280,720,128,128,3,16,256,200.0,ws,gaussian,946560.0,1.802166412,accelergy,1897730.0,3.7583072360000003,49.87853909671028,47.951545704870625
720p,1280,720,128,128,3,16,256,200.0,ws,sobel,951170.0,1.956140824,accelergy,1897730.0,3.7583072360000003,50.121460903289716,52.04845429512937
720p,1280,720,128,128,3,16,256,800.0,os,gaussian,2251900.0,6.561171712,accelergy,4504930.0,13.278907136,49.987458184699875,49.41047967879997
720p,1280,720,128,128,3,16,256,800.0,os,sobel,2253030.0,6.717735424,accelergy,4504930.0,13.278907136,50.012541815300125,50.58952032120002
720p,1280,720,128,128,3,16,256,800.0,ws,gaussian,929860.0,1.813366412,accelergy,1860850.0,3.780707236,49.969637531235726,47.96368242251276
720p,1280,720,128,128,3,16,256,800.0,ws,sobel,930990.0,1.967340824,accelergy,1860850.0,3.780707236,50.03036246876428,52.036317577487246
720p,1280,720,128,128,3,16,1024,50.0,os,gaussian,2430670.0,1.536211712,accelergy,4879790.0,3.2289871359999998,49.81095497962003,47.57565289972094
720p,1280,720,128,128,3,16,1024,50.0,os,sobel,2449120.0,1.692775424,accelergy,4879790.0,3.2289871359999998,50.18904502037997,52.424347100279064
720p,1280,720,128,128,3,16,1024,50.0,ws,gaussian,1211510.0,2.347446412,accelergy,2441470.0,4.848867236,49.62215386631824,48.41226409689226
720p,1280,720,128,128,3,16,1024,50.0,ws,sobel,1229960.0,2.5014208239999998,accelergy,2441470.0,4.848867236,50.37784613368176,51.587735903107735
720p,1280,720,128,128,3,16,1024,200.0,os,gaussian,2292410.0,1.537491712,accelergy,4589430.0,3.231547136,49.94977589809628,47.5775734437562
720p,1280,720,128,128,3,16,1024,200.0,os,sobel,2297020.0,1.694055424,accelergy,4589430.0,3.231547136,50.050224101903716,52.422426556243806
720p,1280,720,128,128,3,16,1024,200.0,ws,gaussian,996110.0,2.3493664119999997,accelergy,1996830.0,4.8527072360000005,49.88456703875643,48.413520489576044
720p,1280,720,128,128,3,16,1024,200.0,ws,sobel,1000720.0,2.5033408240000004,accelergy,1996830.0,4.8527072360000005,50.11543296124357,51.58647951042394
720p,1280,720,128,128,3,16,1024,800.0,os,gaussian,2257870.0,1.547411712,accelergy,4516870.0,3.251387136,49.98749133802832,47.592355117197584
720p,1280,720,128,128,3,16,1024,800.0,os,sobel,2259000.0,1.703975424,accelergy,4516870.0,3.251387136,50.01250866197168,52.407644882802416
720p,1280,720,128,128,3,16,1024,800.0,ws,gaussian,942270.0,2.359926412,accelergy,1885670.0,4.873827236,49.97003717511548,48.42039526080567
720p,1280,720,128,128,3,16,1024,800.0,ws,sobel,943400.0,2.5139008240000003,accelergy,1885670.0,4.873827236,50.02996282488452,51.57960473919433
720p,1280,720,128,128,3,16,4096,50.0,os,gaussian,2430670.0,1.536211712,accelergy,4879790.0,3.2289871359999998,49.81095497962003,47.57565289972094
720p,1280,720,128,128,3,16,4096,50.0,os,sobel,2449120.0,1.692775424,accelergy,4879790.0,3.2289871359999998,50.18904502037997,52.424347100279064
720p,1280,720,128,128,3,16,4096,50.0,ws,gaussian,1237610.0,2.556246412,accelergy,2493670.0,5.266467236,49.63006332032707,48.5381622527956
720p,1280,720,128,128,3,16,4096,50.0,ws,sobel,1256060.0,2.710220824,accelergy,2493670.0,5.266467236,50.36993667967293,51.461837747204385
720p,1280,720,128,128,3,16,4096,200.0,os,gaussian,2292410.0,1.537491712,accelergy,4589430.0,3.231547136,49.94977589809628,47.5775734437562
720p,1280,720,128,128,3,16,4096,200.0,os,sobel,2297020.0,1.694055424,accelergy,4589430.0,3.231547136,50.050224101903716,52.422426556243806
720p,1280,720,128,128,3,16,4096,200.0,ws,gaussian,1002610.0,2.557366412,accelergy,2009830.0,5.268707236,49.88531368324684,48.53878375564385
720p,1280,720,128,128,3,16,4096,200.0,ws,sobel,1007220.0,2.711340824,accelergy,2009830.0,5.268707236,50.11468631675315,51.46121624435616
720p,1280,720,128,128,3,16,4096,800.0,os,gaussian,2257870.0,1.547411712,accelergy,4516870.0,3.251387136,49.98749133802832,47.592355117197584
720p,1280,720,128,128,3,16,4096,800.0,os,sobel,2259000.0,1.703975424,accelergy,4516870.0,3.251387136,50.01250866197168,52.407644882802416
720p,1280,720,128,128,3,16,4096,800.0,ws,gaussian,943870.0,2.5647264119999997,accelergy,1888870.0,5.283427236,49.97008793617348,48.54285480690587
720p,1280,720,128,128,3,16,4096,800.0,ws,sobel,945000.0,2.718700824,accelergy,1888870.0,5.283427236,50.02991206382652,51.457145193094135
720p,1280,720,128,128,3,32,256,50.0,os,gaussian,2133810.0,6.5229157120000005,accelergy,4286070.0,13.201099136,49.784767864267266,49.41191369597181
720p,1280,720,128,128,3,32,256,50.0,os,sobel,2152260.0,6.678183424,accelergy,4286070.0,13.201099136,50.215232135732734,50.58808630402819
720p,1280,720,128,128,3,32,256,50.0,ws,gaussian,1016250.0,1.800406412,accelergy,2050950.0,3.754787236,49.55020843999122,47.949625340635414
720p,1280,720,128,128,3,32,256,50.0,ws,sobel,1034700.0,1.9543808239999998,accelergy,2050950.0,3.754787236,50.44979156000877,52.050374659364586
720p,1280,720,128,128,3,32,256,200.0,os,gaussian,2067000.0,6.534595712,accelergy,4138610.0,13.224459136,49.944304971959184,49.41295250564416
720p,1280,720,128,128,3,32,256,200.0,os,sobel,2071610.0,6.6898634239999994,accelergy,4138610.0,13.224459136,50.055695028040816,50.58704749435583
720p,1280,720,128,128,3,32,256,200.0,ws,gaussian,949440.0,1.804086412,accelergy,1903490.0,3.7621472359999997,49.8789066399088,47.95363654927407
720p,1280,720,128,128,3,32,256,200.0,ws,sobel,954050.0,1.958060824,accelergy,1903490.0,3.7621472359999997,50.121093360091194,52.04636345072594
720p,1280,720,128,128,3,32,256,800.0,os,gaussian,2050300.0,6.559875712,accelergy,4101730.0,13.275019136000001,49.986225324436276,49.41518836843355
720p,1280,720,128,128,3,32,256,800.0,os,sobel,2051430.0,6.715143424,accelergy,4101730.0,13.275019136000001,50.013774675563724,50.58481163156644
720p,1280,720,128,128,3,32,256,800.0,ws,gaussian,932740.0,1.813366412,accelergy,1866610.0,3.780707236,49.96973122398359,47.96368242251276
720p,1280,720,128,128,3,32,256,800.0,ws,sobel,933870.0,1.967340824,accelergy,1866610.0,3.780707236,50.03026877601642,52.036317577487246
720p,1280,720,128,128,3,32,1024,50.0,os,gaussian,2229070.0,1.536355712,accelergy,4476590.0,3.227979136,49.79392796749311,47.594970328829284
720p,1280,720,128,128,3,32,1024,50.0,os,sobel,2247520.0,1.6916234239999999,accelergy,4476590.0,3.227979136,50.20607203250689,52.40502967117071
720p,1280,720,128,128,3,32,1024,50.0,ws,gaussian,1228830.0,2.4644064119999998,accelergy,2476110.0,5.082787236,49.627439814870904,48.485334867949604
720p,1280,720,128,128,3,32,1024,50.0,ws,sobel,1247280.0,2.618380824,accelergy,2476110.0,5.082787236,50.37256018512909,51.514665132050396
720p,1280,720,128,128,3,32,1024,200.0,os,gaussian,2090810.0,1.538115712,accelergy,4186230.0,3.231499136,49.94493852463911,47.59759007405781
720p,1280,720,128,128,3,32,1024,200.0,os,sobel,2095420.0,1.693383424,accelergy,4186230.0,3.231499136,50.05506147536089,52.40240992594218
720p,1280,720,128,128,3,32,1024,200.0,ws,gaussian,1002600.0,2.4668064120000004,accelergy,2009810.0,5.087587236000001,49.88531254198158,48.48676391325076
720p,1280,720,128,128,3,32,1024,200.0,ws,sobel,1007210.0,2.620780824,accelergy,2009810.0,5.087587236000001,50.114687458018416,51.513236086749224
720p,1280,720,128,128,3,32,1024,800.0,os,gaussian,2056270.0,1.546115712,accelergy,4113670.0,3.247499136,49.98626530567595,47.60942643096057
720p,1280,720,128,128,3,32,1024,800.0,os,sobel,2057400.0,1.7013834239999999,accelergy,4113670.0,3.247499136,50.01373469432404,52.39057356903943
720p,1280,720,128,128,3,32,1024,800.0,ws,gaussian,946060.0,2.4764064120000002,accelergy,1893250.0,5.106787236000001,49.97015713719794,48.49245323053047
720p,1280,720,128,128,3,32,1024,800.0,ws,sobel,947190.0,2.630380824,accelergy,1893250.0,5.106787236000001,50.02984286280206,51.50754676946951
720p,1280,720,128,128,3,32,4096,50.0,os,gaussian,2229070.0,1.536355712,accelergy,4476590.0,3.227979136,49.79392796749311,47.594970328829284
720p,1280,720,128,128,3,32,4096,50.0,os,sobel,2247520.0,1.6916234239999999,accelergy,4476590.0,3.227979136,50.20607203250689,52.40502967117071
720p,1280,720,128,128,3,32,4096,50.0,ws,gaussian,1535410.0,4.9170464119999995,accelergy,3089270.0,9.988067236,49.701385764274406,49.2292081723027
720p,1280,720,128,128,3,32,4096,50.0,ws,sobel,1553860.0,5.071020824,accelergy,3089270.0,9.988067236,50.298614235725594,50.7707918276973
720p,1280,720,128,128,3,32,4096,200.0,os,gaussian,2090810.0,1.538115712,accelergy,4186230.0,3.231499136,49.94493852463911,47.59759007405781
720p,1280,720,128,128,3,32,4096,200.0,os,sobel,2095420.0,1.693383424,accelergy,4186230.0,3.231499136,50.05506147536089,52.40240992594218
720p,1280,720,128,128,3,32,4096,200.0,ws,gaussian,1079230.0,4.918966412,accelergy,2163070.0,9.991907236,49.893438492512956,49.22950439609145
720p,1280,720,128,128,3,32,4096,200.0,ws,sobel,1083840.0,5.072940824,accelergy,2163070.0,9.991907236,50.106561507487044,50.77049560390855
720p,1280,720,128,128,3,32,4096,800.0,os,gaussian,2056270.0,1.546115712,accelergy,4113670.0,3.247499136,49.98626530567595,47.60942643096057
720p,1280,720,128,128,3,32,4096,800.0,os,sobel,2057400.0,1.7013834239999999,accelergy,4113670.0,3.247499136,50.01373469432404,52.39057356903943
720p,1280,720,128,128,3,32,4096,800.0,ws,gaussian,965200.0,4.926326412,accelergy,1931530.0,10.006627236,49.97074857755251,49.23063781447729
720p,1280,720,128,128,3,32,4096,800.0,ws,sobel,966330.0,5.080300824,accelergy,1931530.0,10.006627236,50.02925142244749,50.7693621855227
720p,1280,720,128,128,3,64,256,50.0,os,gaussian,2033010.0,6.525147712000001,accelergy,4084470.0,13.204915136,49.774144503448426,49.41453727491793
720p,1280,720,128,128,3,64,256,50.0,os,sobel,2051460.0,6.6797674240000005,accelergy,4084470.0,13.204915136,50.225855496551574,50.58546272508207
720p,1280,720,128,128,3,64,256,50.0,ws,gaussian,1022010.0,1.803286412,accelergy,2062470.0,3.760547236,49.55272076684752,47.952765883034374
720p,1280,720,128,128,3,64,256,50.0,ws,sobel,1040460.0,1.957260824,accelergy,2062470.0,3.760547236,50.447279233152486,52.04723411696563
720p,1280,720,128,128,3,64,256,200.0,os,gaussian,1966200.0,6.535867712,accelergy,3937010.0,13.226355136,49.94145303161536,49.41548631346232
720p,1280,720,128,128,3,64,256,200.0,os,sobel,1970810.0,6.6904874240000005,accelergy,3937010.0,13.226355136,50.05854696838463,50.58451368653769
720p,1280,720,128,128,3,64,256,200.0,ws,gaussian,955200.0,1.806006412,accelergy,1915010.0,3.765987236,49.87963509328933,47.95572312980617
720p,1280,720,128,128,3,64,256,200.0,ws,sobel,959810.0,1.959980824,accelergy,1915010.0,3.765987236,50.12036490671067,52.04427687019384
720p,1280,720,128,128,3,64,256,800.0,os,gaussian,1949500.0,6.559227712,accelergy,3900130.0,13.273075136,49.985513303402705,49.41754374771589
720p,1280,720,128,128,3,64,256,800.0,os,sobel,1950630.0,6.713847424,accelergy,3900130.0,13.273075136,50.014486696597295,50.58245625228411
720p,1280,720,128,128,3,64,256,800.0,ws,gaussian,938500.0,1.813366412,accelergy,1878130.0,3.780707236,49.969916885412616,47.96368242251276
720p,1280,720,128,128,3,64,256,800.0,ws,sobel,939630.0,1.967340824,accelergy,1878130.0,3.780707236,50.030083114587384,52.036317577487246
720p,1280,720,128,128,3,64,1024,50.0,os,gaussian,2128270.0,1.538587712,accelergy,4274990.0,3.2317951359999997,49.78421002154391,47.6078354986422
720p,1280,720,128,128,3,64,1024,50.0,os,sobel,2146720.0,1.693207424,accelergy,4274990.0,3.2317951359999997,50.215789978456094,52.3921645013578
720p,1280,720,128,128,3,64,1024,50.0,ws,gaussian,1234590.0,2.467286412,accelergy,2487630.0,5.088547236,49.62916510895913,48.487049398788365
720p,1280,720,128,128,3,64,1024,50.0,ws,sobel,1253040.0,2.621260824,accelergy,2487630.0,5.088547236,50.37083489104087,51.512950601211635
720p,1280,720,128,128,3,64,1024,200.0,os,gaussian,1990010.0,1.539387712,accelergy,3984630.0,3.233395136,49.942152721833644,47.60901922752196
720p,1280,720,128,128,3,64,1024,200.0,os,sobel,1994620.0,1.694007424,accelergy,3984630.0,3.233395136,50.057847278166356,52.39098077247804
720p,1280,720,128,128,3,64,1024,200.0,ws,gaussian,1008360.0,2.468726412,accelergy,2021330.0,5.0914272359999995,49.88596617078854,48.48790520945393
720p,1280,720,128,128,3,64,1024,200.0,ws,sobel,1012970.0,2.622700824,accelergy,2021330.0,5.0914272359999995,50.11403382921146,51.51209479054608
720p,1280,720,128,128,3,64,1024,800.0,os,gaussian,1955470.0,1.545467712,accelergy,3912070.0,3.245555136,49.98555751814257,47.6179774257269
720p,1280,720,128,128,3,64,1024,800.0,os,sobel,1956600.0,1.700087424,accelergy,3912070.0,3.245555136,50.01444248185744,52.382022574273094
720p,1280,720,128,128,3,64,1024,800.0,ws,gaussian,951820.0,2.4764064120000002,accelergy,1904770.0,5.106787236000001,49.97033762606509,48.49245323053047
720p,1280,720,128,128,3,64,1024,800.0,ws,sobel,952950.0,2.630380824,accelergy,1904770.0,5.106787236000001,50.02966237393491,51.50754676946951
720p,1280,720,128,128,3,64,4096,50.0,os,gaussian,2128270.0,1.538587712,accelergy,4274990.0,3.2317951359999997,49.78421002154391,47.6078354986422
720p,1280,720,128,128,3,64,4096,50.0,os,sobel,2146720.0,1.693207424,accelergy,4274990.0,3.2317951359999997,50.215789978456094,52.3921645013578
720p,1280,720,128,128,3,64,4096,50.0,ws,gaussian,2026060.0,8.799046412,accelergy,4070570.0,17.752067236,49.77337326222126,49.566319770106126
720p,1280,720,128,128,3,64,4096,50.0,ws,sobel,2044510.0,8.953020824,accelergy,4070570.0,17.752067236,50.22662673777874,50.433680229893874
720p,1280,720,128,128,3,64,4096,200.0,os,gaussian,1990010.0,1.539387712,accelergy,3984630.0,3.233395136,49.942152721833644,47.60901922752196
720p,1280,720,128,128,3,64,4096,200.0,os,sobel,1994620.0,1.694007424,accelergy,3984630.0,3.233395136,50.057847278166356,52.39098077247804
720p,1280,720,128,128,3,64,4096,200.0,ws,gaussian,1206220.0,8.800246412,accelergy,2417050.0,17.754467236,49.904635816387746,49.56637839380561
720p,1280,720,128,128,3,64,4096,200.0,ws,sobel,1210830.0,8.954220824,accelergy,2417050.0,17.754467236,50.095364183612254,50.43362160619439
720p,1280,720,128,128,3,64,4096,800.0,os,gaussian,1955470.0,1.545467712,accelergy,3912070.0,3.245555136,49.98555751814257,47.6179774257269
720p,1280,720,128,128,3,64,4096,800.0,os,sobel,1956600.0,1.700087424,accelergy,3912070.0,3.245555136,50.01444248185744,52.382022574273094
720p,1280,720,128,128,3,64,4096,800.0,ws,gaussian,1001260.0,8.804726412,accelergy,2003650.0,17.763427236,49.97180146233124,49.56659711565135
720p,1280,720,128,128,3,64,4096,800.0,ws,sobel,1002390.0,8.958700824,accelergy,2003650.0,17.763427236,50.02819853766876,50.433402884348666
720p,1280,720,128,128,3,128,256,50.0,os,gaussian,1982610.0,6.530583711999999,accelergy,3983670.0,13.215463136,49.76842961389874,49.416230402173014
720p,1280,720,128,128,3,128,256,50.0,os,sobel,2001060.0,6.684879424,accelergy,3983670.0,13.215463136,50.231570386101254,50.58376959782698
720p,1280,720,128,128,3,128,256,50.0,ws,gaussian,1033530.0,1.8090464119999998,accelergy,2085510.0,3.772067236,49.557662154580896,47.959018193916414
720p,1280,720,128,128,3,128,256,50.0,ws,sobel,1051980.0,1.963020824,accelergy,2085510.0,3.772067236,50.442337845419104,52.040981806083586
720p,1280,720,128,128,3,128,256,200.0,os,gaussian,1915800.0,6.541303712,accelergy,3836210.0,13.236903136,49.939914655349945,49.41717594208132
720p,1280,720,128,128,3,128,256,200.0,os,sobel,1920410.0,6.695599424,accelergy,3836210.0,13.236903136,50.06008534465006,50.58282405791867
720p,1280,720,128,128,3,128,256,200.0,ws,gaussian,966720.0,1.811766412,accelergy,1938050.0,3.777507236,49.88106601996852,47.96195741820679
720p,1280,720,128,128,3,128,256,200.0,ws,sobel,971330.0,1.965740824,accelergy,1938050.0,3.777507236,50.11893398003148,52.03804258179322
720p,1280,720,128,128,3,128,256,800.0,os,gaussian,1899100.0,6.566583712,accelergy,3799330.0,13.287463136,49.98512895694767,49.41939364037834
720p,1280,720,128,128,3,128,256,800.0,os,sobel,1900230.0,6.720879424,accelergy,3799330.0,13.287463136,50.014871043052324,50.58060635962166
720p,1280,720,128,128,3,128,256,800.0,ws,gaussian,950020.0,1.821046412,accelergy,1901170.0,3.796067236,49.97028145825991,47.97192195991968
720p,1280,720,128,128,3,128,256,800.0,ws,sobel,951150.0,1.975020824,accelergy,1901170.0,3.796067236,50.02971854174009,52.02807804008033
720p,1280,720,128,128,3,128,1024,50.0,os,gaussian,2077870.0,1.544023712,accelergy,4174190.0,3.2423431359999997,49.77899903933458,47.62061408172932
720p,1280,720,128,128,3,128,1024,50.0,os,sobel,2096320.0,1.698319424,accelergy,4174190.0,3.2423431359999997,50.22100096066542,52.379385918270685
720p,1280,720,128,128,3,128,1024,50.0,ws,gaussian,1246110.0,2.473046412,accelergy,2510670.0,5.100067235999999,49.63256819892698,48.490466842151264
720p,1280,720,128,128,3,128,1024,50.0,ws,sobel,1264560.0,2.6270208239999997,accelergy,2510670.0,5.100067235999999,50.36743180107302,51.50953315784874
720p,1280,720,128,128,3,128,1024,200.0,os,gaussian,1939610.0,1.544823712,accelergy,3883830.0,3.243943136,49.94065136733585,47.62178765885741
720p,1280,720,128,128,3,128,1024,200.0,os,sobel,1944220.0,1.699119424,accelergy,3883830.0,3.243943136,50.05934863266415,52.37821234114259
720p,1280,720,128,128,3,128,1024,200.0,ws,gaussian,1019880.0,2.474486412,accelergy,2044370.0,5.102947236,49.88725132926036,48.491318792072256
720p,1280,720,128,128,3,128,1024,200.0,ws,sobel,1024490.0,2.6284608240000003,accelergy,2044370.0,5.102947236,50.112748670739634,51.508681207927744
720p,1280,720,128,128,3,128,1024,800.0,os,gaussian,1905070.0,1.552823712,accelergy,3811270.0,3.259943136,49.985175545159485,47.63346007026792
720p,1280,720,128,128,3,128,1024,800.0,os,sobel,1906200.0,1.707119424,accelergy,3811270.0,3.259943136,50.014824454840515,52.366539929732085
720p,1280,720,128,128,3,128,1024,800.0,ws,gaussian,963340.0,2.484086412,accelergy,1927810.0,5.122147236,49.97069213252343,48.49697397491992
720p,1280,720,128,128,3,128,1024,800.0,ws,sobel,964470.0,2.638060824,accelergy,1927810.0,5.122147236,50.02930786747657,51.503026025080075
720p,1280,720,128,128,3,128,4096,50.0,os,gaussian,2077870.0,1.544023712,accelergy,4174190.0,3.2423431359999997,49.77899903933458,47.62061408172932
720p,1280,720,128,128,3,128,4096,50.0,os,sobel,2096320.0,1.698319424,accelergy,4174190.0,3.2423431359999997,50.22100096066542,52.379385918270685
720p,1280,720,128,128,3,128,4096,50.0,ws,gaussian,2095230.0,9.266006412,accelergy,4208910.0,18.685987236,49.78082211308866,49.58799497705062
720p,1280,720,128,128,3,128,4096,50.0,ws,sobel,2113680.0,9.419980824,accelergy,4208910.0,18.685987236,50.21917788691134,50.41200502294938
720p,1280,720,128,128,3,128,4096,200.0,os,gaussian,1939610.0,1.544823712,accelergy,3883830.0,3.243943136,49.94065136733585,47.62178765885741
720p,1280,720,128,128,3,128,4096,200.0,os,sobel,1944220.0,1.699119424,accelergy,3883830.0,3.243943136,50.05934863266415,52.37821234114259
720p,1280,720,128,128,3,128,4096,200.0,ws,gaussian,1232160.0,9.267446412,accelergy,2468930.0,18.688867236,49.90663971842053,49.588058468029026
720p,1280,720,128,128,3,128,4096,200.0,ws,sobel,1236770.0,9.421420824,accelergy,2468930.0,18.688867236,50.09336028157947,50.411941531970974
720p,1280,720,128,128,3,128,4096,800.0,os,gaussian,1905070.0,1.552823712,accelergy,3811270.0,3.259943136,49.985175545159485,47.63346007026792
720p,1280,720,128,128,3,128,4096,800.0,os,sobel,1906200.0,1.707119424,accelergy,3811270.0,3.259943136,50.014824454840515,52.366539929732085
720p,1280,720,128,128,3,128,4096,800.0,ws,gaussian,1016380.0,9.273206412,accelergy,2033890.0,18.700387236,49.97222071990127,49.5883122363809
720p,1280,720,128,128,3,128,4096,800.0,ws,sobel,1017510.0,9.427180824,accelergy,2033890.0,18.700387236,50.02777928009873,50.41168776361909
720p,1280,720,128,128,5,8,256,50.0,os,gaussian,4581810.0,8.2142592,accelergy,7338870.0,12.542298624,62.43209104398906,65.49245434390959
720p,1280,720,128,128,5,8,256,50.0,os,sobel,2757060.0,4.328039424,accelergy,7338870.0,12.542298624,37.56790895601094,34.507545656090414
720p,1280,720,128,128,5,8,256,50.0,ws,gaussian,3777140.0,4.5002827,accelergy,5708440.0,6.756871523999999,66.16763949520359,66.60305267038551
720p,1280,720,128,128,5,8,256,50.0,ws,sobel,1931300.0,2.256588824,accelergy,5708440.0,6.756871523999999,33.832360504796405,33.3969473296145
720p,1280,720,128,128,5,8,256,200.0,os,gaussian,4515000.0,8.2276992,accelergy,7191410.0,12.563418624,62.78323722329835,65.48933412345713
720p,1280,720,128,128,5,8,256,200.0,os,sobel,2676410.0,4.3357194240000005,accelergy,7191410.0,12.563418624,37.21676277670165,34.51066587654287
720p,1280,720,128,128,5,8,256,200.0,ws,gaussian,3713010.0,4.5066827,accelergy,5580180.0,6.7669515239999996,66.53925142199714,66.59841856434733
720p,1280,720,128,128,5,8,256,200.0,ws,sobel,1867170.0,2.260268824,accelergy,5580180.0,6.7669515239999996,33.46074857800286,33.40158143565268
720p,1280,720,128,128,5,8,256,800.0,os,gaussian,4498300.0,8.2603392,accelergy,7154530.0,12.615258624,62.873452204407556,65.47895248286905
720p,1280,720,128,128,5,8,256,800.0,os,sobel,2656230.0,4.354919424,accelergy,7154530.0,12.615258624,37.126547795592444,34.521047517130945
720p,1280,720,128,128,5,8,256,800.0,ws,gaussian,3696970.0,4.5252427,accelergy,5548100.0,6.796711524,66.63488401434725,66.57988475781012
720p,1280,720,128,128,5,8,256,800.0,ws,sobel,1851130.0,2.2714688240000003,accelergy,5548100.0,6.796711524,33.36511598565274,33.42011524218989
720p,1280,720,128,128,5,8,1024,50.0,os,gaussian,4794390.0,4.8302592,accelergy,7646710.0,6.527738624,62.6987292574192,73.99590391442732
720p,1280,720,128,128,5,8,1024,50.0,os,sobel,2852320.0,1.697479424,accelergy,7646710.0,6.527738624,37.3012707425808,26.00409608557268
720p,1280,720,128,128,5,8,1024,50.0,ws,gaussian,4048570.0,5.2628427,accelergy,6236860.0,8.067911524,64.91359434074198,65.23178500835529
720p,1280,720,128,128,5,8,1024,50.0,ws,sobel,2188290.0,2.805068824,accelergy,6236860.0,8.067911524,35.08640565925803,34.768214991644726
720p,1280,720,128,128,5,8,1024,200.0,os,gaussian,4568160.0,4.8331392,accelergy,7268380.0,6.532378624,62.84976844909045,73.98743211612101
720p,1280,720,128,128,5,8,1024,200.0,os,sobel,2700220.0,1.699239424,accelergy,7268380.0,6.532378624,37.15023155090956,26.012567883878983
720p,1280,720,128,128,5,8,1024,200.0,ws,gaussian,3780870.0,5.2657226999999995,accelergy,5712290.0,8.073191524,66.18834127819142,65.22479597252274
720p,1280,720,128,128,5,8,1024,200.0,ws,sobel,1931420.0,2.8074688240000003,accelergy,5712290.0,8.073191524,33.81165872180859,34.77520402747725
720p,1280,720,128,128,5,8,1024,800.0,os,gaussian,4511620.0,4.8504192,accelergy,7173820.0,6.559578624,62.89006414992292,73.94406680717911
720p,1280,720,128,128,5,8,1024,800.0,os,sobel,2662200.0,1.709159424,accelergy,7173820.0,6.559578624,37.109935850077086,26.055933192820895
720p,1280,720,128,128,5,8,1024,800.0,ws,gaussian,3713940.0,5.2830027,accelergy,5581130.0,8.101031524,66.54458864065163,65.21395064750276
720p,1280,720,128,128,5,8,1024,800.0,ws,sobel,1867190.0,2.8180288239999998,accelergy,5581130.0,8.101031524,33.455411359348375,34.786049352497244
720p,1280,720,128,128,5,8,4096,50.0,os,gaussian,4971930.0,3.9844992,accelergy,7824250.0,5.681978624,63.54513212128958,70.12520573678243
720p,1280,720,128,128,5,8,4096,50.0,os,sobel,2852320.0,1.697479424,accelergy,7824250.0,5.681978624,36.45486787871042,29.87479426321756
720p,1280,720,128,128,5,8,4096,50.0,ws,gaussian,4355150.0,5.449402699999999,accelergy,6569540.0,8.463271524,66.29307379207677,64.38884401317713
720p,1280,720,128,128,5,8,4096,50.0,ws,sobel,2214390.0,3.0138688240000002,accelergy,6569540.0,8.463271524,33.70692620792323,35.611155986822865
720p,1280,720,128,128,5,8,4096,200.0,os,gaussian,4612500.0,3.9844992,accelergy,7312720.0,5.683738624,63.075025435132204,70.10349109255591
720p,1280,720,128,128,5,8,4096,200.0,os,sobel,2700220.0,1.699239424,accelergy,7312720.0,5.683738624,36.92497456486779,29.896508907444087
720p,1280,720,128,128,5,8,4096,200.0,ws,gaussian,3857500.0,5.4503627,accelergy,5795420.0,8.465831524,66.56118107056952,64.3807130409887
720p,1280,720,128,128,5,8,4096,200.0,ws,sobel,1937920.0,3.015468824,accelergy,5795420.0,8.465831524,33.43881892943048,35.619286959011305
720p,1280,720,128,128,5,8,4096,800.0,os,gaussian,4522660.0,3.9902592,accelergy,7184860.0,5.699418624,62.94708595574583,70.01168826583812
720p,1280,720,128,128,5,8,4096,800.0,os,sobel,2662200.0,1.709159424,accelergy,7184860.0,5.699418624,37.05291404425417,29.988311734161893
720p,1280,720,128,128,5,8,4096,800.0,ws,gaussian,3733080.0,5.459642700000001,accelergy,5601870.0,8.482471524000001,66.63988989391044,64.36381996158411
720p,1280,720,128,128,5,8,4096,800.0,ws,sobel,1868790.0,3.022828824,accelergy,5601870.0,8.482471524000001,33.36011010608957,35.63618003841588
720p,1280,720,128,128,5,16,256,50.0,os,gaussian,7948810.0,61.737299199999995,accelergy,10302670.0,68.416634624,77.15291278862664,90.23726399185243
720p,1280,720,128,128,5,16,256,50.0,os,sobel,2353860.0,6.679335424,accelergy,10302670.0,68.416634624,22.847087211373363,9.762736008147561
720p,1280,720,128,128,5,16,256,50.0,ws,gaussian,1956180.0,4.1980747,accelergy,2988000.0,6.151015524,65.46787148594377,68.25010737852921
720p,1280,720,128,128,5,16,256,50.0,ws,sobel,1031820.0,1.9529408240000001,accelergy,2988000.0,6.151015524,34.532128514056225,31.74989262147081
720p,1280,720,128,128,5,16,256,200.0,os,gaussian,3252650.0,61.8416192,accelergy,5525860.0,68.532154624,58.86233093129395,90.23737767956158
720p,1280,720,128,128,5,16,256,200.0,os,sobel,2273210.0,6.690535424,accelergy,5525860.0,68.532154624,41.137669068706046,9.762622320438426
720p,1280,720,128,128,5,16,256,200.0,ws,gaussian,1875530.0,4.2044747,accelergy,2826700.0,6.160615524,66.35051473449606,68.24763992527315
720p,1280,720,128,128,5,16,256,200.0,ws,sobel,951170.0,1.956140824,accelergy,2826700.0,6.160615524,33.64948526550394,31.752360074726848
720p,1280,720,128,128,5,16,256,800.0,os,gaussian,3173500.0,62.054099199999996,accelergy,5426530.0,68.771834624,58.48120253642751,90.23185078494963
720p,1280,720,128,128,5,16,256,800.0,os,sobel,2253030.0,6.717735424,accelergy,5426530.0,68.771834624,41.51879746357249,9.768149215050379
720p,1280,720,128,128,5,16,256,800.0,ws,gaussian,1855350.0,4.2211147,accelergy,2786340.0,6.188455524,66.58735114881888,68.20950209029894
720p,1280,720,128,128,5,16,256,800.0,ws,sobel,930990.0,1.967340824,accelergy,2786340.0,6.188455524,33.41264885118112,31.790497909701067
720p,1280,720,128,128,5,16,1024,50.0,os,gaussian,3469590.0,4.8249792,accelergy,5918710.0,6.517754623999999,58.62071295941176,74.02824252133122
720p,1280,720,128,128,5,16,1024,50.0,os,sobel,2449120.0,1.692775424,accelergy,5918710.0,6.517754623999999,41.37928704058824,25.971757478668778
720p,1280,720,128,128,5,16,1024,50.0,ws,gaussian,2168760.0,4.9606347,accelergy,3398720.0,7.462055524,63.81108181903775,66.47812635600539
720p,1280,720,128,128,5,16,1024,50.0,ws,sobel,1229960.0,2.5014208239999998,accelergy,3398720.0,7.462055524,36.18891818096224,33.52187364399461
720p,1280,720,128,128,5,16,1024,200.0,os,gaussian,3243360.0,4.827859200000001,accelergy,5540380.0,6.521914624000001,58.54038892639133,74.0251824553783
720p,1280,720,128,128,5,16,1024,200.0,os,sobel,2297020.0,1.694055424,accelergy,5540380.0,6.521914624000001,41.45961107360867,25.974817544621693
720p,1280,720,128,128,5,16,1024,200.0,ws,gaussian,1928690.0,4.9635147,accelergy,2929410.0,7.4668555240000005,65.83885492300497,66.47396195153702
720p,1280,720,128,128,5,16,1024,200.0,ws,sobel,1000720.0,2.5033408240000004,accelergy,2929410.0,7.4668555240000005,34.16114507699503,33.526038048462986
720p,1280,720,128,128,5,16,1024,800.0,os,gaussian,3186820.0,4.8432192,accelergy,5445820.0,6.547194624,58.518643656969935,73.97396103433749
720p,1280,720,128,128,5,16,1024,800.0,os,sobel,2259000.0,1.703975424,accelergy,5445820.0,6.547194624,41.481356343030065,26.02603896566249
720p,1280,720,128,128,5,16,1024,800.0,ws,gaussian,1868670.0,4.9788746999999995,accelergy,2812070.0,7.492775524,66.45175973571071,66.44900389785118
720p,1280,720,128,128,5,16,1024,800.0,ws,sobel,943400.0,2.5139008240000003,accelergy,2812070.0,7.492775524,33.5482402642893,33.55099610214881
720p,1280,720,128,128,5,16,4096,50.0,os,gaussian,3647130.0,3.9792192,accelergy,6096250.0,5.671994624,59.82579454582735,70.1555530952492
720p,1280,720,128,128,5,16,4096,50.0,os,sobel,2449120.0,1.692775424,accelergy,6096250.0,5.671994624,40.17420545417264,29.844446904750804
720p,1280,720,128,128,5,16,4096,50.0,ws,gaussian,2475340.0,5.1471947,accelergy,3731400.0,7.857415524,66.33810366082436,65.50747741771076
720p,1280,720,128,128,5,16,4096,50.0,ws,sobel,1256060.0,2.710220824,accelergy,3731400.0,7.857415524,33.66189633917565,34.49252258228923
720p,1280,720,128,128,5,16,4096,200.0,os,gaussian,3287700.0,3.9792192,accelergy,5584720.0,5.673274624,58.869558366399744,70.1397246515525
720p,1280,720,128,128,5,16,4096,200.0,os,sobel,2297020.0,1.694055424,accelergy,5584720.0,5.673274624,41.13044163360025,29.86027534844751
720p,1280,720,128,128,5,16,4096,200.0,ws,gaussian,2005320.0,5.1481547,accelergy,3012540.0,7.859495524,66.56575514350017,65.50235551734121
720p,1280,720,128,128,5,16,4096,200.0,ws,sobel,1007220.0,2.711340824,accelergy,3012540.0,7.859495524,33.43424485649983,34.497644482658785
720p,1280,720,128,128,5,16,4096,800.0,os,gaussian,3197860.0,3.9830592,accelergy,5456860.0,5.687034624,58.602566311028696,70.03754088626417
720p,1280,720,128,128,5,16,4096,800.0,os,sobel,2259000.0,1.703975424,accelergy,5456860.0,5.687034624,41.39743368897131,29.96245911373583
720p,1280,720,128,128,5,16,4096,800.0,ws,gaussian,1887810.0,5.1555147,accelergy,2832810.0,7.874215524,66.64089720101242,65.47337552911004
720p,1280,720,128,128,5,16,4096,800.0,ws,sobel,945000.0,2.718700824,accelergy,2832810.0,7.874215524,33.35910279898758,34.526624470889956
720p,1280,720,128,128,5,32,256,50.0,os,gaussian,62003450.0,495.1472992,accelergy,64155710.0,501.825482624,96.6452557379538,98.66922193965112
720p,1280,720,128,128,5,32,256,50.0,os,sobel,2152260.0,6.678183424,accelergy,64155710.0,501.825482624,3.3547442620462,1.3307780603488655
720p,1280,720,128,128,5,32,256,50.0,ws,gaussian,1016250.0,4.0498507,accelergy,2050950.0,6.004231524,49.55020843999122,67.44994232504217
720p,1280,720,128,128,5,32,256,50.0,ws,sobel,1034700.0,1.9543808239999998,accelergy,2050950.0,6.004231524,50.44979156000877,32.55005767495784
720p,1280,720,128,128,5,32,256,200.0,os,gaussian,15751800.0,495.9874592,accelergy,17823410.0,502.677322624,88.37702774048289,98.66915352594809
720p,1280,720,128,128,5,32,256,200.0,os,sobel,2071610.0,6.6898634239999994,accelergy,17823410.0,502.677322624,11.622972259517118,1.3308464740519004
720p,1280,720,128,128,5,32,256,200.0,ws,gaussian,949440.0,4.0562507000000005,accelergy,1903490.0,6.014311524,49.8789066399088,67.44330891098019
720p,1280,720,128,128,5,32,256,200.0,ws,sobel,954050.0,1.958060824,accelergy,1903490.0,6.014311524,50.121093360091194,32.55669108901982
720p,1280,720,128,128,5,32,256,800.0,os,gaussian,4211850.0,497.66777920000004,accelergy,6263280.0,504.38292262400006,67.24671418170671,98.668641795193
720p,1280,720,128,128,5,32,256,800.0,os,sobel,2051430.0,6.715143424,accelergy,6263280.0,504.38292262400006,32.75328581829329,1.3313582048070065
720p,1280,720,128,128,5,32,256,800.0,ws,gaussian,932740.0,4.0690507,accelergy,1866610.0,6.036391524,49.96973122398359,67.4086610158059
720p,1280,720,128,128,5,32,256,800.0,ws,sobel,933870.0,1.967340824,accelergy,1866610.0,6.036391524,50.03026877601642,32.591338984194095
720p,1280,720,128,128,5,32,1024,50.0,os,gaussian,2807190.0,4.825219199999999,accelergy,5054710.0,6.516842623999999,55.53612373410146,74.04228517395605
720p,1280,720,128,128,5,32,1024,50.0,os,sobel,2247520.0,1.6916234239999999,accelergy,5054710.0,6.516842623999999,44.46387626589854,25.957714826043958
720p,1280,720,128,128,5,32,1024,50.0,ws,gaussian,1228830.0,4.8124107,accelergy,2476110.0,7.430791524,49.627439814870904,64.76309669645363
720p,1280,720,128,128,5,32,1024,50.0,ws,sobel,1247280.0,2.618380824,accelergy,2476110.0,7.430791524,50.37256018512909,35.23690330354638
720p,1280,720,128,128,5,32,1024,200.0,os,gaussian,2580960.0,4.8280992000000005,accelergy,4676380.0,6.521482624000001,55.19140873923847,74.03376622107211
720p,1280,720,128,128,5,32,1024,200.0,os,sobel,2095420.0,1.693383424,accelergy,4676380.0,6.521482624000001,44.808591260761524,25.966233778927872
720p,1280,720,128,128,5,32,1024,200.0,ws,gaussian,1002600.0,4.8152907,accelergy,2009810.0,7.436071524000001,49.88531254198158,64.75584163571581
720p,1280,720,128,128,5,32,1024,200.0,ws,sobel,1007210.0,2.620780824,accelergy,2009810.0,7.436071524000001,50.114687458018416,35.244158364284175
720p,1280,720,128,128,5,32,1024,800.0,os,gaussian,2524420.0,4.8396192000000005,accelergy,4581820.0,6.541002624000001,55.09644639029905,73.98895059669678
720p,1280,720,128,128,5,32,1024,800.0,os,sobel,2057400.0,1.7013834239999999,accelergy,4581820.0,6.541002624000001,44.90355360970095,26.011049403303215
720p,1280,720,128,128,5,32,1024,800.0,ws,gaussian,946060.0,4.826810699999999,accelergy,1893250.0,7.457191523999999,49.97015713719794,64.72692413042549
720p,1280,720,128,128,5,32,1024,800.0,ws,sobel,947190.0,2.630380824,accelergy,1893250.0,7.457191523999999,50.02984286280206,35.27307586957452
720p,1280,720,128,128,5,32,4096,50.0,os,gaussian,2984730.0,3.9794592,accelergy,5232250.0,5.671082624,57.04486597544077,70.17106721667118
720p,1280,720,128,128,5,32,4096,50.0,os,sobel,2247520.0,1.6916234239999999,accelergy,5232250.0,5.671082624,42.95513402455922,29.82893278332881
720p,1280,720,128,128,5,32,4096,50.0,ws,gaussian,1535410.0,4.9989707,accelergy,3089270.0,10.069991523999999,49.701385764274406,49.64225330364837
720p,1280,720,128,128,5,32,4096,50.0,ws,sobel,1553860.0,5.071020824,accelergy,3089270.0,10.069991523999999,50.298614235725594,50.35774669635163
720p,1280,720,128,128,5,32,4096,200.0,os,gaussian,2625300.0,3.9794592,accelergy,4720720.0,5.672842624,55.61227948279076,70.14929663594349
720p,1280,720,128,128,5,32,4096,200.0,os,sobel,2095420.0,1.693383424,accelergy,4720720.0,5.672842624,44.38772051720924,29.850703364056518
720p,1280,720,128,128,5,32,4096,200.0,ws,gaussian,1079230.0,4.9999307,accelergy,2163070.0,10.072871524,49.893438492512956,49.63759031460869
720p,1280,720,128,128,5,32,4096,200.0,ws,sobel,1083840.0,5.072940824,accelergy,2163070.0,10.072871524,50.106561507487044,50.36240968539132
720p,1280,720,128,128,5,32,4096,800.0,os,gaussian,2535460.0,3.9794592,accelergy,4592860.0,5.680842624,55.20438245450548,70.05050946470296
720p,1280,720,128,128,5,32,4096,800.0,os,sobel,2057400.0,1.7013834239999999,accelergy,4592860.0,5.680842624,44.79561754549452,29.949490535297034
720p,1280,720,128,128,5,32,4096,800.0,ws,gaussian,965200.0,5.0034507,accelergy,1931530.0,10.083751524,49.97074857755251,49.61894080879972
720p,1280,720,128,128,5,32,4096,800.0,ws,sobel,966330.0,5.080300824,accelergy,1931530.0,10.083751524,50.02925142244749,50.38105919120027
720p,1280,720,128,128,5,64,256,50.0,os,gaussian,62013540.0,495.1531792,accelergy,64065000.0,501.832946624,96.7978459377195,98.66892609005905
720p,1280,720,128,128,5,64,256,50.0,os,sobel,2051460.0,6.6797674240000005,accelergy,64065000.0,501.832946624,3.202154062280496,1.3310739099409588
720p,1280,720,128,128,5,64,256,50.0,ws,gaussian,1022010.0,4.0575307,accelergy,2062470.0,6.014791524,49.55272076684752,67.4592075853301
720p,1280,720,128,128,5,64,256,50.0,ws,sobel,1040460.0,1.957260824,accelergy,2062470.0,6.014791524,50.447279233152486,32.5407924146699
720p,1280,720,128,128,5,64,256,200.0,os,gaussian,15722850.0,495.9933392,accelergy,17693660.0,502.683826624,88.861490499987,98.66904661147883
720p,1280,720,128,128,5,64,256,200.0,os,sobel,1970810.0,6.6904874240000005,accelergy,17693660.0,502.683826624,11.138509500012999,1.3309533885211677
720p,1280,720,128,128,5,64,256,200.0,ws,gaussian,955200.0,4.0639307,accelergy,1915010.0,6.023911524000001,49.87963509328933,67.4633198679762
720p,1280,720,128,128,5,64,256,200.0,ws,sobel,959810.0,1.959980824,accelergy,1915010.0,6.023911524000001,50.12036490671067,32.53668013202379
720p,1280,720,128,128,5,64,256,800.0,os,gaussian,4177100.0,497.67365920000003,accelergy,6127730.0,504.387506624,68.1671679398407,98.66891084021141
720p,1280,720,128,128,5,64,256,800.0,os,sobel,1950630.0,6.713847424,accelergy,6127730.0,504.387506624,31.832832060159312,1.3310891597885859
720p,1280,720,128,128,5,64,256,800.0,ws,gaussian,938500.0,4.0767307,accelergy,1878130.0,6.044071524,49.969916885412616,67.45007374270774
720p,1280,720,128,128,5,64,256,800.0,ws,sobel,939630.0,1.967340824,accelergy,1878130.0,6.044071524,50.030083114587384,32.549926257292256
720p,1280,720,128,128,5,64,1024,50.0,os,gaussian,2475990.0,4.831099200000001,accelergy,4622710.0,6.524306624,53.56143906929053,74.0477031264679
720p,1280,720,128,128,5,64,1024,50.0,os,sobel,2146720.0,1.693207424,accelergy,4622710.0,6.524306624,46.43856093070948,25.952296873532106
720p,1280,720,128,128,5,64,1024,50.0,ws,gaussian,1234590.0,4.820090700000001,accelergy,2487630.0,7.441351524000001,49.62916510895913,64.77439863516922
720p,1280,720,128,128,5,64,1024,50.0,ws,sobel,1253040.0,2.621260824,accelergy,2487630.0,7.441351524000001,50.37083489104087,35.22560136483078
720p,1280,720,128,128,5,64,1024,200.0,os,gaussian,2249760.0,4.8339792,accelergy,4244380.0,6.527986624,53.00562155132198,74.05007820065043
720p,1280,720,128,128,5,64,1024,200.0,os,sobel,1994620.0,1.694007424,accelergy,4244380.0,6.527986624,46.99437844867801,25.949921799349568
720p,1280,720,128,128,5,64,1024,200.0,ws,gaussian,1008360.0,4.8229707,accelergy,2021330.0,7.445671524,49.88596617078854,64.77549653451513
720p,1280,720,128,128,5,64,1024,200.0,ws,sobel,1012970.0,2.622700824,accelergy,2021330.0,7.445671524,50.11403382921146,35.22450346548487
720p,1280,720,128,128,5,64,1024,800.0,os,gaussian,2193220.0,4.8454992,accelergy,4149820.0,6.545586624,52.850967029895266,74.02696623452401
720p,1280,720,128,128,5,64,1024,800.0,os,sobel,1956600.0,1.700087424,accelergy,4149820.0,6.545586624,47.14903297010473,25.97303376547599
720p,1280,720,128,128,5,64,1024,800.0,ws,gaussian,951820.0,4.8344907,accelergy,1904770.0,7.464871523999999,49.97033762606509,64.76321373324147
720p,1280,720,128,128,5,64,1024,800.0,ws,sobel,952950.0,2.630380824,accelergy,1904770.0,7.464871523999999,50.02966237393491,35.23678626675853
720p,1280,720,128,128,5,64,4096,50.0,os,gaussian,2653530.0,3.9853392000000003,accelergy,4800250.0,5.678546624,55.278995885630955,70.18238052596467
720p,1280,720,128,128,5,64,4096,50.0,os,sobel,2146720.0,1.693207424,accelergy,4800250.0,5.678546624,44.721004114369045,29.817619474035332
720p,1280,720,128,128,5,64,4096,50.0,ws,gaussian,2026060.0,8.8857707,accelergy,4070570.0,17.838791524,49.77337326222126,49.81150594223402
720p,1280,720,128,128,5,64,4096,50.0,ws,sobel,2044510.0,8.953020824,accelergy,4070570.0,17.838791524,50.22662673777874,50.188494057765965
720p,1280,720,128,128,5,64,4096,200.0,os,gaussian,2294100.0,3.9853392000000003,accelergy,4288720.0,5.679346624000001,53.49148463877334,70.17249454644309
720p,1280,720,128,128,5,64,4096,200.0,os,sobel,1994620.0,1.694007424,accelergy,4288720.0,5.679346624000001,46.50851536122666,29.827505453556903
720p,1280,720,128,128,5,64,4096,200.0,ws,gaussian,1206220.0,8.886970700000001,accelergy,2417050.0,17.841191524000003,49.904635816387746,49.811531298485484
720p,1280,720,128,128,5,64,4096,200.0,ws,sobel,1210830.0,8.954220824,accelergy,2417050.0,17.841191524000003,50.095364183612254,50.18846870151451
720p,1280,720,128,128,5,64,4096,800.0,os,gaussian,2204260.0,3.9853392000000003,accelergy,4160860.0,5.685426624,52.976067447594964,70.09745202192236
720p,1280,720,128,128,5,64,4096,800.0,os,sobel,1956600.0,1.700087424,accelergy,4160860.0,5.685426624,47.02393255240503,29.902547978077642
720p,1280,720,128,128,5,64,4096,800.0,ws,gaussian,1001260.0,8.8895307,accelergy,2003650.0,17.848231524,49.97180146233124,49.80622695333432
720p,1280,720,128,128,5,64,4096,800.0,ws,sobel,1002390.0,8.958700824,accelergy,2003650.0,17.848231524,50.02819853766876,50.19377304666568
720p,1280,720,128,128,5,128,256,50.0,os,gaussian,29242680.0,233.1804392,accelergy,31243740.0,239.865318624,93.5953250155071,97.21306962492612
720p,1280,720,128,128,5,128,256,50.0,os,sobel,2001060.0,6.684879424,accelergy,31243740.0,239.865318624,6.404674984492893,2.78693037507388
720p,1280,720,128,128,5,128,256,50.0,ws,gaussian,1033530.0,4.0728907,accelergy,2085510.0,6.035911524,49.557662154580896,67.47764084687734
720p,1280,720,128,128,5,128,256,50.0,ws,sobel,1051980.0,1.963020824,accelergy,2085510.0,6.035911524,50.442337845419104,32.522359153122665
720p,1280,720,128,128,5,128,256,200.0,os,gaussian,7479850.0,233.57579919999998,accelergy,9400260.0,240.27139862399997,79.5706714495131,97.21331816339992
720p,1280,720,128,128,5,128,256,200.0,os,sobel,1920410.0,6.695599424,accelergy,9400260.0,240.27139862399997,20.429328550486904,2.7866818366000876
720p,1280,720,128,128,5,128,256,200.0,ws,gaussian,966720.0,4.0792907,accelergy,1938050.0,6.045031524,49.88106601996852,67.48171095228187
720p,1280,720,128,128,5,128,256,200.0,ws,sobel,971330.0,1.965740824,accelergy,1938050.0,6.045031524,50.11893398003148,32.51828904771813
720p,1280,720,128,128,5,128,256,800.0,os,gaussian,2082750.0,234.3665192,accelergy,3982980.0,241.087398624,52.29124926562524,97.21226432307982
720p,1280,720,128,128,5,128,256,800.0,os,sobel,1900230.0,6.720879424,accelergy,3982980.0,241.087398624,47.70875073437477,2.787735676920172
720p,1280,720,128,128,5,128,256,800.0,ws,gaussian,950020.0,4.0920907,accelergy,1901170.0,6.0671115239999995,49.97028145825991,67.44709873574429
720p,1280,720,128,128,5,128,256,800.0,ws,sobel,951150.0,1.975020824,accelergy,1901170.0,6.0671115239999995,50.02971854174009,32.55290126425571
720p,1280,720,128,128,5,128,1024,50.0,os,gaussian,2310390.0,4.845559199999999,accelergy,4406710.0,6.5438786239999995,52.428909549300954,74.04720469949841
720p,1280,720,128,128,5,128,1024,50.0,os,sobel,2096320.0,1.698319424,accelergy,4406710.0,6.5438786239999995,47.571090450699046,25.95279530050159
720p,1280,720,128,128,5,128,1024,50.0,ws,gaussian,1246110.0,4.8354507,accelergy,2510670.0,7.462471524,49.63256819892698,64.79690655366312
720p,1280,720,128,128,5,128,1024,50.0,ws,sobel,1264560.0,2.6270208239999997,accelergy,2510670.0,7.462471524,50.36743180107302,35.20309344633688
720p,1280,720,128,128,5,128,1024,200.0,os,gaussian,2084160.0,4.8484392000000005,accelergy,4028380.0,6.5475586240000005,51.73692650643683,74.04957295423216
720p,1280,720,128,128,5,128,1024,200.0,os,sobel,1944220.0,1.699119424,accelergy,4028380.0,6.5475586240000005,48.26307349356317,25.950427045767828
720p,1280,720,128,128,5,128,1024,200.0,ws,gaussian,1019880.0,4.8383307,accelergy,2044370.0,7.4667915240000005,49.88725132926036,64.79798832535344
720p,1280,720,128,128,5,128,1024,200.0,ws,sobel,1024490.0,2.6284608240000003,accelergy,2044370.0,7.4667915240000005,50.112748670739634,35.20201167464656
720p,1280,720,128,128,5,128,1024,800.0,os,gaussian,2027620.0,4.8599592000000005,accelergy,3933820.0,6.5670786240000005,51.543283627618955,74.00488829597421
720p,1280,720,128,128,5,128,1024,800.0,os,sobel,1906200.0,1.707119424,accelergy,3933820.0,6.5670786240000005,48.456716372381045,25.995111704025792
720p,1280,720,128,128,5,128,1024,800.0,ws,gaussian,963340.0,4.8498507,accelergy,1927810.0,7.487911524,49.97069213252343,64.76907058070096
720p,1280,720,128,128,5,128,1024,800.0,ws,sobel,964470.0,2.638060824,accelergy,1927810.0,7.487911524,50.02930786747657,35.23092941929905
720p,1280,720,128,128,5,128,4096,50.0,os,gaussian,2487930.0,3.9997992,accelergy,4584250.0,5.698118624,54.27125483994111,70.19508479786958
720p,1280,720,128,128,5,128,4096,50.0,os,sobel,2096320.0,1.698319424,accelergy,4584250.0,5.698118624,45.7287451600589,29.804915202130406
720p,1280,720,128,128,5,128,4096,50.0,ws,gaussian,2095230.0,9.3623307,accelergy,4208910.0,18.782311524,49.78082211308866,49.846530806588056
720p,1280,720,128,128,5,128,4096,50.0,ws,sobel,2113680.0,9.419980824,accelergy,4208910.0,18.782311524,50.21917788691134,50.15346919341194
720p,1280,720,128,128,5,128,4096,200.0,os,gaussian,2128500.0,3.9997992,accelergy,4072720.0,5.698918624,52.2623701113752,70.18523098672694
720p,1280,720,128,128,5,128,4096,200.0,os,sobel,1944220.0,1.699119424,accelergy,4072720.0,5.698918624,47.7376298886248,29.814769013273068
720p,1280,720,128,128,5,128,4096,200.0,ws,gaussian,1232160.0,9.3637707,accelergy,2468930.0,18.785191524,49.90663971842053,49.846554335295586
720p,1280,720,128,128,5,128,4096,200.0,ws,sobel,1236770.0,9.421420824,accelergy,2468930.0,18.785191524,50.09336028157947,50.15344566470442
720p,1280,720,128,128,5,128,4096,800.0,os,gaussian,2038660.0,3.9997992,accelergy,3944860.0,5.706918624,51.67889354755302,70.08684481988506
720p,1280,720,128,128,5,128,4096,800.0,os,sobel,1906200.0,1.707119424,accelergy,3944860.0,5.706918624,48.32110645244698,29.913155180114938
720p,1280,720,128,128,5,128,4096,800.0,ws,gaussian,1016380.0,9.3656907,accelergy,2033890.0,18.792871524,49.97222071990127,49.83640040341501
720p,1280,720,128,128,5,128,4096,800.0,ws,sobel,1017510.0,9.427180824,accelergy,2033890.0,18.792871524,50.02777928009873,50.163599596584994
720p,1280,720,128,128,7,8,256,50.0,os,gaussian,7346610.0,15.319442432,accelergy,10103670.0,19.647481856,72.71229167223396,77.97153113197409
720p,1280,720,128,128,7,8,256,50.0,os,sobel,2757060.0,4.328039424,accelergy,10103670.0,19.647481856,27.287708327766047,22.028468868025914
720p,1280,720,128,128,7,8,256,50.0,ws,gaussian,6589410.0,8.749441132,accelergy,8520710.0,11.006029955999999,77.33404845370868,79.49679554733714
720p,1280,720,128,128,7,8,256,50.0,ws,sobel,1931300.0,2.256588824,accelergy,8520710.0,11.006029955999999,22.66595154629133,20.50320445266286
720p,1280,720,128,128,7,8,256,200.0,os,gaussian,7279800.0,15.344722432,accelergy,9956210.0,19.680441856,73.11818453005712,77.96939999760134
720p,1280,720,128,128,7,8,256,200.0,os,sobel,2676410.0,4.3357194240000005,accelergy,9956210.0,19.680441856,26.881815469942882,22.030600002398646
720p,1280,720,128,128,7,8,256,200.0,ws,gaussian,6492660.0,8.762081132,accelergy,8359830.0,11.022349956000001,77.66497644090849,79.49376645613012
720p,1280,720,128,128,7,8,256,200.0,ws,sobel,1867170.0,2.260268824,accelergy,8359830.0,11.022349956000001,22.335023559091514,20.50623354386989
720p,1280,720,128,128,7,8,256,800.0,os,gaussian,7263100.0,15.399122431999999,accelergy,9919330.0,19.754041856,73.22167928680668,77.95428674422263
720p,1280,720,128,128,7,8,256,800.0,os,sobel,2656230.0,4.354919424,accelergy,9919330.0,19.754041856,26.77832071319333,22.04571325577736
720p,1280,720,128,128,7,8,256,800.0,ws,gaussian,6468420.0,8.791201132,accelergy,8319550.0,11.062669956,77.74963790108839,79.46726393326018
720p,1280,720,128,128,7,8,256,800.0,ws,sobel,1851130.0,2.2714688240000003,accelergy,8319550.0,11.062669956,22.250362098911598,20.5327360667398
720p,1280,720,128,128,7,8,1024,50.0,os,gaussian,7559190.0,9.116162432,accelergy,10411510.0,10.813641856,72.60416596631997,84.30242607805486
720p,1280,720,128,128,7,8,1024,50.0,os,sobel,2852320.0,1.697479424,accelergy,10411510.0,10.813641856,27.395834033680032,15.697573921945136
720p,1280,720,128,128,7,8,1024,50.0,ws,gaussian,6872620.0,9.991121132,accelergy,9060910.0,12.796189956,75.84911449291518,78.07887477721654
720p,1280,720,128,128,7,8,1024,50.0,ws,sobel,2188290.0,2.805068824,accelergy,9060910.0,12.796189956,24.15088550708483,21.921125222783463
720p,1280,720,128,128,7,8,1024,200.0,os,gaussian,7332960.0,9.121682432,accelergy,10033180.0,10.820921856,73.08709701211382,84.2967221590478
720p,1280,720,128,128,7,8,1024,200.0,os,sobel,2700220.0,1.699239424,accelergy,10033180.0,10.820921856,26.912902987886195,15.703277840952184
720p,1280,720,128,128,7,8,1024,200.0,ws,gaussian,6563470.0,9.996641132,accelergy,8494890.0,12.804109956000001,77.26374326212581,78.0736901381855
720p,1280,720,128,128,7,8,1024,200.0,ws,sobel,1931420.0,2.8074688240000003,accelergy,8494890.0,12.804109956000001,22.73625673787418,21.926309861814495
720p,1280,720,128,128,7,8,1024,800.0,os,gaussian,7276420.0,9.147602432,accelergy,9938620.0,10.856761855999999,73.21358498463569,84.257189697355
720p,1280,720,128,128,7,8,1024,800.0,os,sobel,2662200.0,1.709159424,accelergy,9938620.0,10.856761855999999,26.786415015364305,15.742810302645
720p,1280,720,128,128,7,8,1024,800.0,ws,gaussian,6486180.0,10.022561132,accelergy,8353370.0,12.840589955999999,77.64746443650886,78.05374337428145
720p,1280,720,128,128,7,8,1024,800.0,ws,sobel,1867190.0,2.8180288239999998,accelergy,8353370.0,12.840589955999999,22.35253556349114,21.946256625718547
720p,1280,720,128,128,7,8,4096,50.0,os,gaussian,8179140.0,7.655202431999999,accelergy,11031460.0,9.352681856,74.1437670081748,81.85034570687314
720p,1280,720,128,128,7,8,4096,50.0,os,sobel,2852320.0,1.697479424,accelergy,11031460.0,9.352681856,25.856232991825195,18.14965429312685
720p,1280,720,128,128,7,8,4096,50.0,ws,gaussian,7621600.0,9.562401132,accelergy,9835990.0,12.576269956,77.48686202405655,76.03527250492809
720p,1280,720,128,128,7,8,4096,50.0,ws,sobel,2214390.0,3.0138688240000002,accelergy,9835990.0,12.576269956,22.513137975943447,23.964727495071912
720p,1280,720,128,128,7,8,4096,200.0,os,gaussian,7487940.0,7.656402432,accelergy,10188160.0,9.355641856,73.49649004334444,81.83727583682314
720p,1280,720,128,128,7,8,4096,200.0,os,sobel,2700220.0,1.699239424,accelergy,10188160.0,9.355641856,26.50350995665557,18.162724163176858
720p,1280,720,128,128,7,8,4096,200.0,ws,gaussian,6750690.0,9.563041132,accelergy,8688610.0,12.578509956000001,77.69585698978318,76.02682007210552
720p,1280,720,128,128,7,8,4096,200.0,ws,sobel,1937920.0,3.015468824,accelergy,8688610.0,12.578509956000001,22.304143010216823,23.97317992789447
720p,1280,720,128,128,7,8,4096,800.0,os,gaussian,7315140.0,7.662802431999999,accelergy,9977340.0,9.371961855999999,73.31753754006579,81.76305612142689
720p,1280,720,128,128,7,8,4096,800.0,os,sobel,2662200.0,1.709159424,accelergy,9977340.0,9.371961855999999,26.682462459934207,18.236943878573125
720p,1280,720,128,128,7,8,4096,800.0,ws,gaussian,6532940.0,9.566881132,accelergy,8401730.0,12.589709956,77.75708098213107,75.98968654111542
720p,1280,720,128,128,7,8,4096,800.0,ws,sobel,1868790.0,3.022828824,accelergy,8401730.0,12.589709956,22.24291901786894,24.010313458884582
720p,1280,720,128,128,7,16,256,50.0,os,gaussian,7403740.0,49.706770432,accelergy,9757600.0,56.386105856,75.87664999590064,88.15428850316809
720p,1280,720,128,128,7,16,256,50.0,os,sobel,2353860.0,6.679335424,accelergy,9757600.0,56.386105856,24.12335000409937,11.845711496831903
720p,1280,720,128,128,7,16,256,50.0,ws,gaussian,3782900.0,8.297089132,accelergy,4814720.0,10.250029956,78.56947029110727,80.94697447340806
720p,1280,720,128,128,7,16,256,50.0,ws,sobel,1031820.0,1.9529408240000001,accelergy,4814720.0,10.250029956,21.430529708892728,19.053025526591934
720p,1280,720,128,128,7,16,256,200.0,os,gaussian,4572600.0,49.790450432,accelergy,6845810.0,56.480985856000004,66.794141233835,88.15435792665211
720p,1280,720,128,128,7,16,256,200.0,os,sobel,2273210.0,6.690535424,accelergy,6845810.0,56.480985856000004,33.205858766164994,11.845642073347877
720p,1280,720,128,128,7,16,256,200.0,ws,gaussian,3718770.0,8.309729132000001,accelergy,4669940.0,10.265869956000001,79.63207236067272,80.9452016011881
720p,1280,720,128,128,7,16,256,200.0,ws,sobel,951170.0,1.956140824,accelergy,4669940.0,10.265869956000001,20.36792763932727,19.054798398811897
720p,1280,720,128,128,7,16,256,800.0,os,gaussian,4555900.0,49.957810432,accelergy,6808930.0,56.675545856,66.91065997153738,88.14703004172509
720p,1280,720,128,128,7,16,256,800.0,os,sobel,2253030.0,6.717735424,accelergy,6808930.0,56.675545856,33.08934002846262,11.852969958274908
720p,1280,720,128,128,7,16,256,800.0,ws,gaussian,3702730.0,8.335009132,accelergy,4633720.0,10.302349956,79.90836735927074,80.90396043230663
720p,1280,720,128,128,7,16,256,800.0,ws,sobel,930990.0,1.967340824,accelergy,4633720.0,10.302349956,20.091632640729262,19.096039567693364
720p,1280,720,128,128,7,16,1024,50.0,os,gaussian,4851990.0,16.281810432,accelergy,7301110.0,17.974585856,66.45551155920127,90.58239540225654
720p,1280,720,128,128,7,16,1024,50.0,os,sobel,2449120.0,1.692775424,accelergy,7301110.0,17.974585856,33.54448844079872,9.41760459774345
720p,1280,720,128,128,7,16,1024,50.0,ws,gaussian,4054330.0,9.538769131999999,accelergy,5284290.0,12.040189955999999,76.7242146059357,79.22440731299704
720p,1280,720,128,128,7,16,1024,50.0,ws,sobel,1229960.0,2.5014208239999998,accelergy,5284290.0,12.040189955999999,23.27578539406429,20.775592687002952
720p,1280,720,128,128,7,16,1024,200.0,os,gaussian,4625760.0,16.291890432,accelergy,6922780.0,17.985945856,66.8193991431188,90.5812269337235
720p,1280,720,128,128,7,16,1024,200.0,os,sobel,2297020.0,1.694055424,accelergy,6922780.0,17.985945856,33.18060085688119,9.418773066276486
720p,1280,720,128,128,7,16,1024,200.0,ws,gaussian,3786630.0,9.544289132000001,accelergy,4787350.0,12.047629956000002,79.0965774384576,79.2213005118631
720p,1280,720,128,128,7,16,1024,200.0,ws,sobel,1000720.0,2.5033408240000004,accelergy,4787350.0,12.047629956000002,20.9034225615424,20.7786994881369
720p,1280,720,128,128,7,16,1024,800.0,os,gaussian,4569220.0,16.332210432,accelergy,6828220.0,18.036185856,66.91670742887604,90.55246249065931
720p,1280,720,128,128,7,16,1024,800.0,os,sobel,2259000.0,1.703975424,accelergy,6828220.0,18.036185856,33.08329257112395,9.44753750934069
720p,1280,720,128,128,7,16,1024,800.0,ws,gaussian,3719700.0,9.566369132,accelergy,4663100.0,12.080269956,79.76882331496215,79.19002776298552
720p,1280,720,128,128,7,16,1024,800.0,ws,sobel,943400.0,2.5139008240000003,accelergy,4663100.0,12.080269956,20.23117668503785,20.80997223701447
720p,1280,720,128,128,7,16,4096,50.0,os,gaussian,5471940.0,7.644930432,accelergy,7921060.0,9.337705856,69.08090583836002,81.87161332660423
720p,1280,720,128,128,7,16,4096,50.0,os,sobel,2449120.0,1.692775424,accelergy,7921060.0,9.337705856,30.919094161639983,18.128386673395767
720p,1280,720,128,128,7,16,4096,50.0,ws,gaussian,4845800.0,9.449969132,accelergy,6101860.0,12.160189956,79.41512915733891,77.71234796654849
720p,1280,720,128,128,7,16,4096,50.0,ws,sobel,1256060.0,2.710220824,accelergy,6101860.0,12.160189956,20.58487084266109,22.287652033451508
720p,1280,720,128,128,7,16,4096,200.0,os,gaussian,4780740.0,7.646130432,accelergy,7077760.0,9.340185856,67.54594674021159,81.86272253981153
720p,1280,720,128,128,7,16,4096,200.0,os,sobel,2297020.0,1.694055424,accelergy,7077760.0,9.340185856,32.45405325978841,18.13727746018848
720p,1280,720,128,128,7,16,4096,200.0,ws,gaussian,3984490.0,9.451169132,accelergy,4991710.0,12.162509956000001,79.82214511660332,77.7073907128648
720p,1280,720,128,128,7,16,4096,200.0,ws,sobel,1007220.0,2.711340824,accelergy,4991710.0,12.162509956000001,20.17785488339667,22.292609287135203
720p,1280,720,128,128,7,16,4096,800.0,os,gaussian,4607940.0,7.6486904319999995,accelergy,6866940.0,9.352665856,67.10325122980542,81.78085852487874
720p,1280,720,128,128,7,16,4096,800.0,os,sobel,2259000.0,1.703975424,accelergy,6866940.0,9.352665856,32.896748770194584,18.21914147512125
720p,1280,720,128,128,7,16,4096,800.0,ws,gaussian,3769140.0,9.453729132,accelergy,4714140.0,12.172429955999998,79.95392584861713,77.6650937090839
720p,1280,720,128,128,7,16,4096,800.0,ws,sobel,945000.0,2.718700824,accelergy,4714140.0,12.172429955999998,20.04607415138286,22.334906290916106
720p,1280,720,128,128,7,32,256,50.0,os,gaussian,16745670.0,133.39251443199998,accelergy,18897930.0,140.07069785599998,88.6111336003467,95.23227661015474
720p,1280,720,128,128,7,32,256,50.0,os,sobel,2152260.0,6.678183424,accelergy,18897930.0,140.07069785599998,11.388866399653296,4.767723389845265
720p,1280,720,128,128,7,32,256,50.0,ws,gaussian,1961940.0,8.000641132,accelergy,2996640.0,9.955021956,65.4713278872337,80.36789037092909
720p,1280,720,128,128,7,32,256,50.0,ws,sobel,1034700.0,1.9543808239999998,accelergy,2996640.0,9.955021956,34.5286721127663,19.632109629070914
720p,1280,720,128,128,7,32,256,200.0,os,gaussian,4301150.0,133.618274432,accelergy,6372760.0,140.308137856,67.49273470207571,95.23202037584883
720p,1280,720,128,128,7,32,256,200.0,os,sobel,2071610.0,6.6898634239999994,accelergy,6372760.0,140.308137856,32.50726529792429,4.76797962415116
720p,1280,720,128,128,7,32,256,200.0,ws,gaussian,1881290.0,8.013281132,accelergy,2835340.0,9.971341956,66.35147812960703,80.36311629226809
720p,1280,720,128,128,7,32,256,200.0,ws,sobel,954050.0,1.958060824,accelergy,2835340.0,9.971341956,33.64852187039297,19.636883707731904
720p,1280,720,128,128,7,32,256,800.0,os,gaussian,3202300.0,134.06979443199998,accelergy,5253730.0,140.78493785599997,60.952884902726254,95.23021174973385
720p,1280,720,128,128,7,32,256,800.0,os,sobel,2051430.0,6.715143424,accelergy,5253730.0,140.78493785599997,39.047115097273746,4.769788250266159
720p,1280,720,128,128,7,32,256,800.0,ws,gaussian,1861110.0,8.038561132,accelergy,2794980.0,10.005901956,66.58759633342636,80.33819607016744
720p,1280,720,128,128,7,32,256,800.0,ws,sobel,933870.0,1.967340824,accelergy,2794980.0,10.005901956,33.412403666573645,19.66180392983255
720p,1280,720,128,128,7,32,1024,50.0,os,gaussian,3498390.0,15.527074432,accelergy,5745910.0,17.218697856,60.88487289219636,90.17565998226435
720p,1280,720,128,128,7,32,1024,50.0,os,sobel,2247520.0,1.6916234239999999,accelergy,5745910.0,17.218697856,39.11512710780364,9.82434001773566
720p,1280,720,128,128,7,32,1024,50.0,ws,gaussian,2174520.0,9.242321132,accelergy,3421800.0,11.860701956,63.54900929335437,77.92389663180573
720p,1280,720,128,128,7,32,1024,50.0,ws,sobel,1247280.0,2.618380824,accelergy,3421800.0,11.860701956,36.45099070664563,22.07610336819427
720p,1280,720,128,128,7,32,1024,200.0,os,gaussian,3272160.0,15.536674432,accelergy,5367580.0,17.230057856,60.96155064293406,90.17192258927724
720p,1280,720,128,128,7,32,1024,200.0,os,sobel,2095420.0,1.693383424,accelergy,5367580.0,17.230057856,39.03844935706594,9.828077410722772
720p,1280,720,128,128,7,32,1024,200.0,ws,gaussian,1934450.0,9.247841132,accelergy,2941660.0,11.868621956,65.7604889756124,77.91840675593257
720p,1280,720,128,128,7,32,1024,200.0,ws,sobel,1007210.0,2.620780824,accelergy,2941660.0,11.868621956,34.23951102438759,22.08159324406743
720p,1280,720,128,128,7,32,1024,800.0,os,gaussian,3215620.0,15.575074432,accelergy,5273020.0,17.276457856,60.98251097094265,90.15201241955323
720p,1280,720,128,128,7,32,1024,800.0,os,sobel,2057400.0,1.7013834239999999,accelergy,5273020.0,17.276457856,39.01748902905735,9.847987580446766
720p,1280,720,128,128,7,32,1024,800.0,ws,gaussian,1874430.0,9.269921131999999,accelergy,2821620.0,11.900301955999998,66.43098645458991,77.89652032590828
720p,1280,720,128,128,7,32,1024,800.0,ws,sobel,947190.0,2.630380824,accelergy,2821620.0,11.900301955999998,33.56901354541008,22.103479674091727
720p,1280,720,128,128,7,32,4096,50.0,os,gaussian,4118340.0,7.645554432,accelergy,6365860.0,9.337177856,64.6941654387624,81.88292597518665
720p,1280,720,128,128,7,32,4096,50.0,os,sobel,2247520.0,1.6916234239999999,accelergy,6365860.0,9.337177856,35.3058345612376,18.11707402481335
720p,1280,720,128,128,7,32,4096,50.0,ws,gaussian,2965990.0,9.153521132,accelergy,4519850.0,14.224541956,65.62142548978396,64.35019953763073
720p,1280,720,128,128,7,32,4096,50.0,ws,sobel,1553860.0,5.071020824,accelergy,4519850.0,14.224541956,34.37857451021605,35.64980046236928
720p,1280,720,128,128,7,32,4096,200.0,os,gaussian,3427140.0,7.646754432,accelergy,5522560.0,9.340137856,62.05708946575501,81.86982408496048
720p,1280,720,128,128,7,32,4096,200.0,os,sobel,2095420.0,1.693383424,accelergy,5522560.0,9.340137856,37.94291053424499,18.130175915039516
720p,1280,720,128,128,7,32,4096,200.0,ws,gaussian,2132310.0,9.154721132,accelergy,3216150.0,14.227661956,66.30007928734668,64.34452238401215
720p,1280,720,128,128,7,32,4096,200.0,ws,sobel,1083840.0,5.072940824,accelergy,3216150.0,14.227661956,33.699920712653324,35.65547761598785
720p,1280,720,128,128,7,32,4096,800.0,os,gaussian,3254340.0,7.649314432,accelergy,5311740.0,9.350697856,61.26692948073512,81.8047438790006
720p,1280,720,128,128,7,32,4096,800.0,os,sobel,2057400.0,1.7013834239999999,accelergy,5311740.0,9.350697856,38.73307051926487,18.195256120999403
720p,1280,720,128,128,7,32,4096,800.0,ws,gaussian,1923870.0,9.157281132,accelergy,2890200.0,14.237581956,66.56528959933569,64.31767107855656
720p,1280,720,128,128,7,32,4096,800.0,ws,sobel,966330.0,5.080300824,accelergy,2890200.0,14.237581956,33.434710400664315,35.682328921443435
720p,1280,720,128,128,7,64,256,50.0,os,gaussian,31541790.0,252.052026432,accelergy,33593250.0,258.73179385599997,93.89323748074389,97.41826571661399
720p,1280,720,128,128,7,64,256,50.0,os,sobel,2051460.0,6.6797674240000005,accelergy,33593250.0,258.73179385599997,6.1067625192561,2.581734283386022
720p,1280,720,128,128,7,64,256,50.0,ws,gaussian,1022010.0,7.863457132,accelergy,2062470.0,9.820717956,49.55272076684752,80.07008415505706
720p,1280,720,128,128,7,64,256,50.0,ws,sobel,1040460.0,1.957260824,accelergy,2062470.0,9.820717956,50.447279233152486,19.929915844942936
720p,1280,720,128,128,7,64,256,200.0,os,gaussian,7929730.0,252.479706432,accelergy,9900540.0,259.170193856,80.0939140693336,97.41849657769002
720p,1280,720,128,128,7,64,256,200.0,os,sobel,1970810.0,6.6904874240000005,accelergy,9900540.0,259.170193856,19.90608593066641,2.581503422309961
720p,1280,720,128,128,7,64,256,200.0,ws,gaussian,955200.0,7.876577132,accelergy,1915010.0,9.836557956,49.87963509328933,80.07452573585996
720p,1280,720,128,128,7,64,256,200.0,ws,sobel,959810.0,1.959980824,accelergy,1915010.0,9.836557956,50.12036490671067,19.925474264140046
720p,1280,720,128,128,7,64,256,800.0,os,gaussian,2525500.0,253.334106432,accelergy,4476130.0,260.047953856,56.42150697142397,97.4182271675486
720p,1280,720,128,128,7,64,256,800.0,os,sobel,1950630.0,6.713847424,accelergy,4476130.0,260.047953856,43.57849302857603,2.581772832451415
720p,1280,720,128,128,7,64,256,800.0,ws,gaussian,938500.0,7.901857132,accelergy,1878130.0,9.869197956,49.969916885412616,80.06584899025202
720p,1280,720,128,128,7,64,256,800.0,ws,sobel,939630.0,1.967340824,accelergy,1878130.0,9.869197956,50.030083114587384,19.934151009747968
720p,1280,720,128,128,7,64,1024,50.0,os,gaussian,5450260.0,42.731386431999994,accelergy,7596980.0,44.424593855999994,71.74245555470726,96.18858097051276
720p,1280,720,128,128,7,64,1024,50.0,os,sobel,2146720.0,1.693207424,accelergy,7596980.0,44.424593855999994,28.257544445292737,3.8114190294872325
720p,1280,720,128,128,7,64,1024,50.0,ws,gaussian,1234590.0,9.105137132,accelergy,2487630.0,11.726397956,49.62916510895913,77.6464961036156
720p,1280,720,128,128,7,64,1024,50.0,ws,sobel,1253040.0,2.621260824,accelergy,2487630.0,11.726397956,50.37083489104087,22.353503896384396
720p,1280,720,128,128,7,64,1024,200.0,os,gaussian,2595360.0,42.758746432,accelergy,4589980.0,44.452753856,56.54403722892039,96.18919577066573
720p,1280,720,128,128,7,64,1024,200.0,os,sobel,1994620.0,1.694007424,accelergy,4589980.0,44.452753856,43.45596277107961,3.8108042293342685
720p,1280,720,128,128,7,64,1024,200.0,ws,gaussian,1008360.0,9.111137132,accelergy,2021330.0,11.733837955999999,49.88596617078854,77.64839744817762
720p,1280,720,128,128,7,64,1024,200.0,ws,sobel,1012970.0,2.622700824,accelergy,2021330.0,11.733837955999999,50.11403382921146,22.35160255182239
720p,1280,720,128,128,7,64,1024,800.0,os,gaussian,2538820.0,42.866266432,accelergy,4495420.0,44.566353856000006,56.47570193663773,96.18526696284552
720p,1280,720,128,128,7,64,1024,800.0,os,sobel,1956600.0,1.700087424,accelergy,4495420.0,44.566353856000006,43.52429806336227,3.814733037154476
720p,1280,720,128,128,7,64,1024,800.0,ws,gaussian,951820.0,9.133217132,accelergy,1904770.0,11.763597956,49.97033762606509,77.63965723889451
720p,1280,720,128,128,7,64,1024,800.0,ws,sobel,952950.0,2.630380824,accelergy,1904770.0,11.763597956,50.02966237393491,22.360342761105496
720p,1280,720,128,128,7,64,4096,50.0,os,gaussian,3441540.0,7.656906432,accelergy,5588260.0,9.350113856,61.58518036025525,81.89105020455486
720p,1280,720,128,128,7,64,4096,50.0,os,sobel,2146720.0,1.693207424,accelergy,5588260.0,9.350113856,38.41481963974475,18.10894979544514
720p,1280,720,128,128,7,64,4096,50.0,ws,gaussian,2026060.0,9.016337132,accelergy,4070570.0,17.969357956,49.77337326222126,50.176178548379525
720p,1280,720,128,128,7,64,4096,50.0,ws,sobel,2044510.0,8.953020824,accelergy,4070570.0,17.969357956,50.22662673777874,49.82382145162048
720p,1280,720,128,128,7,64,4096,200.0,os,gaussian,2750340.0,7.658586432,accelergy,4744960.0,9.352593856,57.96339695171297,81.88729832512466
720p,1280,720,128,128,7,64,4096,200.0,os,sobel,1994620.0,1.694007424,accelergy,4744960.0,9.352593856,42.03660304828703,18.11270167487534
720p,1280,720,128,128,7,64,4096,200.0,ws,gaussian,1206220.0,9.018017131999999,accelergy,2417050.0,17.972237956,49.904635816387746,50.17748570922605
720p,1280,720,128,128,7,64,4096,200.0,ws,sobel,1210830.0,8.954220824,accelergy,2417050.0,17.972237956,50.095364183612254,49.82251429077395
720p,1280,720,128,128,7,64,4096,800.0,os,gaussian,2577540.0,7.661146432,accelergy,4534140.0,9.361233856,56.847384509521106,81.83906683508025
720p,1280,720,128,128,7,64,4096,800.0,os,sobel,1956600.0,1.700087424,accelergy,4534140.0,9.361233856,43.1526154904789,18.160933164919747
720p,1280,720,128,128,7,64,4096,800.0,ws,gaussian,1001260.0,9.020577132,accelergy,2003650.0,17.979277955999997,49.97180146233124,50.172076732312135
720p,1280,720,128,128,7,64,4096,800.0,ws,sobel,1002390.0,8.958700824,accelergy,2003650.0,17.979277955999997,50.02819853766876,49.82792326768787
720p,1280,720,128,128,7,128,256,50.0,os,gaussian,31583510.0,252.080502432,accelergy,33584570.0,258.765381856,94.0417280912038,97.4166252935178
720p,1280,720,128,128,7,128,256,50.0,os,sobel,2001060.0,6.684879424,accelergy,33584570.0,258.765381856,5.958271908796212,2.5833747064822066
720p,1280,720,128,128,7,128,256,50.0,ws,gaussian,1033530.0,7.893697132,accelergy,2085510.0,9.856717956,49.557662154580896,80.08443750990088
720p,1280,720,128,128,7,128,256,50.0,ws,sobel,1051980.0,1.963020824,accelergy,2085510.0,9.856717956,50.442337845419104,19.915562490099113
720p,1280,720,128,128,7,128,256,200.0,os,gaussian,7937750.0,252.508662432,accelergy,9858160.0,259.204261856,80.51958986261127,97.4168636826968
720p,1280,720,128,128,7,128,256,200.0,os,sobel,1920410.0,6.695599424,accelergy,9858160.0,259.204261856,19.48041013738872,2.5831363173031914
720p,1280,720,128,128,7,128,256,200.0,ws,gaussian,966720.0,7.907297132,accelergy,1938050.0,9.873037956000001,49.88106601996852,80.08980789134525
720p,1280,720,128,128,7,128,256,200.0,ws,sobel,971330.0,1.965740824,accelergy,1938050.0,9.873037956000001,50.11893398003148,19.910192108654744
720p,1280,720,128,128,7,128,256,800.0,os,gaussian,2187100.0,253.363062432,accelergy,4087330.0,260.08394185599997,53.50925910068432,97.41588066681905
720p,1280,720,128,128,7,128,256,800.0,os,sobel,1900230.0,6.720879424,accelergy,4087330.0,260.08394185599997,46.49074089931569,2.584119333180951
720p,1280,720,128,128,7,128,256,800.0,ws,gaussian,950020.0,7.932577132,accelergy,1901170.0,9.907597956,49.97028145825991,80.06559377185934
720p,1280,720,128,128,7,128,256,800.0,ws,sobel,951150.0,1.975020824,accelergy,1901170.0,9.907597956,50.02971854174009,19.934406228140652
720p,1280,720,128,128,7,128,1024,50.0,os,gaussian,5463090.0,42.759862432,accelergy,7559410.0,44.458181855999996,72.26873525843948,96.17996203825687
720p,1280,720,128,128,7,128,1024,50.0,os,sobel,2096320.0,1.698319424,accelergy,7559410.0,44.458181855999996,27.73126474156052,3.820037961743138
720p,1280,720,128,128,7,128,1024,50.0,ws,gaussian,1246110.0,9.135377132,accelergy,2510670.0,11.762397956000001,49.63256819892698,77.66594164024218
720p,1280,720,128,128,7,128,1024,50.0,ws,sobel,1264560.0,2.6270208239999997,accelergy,2510670.0,11.762397956000001,50.36743180107302,22.334058359757808
720p,1280,720,128,128,7,128,1024,200.0,os,gaussian,2256960.0,42.787702432,accelergy,4201180.0,44.486821856000006,53.722049519420736,96.18062304045924
720p,1280,720,128,128,7,128,1024,200.0,os,sobel,1944220.0,1.699119424,accelergy,4201180.0,44.486821856000006,46.277950480579264,3.8193769595407434
720p,1280,720,128,128,7,128,1024,200.0,ws,gaussian,1019880.0,9.141857132,accelergy,2044370.0,11.770317956,49.88725132926036,77.66873559553994
720p,1280,720,128,128,7,128,1024,200.0,ws,sobel,1024490.0,2.6284608240000003,accelergy,2044370.0,11.770317956,50.112748670739634,22.33126440446007
720p,1280,720,128,128,7,128,1024,800.0,os,gaussian,2200420.0,42.895222432,accelergy,4106620.0,44.602341855999995,53.582264733527815,96.17257894325036
720p,1280,720,128,128,7,128,1024,800.0,os,sobel,1906200.0,1.707119424,accelergy,4106620.0,44.602341855999995,46.417735266472185,3.827421056749636
720p,1280,720,128,128,7,128,1024,800.0,ws,gaussian,963340.0,9.163937132000001,accelergy,1927810.0,11.801997956000001,49.97069213252343,77.6473370539872
720p,1280,720,128,128,7,128,1024,800.0,ws,sobel,964470.0,2.638060824,accelergy,1927810.0,11.801997956000001,50.02930786747657,22.3526629460128
720p,1280,720,128,128,7,128,4096,50.0,os,gaussian,3103140.0,7.685382432,accelergy,5199460.0,9.383701856,59.6819669734934,81.90139190202336
720p,1280,720,128,128,7,128,4096,50.0,os,sobel,2096320.0,1.698319424,accelergy,5199460.0,9.383701856,40.3180330265066,18.098608097976637
720p,1280,720,128,128,7,128,4096,50.0,ws,gaussian,2095230.0,9.507777132,accelergy,4208910.0,18.927757956,49.78082211308866,50.2319247430258
720p,1280,720,128,128,7,128,4096,50.0,ws,sobel,2113680.0,9.419980824,accelergy,4208910.0,18.927757956,50.21917788691134,49.768075256974186
720p,1280,720,128,128,7,128,4096,200.0,os,gaussian,2411940.0,7.687542432,accelergy,4356160.0,9.386661856,55.36848967898332,81.89857640483858
720p,1280,720,128,128,7,128,4096,200.0,os,sobel,1944220.0,1.699119424,accelergy,4356160.0,9.386661856,44.63151032101668,18.10142359516141
720p,1280,720,128,128,7,128,4096,200.0,ws,gaussian,1232160.0,9.510177132,accelergy,2468930.0,18.931597956,49.90663971842053,50.234413144115685
720p,1280,720,128,128,7,128,4096,200.0,ws,sobel,1236770.0,9.421420824,accelergy,2468930.0,18.931597956,50.09336028157947,49.765586855884315
720p,1280,720,128,128,7,128,4096,800.0,os,gaussian,2239140.0,7.690102432,accelergy,4145340.0,9.397221856,54.01583464806264,81.83378608955553
720p,1280,720,128,128,7,128,4096,800.0,os,sobel,1906200.0,1.707119424,accelergy,4145340.0,9.397221856,45.98416535193736,18.16621391044447
720p,1280,720,128,128,7,128,4096,800.0,ws,gaussian,1016380.0,9.512097132000001,accelergy,2033890.0,18.939277956,49.97222071990127,50.22418042598371
720p,1280,720,128,128,7,128,4096,800.0,ws,sobel,1017510.0,9.427180824,accelergy,2033890.0,18.939277956,50.02777928009873,49.77581957401629
720p,1280,720,128,128,11,8,256,50.0,os,gaussian,15641010.0,52.467312128,accelergy,18398070.0,56.795351552,85.01440640241069,92.37958863581048
720p,1280,720,128,128,11,8,256,50.0,os,sobel,2757060.0,4.328039424,accelergy,18398070.0,56.795351552,14.985593597589311,7.620411364189525
720p,1280,720,128,128,11,8,256,50.0,ws,gaussian,14873150.0,21.119956428000002,accelergy,16804450.0,23.376545252000003,88.50721088759227,90.34678221407871
720p,1280,720,128,128,11,8,256,50.0,ws,sobel,1931300.0,2.256588824,accelergy,16804450.0,23.376545252000003,11.492789112407726,9.653217785921276
720p,1280,720,128,128,11,8,256,200.0,os,gaussian,15574200.0,52.554992127999995,accelergy,18250610.0,56.890711552,85.33522989094611,92.37886237362841
720p,1280,720,128,128,11,8,256,200.0,os,sobel,2676410.0,4.3357194240000005,accelergy,18250610.0,56.890711552,14.66477010905389,7.621137626371589
720p,1280,720,128,128,11,8,256,200.0,ws,gaussian,14793310.0,21.150676428,accelergy,16660480.0,23.410945252,88.79281989474494,90.34524749141897
720p,1280,720,128,128,11,8,256,200.0,ws,sobel,1867170.0,2.260268824,accelergy,16660480.0,23.410945252,11.207180105255071,9.654752508581025
720p,1280,720,128,128,11,8,256,800.0,os,gaussian,15557500.0,52.736112128,accelergy,18213730.0,57.091031552000004,85.41633152572263,92.37197278519406
720p,1280,720,128,128,11,8,256,800.0,os,sobel,2656230.0,4.354919424,accelergy,18213730.0,57.091031552000004,14.583668474277372,7.62802721480593
720p,1280,720,128,128,11,8,256,800.0,ws,gaussian,14773320.0,21.217876427999997,accelergy,16624450.0,23.489345251999996,88.86501508320576,90.32979080672078
720p,1280,720,128,128,11,8,256,800.0,ws,sobel,1851130.0,2.2714688240000003,accelergy,16624450.0,23.489345251999996,11.13498491679424,9.670209193279222
720p,1280,720,128,128,11,8,1024,50.0,os,gaussian,15853590.0,35.192672128000005,accelergy,18705910.0,36.890151552000006,84.75177096436367,95.39855665377995
720p,1280,720,128,128,11,8,1024,50.0,os,sobel,2852320.0,1.697479424,accelergy,18705910.0,36.890151552000006,15.248229035636331,4.601443346220059
720p,1280,720,128,128,11,8,1024,50.0,ws,gaussian,15108780.0,22.287556428,accelergy,17297070.0,25.092625251999998,87.348782192591,88.82114248378048
720p,1280,720,128,128,11,8,1024,50.0,ws,sobel,2188290.0,2.805068824,accelergy,17297070.0,25.092625251999998,12.651217807409001,11.178857516219525
720p,1280,720,128,128,11,8,1024,200.0,os,gaussian,15627360.0,35.214512127999996,accelergy,18327580.0,36.913751551999994,85.26690375925244,95.39673061513052
720p,1280,720,128,128,11,8,1024,200.0,os,sobel,2700220.0,1.699239424,accelergy,18327580.0,36.913751551999994,14.733096240747551,4.603269384869484
720p,1280,720,128,128,11,8,1024,200.0,ws,gaussian,14852210.0,22.299796428,accelergy,16783630.0,25.107265252,88.49223916399491,88.81810186883511
720p,1280,720,128,128,11,8,1024,200.0,ws,sobel,1931420.0,2.8074688240000003,accelergy,16783630.0,25.107265252,11.507760836005083,11.18189813116489
720p,1280,720,128,128,11,8,1024,800.0,os,gaussian,15570820.0,35.307632128,accelergy,18233020.0,37.016791552,85.39901782590049,95.3827456342373
720p,1280,720,128,128,11,8,1024,800.0,os,sobel,2662200.0,1.709159424,accelergy,18233020.0,37.016791552,14.600982174099519,4.6172543657627045
720p,1280,720,128,128,11,8,1024,800.0,ws,gaussian,14788060.0,22.354516428,accelergy,16655250.0,25.172545252,88.78918058870326,88.80514943646351
720p,1280,720,128,128,11,8,1024,800.0,ws,sobel,1867190.0,2.8180288239999998,accelergy,16655250.0,25.172545252,11.210819411296738,11.194850563536491
720p,1280,720,128,128,11,8,4096,50.0,os,gaussian,16702710.0,26.491072128,accelergy,19555030.0,28.188551552,85.41388072531721,93.9781246976503
720p,1280,720,128,128,11,8,4096,50.0,os,sobel,2852320.0,1.697479424,accelergy,19555030.0,28.188551552,14.58611927468278,6.021875302349696
720p,1280,720,128,128,11,8,4096,50.0,ws,gaussian,16193900.0,28.693156428,accelergy,18408290.0,31.707025252,87.97069146563858,90.49463391773124
720p,1280,720,128,128,11,8,4096,50.0,ws,sobel,2214390.0,3.0138688240000002,accelergy,18408290.0,31.707025252,12.029308534361421,9.505366082268765
720p,1280,720,128,128,11,8,4096,200.0,os,gaussian,15839640.0,26.495152128,accelergy,18539860.0,28.194391552,85.43559660105309,93.9731296528743
720p,1280,720,128,128,11,8,4096,200.0,os,sobel,2700220.0,1.699239424,accelergy,18539860.0,28.194391552,14.564403398946919,6.026870347125695
720p,1280,720,128,128,11,8,4096,200.0,ws,gaussian,15123490.0,28.697236428,accelergy,17061410.0,31.712705252,88.64150149372179,90.49129110860126
720p,1280,720,128,128,11,8,4096,200.0,ws,sobel,1937920.0,3.015468824,accelergy,17061410.0,31.712705252,11.358498506278202,9.508708891398744
720p,1280,720,128,128,11,8,4096,800.0,os,gaussian,15623860.0,26.506352128,accelergy,18286060.0,28.215511552,85.44136899911736,93.94248294648109
720p,1280,720,128,128,11,8,4096,800.0,os,sobel,2662200.0,1.709159424,accelergy,18286060.0,28.215511552,14.558631000882642,6.057517053518917
720p,1280,720,128,128,11,8,4096,800.0,ws,gaussian,14855850.0,28.708436428000002,accelergy,16724640.0,31.731265252000004,88.82612719915048,90.47365807825935
720p,1280,720,128,128,11,8,4096,800.0,ws,sobel,1868790.0,3.022828824,accelergy,16724640.0,31.731265252000004,11.173872800849525,9.526341921740649
720p,1280,720,128,128,11,16,256,50.0,os,gaussian,12226890.0,88.441264128,accelergy,14580750.0,95.120599552,83.85638598837508,92.97803477326846
720p,1280,720,128,128,11,16,256,50.0,os,sobel,2353860.0,6.679335424,accelergy,14580750.0,95.120599552,16.143614011624916,7.021965226731543
720p,1280,720,128,128,11,16,256,50.0,ws,gaussian,7483400.0,19.912564428,accelergy,8515220.0,21.865505252,87.88263838162726,91.06839379427846
720p,1280,720,128,128,11,16,256,50.0,ws,sobel,1031820.0,1.9529408240000001,accelergy,8515220.0,21.865505252,12.11736161837275,8.931606205721536
720p,1280,720,128,128,11,16,256,200.0,os,gaussian,8719800.0,88.59054412799999,accelergy,10993010.0,95.281079552,79.32131418055656,92.97810703294076
720p,1280,720,128,128,11,16,256,200.0,os,sobel,2273210.0,6.690535424,accelergy,10993010.0,95.281079552,20.678685819443444,7.021892967059233
720p,1280,720,128,128,11,16,256,200.0,ws,gaussian,7416970.0,19.943764427999998,accelergy,8368140.0,21.899905251999996,88.63343586507874,91.06781147456628
720p,1280,720,128,128,11,16,256,200.0,ws,sobel,951170.0,1.956140824,accelergy,8368140.0,21.899905251999996,11.366564134921262,8.93218852543372
720p,1280,720,128,128,11,16,256,800.0,os,gaussian,8703100.0,88.89198412799999,accelergy,10956130.0,95.60971955199999,79.43589570404879,92.97379444738736
720p,1280,720,128,128,11,16,256,800.0,os,sobel,2253030.0,6.717735424,accelergy,10956130.0,95.60971955199999,20.564104295951218,7.026205552612644
720p,1280,720,128,128,11,16,256,800.0,ws,gaussian,7400340.0,20.009044428,accelergy,8331330.0,21.976385252,88.82543363424567,91.04793258108288
720p,1280,720,128,128,11,16,256,800.0,ws,sobel,930990.0,1.967340824,accelergy,8331330.0,21.976385252,11.174566365754329,8.952067418917125
720p,1280,720,128,128,11,16,1024,50.0,os,gaussian,8999190.0,20.059744128,accelergy,11448310.0,21.752519552,78.60714812928721,92.21802596267814
720p,1280,720,128,128,11,16,1024,50.0,os,sobel,2449120.0,1.692775424,accelergy,11448310.0,21.752519552,21.392851870712796,7.781974037321854
720p,1280,720,128,128,11,16,1024,50.0,ws,gaussian,7825510.0,21.080164428,accelergy,9055470.0,23.581585252,86.41749130635958,89.39248232352043
720p,1280,720,128,128,11,16,1024,50.0,ws,sobel,1229960.0,2.5014208239999998,accelergy,9055470.0,23.581585252,13.582508693640419,10.607517676479572
720p,1280,720,128,128,11,16,1024,200.0,os,gaussian,8772960.0,20.072464128,accelergy,11069980.0,21.766519552,79.250007678424,92.21715065675559
720p,1280,720,128,128,11,16,1024,200.0,os,sobel,2297020.0,1.694055424,accelergy,11069980.0,21.766519552,20.74999232157601,7.78284934324442
720p,1280,720,128,128,11,16,1024,200.0,ws,gaussian,7502520.0,21.092884428,accelergy,8503240.0,23.596225252000004,88.23130947732865,89.39092673821708
720p,1280,720,128,128,11,16,1024,200.0,ws,sobel,1000720.0,2.5033408240000004,accelergy,8503240.0,23.596225252000004,11.768690522671358,10.609073261782914
720p,1280,720,128,128,11,16,1024,800.0,os,gaussian,8716420.0,20.125264127999998,accelergy,10975420.0,21.829239551999997,79.4176441539367,92.19406878585525
720p,1280,720,128,128,11,16,1024,800.0,os,sobel,2259000.0,1.703975424,accelergy,10975420.0,21.829239551999997,20.582355846063294,7.805931214144753
720p,1280,720,128,128,11,16,1024,800.0,ws,gaussian,7421750.0,21.145684428,accelergy,8365150.0,23.659585252,88.72225841736251,89.37470459763239
720p,1280,720,128,128,11,16,1024,800.0,ws,sobel,943400.0,2.5139008240000003,accelergy,8365150.0,23.659585252,11.277741582637491,10.625295402367607
720p,1280,720,128,128,11,16,4096,50.0,os,gaussian,9848310.0,26.465344127999998,accelergy,12297430.0,28.158119552,80.08429403542041,93.98832219291516
720p,1280,720,128,128,11,16,4096,50.0,os,sobel,2449120.0,1.692775424,accelergy,12297430.0,28.158119552,19.91570596457959,6.011677807084836
720p,1280,720,128,128,11,16,4096,50.0,ws,gaussian,8674630.0,27.485764428,accelergy,9930690.0,30.195985252,87.35173487441456,91.02456567857645
720p,1280,720,128,128,11,16,4096,50.0,ws,sobel,1256060.0,2.710220824,accelergy,9930690.0,30.195985252,12.648265125585434,8.975434321423545
720p,1280,720,128,128,11,16,4096,200.0,os,gaussian,8985240.0,26.469904128,accelergy,11282260.0,28.163959552,79.64042665210694,93.98502394213352
720p,1280,720,128,128,11,16,4096,200.0,os,sobel,2297020.0,1.694055424,accelergy,11282260.0,28.163959552,20.359573347893065,6.014976057866481
720p,1280,720,128,128,11,16,4096,200.0,ws,gaussian,7714800.0,27.490324428,accelergy,8722020.0,30.201665252,88.45198703969952,91.02254527564352
720p,1280,720,128,128,11,16,4096,200.0,ws,sobel,1007220.0,2.711340824,accelergy,8722020.0,30.201665252,11.54801296030048,8.97745472435647
720p,1280,720,128,128,11,16,4096,800.0,os,gaussian,8769460.0,26.479184128,accelergy,11028460.0,28.183159552,79.51663242193379,93.95392336740656
720p,1280,720,128,128,11,16,4096,800.0,os,sobel,2259000.0,1.703975424,accelergy,11028460.0,28.183159552,20.483367578066204,6.046076632593447
720p,1280,720,128,128,11,16,4096,800.0,ws,gaussian,7474790.0,27.499604427999998,accelergy,8419790.0,30.218305251999997,88.77644216779753,91.00313269944196
720p,1280,720,128,128,11,16,4096,800.0,ws,sobel,945000.0,2.718700824,accelergy,8419790.0,30.218305251999997,11.223557832202466,8.996867300558039
720p,1280,720,128,128,11,32,256,50.0,os,gaussian,25654110.0,205.111680128,accelergy,27806370.0,211.78986355199999,92.2598311106412,96.84678798503484
720p,1280,720,128,128,11,32,256,50.0,os,sobel,2152260.0,6.678183424,accelergy,27806370.0,211.78986355199999,7.740168889358805,3.153212014965169
720p,1280,720,128,128,11,32,256,50.0,ws,gaussian,3794420.0,19.323028428,accelergy,4829120.0,21.277409252,78.57373600159036,90.8147613233679
720p,1280,720,128,128,11,32,256,50.0,ws,sobel,1034700.0,1.9543808239999998,accelergy,4829120.0,21.277409252,21.42626399840965,9.185238676632094
720p,1280,720,128,128,11,32,256,200.0,os,gaussian,6650200.0,205.459520128,accelergy,8721810.0,212.14938355200002,76.24793477500657,96.84662603680852
720p,1280,720,128,128,11,32,256,200.0,os,sobel,2071610.0,6.6898634239999994,accelergy,8721810.0,212.14938355200002,23.752065224993434,3.153373963191481
720p,1280,720,128,128,11,32,256,200.0,ws,gaussian,3730290.0,19.354708428,accelergy,4684340.0,21.312769252,79.63320339684992,90.81273390215937
720p,1280,720,128,128,11,32,256,200.0,ws,sobel,954050.0,1.958060824,accelergy,4684340.0,21.312769252,20.36679660315007,9.18726609784064
720p,1280,720,128,128,11,32,256,800.0,os,gaussian,5275900.0,206.153280128,accelergy,7327330.0,212.868423552,72.00303521200765,96.84540181585007
720p,1280,720,128,128,11,32,256,800.0,os,sobel,2051430.0,6.715143424,accelergy,7327330.0,212.868423552,27.99696478799235,3.154598184149942
720p,1280,720,128,128,11,32,256,800.0,ws,gaussian,3714250.0,19.416148428,accelergy,4648120.0,21.383489252,79.90865123964097,90.79972028505125
720p,1280,720,128,128,11,32,256,800.0,ws,sobel,933870.0,1.967340824,accelergy,4648120.0,21.383489252,20.091348760359026,9.20027971494874
720p,1280,720,128,128,11,32,1024,50.0,os,gaussian,7819530.0,41.211120128,accelergy,10067050.0,42.902743552,77.67449252760242,96.05707401450987
720p,1280,720,128,128,11,32,1024,50.0,os,sobel,2247520.0,1.6916234239999999,accelergy,10067050.0,42.902743552,22.325507472397575,3.942925985490132
720p,1280,720,128,128,11,32,1024,50.0,ws,gaussian,4065850.0,20.490628428,accelergy,5313130.0,23.109009252,76.52457214485622,88.669437121051
720p,1280,720,128,128,11,32,1024,50.0,ws,sobel,1247280.0,2.618380824,accelergy,5313130.0,23.109009252,23.475427855143767,11.33056287894899
720p,1280,720,128,128,11,32,1024,200.0,os,gaussian,5378510.0,41.237760128,accelergy,7473930.0,42.931143551999995,71.96361218261343,96.0555827683721
720p,1280,720,128,128,11,32,1024,200.0,os,sobel,2095420.0,1.693383424,accelergy,7473930.0,42.931143551999995,28.036387817386572,3.944417231627905
720p,1280,720,128,128,11,32,1024,200.0,ws,gaussian,3798150.0,20.503828428000002,accelergy,4805360.0,23.124609252000003,79.03986381873574,88.66670223293251
720p,1280,720,128,128,11,32,1024,200.0,ws,sobel,1007210.0,2.620780824,accelergy,4805360.0,23.124609252000003,20.960136181264254,11.333297767067497
720p,1280,720,128,128,11,32,1024,800.0,os,gaussian,5289220.0,41.340480128,accelergy,7346620.0,43.041863552,71.99528490652844,96.04714274988463
720p,1280,720,128,128,11,32,1024,800.0,os,sobel,2057400.0,1.7013834239999999,accelergy,7346620.0,43.041863552,28.004715093471553,3.952857250115377
720p,1280,720,128,128,11,32,1024,800.0,ws,gaussian,3731220.0,20.552788428,accelergy,4678410.0,23.183169252,79.75401899363244,88.65392045665595
720p,1280,720,128,128,11,32,1024,800.0,ws,sobel,947190.0,2.630380824,accelergy,4678410.0,23.183169252,20.245981006367547,11.34607954334405
720p,1280,720,128,128,11,32,4096,50.0,os,gaussian,6421110.0,26.466640128,accelergy,8668630.0,28.158263552,74.07295039700622,93.99244409771195
720p,1280,720,128,128,11,32,4096,50.0,os,sobel,2247520.0,1.6916234239999999,accelergy,8668630.0,28.158263552,25.927049602993783,6.007555902288047
720p,1280,720,128,128,11,32,4096,50.0,ws,gaussian,4914970.0,26.896228428,accelergy,6468830.0,31.967249252000002,75.97927291333981,84.1368245856101
720p,1280,720,128,128,11,32,4096,50.0,ws,sobel,1553860.0,5.071020824,accelergy,6468830.0,31.967249252000002,24.020727086660184,15.863175414389888
720p,1280,720,128,128,11,32,4096,200.0,os,gaussian,5558040.0,26.471680128000003,accelergy,7653460.0,28.165063552000003,72.62127194758972,93.98764564875354
720p,1280,720,128,128,11,32,4096,200.0,os,sobel,2095420.0,1.693383424,accelergy,7653460.0,28.165063552000003,27.378728052410285,6.01235435124645
720p,1280,720,128,128,11,32,4096,200.0,ws,gaussian,4010430.0,26.901268428,accelergy,5094270.0,31.974209252,78.7243314547521,84.13427276959887
720p,1280,720,128,128,11,32,4096,200.0,ws,sobel,1083840.0,5.072940824,accelergy,5094270.0,31.974209252,21.275668545247896,15.865727230401125
720p,1280,720,128,128,11,32,4096,800.0,os,gaussian,5342260.0,26.477120128,accelergy,7399660.0,28.178503552,72.19601981712674,93.96212286127862
720p,1280,720,128,128,11,32,4096,800.0,os,sobel,2057400.0,1.7013834239999999,accelergy,7399660.0,28.178503552,27.803980182873268,6.03787713872138
720p,1280,720,128,128,11,32,4096,800.0,ws,gaussian,3784260.0,26.906708428,accelergy,4750590.0,31.987009252,79.65873712528338,84.11761229699101
720p,1280,720,128,128,11,32,4096,800.0,ws,sobel,966330.0,5.080300824,accelergy,4750590.0,31.987009252,20.341262874716616,15.882387703009002
720p,1280,720,128,128,11,64,256,50.0,os,gaussian,44805950.0,357.808728128,accelergy,46857410.0,364.48849555199996,95.62190910679868,98.16735850225292
720p,1280,720,128,128,11,64,256,50.0,os,sobel,2051460.0,6.6797674240000005,accelergy,46857410.0,364.48849555199996,4.37809089320131,1.8326414977470882
720p,1280,720,128,128,11,64,256,50.0,ws,gaussian,2342640.0,19.055860428,accelergy,3383100.0,21.013121251999998,69.24536667553427,90.68553024309176
720p,1280,720,128,128,11,64,256,50.0,ws,sobel,1040460.0,1.957260824,accelergy,3383100.0,21.013121251999998,30.754633324465726,9.31446975690825
720p,1280,720,128,128,11,64,256,200.0,os,gaussian,11337360.0,358.415288128,accelergy,13308170.0,365.105775552,85.19097667072182,98.16752079205409
720p,1280,720,128,128,11,64,256,200.0,os,sobel,1970810.0,6.6904874240000005,accelergy,13308170.0,365.105775552,14.809023329278181,1.8324792079458931
720p,1280,720,128,128,11,64,256,200.0,ws,gaussian,1892810.0,19.087060428,accelergy,2852620.0,21.047041252,66.35338741227363,90.68761827122019
720p,1280,720,128,128,11,64,256,200.0,ws,sobel,959810.0,1.959980824,accelergy,2852620.0,21.047041252,33.64661258772637,9.312381728779823
720p,1280,720,128,128,11,64,256,800.0,os,gaussian,3720100.0,359.629368128,accelergy,5670730.0,366.343215552,65.60178319193473,98.16733403568463
720p,1280,720,128,128,11,64,256,800.0,os,sobel,1950630.0,6.713847424,accelergy,5670730.0,366.343215552,34.39821680806527,1.8326659643153713
720p,1280,720,128,128,11,64,256,800.0,ws,gaussian,1872630.0,19.150420428,accelergy,2812260.0,21.117761252,66.58808218301296,90.68395176683948
720p,1280,720,128,128,11,64,256,800.0,ws,sobel,939630.0,1.967340824,accelergy,2812260.0,21.117761252,33.41191781698705,9.316048233160506
720p,1280,720,128,128,11,64,1024,50.0,os,gaussian,15165020.0,118.286088128,accelergy,17311740.0,119.979295552,87.59962892233824,98.5887503204533
720p,1280,720,128,128,11,64,1024,50.0,os,sobel,2146720.0,1.693207424,accelergy,17311740.0,119.979295552,12.400371077661749,1.41124967954671
720p,1280,720,128,128,11,64,1024,50.0,ws,gaussian,2552840.0,20.223460428,accelergy,3805880.0,22.844721252,67.07620839332822,88.52574826768563
720p,1280,720,128,128,11,64,1024,50.0,ws,sobel,1253040.0,2.621260824,accelergy,3805880.0,22.844721252,32.923791606671784,11.474251732314375
720p,1280,720,128,128,11,64,1024,200.0,os,gaussian,4119710.0,118.361208128,accelergy,6114330.0,120.055215552,67.37794656160202,98.58897640039113
720p,1280,720,128,128,11,64,1024,200.0,os,sobel,1994620.0,1.694007424,accelergy,6114330.0,120.055215552,32.62205343839799,1.4110235996088547
720p,1280,720,128,128,11,64,1024,200.0,ws,gaussian,1945970.0,20.236180428,accelergy,2958940.0,22.858881252,65.765780989138,88.52655650516348
720p,1280,720,128,128,11,64,1024,200.0,ws,sobel,1012970.0,2.622700824,accelergy,2958940.0,22.858881252,34.234219010862,11.473443494836525
720p,1280,720,128,128,11,64,1024,800.0,os,gaussian,3575620.0,118.661688128,accelergy,5532220.0,120.361775552,64.63264295346171,98.58751882297922
720p,1280,720,128,128,11,64,1024,800.0,os,sobel,1956600.0,1.700087424,accelergy,5532220.0,120.361775552,35.36735704653828,1.4124811770207808
720p,1280,720,128,128,11,64,1024,800.0,ws,gaussian,1885950.0,20.287060428,accelergy,2838900.0,22.917441252,66.43242100813696,88.52236253132995
720p,1280,720,128,128,11,64,1024,800.0,ws,sobel,952950.0,2.630380824,accelergy,2838900.0,22.917441252,33.567578991863044,11.477637468670055
720p,1280,720,128,128,11,64,4096,50.0,os,gaussian,8482310.0,56.691688128,accelergy,10629030.0,58.384895552,79.80323698399572,97.09992214939913
720p,1280,720,128,128,11,64,4096,50.0,os,sobel,2146720.0,1.693207424,accelergy,10629030.0,58.384895552,20.196763016004283,2.9000778506008618
720p,1280,720,128,128,11,64,4096,50.0,ws,gaussian,3504220.0,26.629060428,accelergy,5548730.0,35.582081251999995,63.153550452085426,74.83840037182546
720p,1280,720,128,128,11,64,4096,50.0,ws,sobel,2044510.0,8.953020824,accelergy,5548730.0,35.582081251999995,36.84644954791457,25.161599628174557
720p,1280,720,128,128,11,64,4096,200.0,os,gaussian,3844440.0,56.701048128000004,accelergy,5839060.0,58.395055552,65.84004959702418,97.0990567472078
720p,1280,720,128,128,11,64,4096,200.0,os,sobel,1994620.0,1.694007424,accelergy,5839060.0,58.395055552,34.15995040297582,2.900943252792198
720p,1280,720,128,128,11,64,4096,200.0,ws,gaussian,2158250.0,26.633620428,accelergy,3369080.0,35.587841252000004,64.06051503674594,74.83910091484746
720p,1280,720,128,128,11,64,4096,200.0,ws,sobel,1210830.0,8.954220824,accelergy,3369080.0,35.587841252000004,35.93948496325407,25.160899085152522
720p,1280,720,128,128,11,64,4096,800.0,os,gaussian,3628660.0,56.714808128,accelergy,5585260.0,58.414895552000004,64.96850639003377,97.08963371767632
720p,1280,720,128,128,11,64,4096,800.0,os,sobel,1956600.0,1.700087424,accelergy,5585260.0,58.414895552000004,35.03149360996623,2.910366282323674
720p,1280,720,128,128,11,64,4096,800.0,ws,gaussian,1938990.0,26.640980428,accelergy,2941380.0,35.599681251999996,65.9210982600004,74.83488472668081
720p,1280,720,128,128,11,64,4096,800.0,ws,sobel,1002390.0,8.958700824,accelergy,2941380.0,35.599681251999996,34.07890173999959,25.165115273319188
720p,1280,720,128,128,11,128,256,50.0,ws,gaussian,2339670.0,18.957556428,accelergy,3391650.0,20.920577252,68.983238246871,90.61679417181313
720p,1280,720,128,128,11,128,256,50.0,ws,sobel,1051980.0,1.963020824,accelergy,3391650.0,20.920577252,31.016761753129007,9.383205828186867
720p,1280,720,128,128,11,128,256,200.0,ws,gaussian,966720.0,18.988756428,accelergy,1938050.0,20.954497252,49.88106601996852,90.61900268777681
720p,1280,720,128,128,11,128,256,200.0,ws,sobel,971330.0,1.965740824,accelergy,1938050.0,20.954497252,50.11893398003148,9.38099731222318
720p,1280,720,128,128,11,128,256,800.0,ws,gaussian,950020.0,19.052116427999998,accelergy,1901170.0,21.027137252,49.97028145825991,90.60727668093693
720p,1280,720,128,128,11,128,256,800.0,ws,sobel,951150.0,1.975020824,accelergy,1901170.0,21.027137252,50.02971854174009,9.392723319063062
720p,1280,720,128,128,11,128,1024,50.0,os,gaussian,29773410.0,237.703012128,accelergy,31869730.0,239.40133155200002,93.42222227800487,99.2905973358669
720p,1280,720,128,128,11,128,1024,50.0,os,sobel,2096320.0,1.698319424,accelergy,31869730.0,239.40133155200002,6.577777721995134,0.7094026641330984
720p,1280,720,128,128,11,128,1024,50.0,ws,gaussian,2517090.0,20.145796428,accelergy,3781650.0,22.772817252,66.56062829717186,88.46422559435732
720p,1280,720,128,128,11,128,1024,50.0,ws,sobel,1264560.0,2.6270208239999997,accelergy,3781650.0,22.772817252,33.43937170282813,11.535774405642693
720p,1280,720,128,128,11,128,1024,200.0,os,gaussian,7560810.0,237.85445212800002,accelergy,9505030.0,239.55357155200002,79.54535651123669,99.29071421770426
720p,1280,720,128,128,11,128,1024,200.0,os,sobel,1944220.0,1.699119424,accelergy,9505030.0,239.55357155200002,20.45464348876332,0.7092857822957448
720p,1280,720,128,128,11,128,1024,200.0,ws,gaussian,1019880.0,20.158996428000002,accelergy,2044370.0,22.787457252000003,49.88725132926036,88.4653175870717
720p,1280,720,128,128,11,128,1024,200.0,ws,sobel,1024490.0,2.6284608240000003,accelergy,2044370.0,22.787457252000003,50.112748670739634,11.534682412928305
720p,1280,720,128,128,11,128,1024,800.0,os,gaussian,2718820.0,238.460212128,accelergy,4625020.0,240.167331552,58.785043091705546,99.28919582319196
720p,1280,720,128,128,11,128,1024,800.0,os,sobel,1906200.0,1.707119424,accelergy,4625020.0,240.167331552,41.214956908294454,0.7108041768080277
720p,1280,720,128,128,11,128,1024,800.0,ws,gaussian,963340.0,20.211796428,accelergy,1927810.0,22.849857252,49.97069213252343,88.45480391887746
720p,1280,720,128,128,11,128,1024,800.0,ws,sobel,964470.0,2.638060824,accelergy,1927810.0,22.849857252,50.02930786747657,11.545196081122548
720p,1280,720,128,128,11,128,4096,50.0,os,gaussian,7625510.0,56.761732128,accelergy,9721830.0,58.460051551999996,78.43698151479711,97.09490604453308
720p,1280,720,128,128,11,128,4096,50.0,os,sobel,2096320.0,1.698319424,accelergy,9721830.0,58.460051551999996,21.56301848520289,2.9050939554669246
720p,1280,720,128,128,11,128,4096,50.0,ws,gaussian,3420450.0,26.551396428,accelergy,5534130.0,35.971377251999996,61.80646280445165,73.81256559067043
720p,1280,720,128,128,11,128,4096,50.0,ws,sobel,2113680.0,9.419980824,accelergy,5534130.0,35.971377251999996,38.19353719554835,26.18743440932958
720p,1280,720,128,128,11,128,4096,200.0,os,gaussian,2987640.0,56.771572127999995,accelergy,4931860.0,58.470691552,60.57836191619389,97.0940664820273
720p,1280,720,128,128,11,128,4096,200.0,os,sobel,1944220.0,1.699119424,accelergy,4931860.0,58.470691552,39.42163808380611,2.9059335179727004
720p,1280,720,128,128,11,128,4096,200.0,ws,gaussian,1232160.0,26.556436428,accelergy,2468930.0,35.977857252,49.90663971842053,73.81327976813776
720p,1280,720,128,128,11,128,4096,200.0,ws,sobel,1236770.0,9.421420824,accelergy,2468930.0,35.977857252,50.09336028157947,26.186720231862243
720p,1280,720,128,128,11,128,4096,800.0,os,gaussian,2771860.0,56.787252128,accelergy,4678060.0,58.494371552,59.25233964506654,97.08156634782816
720p,1280,720,128,128,11,128,4096,800.0,os,sobel,1906200.0,1.707119424,accelergy,4678060.0,58.494371552,40.74766035493346,2.9184336521718413
720p,1280,720,128,128,11,128,4096,800.0,ws,gaussian,1016380.0,26.565716428,accelergy,2033890.0,35.992897252000006,49.97222071990127,73.80821899944115
720p,1280,720,128,128,11,128,4096,800.0,ws,sobel,1017510.0,9.427180824,accelergy,2033890.0,35.992897252000006,50.02777928009873,26.191781000558834
hires,2048,2048,128,128,3,8,256,50.0,os,gaussian,12443648.0,20.259470049279997,accelergy,24971264.0,41.24327542784,49.83187074550972,49.12187463075367
hires,2048,2048,128,128,3,8,256,50.0,os,sobel,12527616.0,20.98380537856,accelergy,24971264.0,41.24327542784,50.16812925449028,50.87812536924633
hires,2048,2048,128,128,3,8,256,50.0,ws,gaussian,8868864.0,8.823285729279998,accelergy,17604096.0,19.039385507840002,50.3795480324579,46.34228203240468
hires,2048,2048,128,128,3,8,256,50.0,ws,sobel,8735232.0,10.216099778560002,accelergy,17604096.0,19.039385507840002,49.6204519675421,53.65771796759531
hires,2048,2048,128,128,3,8,256,200.0,os,gaussian,12154624.0,20.29633404928,accelergy,24330240.0,41.31700342784,49.95686026936027,49.1234415988746
hires,2048,2048,128,128,3,8,256,200.0,os,sobel,12175616.0,21.02066937856,accelergy,24330240.0,41.31700342784,50.04313973063973,50.87655840112541
hires,2048,2048,128,128,3,8,256,200.0,ws,gaussian,8516864.0,8.839669729279999,accelergy,17000448.0,19.07215350784,50.09787977352126,46.34856638316314
hires,2048,2048,128,128,3,8,256,200.0,ws,sobel,8483584.0,10.23248377856,accelergy,17000448.0,19.07215350784,49.902120226478736,53.65143361683686
hires,2048,2048,128,128,3,8,256,800.0,os,gaussian,12082432.0,20.38644604928,accelergy,24169984.0,41.49722742784,49.9894083504565,49.12724852456763
hires,2048,2048,128,128,3,8,256,800.0,os,sobel,12087552.0,21.110781378560002,accelergy,24169984.0,41.49722742784,50.0105916495435,50.87275147543237
hires,2048,2048,128,128,3,8,256,800.0,ws,gaussian,8428800.0,8.888821729279998,accelergy,16849408.0,19.17045750784,50.02430945941839,46.36729053359735
hires,2048,2048,128,128,3,8,256,800.0,ws,sobel,8420608.0,10.281635778560002,accelergy,16849408.0,19.17045750784,49.9756905405816,53.63270946640266
hires,2048,2048,128,128,3,8,1024,50.0,os,gaussian,12897280.0,7.00071804928,accelergy,25878528.0,14.72577142784,49.837765115542894,47.540586132178454
hires,2048,2048,128,128,3,8,1024,50.0,os,sobel,12981248.0,7.72505337856,accelergy,25878528.0,14.72577142784,50.1622348844571,52.459413867821546
hires,2048,2048,128,128,3,8,1024,50.0,ws,gaussian,9775872.0,11.254261729280001,accelergy,19719424.0,23.90133750784,49.57483545158317,47.08632613379244
hires,2048,2048,128,128,3,8,1024,50.0,ws,sobel,9943552.0,12.64707577856,accelergy,19719424.0,23.90133750784,50.42516454841683,52.91367386620755
hires,2048,2048,128,128,3,8,1024,200.0,os,gaussian,12268032.0,7.00891004928,accelergy,24557056.0,14.74215542784,49.95725872026354,47.543319452757494
hires,2048,2048,128,128,3,8,1024,200.0,os,sobel,12289024.0,7.73324537856,accelergy,24557056.0,14.74215542784,50.04274127973647,52.456680547242506
hires,2048,2048,128,128,3,8,1024,200.0,ws,gaussian,8743680.0,11.264501729280001,accelergy,17529344.0,23.92181750784,49.88024651692613,47.08882059479066
hires,2048,2048,128,128,3,8,1024,200.0,ws,sobel,8785664.0,12.65731577856,accelergy,17529344.0,23.92181750784,50.11975348307387,52.91117940520933
hires,2048,2048,128,128,3,8,1024,800.0,os,gaussian,12110848.0,7.04987004928,accelergy,24226816.0,14.82407542784,49.98943319666934,47.55689542728688
hires,2048,2048,128,128,3,8,1024,800.0,os,sobel,12115968.0,7.7742053785600005,accelergy,24226816.0,14.82407542784,50.01056680333066,52.44310457271312
hires,2048,2048,128,128,3,8,1024,800.0,ws,gaussian,8485632.0,11.31365372928,accelergy,16981760.0,24.02012150784,49.969096253862965,47.10073479681318
hires,2048,2048,128,128,3,8,1024,800.0,ws,sobel,8496128.0,12.706467778559999,accelergy,16981760.0,24.02012150784,50.030903746137035,52.899265203186815
hires,2048,2048,128,128,3,8,4096,50.0,os,gaussian,12897280.0,7.00071804928,accelergy,25878528.0,14.72577142784,49.837765115542894,47.540586132178454
hires,2048,2048,128,128,3,8,4096,50.0,os,sobel,12981248.0,7.72505337856,accelergy,25878528.0,14.72577142784,50.1622348844571,52.459413867821546
hires,2048,2048,128,128,3,8,4096,50.0,ws,gaussian,9909504.0,12.323317729280001,accelergy,19986688.0,26.03944950784,49.58052079464091,47.325569327299625
hires,2048,2048,128,128,3,8,4096,50.0,ws,sobel,10077184.0,13.71613177856,accelergy,19986688.0,26.03944950784,50.41947920535909,52.67443067270037
hires,2048,2048,128,128,3,8,4096,200.0,os,gaussian,12268032.0,7.00891004928,accelergy,24557056.0,14.74215542784,49.95725872026354,47.543319452757494
hires,2048,2048,128,128,3,8,4096,200.0,os,sobel,12289024.0,7.73324537856,accelergy,24557056.0,14.74215542784,50.04274127973647,52.456680547242506
hires,2048,2048,128,128,3,8,4096,200.0,ws,gaussian,8776960.0,12.32946172928,accelergy,17595904.0,26.051737507840002,49.880699508249194,47.32683079418244
hires,2048,2048,128,128,3,8,4096,200.0,ws,sobel,8818944.0,13.72227577856,accelergy,17595904.0,26.051737507840002,50.119300491750806,52.67316920581755
hires,2048,2048,128,128,3,8,4096,800.0,os,gaussian,12110848.0,7.04987004928,accelergy,24226816.0,14.82407542784,49.98943319666934,47.55689542728688
hires,2048,2048,128,128,3,8,4096,800.0,os,sobel,12115968.0,7.7742053785600005,accelergy,24226816.0,14.82407542784,50.01056680333066,52.44310457271312
hires,2048,2048,128,128,3,8,4096,800.0,ws,gaussian,8493824.0,12.362229729280001,accelergy,16998144.0,26.11727350784,49.969126041054835,47.33353857005423
hires,2048,2048,128,128,3,8,4096,800.0,ws,sobel,8504320.0,13.75504377856,accelergy,16998144.0,26.11727350784,50.030873958945165,52.66646142994578
hires,2048,2048,128,128,3,16,256,50.0,os,gaussian,10608640.0,32.31244156928,accelergy,21301248.0,65.33742198784,49.802903566964716,49.454723780337844
hires,2048,2048,128,128,3,16,256,50.0,os,sobel,10692608.0,33.02498041856,accelergy,21301248.0,65.33742198784,50.197096433035284,50.54527621966215
hires,2048,2048,128,128,3,16,256,50.0,ws,gaussian,4591104.0,8.13327356928,accelergy,9266176.0,16.96730102784,49.54691126091281,47.93498716109828
hires,2048,2048,128,128,3,16,256,50.0,ws,sobel,4675072.0,8.834027458560001,accelergy,9266176.0,16.96730102784,50.45308873908719,52.06501283890172
hires,2048,2048,128,128,3,16,256,200.0,os,gaussian,10319616.0,32.367737569279996,accelergy,20660224.0,65.44801398784,49.949197065820776,49.455645170980745
hires,2048,2048,128,128,3,16,256,200.0,os,sobel,10340608.0,33.080276418560004,accelergy,20660224.0,65.44801398784,50.05080293417923,50.544354829019255
hires,2048,2048,128,128,3,16,256,200.0,ws,gaussian,4302080.0,8.14760956928,accelergy,8625152.0,16.99597302784,49.87830939095334,47.93847081266797
hires,2048,2048,128,128,3,16,256,200.0,ws,sobel,4323072.0,8.848363458560002,accelergy,8625152.0,16.99597302784,50.12169060904665,52.06152918733202
hires,2048,2048,128,128,3,16,256,800.0,os,gaussian,10247424.0,32.49880956928,accelergy,20499968.0,65.71015798784,49.987512175628765,49.45781681927179
hires,2048,2048,128,128,3,16,256,800.0,os,sobel,10252544.0,33.21134841856,accelergy,20499968.0,65.71015798784,50.01248782437124,50.54218318072821
hires,2048,2048,128,128,3,16,256,800.0,ws,gaussian,4229888.0,8.19676156928,accelergy,8464896.0,17.09427702784,49.96975745478739,47.95032604146188
hires,2048,2048,128,128,3,16,256,800.0,ws,sobel,4235008.0,8.897515458560001,accelergy,8464896.0,17.09427702784,50.0302425452126,52.04967395853812
hires,2048,2048,128,128,3,16,1024,50.0,os,gaussian,11062272.0,6.99096956928,accelergy,22208512.0,14.69447798784,49.81095536702324,47.57548771086104
hires,2048,2048,128,128,3,16,1024,50.0,os,sobel,11146240.0,7.70350841856,accelergy,22208512.0,14.69447798784,50.18904463297677,52.42451228913896
hires,2048,2048,128,128,3,16,1024,50.0,ws,gaussian,5498112.0,10.564249569280001,accelergy,11080192.0,21.82925302784,49.62108959844739,48.394920136785515
hires,2048,2048,128,128,3,16,1024,50.0,ws,sobel,5582080.0,11.265003458559999,accelergy,11080192.0,21.82925302784,50.37891040155261,51.605079863214485
hires,2048,2048,128,128,3,16,1024,200.0,os,gaussian,10433024.0,6.99711356928,accelergy,20887040.0,14.70676598784,49.949748743718594,47.57751347281533
hires,2048,2048,128,128,3,16,1024,200.0,os,sobel,10454016.0,7.70965241856,accelergy,20887040.0,14.70676598784,50.050251256281406,52.42248652718467
hires,2048,2048,128,128,3,16,1024,200.0,ws,gaussian,4528896.0,10.57244156928,accelergy,9078784.0,21.84563702784,49.88438980374465,48.396123929947755
hires,2048,2048,128,128,3,16,1024,200.0,ws,sobel,4549888.0,11.27319545856,accelergy,9078784.0,21.84563702784,50.11561019625535,51.60387607005226
hires,2048,2048,128,128,3,16,1024,800.0,os,gaussian,10275840.0,7.03807356928,accelergy,20556800.0,14.788685987840001,49.987546699875466,47.590932521436024
hires,2048,2048,128,128,3,16,1024,800.0,os,sobel,10280960.0,7.75061241856,accelergy,20556800.0,14.788685987840001,50.012453300124534,52.40906747856396
hires,2048,2048,128,128,3,16,1024,800.0,ws,gaussian,4286720.0,10.62159356928,accelergy,8578560.0,21.943941027839998,49.97015816174276,48.40330893983227
hires,2048,2048,128,128,3,16,1024,800.0,ws,sobel,4291840.0,11.32234745856,accelergy,8578560.0,21.943941027839998,50.02984183825724,51.59669106016773
hires,2048,2048,128,128,3,16,4096,50.0,os,gaussian,11062272.0,6.99096956928,accelergy,22208512.0,14.69447798784,49.81095536702324,47.57548771086104
hires,2048,2048,128,128,3,16,4096,50.0,os,sobel,11146240.0,7.70350841856,accelergy,22208512.0,14.69447798784,50.18904463297677,52.42451228913896
hires,2048,2048,128,128,3,16,4096,50.0,ws,gaussian,5631744.0,11.633305569280001,accelergy,11347456.0,23.96736502784,49.63001398727609,48.53810819740506
hires,2048,2048,128,128,3,16,4096,50.0,ws,sobel,5715712.0,12.334059458559999,accelergy,11347456.0,23.96736502784,50.36998601272391,51.46189180259494
hires,2048,2048,128,128,3,16,4096,200.0,os,gaussian,10433024.0,6.99711356928,accelergy,20887040.0,14.70676598784,49.949748743718594,47.57751347281533
hires,2048,2048,128,128,3,16,4096,200.0,os,sobel,10454016.0,7.70965241856,accelergy,20887040.0,14.70676598784,50.050251256281406,52.42248652718467
hires,2048,2048,128,128,3,16,4096,200.0,ws,gaussian,4562176.0,11.637401569280001,accelergy,9145344.0,23.97555702784,49.885231217108945,48.538607698527514
hires,2048,2048,128,128,3,16,4096,200.0,ws,sobel,4583168.0,12.33815545856,accelergy,9145344.0,23.97555702784,50.11476878289105,51.461392301472486
hires,2048,2048,128,128,3,16,4096,800.0,os,gaussian,10275840.0,7.03807356928,accelergy,20556800.0,14.788685987840001,49.987546699875466,47.590932521436024
hires,2048,2048,128,128,3,16,4096,800.0,os,sobel,10280960.0,7.75061241856,accelergy,20556800.0,14.788685987840001,50.012453300124534,52.40906747856396
hires,2048,2048,128,128,3,16,4096,800.0,ws,gaussian,4294912.0,11.67016956928,accelergy,8594944.0,24.04109302784,49.970215047358074,48.54259145275027
hires,2048,2048,128,128,3,16,4096,800.0,ws,sobel,4300032.0,12.37092345856,accelergy,8594944.0,24.04109302784,50.02978495264192,51.45740854724974
hires,2048,2048,128,128,3,32,256,50.0,os,gaussian,9691136.0,32.312687329279996,accelergy,19466240.0,65.33201526784,49.78432403997896,49.459192704845385
hires,2048,2048,128,128,3,32,256,50.0,os,sobel,9775104.0,33.019327938560004,accelergy,19466240.0,65.33201526784,50.215675960021045,50.54080729515461
hires,2048,2048,128,128,3,32,256,50.0,ws,gaussian,4603392.0,8.139417569279999,accelergy,9290752.0,16.97958902784,49.54810977625923,47.936481595252296
hires,2048,2048,128,128,3,32,256,50.0,ws,sobel,4687360.0,8.840171458560002,accelergy,9290752.0,16.97958902784,50.45189022374077,52.063518404747725
hires,2048,2048,128,128,3,32,256,200.0,os,gaussian,9402112.0,32.370031329279996,accelergy,18825216.0,65.44670326784001,49.94424499564839,49.46014040891556
hires,2048,2048,128,128,3,32,256,200.0,os,sobel,9423104.0,33.076671938560004,accelergy,18825216.0,65.44670326784001,50.05575500435161,50.53985959108442
hires,2048,2048,128,128,3,32,256,200.0,ws,gaussian,4314368.0,8.15580156928,accelergy,8649728.0,17.01235702784,49.878655143838046,47.94045619859362
hires,2048,2048,128,128,3,32,256,200.0,ws,sobel,4335360.0,8.85655545856,accelergy,8649728.0,17.01235702784,50.121344856161954,52.05954380140637
hires,2048,2048,128,128,3,32,256,800.0,os,gaussian,9329920.0,32.49291132928,accelergy,18664960.0,65.69246326784,49.98628446029351,49.46216006058496
hires,2048,2048,128,128,3,32,256,800.0,os,sobel,9335040.0,33.19955193856,accelergy,18664960.0,65.69246326784,50.01371553970648,50.53783993941504
hires,2048,2048,128,128,3,32,256,800.0,ws,gaussian,4242176.0,8.19676156928,accelergy,8489472.0,17.09427702784,49.96984500331705,47.95032604146188
hires,2048,2048,128,128,3,32,256,800.0,ws,sobel,4247296.0,8.897515458560001,accelergy,8489472.0,17.09427702784,50.03015499668295,52.04967395853812
hires,2048,2048,128,128,3,32,1024,50.0,os,gaussian,10144768.0,6.99121532928,accelergy,20373504.0,14.68907126784,49.79392842782469,47.59467226894356
hires,2048,2048,128,128,3,32,1024,50.0,os,sobel,10228736.0,7.69785593856,accelergy,20373504.0,14.68907126784,50.20607157217532,52.40532773105645
hires,2048,2048,128,128,3,32,1024,50.0,ws,gaussian,5510400.0,10.57039356928,accelergy,11104768.0,21.84154102784,49.62192816635161,48.39582315096999
hires,2048,2048,128,128,3,32,1024,50.0,ws,sobel,5594368.0,11.27114745856,accelergy,11104768.0,21.84154102784,50.3780718336484,51.604176849030004
hires,2048,2048,128,128,3,32,1024,200.0,os,gaussian,9515520.0,6.999407329279999,accelergy,19052032.0,14.70545526784,49.94490876353767,47.59735215126123
hires,2048,2048,128,128,3,32,1024,200.0,os,sobel,9536512.0,7.70604793856,accelergy,19052032.0,14.70545526784,50.05509123646233,52.40264784873877
hires,2048,2048,128,128,3,32,1024,200.0,ws,gaussian,4541184.0,10.580633569280002,accelergy,9103360.0,21.86202102784,49.884701912260965,48.397325918798565
hires,2048,2048,128,128,3,32,1024,200.0,ws,sobel,4562176.0,11.28138745856,accelergy,9103360.0,21.86202102784,50.115298087739035,51.602674081201435
hires,2048,2048,128,128,3,32,1024,800.0,os,gaussian,9358336.0,7.032175329279999,accelergy,18721792.0,14.77099126784,49.98632609527977,47.60801222996277
hires,2048,2048,128,128,3,32,1024,800.0,os,sobel,9363456.0,7.73881593856,accelergy,18721792.0,14.77099126784,50.013673904720235,52.39198777003723
hires,2048,2048,128,128,3,32,1024,800.0,ws,gaussian,4299008.0,10.62159356928,accelergy,8603136.0,21.943941027839998,49.970243408915074,48.40330893983227
hires,2048,2048,128,128,3,32,1024,800.0,ws,sobel,4304128.0,11.32234745856,accelergy,8603136.0,21.943941027839998,50.029756591084926,51.59669106016773
hires,2048,2048,128,128,3,32,4096,50.0,os,gaussian,10144768.0,6.99121532928,accelergy,20373504.0,14.68907126784,49.79392842782469,47.59467226894356
hires,2048,2048,128,128,3,32,4096,50.0,os,sobel,10228736.0,7.69785593856,accelergy,20373504.0,14.68907126784,50.20607157217532,52.40532773105645
hires,2048,2048,128,128,3,32,4096,50.0,ws,gaussian,6986240.0,22.37711356928,accelergy,14056448.0,45.45498102784,49.7013185692431,49.22917810827948
hires,2048,2048,128,128,3,32,4096,50.0,ws,sobel,7070208.0,23.07786745856,accelergy,14056448.0,45.45498102784,50.2986814307569,50.770821891720516
hires,2048,2048,128,128,3,32,4096,200.0,os,gaussian,9515520.0,6.999407329279999,accelergy,19052032.0,14.70545526784,49.94490876353767,47.59735215126123
hires,2048,2048,128,128,3,32,4096,200.0,os,sobel,9536512.0,7.70604793856,accelergy,19052032.0,14.70545526784,50.05509123646233,52.40264784873877
hires,2048,2048,128,128,3,32,4096,200.0,ws,gaussian,4910080.0,22.38530556928,accelergy,9841152.0,45.47136502784,49.89334581967639,49.22945584671698
hires,2048,2048,128,128,3,32,4096,200.0,ws,sobel,4931072.0,23.08605945856,accelergy,9841152.0,45.47136502784,50.10665418032361,50.77054415328301
hires,2048,2048,128,128,3,32,4096,800.0,os,gaussian,9358336.0,7.032175329279999,accelergy,18721792.0,14.77099126784,49.98632609527977,47.60801222996277
hires,2048,2048,128,128,3,32,4096,800.0,os,sobel,9363456.0,7.73881593856,accelergy,18721792.0,14.77099126784,50.013673904720235,52.39198777003723
hires,2048,2048,128,128,3,32,4096,800.0,ws,gaussian,4391168.0,22.418073569279997,accelergy,8787456.0,45.53690102784,49.970867563945696,49.23056480188278
hires,2048,2048,128,128,3,32,4096,800.0,ws,sobel,4396288.0,23.118827458560002,accelergy,8787456.0,45.53690102784,50.029132436054304,50.76943519811722
hires,2048,2048,128,128,3,64,256,50.0,os,gaussian,9232384.0,32.32202620928,accelergy,18548736.0,65.34774390784,49.77365573589489,49.461579354390246
hires,2048,2048,128,128,3,64,256,50.0,os,sobel,9316352.0,33.02571769856,accelergy,18548736.0,65.34774390784,50.226344264105116,50.53842064560976
hires,2048,2048,128,128,3,64,256,50.0,ws,gaussian,4627968.0,8.151705569279999,accelergy,9339904.0,17.004165027840003,49.55048788510032,47.93946398387484
hires,2048,2048,128,128,3,64,256,50.0,ws,sobel,4711936.0,8.852459458560002,accelergy,9339904.0,17.004165027840003,50.44951211489968,52.06053601612515
hires,2048,2048,128,128,3,64,256,200.0,os,gaussian,8943360.0,32.37527420928,accelergy,17907712.0,65.45423990784,49.94138838060384,49.46245538083491
hires,2048,2048,128,128,3,64,256,200.0,os,sobel,8964352.0,33.078965698560005,accelergy,17907712.0,65.45423990784,50.05861161939615,50.53754461916509
hires,2048,2048,128,128,3,64,256,200.0,ws,gaussian,4338944.0,8.16399356928,accelergy,8698880.0,17.028741027840002,49.87934078869923,47.94243776408852
hires,2048,2048,128,128,3,64,256,200.0,ws,sobel,4359936.0,8.864747458560002,accelergy,8698880.0,17.028741027840002,50.12065921130077,52.05756223591148
hires,2048,2048,128,128,3,64,256,800.0,os,gaussian,8871168.0,32.48996220928,accelergy,17747456.0,65.68361590784,49.9855753973978,49.46433255877133
hires,2048,2048,128,128,3,64,256,800.0,os,sobel,8876288.0,33.19365369856,accelergy,17747456.0,65.68361590784,50.014424602602205,50.53566744122868
hires,2048,2048,128,128,3,64,256,800.0,ws,gaussian,4266752.0,8.19676156928,accelergy,8538624.0,17.09427702784,49.97001858847515,47.95032604146188
hires,2048,2048,128,128,3,64,256,800.0,ws,sobel,4271872.0,8.897515458560001,accelergy,8538624.0,17.09427702784,50.02998141152486,52.04967395853812
hires,2048,2048,128,128,3,64,1024,50.0,os,gaussian,9686016.0,7.00055420928,accelergy,19456000.0,14.70479990784,49.78421052631579,47.607272816732376
hires,2048,2048,128,128,3,64,1024,50.0,os,sobel,9769984.0,7.70424569856,accelergy,19456000.0,14.70479990784,50.21578947368421,52.39272718326763
hires,2048,2048,128,128,3,64,1024,50.0,ws,gaussian,5534976.0,10.58268156928,accelergy,11153920.0,21.866117027839998,49.623594216203806,48.397626134562906
hires,2048,2048,128,128,3,64,1024,50.0,ws,sobel,5618944.0,11.28343545856,accelergy,11153920.0,21.866117027839998,50.37640578379619,51.6023738654371
hires,2048,2048,128,128,3,64,1024,200.0,os,gaussian,9056768.0,7.004650209279999,accelergy,18134528.0,14.71299190784,49.94212146023321,47.608605055695605
hires,2048,2048,128,128,3,64,1024,200.0,os,sobel,9077760.0,7.708341698560001,accelergy,18134528.0,14.71299190784,50.05787853976679,52.3913949443044
hires,2048,2048,128,128,3,64,1024,200.0,ws,gaussian,4565760.0,10.58882556928,accelergy,9152512.0,21.87840502784,49.88532110091743,48.39852610739152
hires,2048,2048,128,128,3,64,1024,200.0,ws,sobel,4586752.0,11.289579458559999,accelergy,9152512.0,21.87840502784,50.11467889908256,51.60147389260848
hires,2048,2048,128,128,3,64,1024,800.0,os,gaussian,8899584.0,7.02922620928,accelergy,17804288.0,14.76214390784,49.98562144130672,47.61656743873674
hires,2048,2048,128,128,3,64,1024,800.0,os,sobel,8904704.0,7.7329176985600006,accelergy,17804288.0,14.76214390784,50.014378558693274,52.38343256126326
hires,2048,2048,128,128,3,64,1024,800.0,ws,gaussian,4323584.0,10.62159356928,accelergy,8652288.0,21.943941027839998,49.970412450440854,48.40330893983227
hires,2048,2048,128,128,3,64,1024,800.0,ws,sobel,4328704.0,11.32234745856,accelergy,8652288.0,21.943941027839998,50.02958754955914,51.59669106016773
hires,2048,2048,128,128,3,64,4096,50.0,os,gaussian,9686016.0,7.00055420928,accelergy,19456000.0,14.70479990784,49.78421052631579,47.607272816732376
hires,2048,2048,128,128,3,64,4096,50.0,os,sobel,9769984.0,7.70424569856,accelergy,19456000.0,14.70479990784,50.21578947368421,52.39272718326763
hires,2048,2048,128,128,3,64,4096,50.0,ws,gaussian,9157888.0,39.56597756928,accelergy,18399744.0,79.83270902784,49.77182291231878,49.56111104219473
hires,2048,2048,128,128,3,64,4096,50.0,ws,sobel,9241856.0,40.266731458559995,accelergy,18399744.0,79.83270902784,50.228177087681225,50.43888895780526
hires,2048,2048,128,128,3,64,4096,200.0,os,gaussian,9056768.0,7.004650209279999,accelergy,18134528.0,14.71299190784,49.94212146023321,47.608605055695605
hires,2048,2048,128,128,3,64,4096,200.0,os,sobel,9077760.0,7.708341698560001,accelergy,18134528.0,14.71299190784,50.05787853976679,52.3913949443044
hires,2048,2048,128,128,3,64,4096,200.0,ws,gaussian,5471488.0,39.57212156928,accelergy,10963968.0,79.84499702784,49.90426823573363,49.561178586408076
hires,2048,2048,128,128,3,64,4096,200.0,ws,sobel,5492480.0,40.272875458559994,accelergy,10963968.0,79.84499702784,50.09573176426637,50.438821413591924
hires,2048,2048,128,128,3,64,4096,800.0,os,gaussian,8899584.0,7.02922620928,accelergy,17804288.0,14.76214390784,49.98562144130672,47.61656743873674
hires,2048,2048,128,128,3,64,4096,800.0,os,sobel,8904704.0,7.7329176985600006,accelergy,17804288.0,14.76214390784,50.014378558693274,52.38343256126326
hires,2048,2048,128,128,3,64,4096,800.0,ws,gaussian,4549888.0,39.58850556928,accelergy,9104896.0,79.87776502784,49.97188325929258,49.56135860271269
hires,2048,2048,128,128,3,64,4096,800.0,ws,sobel,4555008.0,40.28925945856,accelergy,9104896.0,79.87776502784,50.02811674070742,50.43864139728732
hires,2048,2048,128,128,3,128,256,50.0,os,gaussian,9003008.0,32.34512764928,accelergy,18089984.0,65.39247222784,49.76791577040643,49.46307510225845
hires,2048,2048,128,128,3,128,256,50.0,os,sobel,9086976.0,33.04734457856,accelergy,18089984.0,65.39247222784,50.23208422959357,50.53692489774154
hires,2048,2048,128,128,3,128,256,50.0,ws,gaussian,4677120.0,8.17628156928,accelergy,9438208.0,17.053317027840002,49.55516979494413,47.94540297311074
hires,2048,2048,128,128,3,128,256,50.0,ws,sobel,4761088.0,8.877035458560002,accelergy,9438208.0,17.053317027840002,50.44483020505588,52.05459702688926
hires,2048,2048,128,128,3,128,256,200.0,os,gaussian,8713984.0,32.39837564928,accelergy,17448960.0,65.49896822784001,49.939847417840376,49.46394809851253
hires,2048,2048,128,128,3,128,256,200.0,os,sobel,8734976.0,33.100592578560004,accelergy,17448960.0,65.49896822784001,50.060152582159624,50.536051901487454
hires,2048,2048,128,128,3,128,256,200.0,ws,gaussian,4388096.0,8.18856956928,accelergy,8797184.0,17.077893027840002,49.88068909323711,47.94835964794472
hires,2048,2048,128,128,3,128,256,200.0,ws,sobel,4409088.0,8.889323458560002,accelergy,8797184.0,17.077893027840002,50.11931090676289,52.05164035205529
hires,2048,2048,128,128,3,128,256,800.0,os,gaussian,8641792.0,32.52125564928,accelergy,17288704.0,65.74472822784,49.985192643705396,49.4659519111202
hires,2048,2048,128,128,3,128,256,800.0,os,sobel,8646912.0,33.22347257856,accelergy,17288704.0,65.74472822784,50.01480735629461,50.5340480888798
hires,2048,2048,128,128,3,128,256,800.0,ws,gaussian,4315904.0,8.22952956928,accelergy,8636928.0,17.159813027840002,49.97035983164385,47.958154065714176
hires,2048,2048,128,128,3,128,256,800.0,ws,sobel,4321024.0,8.930283458560002,accelergy,8636928.0,17.159813027840002,50.02964016835616,52.041845934285824
hires,2048,2048,128,128,3,128,1024,50.0,os,gaussian,9456640.0,7.023655649279999,accelergy,18997248.0,14.749528227839999,49.778999568779646,47.61952749120967
hires,2048,2048,128,128,3,128,1024,50.0,os,sobel,9540608.0,7.725872578560001,accelergy,18997248.0,14.749528227839999,50.221000431220354,52.380472508790334
hires,2048,2048,128,128,3,128,1024,50.0,ws,gaussian,5584128.0,10.607257569280002,accelergy,11252224.0,21.91526902784,49.62688265004323,48.40121997044664
hires,2048,2048,128,128,3,128,1024,50.0,ws,sobel,5668096.0,11.30801145856,accelergy,11252224.0,21.91526902784,50.37311734995677,51.59878002955336
hires,2048,2048,128,128,3,128,1024,200.0,os,gaussian,8827392.0,7.02775164928,accelergy,17675776.0,14.75772022784,49.94061929728007,47.62084888980586
hires,2048,2048,128,128,3,128,1024,200.0,os,sobel,8848384.0,7.72996857856,accelergy,17675776.0,14.75772022784,50.05938070271993,52.37915111019413
hires,2048,2048,128,128,3,128,1024,200.0,ws,gaussian,4614912.0,10.61340156928,accelergy,9250816.0,21.927557027840002,49.88653973876467,48.402115911977106
hires,2048,2048,128,128,3,128,1024,200.0,ws,sobel,4635904.0,11.31415545856,accelergy,9250816.0,21.927557027840002,50.11346026123533,51.59788408802288
hires,2048,2048,128,128,3,128,1024,800.0,os,gaussian,8670208.0,7.06051964928,accelergy,17345536.0,14.82325622784,49.98524115945451,47.63136749953379
hires,2048,2048,128,128,3,128,1024,800.0,os,sobel,8675328.0,7.76273657856,accelergy,17345536.0,14.82325622784,50.01475884054548,52.36863250046622
hires,2048,2048,128,128,3,128,1024,800.0,ws,gaussian,4372736.0,10.65436156928,accelergy,8750592.0,22.00947702784,49.97074483646364,48.408063289296685
hires,2048,2048,128,128,3,128,1024,800.0,ws,sobel,4377856.0,11.35511545856,accelergy,8750592.0,22.00947702784,50.02925516353637,51.59193671070332
hires,2048,2048,128,128,3,128,4096,50.0,os,gaussian,9456640.0,7.023655649279999,accelergy,18997248.0,14.749528227839999,49.778999568779646,47.61952749120967
hires,2048,2048,128,128,3,128,4096,50.0,os,sobel,9540608.0,7.725872578560001,accelergy,18997248.0,14.749528227839999,50.221000431220354,52.380472508790334
hires,2048,2048,128,128,3,128,4096,50.0,ws,gaussian,9207040.0,39.59055356928,accelergy,18498048.0,79.88186102783999,49.77303551163885,49.56138109436649
hires,2048,2048,128,128,3,128,4096,50.0,ws,sobel,9291008.0,40.29130745856,accelergy,18498048.0,79.88186102783999,50.22696448836115,50.438618905633525
hires,2048,2048,128,128,3,128,4096,200.0,os,gaussian,8827392.0,7.02775164928,accelergy,17675776.0,14.75772022784,49.94061929728007,47.62084888980586
hires,2048,2048,128,128,3,128,4096,200.0,os,sobel,8848384.0,7.72996857856,accelergy,17675776.0,14.75772022784,50.05938070271993,52.37915111019413
hires,2048,2048,128,128,3,128,4096,200.0,ws,gaussian,5520640.0,39.596697569279996,accelergy,11062272.0,79.89414902784,49.90511894844025,49.5614485554907
hires,2048,2048,128,128,3,128,4096,200.0,ws,sobel,5541632.0,40.29745145856,accelergy,11062272.0,79.89414902784,50.094881051559746,50.438551444509294
hires,2048,2048,128,128,3,128,4096,800.0,os,gaussian,8670208.0,7.06051964928,accelergy,17345536.0,14.82325622784,49.98524115945451,47.63136749953379
hires,2048,2048,128,128,3,128,4096,800.0,os,sobel,8675328.0,7.76273657856,accelergy,17345536.0,14.82325622784,50.01475884054548,52.36863250046622
hires,2048,2048,128,128,3,128,4096,800.0,ws,gaussian,4599040.0,39.62127356928,accelergy,9203200.0,79.94330102784,49.97218358831711,49.561718192600054
hires,2048,2048,128,128,3,128,4096,800.0,ws,sobel,4604160.0,40.32202745856,accelergy,9203200.0,79.94330102784,50.02781641168289,50.43828180739995
hires,2048,2048,128,128,5,8,256,50.0,os,gaussian,20832256.0,35.131752448,accelergy,33359872.0,56.11555782656,62.44705015654737,62.606082535228445
hires,2048,2048,128,128,5,8,256,50.0,os,sobel,12527616.0,20.98380537856,accelergy,33359872.0,56.11555782656,37.55294984345264,37.393917464771555
hires,2048,2048,128,128,5,8,256,50.0,ws,gaussian,17135104.0,20.212677888,accelergy,25870336.0,30.428777666560002,66.23456301456618,66.42619072475237
hires,2048,2048,128,128,5,8,256,50.0,ws,sobel,8735232.0,10.216099778560002,accelergy,25870336.0,30.428777666560002,33.765436985433816,33.57380927524763
hires,2048,2048,128,128,5,8,256,200.0,os,gaussian,20543232.0,35.189096448,accelergy,32718848.0,56.20976582656,62.78714947421131,62.603172118843084
hires,2048,2048,128,128,5,8,256,200.0,os,sobel,12175616.0,21.02066937856,accelergy,32718848.0,56.20976582656,37.21285052578868,37.396827881156916
hires,2048,2048,128,128,5,8,256,200.0,ws,gaussian,16883456.0,20.241349888,accelergy,25367040.0,30.473833666559997,66.5566656574831,66.42206592540255
hires,2048,2048,128,128,5,8,256,200.0,ws,sobel,8483584.0,10.23248377856,accelergy,25367040.0,30.473833666559997,33.443334342516906,33.57793407459745
hires,2048,2048,128,128,5,8,256,800.0,os,gaussian,20471040.0,35.328360448,accelergy,32558592.0,56.439141826560004,62.87446336745766,62.59549543925672
hires,2048,2048,128,128,5,8,256,800.0,os,sobel,12087552.0,21.110781378560002,accelergy,32558592.0,56.439141826560004,37.125536632542335,37.40450456074328
hires,2048,2048,128,128,5,8,256,800.0,ws,gaussian,16820480.0,20.323269888,accelergy,25241088.0,30.60490566656,66.63928274407189,66.40526884618345
hires,2048,2048,128,128,5,8,256,800.0,ws,sobel,8420608.0,10.281635778560002,accelergy,25241088.0,30.60490566656,33.360717255928115,33.59473115381656
hires,2048,2048,128,128,5,8,1024,50.0,os,gaussian,21739264.0,20.693352448,accelergy,34720512.0,28.418405826559997,62.612164244582566,72.81672509814003
hires,2048,2048,128,128,5,8,1024,50.0,os,sobel,12981248.0,7.72505337856,accelergy,34720512.0,28.418405826559997,37.387835755417434,27.18327490185999
hires,2048,2048,128,128,5,8,1024,50.0,ws,gaussian,18343424.0,22.662085888,accelergy,28286976.0,35.30916166656,64.84759629307848,64.18188599890328
hires,2048,2048,128,128,5,8,1024,50.0,ws,sobel,9943552.0,12.64707577856,accelergy,28286976.0,35.30916166656,35.15240370692152,35.81811400109671
hires,2048,2048,128,128,5,8,1024,200.0,os,gaussian,20770048.0,20.705640448,accelergy,33059072.0,28.43888582656,62.8270751217699,72.80749525237142
hires,2048,2048,128,128,5,8,1024,200.0,os,sobel,12289024.0,7.73324537856,accelergy,33059072.0,28.43888582656,37.1729248782301,27.192504747628583
hires,2048,2048,128,128,5,8,1024,200.0,ws,gaussian,17185536.0,22.674373888,accelergy,25971200.0,35.33168966656,66.171513060621,64.17574166983688
hires,2048,2048,128,128,5,8,1024,200.0,ws,sobel,8785664.0,12.65731577856,accelergy,25971200.0,35.33168966656,33.828486939379005,35.824258330163104
hires,2048,2048,128,128,5,8,1024,800.0,os,gaussian,20527872.0,20.779368448,accelergy,32643840.0,28.55357382656,62.884366545112336,72.77326675188876
hires,2048,2048,128,128,5,8,1024,800.0,os,sobel,12115968.0,7.7742053785600005,accelergy,32643840.0,28.55357382656,37.11563345488766,27.22673324811124
hires,2048,2048,128,128,5,8,1024,800.0,ws,gaussian,16896000.0,22.748101888,accelergy,25392128.0,35.45456966656,66.54030729523733,64.16126920151433
hires,2048,2048,128,128,5,8,1024,800.0,ws,sobel,8496128.0,12.706467778559999,accelergy,25392128.0,35.45456966656,33.45969270476267,35.83873079848568
hires,2048,2048,128,128,5,8,4096,50.0,os,gaussian,22627840.0,18.133352448,accelergy,35609088.0,25.858405826560002,63.54512645760543,70.12556214650576
hires,2048,2048,128,128,5,8,4096,50.0,os,sobel,12981248.0,7.72505337856,accelergy,35609088.0,25.858405826560002,36.45487354239457,29.874437853494236
hires,2048,2048,128,128,5,8,4096,50.0,ws,gaussian,19819264.0,24.800197888,accelergy,29896448.0,38.51632966656,66.29303922659976,64.38878808728136
hires,2048,2048,128,128,5,8,4096,50.0,ws,sobel,10077184.0,13.71613177856,accelergy,29896448.0,38.51632966656,33.70696077340024,35.611211912718645
hires,2048,2048,128,128,5,8,4096,200.0,os,gaussian,20992000.0,18.133352448,accelergy,33281024.0,25.86659782656,63.07498230823667,70.10335324957406
hires,2048,2048,128,128,5,8,4096,200.0,os,sobel,12289024.0,7.73324537856,accelergy,33281024.0,25.86659782656,36.92501769176333,29.896646750425955
hires,2048,2048,128,128,5,8,4096,200.0,ws,gaussian,17554432.0,24.804293888,accelergy,26373376.0,38.52656966656,66.56118655419769,64.38230577670517
hires,2048,2048,128,128,5,8,4096,200.0,ws,sobel,8818944.0,13.72227577856,accelergy,26373376.0,38.52656966656,33.43881344580231,35.61769422329483
hires,2048,2048,128,128,5,8,4096,800.0,os,gaussian,20583168.0,18.157928448,accelergy,32699136.0,25.93213382656,62.947131080160645,70.02095766374008
hires,2048,2048,128,128,5,8,4096,800.0,os,sobel,12115968.0,7.7742053785600005,accelergy,32699136.0,25.93213382656,37.05286891983935,29.979042336259916
hires,2048,2048,128,128,5,8,4096,800.0,ws,gaussian,16988160.0,24.845253888,accelergy,25492480.0,38.600297666559996,66.63988752761598,64.36544635645079
hires,2048,2048,128,128,5,8,4096,800.0,ws,sobel,8504320.0,13.75504377856,accelergy,25492480.0,38.600297666559996,33.36011247238401,35.634553643549225
hires,2048,2048,128,128,5,16,256,50.0,os,gaussian,38824960.0,305.312104448,accelergy,49517568.0,338.33708486656,78.40643546952872,90.23903027609728
hires,2048,2048,128,128,5,16,256,50.0,os,sobel,10692608.0,33.02498041856,accelergy,49517568.0,338.33708486656,21.593564530471287,9.760969723902727
hires,2048,2048,128,128,5,16,256,50.0,ws,gaussian,8881152.0,18.836749568,accelergy,13556224.0,27.67077702656,65.5134645163727,68.0745233497397
hires,2048,2048,128,128,5,16,256,50.0,ws,sobel,4675072.0,8.834027458560001,accelergy,13556224.0,27.67077702656,34.4865354836273,31.925476650260293
hires,2048,2048,128,128,5,16,256,200.0,os,gaussian,14833664.0,305.828200448,accelergy,25174272.0,338.90847686656,58.92390453237337,90.23917114012322
hires,2048,2048,128,128,5,16,256,200.0,os,sobel,10340608.0,33.080276418560004,accelergy,25174272.0,338.90847686656,41.07609546762664,9.760828859876778
hires,2048,2048,128,128,5,16,256,200.0,ws,gaussian,8529152.0,18.865421568,accelergy,12852224.0,27.71378502656,66.36323798900486,68.07233854892064
hires,2048,2048,128,128,5,16,256,200.0,ws,sobel,4323072.0,8.848363458560002,accelergy,12852224.0,27.71378502656,33.63676201099514,31.927661451079363
hires,2048,2048,128,128,5,16,256,800.0,os,gaussian,14441728.0,306.876776448,accelergy,24694272.0,340.08812486656,58.482096576890385,90.234487478329
hires,2048,2048,128,128,5,16,256,800.0,os,sobel,10252544.0,33.21134841856,accelergy,24694272.0,340.08812486656,41.51790342310962,9.765512521670994
hires,2048,2048,128,128,5,16,256,800.0,ws,gaussian,8441088.0,18.939149568,accelergy,12676096.0,27.836665026560002,66.59059697875435,68.03670464809434
hires,2048,2048,128,128,5,16,256,800.0,ws,sobel,4235008.0,8.897515458560001,accelergy,12676096.0,27.836665026560002,33.40940302124566,31.963295351905657
hires,2048,2048,128,128,5,16,1024,50.0,os,gaussian,15709952.0,20.668776448,accelergy,26856192.0,28.37228486656,58.49657315527086,72.84847359036822
hires,2048,2048,128,128,5,16,1024,50.0,os,sobel,11146240.0,7.70350841856,accelergy,26856192.0,28.37228486656,41.50342684472914,27.15152640963178
hires,2048,2048,128,128,5,16,1024,50.0,ws,gaussian,9788160.0,21.286157568,accelergy,15370240.0,32.551161026559996,63.68254497001998,65.3929288440177
hires,2048,2048,128,128,5,16,1024,50.0,ws,sobel,5582080.0,11.265003458559999,accelergy,15370240.0,32.551161026559996,36.31745502998001,34.60707115598231
hires,2048,2048,128,128,5,16,1024,200.0,os,gaussian,14740736.0,20.681064448,accelergy,25194752.0,28.390716866560002,58.50716847699077,72.84446019874612
hires,2048,2048,128,128,5,16,1024,200.0,os,sobel,10454016.0,7.70965241856,accelergy,25194752.0,28.390716866560002,41.49283152300924,27.15553980125388
hires,2048,2048,128,128,5,16,1024,200.0,ws,gaussian,8755968.0,21.298445568,accelergy,13305856.0,32.57164102656,65.80537171002001,65.38953794385901
hires,2048,2048,128,128,5,16,1024,200.0,ws,sobel,4549888.0,11.27319545856,accelergy,13305856.0,32.57164102656,34.19462828997999,34.61046205614099
hires,2048,2048,128,128,5,16,1024,800.0,os,gaussian,14498560.0,20.746600448,accelergy,24779520.0,28.497212866559998,58.51025362880314,72.80220892178919
hires,2048,2048,128,128,5,16,1024,800.0,os,sobel,10280960.0,7.75061241856,accelergy,24779520.0,28.497212866559998,41.48974637119686,27.197791078210816
hires,2048,2048,128,128,5,16,1024,800.0,ws,gaussian,8497920.0,21.363981568,accelergy,12789760.0,32.68632902656,66.4431545236189,65.36060244220214
hires,2048,2048,128,128,5,16,1024,800.0,ws,sobel,4291840.0,11.32234745856,accelergy,12789760.0,32.68632902656,33.556845476381106,34.639397557797864
hires,2048,2048,128,128,5,16,4096,50.0,os,gaussian,16598528.0,18.108776448,accelergy,27744768.0,25.81228486656,59.8257949030246,70.15565085235849
hires,2048,2048,128,128,5,16,4096,50.0,os,sobel,11146240.0,7.70350841856,accelergy,27744768.0,25.81228486656,40.1742050969754,29.84434914764152
hires,2048,2048,128,128,5,16,4096,50.0,ws,gaussian,11264000.0,23.424269568,accelergy,16979712.0,35.75832902656,66.33799206959459,65.50717051292105
hires,2048,2048,128,128,5,16,4096,50.0,ws,sobel,5715712.0,12.334059458559999,accelergy,16979712.0,35.75832902656,33.662007930405416,34.49282948707895
hires,2048,2048,128,128,5,16,4096,200.0,os,gaussian,14962688.0,18.108776448,accelergy,25416704.0,25.81842886656,58.869505660529384,70.13895594342097
hires,2048,2048,128,128,5,16,4096,200.0,os,sobel,10454016.0,7.70965241856,accelergy,25416704.0,25.81842886656,41.13049433947061,29.861044056579033
hires,2048,2048,128,128,5,16,4096,200.0,ws,gaussian,9124864.0,23.428365568,accelergy,13708032.0,35.76652102656,66.56582068089716,65.50361873496793
hires,2048,2048,128,128,5,16,4096,200.0,ws,sobel,4583168.0,12.33815545856,accelergy,13708032.0,35.76652102656,33.434179319102846,34.49638126503206
hires,2048,2048,128,128,5,16,4096,800.0,os,gaussian,14553856.0,18.125160448,accelergy,24834816.0,25.87577286656,58.602632691138126,70.04683702191427
hires,2048,2048,128,128,5,16,4096,800.0,os,sobel,10280960.0,7.75061241856,accelergy,24834816.0,25.87577286656,41.39736730886188,29.95316297808572
hires,2048,2048,128,128,5,16,4096,800.0,ws,gaussian,8590080.0,23.461133568,accelergy,12890112.0,35.83205702656,66.64084842707341,65.47526297641737
hires,2048,2048,128,128,5,16,4096,800.0,ws,sobel,4300032.0,12.37092345856,accelergy,12890112.0,35.83205702656,33.3591515729266,34.524737023582624
hires,2048,2048,128,128,5,32,256,50.0,os,gaussian,315466752.0,2520.027496448,accelergy,325241856.0,2553.04682438656,96.99451229303034,98.70666970839856
hires,2048,2048,128,128,5,32,256,50.0,os,sobel,9775104.0,33.019327938560004,accelergy,325241856.0,2553.04682438656,3.0054877069696713,1.2933302916014402
hires,2048,2048,128,128,5,32,256,50.0,ws,gaussian,4603392.0,18.161073408,accelergy,9290752.0,27.00124486656,49.54810977625923,67.26013373735886
hires,2048,2048,128,128,5,32,256,50.0,ws,sobel,4687360.0,8.840171458560002,accelergy,9290752.0,27.00124486656,50.45189022374077,32.73986626264115
hires,2048,2048,128,128,5,32,256,200.0,os,gaussian,79206144.0,2524.303720448,accelergy,88629248.0,2557.3803923865603,89.36795221369812,98.70661900603325
hires,2048,2048,128,128,5,32,256,200.0,os,sobel,9423104.0,33.076671938560004,accelergy,88629248.0,2557.3803923865603,10.632047786301877,1.2933809939667478
hires,2048,2048,128,128,5,32,256,200.0,ws,gaussian,4314368.0,18.189745408,accelergy,8649728.0,27.046300866560003,49.878655143838046,67.25409695671088
hires,2048,2048,128,128,5,32,256,200.0,ws,sobel,4335360.0,8.85655545856,accelergy,8649728.0,27.046300866560003,50.121344856161954,32.74590304328911
hires,2048,2048,128,128,5,32,256,800.0,os,gaussian,20134912.0,2532.856168448,accelergy,29469952.0,2566.05572038656,68.32353171121555,98.70620299961536
hires,2048,2048,128,128,5,32,256,800.0,os,sobel,9335040.0,33.19955193856,accelergy,29469952.0,2566.05572038656,31.676468288784456,1.2937970003846486
hires,2048,2048,128,128,5,32,256,800.0,ws,gaussian,4242176.0,18.247089408,accelergy,8489472.0,27.14460486656,49.96984500331705,67.22179047254788
hires,2048,2048,128,128,5,32,256,800.0,ws,sobel,4247296.0,8.897515458560001,accelergy,8489472.0,27.14460486656,50.03015499668295,32.77820952745211
hires,2048,2048,128,128,5,32,1024,50.0,os,gaussian,12695296.0,20.668776448,accelergy,22924032.0,28.36663238656,55.37985638826538,72.86298974915607
hires,2048,2048,128,128,5,32,1024,50.0,os,sobel,10228736.0,7.69785593856,accelergy,22924032.0,28.36663238656,44.62014361173462,27.137010250843925
hires,2048,2048,128,128,5,32,1024,50.0,ws,gaussian,5510400.0,20.610481408,accelergy,11104768.0,31.88162886656,49.62192816635161,64.64688957476045
hires,2048,2048,128,128,5,32,1024,50.0,ws,sobel,5594368.0,11.27114745856,accelergy,11104768.0,31.88162886656,50.3780718336484,35.35311042523953
hires,2048,2048,128,128,5,32,1024,200.0,os,gaussian,11726080.0,20.681064448,accelergy,21262592.0,28.387112386560002,55.14887366507338,72.85370969183727
hires,2048,2048,128,128,5,32,1024,200.0,os,sobel,9536512.0,7.70604793856,accelergy,21262592.0,28.387112386560002,44.85112633492662,27.146290308162733
hires,2048,2048,128,128,5,32,1024,200.0,ws,gaussian,4541184.0,20.622769408,accelergy,9103360.0,31.90415686656,49.884701912260965,64.63975680114442
hires,2048,2048,128,128,5,32,1024,200.0,ws,sobel,4562176.0,11.28138745856,accelergy,9103360.0,31.90415686656,50.115298087739035,35.360243198855585
hires,2048,2048,128,128,5,32,1024,800.0,os,gaussian,11483904.0,20.730216448,accelergy,20847360.0,28.469032386560002,55.0856511328053,72.81672297997233
hires,2048,2048,128,128,5,32,1024,800.0,os,sobel,9363456.0,7.73881593856,accelergy,20847360.0,28.469032386560002,44.9143488671947,27.183277020027667
hires,2048,2048,128,128,5,32,1024,800.0,ws,gaussian,4299008.0,20.671921408,accelergy,8603136.0,31.99426886656,49.970243408915074,64.61132615412265
hires,2048,2048,128,128,5,32,1024,800.0,ws,sobel,4304128.0,11.32234745856,accelergy,8603136.0,31.99426886656,50.029756591084926,35.388673845877356
hires,2048,2048,128,128,5,32,4096,50.0,os,gaussian,13583872.0,18.108776448,accelergy,23812608.0,25.80663238656,57.044873035326496,70.17101718948415
hires,2048,2048,128,128,5,32,4096,50.0,os,sobel,10228736.0,7.69785593856,accelergy,23812608.0,25.80663238656,42.955126964673504,29.828982810515853
hires,2048,2048,128,128,5,32,4096,50.0,ws,gaussian,6986240.0,22.748593408,accelergy,14056448.0,45.82646086656,49.7013185692431,49.640738075411505
hires,2048,2048,128,128,5,32,4096,50.0,ws,sobel,7070208.0,23.07786745856,accelergy,14056448.0,45.82646086656,50.2986814307569,50.35926192458851
hires,2048,2048,128,128,5,32,4096,200.0,os,gaussian,11948032.0,18.108776448,accelergy,21484544.0,25.81482438656,55.61222058052524,70.14874932648387
hires,2048,2048,128,128,5,32,4096,200.0,os,sobel,9536512.0,7.70604793856,accelergy,21484544.0,25.81482438656,44.38777941947477,29.851250673516137
hires,2048,2048,128,128,5,32,4096,200.0,ws,gaussian,4910080.0,22.752689408,accelergy,9841152.0,45.838748866559996,49.89334581967639,49.63636654707738
hires,2048,2048,128,128,5,32,4096,200.0,ws,sobel,4931072.0,23.08605945856,accelergy,9841152.0,45.838748866559996,50.10665418032361,50.36363345292263
hires,2048,2048,128,128,5,32,4096,800.0,os,gaussian,11539200.0,18.108776448,accelergy,20902656.0,25.847592386560002,55.204467795862875,70.05981902367061
hires,2048,2048,128,128,5,32,4096,800.0,os,sobel,9363456.0,7.73881593856,accelergy,20902656.0,25.847592386560002,44.795532204137125,29.940180976329383
hires,2048,2048,128,128,5,32,4096,800.0,ws,gaussian,4391168.0,22.769073408,accelergy,8787456.0,45.88790086656,49.970867563945696,49.61890384616081
hires,2048,2048,128,128,5,32,4096,800.0,ws,sobel,4396288.0,23.118827458560002,accelergy,8787456.0,45.88790086656,50.029132436054304,50.38109615383919
hires,2048,2048,128,128,5,64,256,50.0,os,gaussian,315521024.0,2520.052072448,accelergy,324837376.0,2553.0777901465603,97.13199505712052,98.7064351181926
hires,2048,2048,128,128,5,64,256,50.0,os,sobel,9316352.0,33.02571769856,accelergy,324837376.0,2553.0777901465603,2.8680049428794794,1.293564881807387
hires,2048,2048,128,128,5,64,256,50.0,ws,gaussian,4627968.0,18.193841408,accelergy,9339904.0,27.046300866560003,49.55048788510032,67.26924135675364
hires,2048,2048,128,128,5,64,256,50.0,ws,sobel,4711936.0,8.852459458560002,accelergy,9339904.0,27.046300866560003,50.44951211489968,32.730758643246354
hires,2048,2048,128,128,5,64,256,200.0,os,gaussian,79246336.0,2524.328296448,accelergy,88210688.0,2557.40726214656,89.83756707577204,98.70654290428521
hires,2048,2048,128,128,5,64,256,200.0,os,sobel,8964352.0,33.078965698560005,accelergy,88210688.0,2557.40726214656,10.162432924227957,1.2934570957147895
hires,2048,2048,128,128,5,64,256,200.0,ws,gaussian,4338944.0,18.222513408,accelergy,8698880.0,27.08726086656,49.87934078869923,67.27337067328286
hires,2048,2048,128,128,5,64,256,200.0,ws,sobel,4359936.0,8.864747458560002,accelergy,8698880.0,27.08726086656,50.12065921130077,32.726629326717145
hires,2048,2048,128,128,5,64,256,800.0,os,gaussian,20145408.0,2532.880744448,accelergy,29021696.0,2566.07439814656,69.41499214932166,98.70644227141133
hires,2048,2048,128,128,5,64,256,800.0,os,sobel,8876288.0,33.19365369856,accelergy,29021696.0,2566.07439814656,30.585007850678338,1.293557728588669
hires,2048,2048,128,128,5,64,256,800.0,ws,gaussian,4266752.0,18.279857408,accelergy,8538624.0,27.177372866560003,49.97001858847515,67.26131145108651
hires,2048,2048,128,128,5,64,256,800.0,ws,sobel,4271872.0,8.897515458560001,accelergy,8538624.0,27.177372866560003,50.02998141152486,32.73868854891349
hires,2048,2048,128,128,5,64,1024,50.0,os,gaussian,11187968.0,20.693352448,accelergy,20957952.0,28.39759814656,53.38292596528515,72.87007986098546
hires,2048,2048,128,128,5,64,1024,50.0,os,sobel,9769984.0,7.70424569856,accelergy,20957952.0,28.39759814656,46.61707403471485,27.129920139014533
hires,2048,2048,128,128,5,64,1024,50.0,ws,gaussian,5534976.0,20.643249408,accelergy,11153920.0,31.92668486656,49.623594216203806,64.65829288032887
hires,2048,2048,128,128,5,64,1024,50.0,ws,sobel,5618944.0,11.28343545856,accelergy,11153920.0,31.92668486656,50.37640578379619,35.34170711967113
hires,2048,2048,128,128,5,64,1024,200.0,os,gaussian,10218752.0,20.705640448,accelergy,19296512.0,28.413982146560002,52.95647213340939,72.87130801025992
hires,2048,2048,128,128,5,64,1024,200.0,os,sobel,9077760.0,7.708341698560001,accelergy,19296512.0,28.413982146560002,47.04352786659061,27.128691989740084
hires,2048,2048,128,128,5,64,1024,200.0,ws,gaussian,4565760.0,20.655537408,accelergy,9152512.0,31.94511686656,49.88532110091743,64.65945169110375
hires,2048,2048,128,128,5,64,1024,200.0,ws,sobel,4586752.0,11.289579458559999,accelergy,9152512.0,31.94511686656,50.11467889908256,35.34054830889624
hires,2048,2048,128,128,5,64,1024,800.0,os,gaussian,9976576.0,20.754792448,accelergy,18881280.0,28.48771014656,52.83845163039794,72.8552500050841
hires,2048,2048,128,128,5,64,1024,800.0,os,sobel,8904704.0,7.7329176985600006,accelergy,18881280.0,28.48771014656,47.161548369602066,27.144749994915895
hires,2048,2048,128,128,5,64,1024,800.0,ws,gaussian,4323584.0,20.704689408,accelergy,8652288.0,32.027036866559996,49.970412450440854,64.64753356442455
hires,2048,2048,128,128,5,64,1024,800.0,ws,sobel,4328704.0,11.32234745856,accelergy,8652288.0,32.027036866559996,50.02958754955914,35.35246643557545
hires,2048,2048,128,128,5,64,4096,50.0,os,gaussian,12076544.0,18.133352448,accelergy,21846528.0,25.83759814656,55.27900817924019,70.18203605900675
hires,2048,2048,128,128,5,64,4096,50.0,os,sobel,9769984.0,7.70424569856,accelergy,21846528.0,25.83759814656,44.72099182075981,29.81796394099325
hires,2048,2048,128,128,5,64,4096,50.0,ws,gaussian,9157888.0,39.957937408,accelergy,18399744.0,80.22466886656,49.77182291231878,49.80754420372017
hires,2048,2048,128,128,5,64,4096,50.0,ws,sobel,9241856.0,40.266731458559995,accelergy,18399744.0,80.22466886656,50.228177087681225,50.19245579627983
hires,2048,2048,128,128,5,64,4096,200.0,os,gaussian,10440704.0,18.133352448,accelergy,19518464.0,25.841694146560002,53.49142227585122,70.17091195785196
hires,2048,2048,128,128,5,64,4096,200.0,os,sobel,9077760.0,7.708341698560001,accelergy,19518464.0,25.841694146560002,46.508577724148786,29.829088042148044
hires,2048,2048,128,128,5,64,4096,200.0,ws,gaussian,5471488.0,39.964081408,accelergy,10963968.0,80.23695686655999,49.90426823573363,49.807573677629904
hires,2048,2048,128,128,5,64,4096,200.0,ws,sobel,5492480.0,40.272875458559994,accelergy,10963968.0,80.23695686655999,50.09573176426637,50.19242632237009
hires,2048,2048,128,128,5,64,4096,800.0,os,gaussian,10031872.0,18.133352448,accelergy,18936576.0,25.86627014656,52.97616633545579,70.10424133535767
hires,2048,2048,128,128,5,64,4096,800.0,os,sobel,8904704.0,7.7329176985600006,accelergy,18936576.0,25.86627014656,47.02383366454421,29.89575866464232
hires,2048,2048,128,128,5,64,4096,800.0,ws,gaussian,4549888.0,39.972273408,accelergy,9104896.0,80.26153286656,49.97188325929258,49.802529281936955
hires,2048,2048,128,128,5,64,4096,800.0,ws,sobel,4555008.0,40.28925945856,accelergy,9104896.0,80.26153286656,50.02811674070742,50.19747071806303
hires,2048,2048,128,128,5,128,256,50.0,os,gaussian,147709184.0,1178.739048448,accelergy,156796160.0,1211.7863930265598,94.20459276553711,97.27284076065413
hires,2048,2048,128,128,5,128,256,50.0,os,sobel,9086976.0,33.04734457856,accelergy,156796160.0,1211.7863930265598,5.795407234462885,2.72715923934588
hires,2048,2048,128,128,5,128,256,50.0,ws,gaussian,4677120.0,18.259377408,accelergy,9438208.0,27.13641286656,49.55516979494413,67.28736586441347
hires,2048,2048,128,128,5,128,256,50.0,ws,sobel,4761088.0,8.877035458560002,accelergy,9438208.0,27.13641286656,50.44483020505588,32.712634135586526
hires,2048,2048,128,128,5,128,256,200.0,os,gaussian,37136384.0,1180.737896448,accelergy,45871360.0,1213.83848902656,80.95766944777743,97.27306450752727
hires,2048,2048,128,128,5,128,256,200.0,os,sobel,8734976.0,33.100592578560004,accelergy,45871360.0,1213.83848902656,19.042330552222563,2.726935492472733
hires,2048,2048,128,128,5,128,256,200.0,ws,gaussian,4388096.0,18.288049408,accelergy,8797184.0,27.17737286656,49.88068909323711,67.29145417327022
hires,2048,2048,128,128,5,128,256,200.0,ws,sobel,4409088.0,8.889323458560002,accelergy,8797184.0,27.17737286656,50.11931090676289,32.70854582672978
hires,2048,2048,128,128,5,128,256,800.0,os,gaussian,9516544.0,1184.735592448,accelergy,18163456.0,1217.95906502656,52.39390565319728,97.27220121492051
hires,2048,2048,128,128,5,128,256,800.0,os,sobel,8646912.0,33.22347257856,accelergy,18163456.0,1217.95906502656,47.60609434680273,2.7277987850794885
hires,2048,2048,128,128,5,128,256,800.0,ws,gaussian,4315904.0,18.345393408,accelergy,8636928.0,27.27567686656,49.97035983164385,67.2591682976398
hires,2048,2048,128,128,5,128,256,800.0,ws,sobel,4321024.0,8.930283458560002,accelergy,8636928.0,27.27567686656,50.02964016835616,32.74083170236019
hires,2048,2048,128,128,5,128,1024,50.0,os,gaussian,10434304.0,20.754792448,accelergy,19974912.0,28.48066502656,52.23704615069143,72.87327184475805
hires,2048,2048,128,128,5,128,1024,50.0,os,sobel,9540608.0,7.725872578560001,accelergy,19974912.0,28.48066502656,47.76295384930857,27.12672815524196
hires,2048,2048,128,128,5,128,1024,50.0,ws,gaussian,5584128.0,20.708785408,accelergy,11252224.0,32.01679686656,49.62688265004323,64.68100320688023
hires,2048,2048,128,128,5,128,1024,50.0,ws,sobel,5668096.0,11.30801145856,accelergy,11252224.0,32.01679686656,50.37311734995677,35.31899679311978
hires,2048,2048,128,128,5,128,1024,200.0,os,gaussian,9465088.0,20.767080448,accelergy,18313472.0,28.497049026560003,51.68374407649189,72.87449457887564
hires,2048,2048,128,128,5,128,1024,200.0,os,sobel,8848384.0,7.72996857856,accelergy,18313472.0,28.497049026560003,48.316255923508116,27.125505421124362
hires,2048,2048,128,128,5,128,1024,200.0,ws,gaussian,4614912.0,20.721073408,accelergy,9250816.0,32.03522886656,49.88653973876467,64.68214569126962
hires,2048,2048,128,128,5,128,1024,200.0,ws,sobel,4635904.0,11.31415545856,accelergy,9250816.0,32.03522886656,50.11346026123533,35.31785430873038
hires,2048,2048,128,128,5,128,1024,800.0,os,gaussian,9222912.0,20.816232448,accelergy,17898240.0,28.578969026560003,51.52971465350783,72.83759056757553
hires,2048,2048,128,128,5,128,1024,800.0,os,sobel,8675328.0,7.76273657856,accelergy,17898240.0,28.578969026560003,48.47028534649217,27.16240943242446
hires,2048,2048,128,128,5,128,1024,800.0,ws,gaussian,4372736.0,20.770225408,accelergy,8750592.0,32.12534086656,49.97074483646364,64.6537121404374
hires,2048,2048,128,128,5,128,1024,800.0,ws,sobel,4377856.0,11.35511545856,accelergy,8750592.0,32.12534086656,50.02925516353637,35.346287859562594
hires,2048,2048,128,128,5,128,4096,50.0,os,gaussian,11322880.0,18.194792448,accelergy,20863488.0,25.920665026560002,54.2712704606248,70.19415755481748
hires,2048,2048,128,128,5,128,4096,50.0,os,sobel,9540608.0,7.725872578560001,accelergy,20863488.0,25.920665026560002,45.7287295393752,29.805842445182517
hires,2048,2048,128,128,5,128,4096,50.0,ws,gaussian,9207040.0,40.023473408,accelergy,18498048.0,80.31478086656,49.77303551163885,49.83325980120335
hires,2048,2048,128,128,5,128,4096,50.0,ws,sobel,9291008.0,40.29130745856,accelergy,18498048.0,80.31478086656,50.22696448836115,50.16674019879665
hires,2048,2048,128,128,5,128,4096,200.0,os,gaussian,9687040.0,18.194792448,accelergy,18535424.0,25.924761026560002,52.26230594994752,70.18306718183199
hires,2048,2048,128,128,5,128,4096,200.0,os,sobel,8848384.0,7.72996857856,accelergy,18535424.0,25.924761026560002,47.73769405005248,29.816932818168013
hires,2048,2048,128,128,5,128,4096,200.0,ws,gaussian,5520640.0,40.029617408,accelergy,11062272.0,80.32706886656,49.90511894844025,49.833285308216006
hires,2048,2048,128,128,5,128,4096,200.0,ws,sobel,5541632.0,40.29745145856,accelergy,11062272.0,80.32706886656,50.094881051559746,50.16671469178399
hires,2048,2048,128,128,5,128,4096,800.0,os,gaussian,9278208.0,18.194792448,accelergy,17953536.0,25.957529026560003,51.679000727210514,70.09447019931252
hires,2048,2048,128,128,5,128,4096,800.0,os,sobel,8675328.0,7.76273657856,accelergy,17953536.0,25.957529026560003,48.32099927278949,29.905529800687464
hires,2048,2048,128,128,5,128,4096,800.0,ws,gaussian,4599040.0,40.037809408,accelergy,9203200.0,80.35983686656,49.97218358831711,49.82315914165434
hires,2048,2048,128,128,5,128,4096,800.0,ws,sobel,4604160.0,40.32202745856,accelergy,9203200.0,80.35983686656,50.02781641168289,50.17684085834566
hires,2048,2048,128,128,7,8,256,50.0,os,gaussian,33415168.0,69.50494404608,accelergy,45942784.0,90.48874942463999,72.73213569295235,76.81059191116843
hires,2048,2048,128,128,7,8,256,50.0,os,sobel,12527616.0,20.98380537856,accelergy,45942784.0,90.48874942463999,27.267864307047653,23.189408088831573
hires,2048,2048,128,128,7,8,256,50.0,ws,gaussian,29986560.0,39.71135812608,accelergy,38721792.0,49.92745790464,77.44104405085385,79.53811348041701
hires,2048,2048,128,128,7,8,256,50.0,ws,sobel,8735232.0,10.216099778560002,accelergy,38721792.0,49.92745790464,22.558955949146156,20.461886519582986
hires,2048,2048,128,128,7,8,256,200.0,os,gaussian,33126144.0,69.61963204608,accelergy,45301760.0,90.64030142464,73.12330470162749,76.80869431349258
hires,2048,2048,128,128,7,8,256,200.0,os,sobel,12175616.0,21.02066937856,accelergy,45301760.0,90.64030142464,26.876695298372518,23.19130568650742
hires,2048,2048,128,128,7,8,256,200.0,ws,gaussian,29546240.0,39.76870212608,accelergy,38029824.0,50.00118590464,77.69228697981877,79.53551782136742
hires,2048,2048,128,128,7,8,256,200.0,ws,sobel,8483584.0,10.23248377856,accelergy,38029824.0,50.00118590464,22.307713020181215,20.464482178632583
hires,2048,2048,128,128,7,8,256,800.0,os,gaussian,33053952.0,69.86539204608,accelergy,45141504.0,90.97617342464001,73.22297458232671,76.79526343669852
hires,2048,2048,128,128,7,8,256,800.0,os,sobel,12087552.0,21.110781378560002,accelergy,45141504.0,90.97617342464001,26.77702541767328,23.204736563301477
hires,2048,2048,128,128,7,8,256,800.0,ws,gaussian,29435904.0,39.899774126080004,accelergy,37856512.0,50.181409904640006,77.75651385949133,79.51106635286204
hires,2048,2048,128,128,7,8,256,800.0,ws,sobel,8420608.0,10.281635778560002,accelergy,37856512.0,50.181409904640006,22.24348614050867,20.488933647137948
hires,2048,2048,128,128,7,8,1024,50.0,os,gaussian,34322176.0,40.62814404608,accelergy,47303424.0,48.35319742464,72.55748759328712,84.02369690112067
hires,2048,2048,128,128,7,8,1024,50.0,os,sobel,12981248.0,7.72505337856,accelergy,47303424.0,48.35319742464,27.442512406712883,15.97630309887933
hires,2048,2048,128,128,7,8,1024,50.0,ws,gaussian,31194880.0,44.610174126080004,accelergy,41138432.0,57.257249904640005,75.82904472392141,77.91183509577692
hires,2048,2048,128,128,7,8,1024,50.0,ws,sobel,9943552.0,12.64707577856,accelergy,41138432.0,57.257249904640005,24.170955276078583,22.088164904223085
hires,2048,2048,128,128,7,8,1024,200.0,os,gaussian,33352960.0,40.65272004608,accelergy,45641984.0,48.38596542464,73.07517569788378,84.01758586256929
hires,2048,2048,128,128,7,8,1024,200.0,os,sobel,12289024.0,7.73324537856,accelergy,45641984.0,48.38596542464,26.924824302116228,15.982414137430714
hires,2048,2048,128,128,7,8,1024,200.0,ws,gaussian,29848320.0,44.63475012608,accelergy,38633984.0,57.29206590464,77.25923373577004,77.90738459383275
hires,2048,2048,128,128,7,8,1024,200.0,ws,sobel,8785664.0,12.65731577856,accelergy,38633984.0,57.29206590464,22.740766264229958,22.092615406167265
hires,2048,2048,128,128,7,8,1024,800.0,os,gaussian,33110784.0,40.76740804608,accelergy,45226752.0,48.54161342464,73.2106165837423,83.9844520400433
hires,2048,2048,128,128,7,8,1024,800.0,os,sobel,12115968.0,7.7742053785600005,accelergy,45226752.0,48.54161342464,26.789383416257706,16.015547959956702
hires,2048,2048,128,128,7,8,1024,800.0,ws,gaussian,29511680.0,44.74943812608,accelergy,38007808.0,57.45590590464,77.6463615055096,77.88483606950865
hires,2048,2048,128,128,7,8,1024,800.0,ws,sobel,8496128.0,12.706467778559999,accelergy,38007808.0,57.45590590464,22.353638494490397,22.11516393049136
hires,2048,2048,128,128,7,8,4096,50.0,os,gaussian,37224192.0,34.83844804608,accelergy,50205440.0,42.56350142464,74.14374219208118,81.8505218790859
hires,2048,2048,128,128,7,8,4096,50.0,os,sobel,12981248.0,7.72505337856,accelergy,50205440.0,42.56350142464,25.856257807918826,18.149478120914104
hires,2048,2048,128,128,7,8,4096,50.0,ws,gaussian,34684160.0,43.51859012608,accelergy,44761344.0,57.23472190464,77.48686009070684,76.03529584469241
hires,2048,2048,128,128,7,8,4096,50.0,ws,sobel,10077184.0,13.71613177856,accelergy,44761344.0,57.23472190464,22.513139909293162,23.96470415530758
hires,2048,2048,128,128,7,8,4096,200.0,os,gaussian,34078464.0,34.84459204608,accelergy,46367488.0,42.57783742464,73.4964637290681,81.83739276977761
hires,2048,2048,128,128,7,8,4096,200.0,os,sobel,12289024.0,7.73324537856,accelergy,46367488.0,42.57783742464,26.50353627093191,18.16260723022239
hires,2048,2048,128,128,7,8,4096,200.0,ws,gaussian,30720512.0,43.52063812608,accelergy,39539456.0,57.242913904640005,77.69583880971959,76.02799221328999
hires,2048,2048,128,128,7,8,4096,200.0,ws,sobel,8818944.0,13.72227577856,accelergy,39539456.0,57.242913904640005,22.304161190280414,23.972007786709995
hires,2048,2048,128,128,7,8,4096,800.0,os,gaussian,33292032.0,34.86916804608,accelergy,45408000.0,42.64337342464,73.31754756871037,81.76925333475624
hires,2048,2048,128,128,7,8,4096,800.0,os,sobel,12115968.0,7.7742053785600005,accelergy,45408000.0,42.64337342464,26.68245243128964,18.23074666524376
hires,2048,2048,128,128,7,8,4096,800.0,ws,gaussian,29729536.0,43.537022126080004,accelergy,38233856.0,57.292065904640005,77.75709570073184,75.99136361838542
hires,2048,2048,128,128,7,8,4096,800.0,ws,sobel,8504320.0,13.75504377856,accelergy,38233856.0,57.292065904640005,22.24290429926817,24.008636381614572
hires,2048,2048,128,128,7,16,256,50.0,os,gaussian,34947584.0,233.51009476608,accelergy,45640192.0,266.53507518464,76.57194781301534,87.60951803597248
hires,2048,2048,128,128,7,16,256,50.0,os,sobel,10692608.0,33.02498041856,accelergy,45640192.0,266.53507518464,23.428052186984665,12.390481964027517
hires,2048,2048,128,128,7,16,256,50.0,ws,gaussian,17159680.0,37.651561646080005,accelergy,21834752.0,46.485589104640006,78.58884772311589,80.99620198708372
hires,2048,2048,128,128,7,16,256,50.0,ws,sobel,4675072.0,8.834027458560001,accelergy,21834752.0,46.485589104640006,21.411152276884117,19.003798012916274
hires,2048,2048,128,128,7,16,256,200.0,os,gaussian,20805376.0,233.90331076607998,accelergy,31145984.0,266.98358718464,66.79954629142556,87.60962171218323
hires,2048,2048,128,128,7,16,256,200.0,os,sobel,10340608.0,33.080276418560004,accelergy,31145984.0,266.98358718464,33.200453708574436,12.390378287816775
hires,2048,2048,128,128,7,16,256,200.0,ws,gaussian,16908032.0,37.708905646080005,accelergy,21231104.0,46.55726910464001,79.63802541780211,80.99466822533594
hires,2048,2048,128,128,7,16,256,200.0,ws,sobel,4323072.0,8.848363458560002,accelergy,21231104.0,46.55726910464001,20.36197458219789,19.00533177466406
hires,2048,2048,128,128,7,16,256,800.0,os,gaussian,20733184.0,234.68974276607997,accelergy,30985728.0,267.90109118464,66.91204415142352,87.60313059133065
hires,2048,2048,128,128,7,16,256,800.0,os,sobel,10252544.0,33.21134841856,accelergy,30985728.0,267.90109118464,33.08795584857648,12.396869408669344
hires,2048,2048,128,128,7,16,256,800.0,ws,gaussian,16845056.0,37.82359364608,accelergy,21080064.0,46.72110910464,79.90989021665209,80.95611249589028
hires,2048,2048,128,128,7,16,256,800.0,ws,sobel,4235008.0,8.897515458560001,accelergy,21080064.0,46.72110910464,20.090109783347906,19.043887504109712
hires,2048,2048,128,128,7,16,1024,50.0,os,gaussian,22001408.0,69.58612676608,accelergy,33147648.0,77.28963518464,66.37396414973395,90.03293468761132
hires,2048,2048,128,128,7,16,1024,50.0,os,sobel,11146240.0,7.70350841856,accelergy,33147648.0,77.28963518464,33.62603585026606,9.967065312388666
hires,2048,2048,128,128,7,16,1024,50.0,ws,gaussian,18368000.0,42.55037764608,accelergy,23950080.0,53.81538110464,76.69285447063224,79.06731639295458
hires,2048,2048,128,128,7,16,1024,50.0,ws,sobel,5582080.0,11.265003458559999,accelergy,23950080.0,53.81538110464,23.30714552936775,20.932683607045426
hires,2048,2048,128,128,7,16,1024,200.0,os,gaussian,21032192.0,69.62913476608,accelergy,31486208.0,77.33878718464,66.79811046157099,90.0313249027893
hires,2048,2048,128,128,7,16,1024,200.0,os,sobel,10454016.0,7.70965241856,accelergy,31486208.0,77.33878718464,33.201889538429015,9.968675097210717
hires,2048,2048,128,128,7,16,1024,200.0,ws,gaussian,17210112.0,42.574953646080004,accelergy,21760000.0,53.84814910464,79.0905882352941,79.06484132508724
hires,2048,2048,128,128,7,16,1024,200.0,ws,sobel,4549888.0,11.27319545856,accelergy,21760000.0,53.84814910464,20.909411764705883,20.935158674912763
hires,2048,2048,128,128,7,16,1024,800.0,os,gaussian,20790016.0,69.80116676608,accelergy,31070976.0,77.55177918464,66.91137092056587,90.00588703438143
hires,2048,2048,128,128,7,16,1024,800.0,os,sobel,10280960.0,7.75061241856,accelergy,31070976.0,77.55177918464,33.088629079434135,9.994112965618584
hires,2048,2048,128,128,7,16,1024,800.0,ws,gaussian,16920576.0,42.67325764608,accelergy,21212416.0,53.995605104640006,79.767321176428,79.03098328721751
hires,2048,2048,128,128,7,16,1024,800.0,ws,sobel,4291840.0,11.32234745856,accelergy,21212416.0,53.995605104640006,20.232678823572005,20.969016712782494
hires,2048,2048,128,128,7,16,4096,50.0,os,gaussian,24903424.0,34.79060676608,accelergy,36049664.0,42.49411518464,69.0808768703087,81.87158766552099
hires,2048,2048,128,128,7,16,4096,50.0,os,sobel,11146240.0,7.70350841856,accelergy,36049664.0,42.49411518464,30.919123129691307,18.12841233447902
hires,2048,2048,128,128,7,16,4096,50.0,ws,gaussian,21990912.0,42.52784964608,accelergy,27706624.0,54.86190910464,79.37059383344575,77.51799078840872
hires,2048,2048,128,128,7,16,4096,50.0,ws,sobel,5715712.0,12.334059458559999,accelergy,27706624.0,54.86190910464,20.62940616655425,22.48200921159128
hires,2048,2048,128,128,7,16,4096,200.0,os,gaussian,21757696.0,34.79675076608,accelergy,32211712.0,42.50640318464,67.54591621829972,81.86237404028121
hires,2048,2048,128,128,7,16,4096,200.0,os,sobel,10454016.0,7.70965241856,accelergy,32211712.0,42.50640318464,32.45408378170027,18.137625959718793
hires,2048,2048,128,128,7,16,4096,200.0,ws,gaussian,18115840.0,42.53399364608,accelergy,22699008.0,54.87214910464,79.80895024134975,77.51472165773677
hires,2048,2048,128,128,7,16,4096,200.0,ws,sobel,4583168.0,12.33815545856,accelergy,22699008.0,54.87214910464,20.191049758650244,22.485278342263218
hires,2048,2048,128,128,7,16,4096,800.0,os,gaussian,20971264.0,34.80494276608,accelergy,31252224.0,42.555555184640006,67.10326919453796,81.787072486937
hires,2048,2048,128,128,7,16,4096,800.0,os,sobel,10280960.0,7.75061241856,accelergy,31252224.0,42.555555184640006,32.896730805462035,18.212927513062983
hires,2048,2048,128,128,7,16,4096,800.0,ws,gaussian,17146880.0,42.54218564608,accelergy,21446912.0,54.91310910464,79.95034436659226,77.47182110015568
hires,2048,2048,128,128,7,16,4096,800.0,ws,sobel,4300032.0,12.37092345856,accelergy,21446912.0,54.91310910464,20.04965563340774,22.528178899844324
hires,2048,2048,128,128,7,32,256,50.0,os,gaussian,78915584.0,629.1679661260799,accelergy,88690688.0,662.1872940646399,88.97843254976216,95.01359687289064
hires,2048,2048,128,128,7,32,256,50.0,os,sobel,9775104.0,33.019327938560004,accelergy,88690688.0,662.1872940646399,11.021567450237843,4.986403127109352
hires,2048,2048,128,128,7,32,256,50.0,ws,gaussian,8905728.0,36.30020932608,accelergy,13593088.0,45.14038078464,65.51659196203246,80.41626741977316
hires,2048,2048,128,128,7,32,256,50.0,ws,sobel,4687360.0,8.840171458560002,accelergy,13593088.0,45.14038078464,34.483408037967536,19.583732580226844
hires,2048,2048,128,128,7,32,256,200.0,os,gaussian,20185600.0,630.23292612608,accelergy,29608704.0,663.30959806464,68.17454759249172,95.01338861444657
hires,2048,2048,128,128,7,32,256,200.0,os,sobel,9423104.0,33.076671938560004,accelergy,29608704.0,663.30959806464,31.82545240750828,4.9866113855534255
hires,2048,2048,128,128,7,32,256,200.0,ws,gaussian,8553728.0,36.35755332608,accelergy,12889088.0,45.214108784640004,66.36410582346866,80.41196498919221
hires,2048,2048,128,128,7,32,256,200.0,ws,sobel,4335360.0,8.85655545856,accelergy,12889088.0,45.214108784640004,33.635894176531345,19.58803501080778
hires,2048,2048,128,128,7,32,256,800.0,os,gaussian,14572800.0,632.36284612608,accelergy,23907840.0,665.56239806464,60.95406360424028,95.01180474811986
hires,2048,2048,128,128,7,32,256,800.0,os,sobel,9335040.0,33.19955193856,accelergy,23907840.0,665.56239806464,39.04593639575972,4.9881952518801445
hires,2048,2048,128,128,7,32,256,800.0,ws,gaussian,8465664.0,36.47224132608,accelergy,12712960.0,45.36975678464,66.59081755940394,80.38888438217886
hires,2048,2048,128,128,7,32,256,800.0,ws,sobel,4247296.0,8.897515458560001,accelergy,12712960.0,45.36975678464,33.409182440596055,19.611115617821138
hires,2048,2048,128,128,7,32,1024,50.0,os,gaussian,15841024.0,69.58678212608,accelergy,26069760.0,77.28463806463999,60.76398094957529,90.03960407743439
hires,2048,2048,128,128,7,32,1024,50.0,os,sobel,10228736.0,7.69785593856,accelergy,26069760.0,77.28463806463999,39.23601905042471,9.960395922565622
hires,2048,2048,128,128,7,32,1024,50.0,ws,gaussian,9812736.0,41.199025326080005,accelergy,15407104.0,52.470172784640006,63.68968496610394,78.51894350563394
hires,2048,2048,128,128,7,32,1024,50.0,ws,sobel,5594368.0,11.27114745856,accelergy,15407104.0,52.470172784640006,36.31031503389605,21.48105649436605
hires,2048,2048,128,128,7,32,1024,200.0,os,gaussian,14871808.0,69.62979012608,accelergy,24408320.0,77.33583806464,60.92925690911951,90.03560557251734
hires,2048,2048,128,128,7,32,1024,200.0,os,sobel,9536512.0,7.70604793856,accelergy,24408320.0,77.33583806464,39.07074309088049,9.964394427482658
hires,2048,2048,128,128,7,32,1024,200.0,ws,gaussian,8780544.0,41.22360132608,accelergy,13342720.0,52.50498878464,65.80775134305449,78.51368466178914
hires,2048,2048,128,128,7,32,1024,200.0,ws,sobel,4562176.0,11.28138745856,accelergy,13342720.0,52.50498878464,34.19224865694551,21.48631533821087
hires,2048,2048,128,128,7,32,1024,800.0,os,gaussian,14629632.0,69.80182212608,accelergy,23993088.0,77.54063806463999,60.97436061585737,90.01966435701921
hires,2048,2048,128,128,7,32,1024,800.0,os,sobel,9363456.0,7.73881593856,accelergy,23993088.0,77.54063806463999,39.025639384142636,9.980335642980796
hires,2048,2048,128,128,7,32,1024,800.0,ws,gaussian,8522496.0,41.32190532608,accelergy,12826624.0,52.64425278464,66.44379690244293,78.49271884458483
hires,2048,2048,128,128,7,32,1024,800.0,ws,sobel,4304128.0,11.32234745856,accelergy,12826624.0,52.64425278464,33.55620309755708,21.507281155415157
hires,2048,2048,128,128,7,32,4096,50.0,os,gaussian,18743040.0,34.79126212608,accelergy,28971776.0,42.489118064639996,64.69413542338584,81.88275895289469
hires,2048,2048,128,128,7,32,4096,50.0,os,sobel,10228736.0,7.69785593856,accelergy,28971776.0,42.489118064639996,35.30586457661415,18.117241047105324
hires,2048,2048,128,128,7,32,4096,50.0,ws,gaussian,13435648.0,41.17649732608,accelergy,20505856.0,64.25436478464,65.52102970000374,64.0835801024419
hires,2048,2048,128,128,7,32,4096,50.0,ws,sobel,7070208.0,23.07786745856,accelergy,20505856.0,64.25436478464,34.478970299996256,35.916419897558086
hires,2048,2048,128,128,7,32,4096,200.0,os,gaussian,15597312.0,34.79740612608,accelergy,25133824.0,42.503454064639996,62.057059045213336,81.8695959936797
hires,2048,2048,128,128,7,32,4096,200.0,os,sobel,9536512.0,7.70604793856,accelergy,25133824.0,42.503454064639996,37.942940954786664,18.130404006320305
hires,2048,2048,128,128,7,32,4096,200.0,ws,gaussian,9686272.0,41.18264132608,accelergy,14617344.0,64.26870078464,66.26560885479606,64.07884525949919
hires,2048,2048,128,128,7,32,4096,200.0,ws,sobel,4931072.0,23.08605945856,accelergy,14617344.0,64.26870078464,33.73439114520394,35.921154740500825
hires,2048,2048,128,128,7,32,4096,800.0,os,gaussian,14810880.0,34.80559812608,accelergy,24174336.0,42.54441406464,61.2669568256187,81.81003050881837
hires,2048,2048,128,128,7,32,4096,800.0,os,sobel,9363456.0,7.73881593856,accelergy,24174336.0,42.54441406464,38.733043174381294,18.189969491181625
hires,2048,2048,128,128,7,32,4096,800.0,ws,gaussian,8748800.0,41.19083332608,accelergy,13145088.0,64.30966078464,66.55565942198332,64.05077063618752
hires,2048,2048,128,128,7,32,4096,800.0,ws,sobel,4396288.0,23.118827458560002,accelergy,13145088.0,64.30966078464,33.44434057801667,35.94922936381248
hires,2048,2048,128,128,7,64,256,50.0,os,gaussian,152616704.0,1220.2886778060802,accelergy,161933056.0,1253.31439550464,94.24678800602639,97.36492951672653
hires,2048,2048,128,128,7,64,256,50.0,os,sobel,9316352.0,33.02571769856,accelergy,161933056.0,1253.31439550464,5.753211993973609,2.635070483273463
hires,2048,2048,128,128,7,64,256,50.0,ws,gaussian,4627968.0,35.671637166080004,accelergy,9339904.0,44.52409662464001,49.55048788510032,80.11759894155611
hires,2048,2048,128,128,7,64,256,50.0,ws,sobel,4711936.0,8.852459458560002,accelergy,9339904.0,44.52409662464001,50.44951211489968,19.882401058443882
hires,2048,2048,128,128,7,64,256,200.0,os,gaussian,38331392.0,1222.3592058060801,accelergy,47295744.0,1255.4381715046402,81.04617616333512,97.36514577544547
hires,2048,2048,128,128,7,64,256,200.0,os,sobel,8964352.0,33.078965698560005,accelergy,47295744.0,1255.4381715046402,18.953823836664878,2.634854224554518
hires,2048,2048,128,128,7,64,256,200.0,ws,gaussian,4338944.0,35.73102916608,accelergy,8698880.0,44.59577662464,49.87934078869923,80.12200228471397
hires,2048,2048,128,128,7,64,256,200.0,ws,sobel,4359936.0,8.864747458560002,accelergy,8698880.0,44.59577662464,50.12065921130077,19.877997715286032
hires,2048,2048,128,128,7,64,256,800.0,os,gaussian,11492608.0,1226.4961658060802,accelergy,20368896.0,1259.6898195046401,56.42234120101551,97.36493435252076
hires,2048,2048,128,128,7,64,256,800.0,os,sobel,8876288.0,33.19365369856,accelergy,20368896.0,1259.6898195046401,43.577658798984494,2.6350656474792387
hires,2048,2048,128,128,7,64,256,800.0,ws,gaussian,4266752.0,35.84571716608,accelergy,8538624.0,44.74323262464,49.97001858847515,80.11427664781611
hires,2048,2048,128,128,7,64,256,800.0,ws,sobel,4271872.0,8.897515458560001,accelergy,8538624.0,44.74323262464,50.02998141152486,19.8857233521839
hires,2048,2048,128,128,7,64,1024,50.0,os,gaussian,25781760.0,204.99472580608,accelergy,35551744.0,212.69897150463999,72.51897403401645,96.37786415041883
hires,2048,2048,128,128,7,64,1024,50.0,os,sobel,9769984.0,7.70424569856,accelergy,35551744.0,212.69897150463999,27.48102596598355,3.622135849581169
hires,2048,2048,128,128,7,64,1024,50.0,ws,gaussian,5534976.0,40.57045316608,accelergy,11153920.0,51.85388862464,49.623594216203806,78.23994350695943
hires,2048,2048,128,128,7,64,1024,50.0,ws,sobel,5618944.0,11.28343545856,accelergy,11153920.0,51.85388862464,50.37640578379619,21.760056493040565
hires,2048,2048,128,128,7,64,1024,200.0,os,gaussian,11791616.0,205.12579780608,accelergy,20869376.0,212.83413950463998,56.50200561818427,96.37824001520586
hires,2048,2048,128,128,7,64,1024,200.0,os,sobel,9077760.0,7.708341698560001,accelergy,20869376.0,212.83413950463998,43.49799438181573,3.621759984794146
hires,2048,2048,128,128,7,64,1024,200.0,ws,gaussian,4565760.0,40.597077166080005,accelergy,9152512.0,51.886656624640004,49.88532110091743,78.24184444908175
hires,2048,2048,128,128,7,64,1024,200.0,ws,sobel,4586752.0,11.289579458559999,accelergy,9152512.0,51.886656624640004,50.11467889908256,21.758155550918246
hires,2048,2048,128,128,7,64,1024,800.0,os,gaussian,11549440.0,205.64189380608,accelergy,20454144.0,213.37481150463998,56.46503710935056,96.3758994587832
hires,2048,2048,128,128,7,64,1024,800.0,os,sobel,8904704.0,7.7329176985600006,accelergy,20454144.0,213.37481150463998,43.53496289064944,3.6241005412168077
hires,2048,2048,128,128,7,64,1024,800.0,ws,gaussian,4323584.0,40.695381166080004,accelergy,8652288.0,52.01772862464,49.970412450440854,78.23367579107102
hires,2048,2048,128,128,7,64,1024,800.0,ws,sobel,4328704.0,11.32234745856,accelergy,8652288.0,52.01772862464,50.02958754955914,21.766324208928985
hires,2048,2048,128,128,7,64,4096,50.0,os,gaussian,15662848.0,34.83869380608,accelergy,25432832.0,42.54293950464,61.58515103626683,81.89065967639654
hires,2048,2048,128,128,7,64,4096,50.0,os,sobel,9769984.0,7.70424569856,accelergy,25432832.0,42.54293950464,38.41484896373318,18.109340323603465
hires,2048,2048,128,128,7,64,4096,50.0,ws,gaussian,9157888.0,40.54792516608,accelergy,18399744.0,80.81465662464,49.77182291231878,50.17397444923021
hires,2048,2048,128,128,7,64,4096,50.0,ws,sobel,9241856.0,40.266731458559995,accelergy,18399744.0,80.81465662464,50.228177087681225,49.82602555076979
hires,2048,2048,128,128,7,64,4096,200.0,os,gaussian,12517120.0,34.84688580608,accelergy,21594880.0,42.55522750464,57.963369094896564,81.8862636847153
hires,2048,2048,128,128,7,64,4096,200.0,os,sobel,9077760.0,7.708341698560001,accelergy,21594880.0,42.55522750464,42.036630905103436,18.113736315284704
hires,2048,2048,128,128,7,64,4096,200.0,ws,gaussian,5471488.0,40.55611716608,accelergy,10963968.0,80.82899262464,49.90426823573363,50.17521046491037
hires,2048,2048,128,128,7,64,4096,200.0,ws,sobel,5492480.0,40.272875458559994,accelergy,10963968.0,80.82899262464,50.09573176426637,49.82478953508963
hires,2048,2048,128,128,7,64,4096,800.0,os,gaussian,11730688.0,34.855077806080004,accelergy,20635392.0,42.587995504640006,56.84742019923827,81.84249432984585
hires,2048,2048,128,128,7,64,4096,800.0,os,sobel,8904704.0,7.7329176985600006,accelergy,20635392.0,42.587995504640006,43.15257980076172,18.15750567015414
hires,2048,2048,128,128,7,64,4096,800.0,ws,gaussian,4549888.0,40.56430916608,accelergy,9104896.0,80.85356862463999,49.97188325929258,50.17009126016251
hires,2048,2048,128,128,7,64,4096,800.0,ws,sobel,4555008.0,40.28925945856,accelergy,9104896.0,80.85356862463999,50.02811674070742,49.82990873983751
hires,2048,2048,128,128,7,128,256,50.0,os,gaussian,152822016.0,1220.4096736460801,accelergy,161908992.0,1253.4570182246403,94.38760263543608,97.36350396558731
hires,2048,2048,128,128,7,128,256,50.0,os,sobel,9086976.0,33.04734457856,accelergy,161908992.0,1253.4570182246403,5.612397364563915,2.636496034412675
hires,2048,2048,128,128,7,128,256,50.0,ws,gaussian,4677120.0,35.800661166080005,accelergy,9438208.0,44.67769662464001,49.55516979494413,80.13094646946443
hires,2048,2048,128,128,7,128,256,50.0,ws,sobel,4761088.0,8.877035458560002,accelergy,9438208.0,44.67769662464001,50.44483020505588,19.86905353053556
hires,2048,2048,128,128,7,128,256,200.0,os,gaussian,38364160.0,1222.4822496460802,accelergy,47099136.0,1255.5828422246402,81.4540631913078,97.36372691108836
hires,2048,2048,128,128,7,128,256,200.0,os,sobel,8734976.0,33.100592578560004,accelergy,47099136.0,1255.5828422246402,18.5459368086922,2.6362730889116333
hires,2048,2048,128,128,7,128,256,200.0,ws,gaussian,4388096.0,35.86210116608,accelergy,8797184.0,44.75142462464,49.88068909323711,80.13622240382139
hires,2048,2048,128,128,7,128,256,200.0,ws,sobel,4409088.0,8.889323458560002,accelergy,8797184.0,44.75142462464,50.11931090676289,19.86377759617862
hires,2048,2048,128,128,7,128,256,800.0,os,gaussian,9952512.0,1226.61920964608,accelergy,18599424.0,1259.84268222464,53.50978610950533,97.36288720430603
hires,2048,2048,128,128,7,128,256,800.0,os,sobel,8646912.0,33.22347257856,accelergy,18599424.0,1259.84268222464,46.49021389049467,2.637112795693962
hires,2048,2048,128,128,7,128,256,800.0,ws,gaussian,4315904.0,35.97678916608,accelergy,8636928.0,44.90707262464001,49.97035983164385,80.11385971825725
hires,2048,2048,128,128,7,128,256,800.0,ws,sobel,4321024.0,8.930283458560002,accelergy,8636928.0,44.90707262464001,50.02964016835616,19.886140281742737
hires,2048,2048,128,128,7,128,1024,50.0,os,gaussian,25856000.0,205.11572164607998,accelergy,35396608.0,212.84159422463998,73.0465472849828,96.37013028082949
hires,2048,2048,128,128,7,128,1024,50.0,os,sobel,9540608.0,7.725872578560001,accelergy,35396608.0,212.84159422463998,26.953452715017214,3.629869719170522
hires,2048,2048,128,128,7,128,1024,50.0,ws,gaussian,5584128.0,40.69947716608,accelergy,11252224.0,52.007488624640004,49.62688265004323,78.25695537776357
hires,2048,2048,128,128,7,128,1024,50.0,ws,sobel,5668096.0,11.30801145856,accelergy,11252224.0,52.007488624640004,50.37311734995677,21.743044622236408
hires,2048,2048,128,128,7,128,1024,200.0,os,gaussian,10251520.0,205.24884164608,accelergy,19099904.0,212.97881022464,53.67314935195486,96.3705457033933
hires,2048,2048,128,128,7,128,1024,200.0,os,sobel,8848384.0,7.72996857856,accelergy,19099904.0,212.97881022464,46.326850648045145,3.6294542966066876
hires,2048,2048,128,128,7,128,1024,200.0,ws,gaussian,4614912.0,40.72814916608,accelergy,9250816.0,52.04230462464,49.88653973876467,78.25969556851025
hires,2048,2048,128,128,7,128,1024,200.0,ws,sobel,4635904.0,11.31415545856,accelergy,9250816.0,52.04230462464,50.11346026123533,21.74030443148974
hires,2048,2048,128,128,7,128,1024,800.0,os,gaussian,10009344.0,205.76493764608,accelergy,18684672.0,213.52767422464,53.56981380245798,96.36452904442106
hires,2048,2048,128,128,7,128,1024,800.0,os,sobel,8675328.0,7.76273657856,accelergy,18684672.0,213.52767422464,46.43018619754203,3.635470955578937
hires,2048,2048,128,128,7,128,1024,800.0,ws,gaussian,4372736.0,40.82645316608,accelergy,8750592.0,52.18156862464,49.97074483646364,78.23922170634376
hires,2048,2048,128,128,7,128,1024,800.0,ws,sobel,4377856.0,11.35511545856,accelergy,8750592.0,52.18156862464,50.02925516353637,21.760778293656248
hires,2048,2048,128,128,7,128,4096,50.0,os,gaussian,14122752.0,34.95968964608,accelergy,23663360.0,42.68556222464,59.68193865959863,81.90050177176703
hires,2048,2048,128,128,7,128,4096,50.0,os,sobel,9540608.0,7.725872578560001,accelergy,23663360.0,42.68556222464,40.318061340401364,18.099498228232974
hires,2048,2048,128,128,7,128,4096,50.0,ws,gaussian,9207040.0,40.67694916608,accelergy,18498048.0,80.96825662463999,49.77303551163885,50.23814376373929
hires,2048,2048,128,128,7,128,4096,50.0,ws,sobel,9291008.0,40.29130745856,accelergy,18498048.0,80.96825662463999,50.22696448836115,49.76185623626072
hires,2048,2048,128,128,7,128,4096,200.0,os,gaussian,10977024.0,34.969929646080004,accelergy,19825408.0,42.69989822464,55.36846454811927,81.89698594152757
hires,2048,2048,128,128,7,128,4096,200.0,os,sobel,8848384.0,7.72996857856,accelergy,19825408.0,42.69989822464,44.63153545188074,18.103014058472432
hires,2048,2048,128,128,7,128,4096,200.0,ws,gaussian,5520640.0,40.68718916608,accelergy,11062272.0,80.98464062464001,49.90511894844025,50.24062445947399
hires,2048,2048,128,128,7,128,4096,200.0,ws,sobel,5541632.0,40.29745145856,accelergy,11062272.0,80.98464062464001,50.094881051559746,49.759375540525994
hires,2048,2048,128,128,7,128,4096,800.0,os,gaussian,10190592.0,34.978121646080005,accelergy,18865920.0,42.74085822464001,54.01587624669245,81.8376679809279
hires,2048,2048,128,128,7,128,4096,800.0,os,sobel,8675328.0,7.76273657856,accelergy,18865920.0,42.74085822464001,45.98412375330755,18.162332019072096
hires,2048,2048,128,128,7,128,4096,800.0,ws,gaussian,4599040.0,40.695381166080004,accelergy,9203200.0,81.01740862464001,49.97218358831711,50.23041573030913
hires,2048,2048,128,128,7,128,4096,800.0,ws,sobel,4604160.0,40.32202745856,accelergy,9203200.0,81.01740862464001,50.02781641168289,49.76958426969086
hires,2048,2048,128,128,11,8,256,50.0,os,gaussian,71163904.0,247.41338284032,accelergy,83691520.0,268.39718821888,85.03120029364982,92.18180878949912
hires,2048,2048,128,128,11,8,256,50.0,os,sobel,12527616.0,20.98380537856,accelergy,83691520.0,268.39718821888,14.968799706350177,7.818191210500888
hires,2048,2048,128,128,11,8,256,50.0,ws,gaussian,67636480.0,95.79485484032001,accelergy,76371712.0,106.01095461888002,88.56221528725192,90.36316594328585
hires,2048,2048,128,128,11,8,256,50.0,ws,sobel,8735232.0,10.216099778560002,accelergy,76371712.0,106.01095461888002,11.437784712748092,9.63683405671414
hires,2048,2048,128,128,11,8,256,200.0,os,gaussian,70874880.0,247.82707884032,accelergy,83050496.0,268.84774821888004,85.33950236733084,92.18119938968347
hires,2048,2048,128,128,11,8,256,200.0,os,sobel,12175616.0,21.02066937856,accelergy,83050496.0,268.84774821888004,14.660497632669165,7.818800610316515
hires,2048,2048,128,128,11,8,256,200.0,ws,gaussian,67308288.0,95.93411884032001,accelergy,75791872.0,106.16660261888,88.80673642682952,90.36186189804634
hires,2048,2048,128,128,11,8,256,200.0,ws,sobel,8483584.0,10.23248377856,accelergy,75791872.0,106.16660261888,11.193263573170485,9.638138101953656
hires,2048,2048,128,128,11,8,256,800.0,os,gaussian,70802688.0,248.67904684032,accelergy,82890240.0,269.78982821888,85.41740016677475,92.17510107110752
hires,2048,2048,128,128,11,8,256,800.0,os,sobel,12087552.0,21.110781378560002,accelergy,82890240.0,269.78982821888,14.582599833225238,7.8248989288924795
hires,2048,2048,128,128,11,8,256,800.0,ws,gaussian,67226112.0,96.23722284032,accelergy,75646720.0,106.51885861888,88.8685087734141,90.34759111027722
hires,2048,2048,128,128,11,8,256,800.0,ws,sobel,8420608.0,10.281635778560002,accelergy,75646720.0,106.51885861888,11.131491226585897,9.65240888972277
hires,2048,2048,128,128,11,8,1024,50.0,os,gaussian,72070912.0,168.11277484032001,accelergy,85052160.0,175.83782821888002,84.73730943458696,95.60671702055829
hires,2048,2048,128,128,11,8,1024,50.0,os,sobel,12981248.0,7.72505337856,accelergy,85052160.0,175.83782821888002,15.262690565413036,4.393282979441706
hires,2048,2048,128,128,11,8,1024,50.0,ws,gaussian,68540928.0,100.78583084032,accelergy,78484480.0,113.43290661888,87.33054993802595,88.85061120662937
hires,2048,2048,128,128,11,8,1024,50.0,ws,sobel,9943552.0,12.64707577856,accelergy,78484480.0,113.43290661888,12.669450061974036,11.14938879337065
hires,2048,2048,128,128,11,8,1024,200.0,os,gaussian,71101696.0,168.21722284032,accelergy,83390720.0,175.95046821888002,85.26331946768178,95.60487365743184
hires,2048,2048,128,128,11,8,1024,200.0,os,sobel,12289024.0,7.73324537856,accelergy,83390720.0,175.95046821888002,14.736680532318225,4.395126342568152
hires,2048,2048,128,128,11,8,1024,200.0,ws,gaussian,67534336.0,100.84112684032,accelergy,76320000.0,113.49844261888,88.4883857442348,88.84802690988245
hires,2048,2048,128,128,11,8,1024,200.0,ws,sobel,8785664.0,12.65731577856,accelergy,76320000.0,113.49844261888,11.511614255765199,11.151973090117544
hires,2048,2048,128,128,11,8,1024,800.0,os,gaussian,70859520.0,168.65959084032002,accelergy,82975488.0,176.43379621888002,85.39813589285549,95.59369829070873
hires,2048,2048,128,128,11,8,1024,800.0,os,sobel,12115968.0,7.7742053785600005,accelergy,82975488.0,176.43379621888002,14.601864107144511,4.406301709291278
hires,2048,2048,128,128,11,8,1024,800.0,ws,gaussian,67282688.0,101.08688684032,accelergy,75778816.0,113.79335461888,88.78825449054258,88.83373478080784
hires,2048,2048,128,128,11,8,1024,800.0,ws,sobel,8496128.0,12.706467778559999,accelergy,75778816.0,113.79335461888,11.211745509457419,11.166265219192164
hires,2048,2048,128,128,11,8,4096,50.0,os,gaussian,75693824.0,119.70215084032,accelergy,88675072.0,127.42720421888001,85.36088248115547,93.93767333599286
hires,2048,2048,128,128,11,8,4096,50.0,os,sobel,12981248.0,7.72505337856,accelergy,88675072.0,127.42720421888001,14.63911751884453,6.062326664007145
hires,2048,2048,128,128,11,8,4096,50.0,ws,gaussian,73372160.0,129.72407084032,accelergy,83449344.0,143.44020261888,87.92419027284384,90.43773535721802
hires,2048,2048,128,128,11,8,4096,50.0,ws,sobel,10077184.0,13.71613177856,accelergy,83449344.0,143.44020261888,12.075809727156154,9.562264642781985
hires,2048,2048,128,128,11,8,4096,200.0,os,gaussian,72007424.0,119.72058284032,accelergy,84296448.0,127.45382821888,85.42165857332446,93.93251227787408
hires,2048,2048,128,128,11,8,4096,200.0,os,sobel,12289024.0,7.73324537856,accelergy,84296448.0,127.45382821888,14.578341426675534,6.067487722125916
hires,2048,2048,128,128,11,8,4096,200.0,ws,gaussian,68742144.0,129.74250284032001,accelergy,77561088.0,143.46477861888002,88.62967987246388,90.43509082113194
hires,2048,2048,128,128,11,8,4096,200.0,ws,sobel,8818944.0,13.72227577856,accelergy,77561088.0,143.46477861888002,11.370320127536116,9.564909178868062
hires,2048,2048,128,128,11,8,4096,800.0,os,gaussian,71085824.0,119.76973484032001,accelergy,83201792.0,127.54394021888001,85.43785210780077,93.9046846402749
hires,2048,2048,128,128,11,8,4096,800.0,os,sobel,12115968.0,7.7742053785600005,accelergy,83201792.0,127.54394021888001,14.562147892199246,6.095315359725106
hires,2048,2048,128,128,11,8,4096,800.0,ws,gaussian,67584512.0,129.79165484032,accelergy,76088832.0,143.54669861888001,88.82316921358446,90.4177219602382
hires,2048,2048,128,128,11,8,4096,800.0,ws,sobel,8504320.0,13.75504377856,accelergy,76088832.0,143.54669861888001,11.176830786415541,9.582278039761803
hires,2048,2048,128,128,11,16,256,50.0,os,gaussian,56786688.0,411.34668972032,accelergy,67479296.0,444.37167013888,84.15423895353028,92.56816250049454
hires,2048,2048,128,128,11,16,256,50.0,os,sobel,10692608.0,33.02498041856,accelergy,67479296.0,444.37167013888,15.84576104646972,7.431837499505462
hires,2048,2048,128,128,11,16,256,50.0,ws,gaussian,34018048.0,90.29728556032,accelergy,38693120.0,99.13131301888001,87.9175626054451,91.08856002252536
hires,2048,2048,128,128,11,16,256,50.0,ws,sobel,4675072.0,8.834027458560001,accelergy,38693120.0,99.13131301888001,12.082437394554898,8.911439977474647
hires,2048,2048,128,128,11,16,256,200.0,os,gaussian,39679744.0,412.04096172032,accelergy,50020352.0,445.12123813888,79.32719865705863,92.56825476203434
hires,2048,2048,128,128,11,16,256,200.0,os,sobel,10340608.0,33.080276418560004,accelergy,50020352.0,445.12123813888,20.67280134294137,7.431745237965661
hires,2048,2048,128,128,11,16,256,200.0,ws,gaussian,33740800.0,90.43859756032,accelergy,38063872.0,99.28696101888,88.64258475858684,91.0880911574306
hires,2048,2048,128,128,11,16,256,200.0,ws,sobel,4323072.0,8.848363458560002,accelergy,38063872.0,99.28696101888,11.35741524141317,8.911908842569401
hires,2048,2048,128,128,11,16,256,800.0,os,gaussian,39607552.0,413.44179372032,accelergy,49860096.0,446.65314213888,79.43737613341138,92.5643983473347
hires,2048,2048,128,128,11,16,256,800.0,os,sobel,10252544.0,33.21134841856,accelergy,49860096.0,446.65314213888,20.562623866588623,7.435601652665288
hires,2048,2048,128,128,11,16,256,800.0,ws,gaussian,33671424.0,90.73350956032,accelergy,37906432.0,99.63102501888,88.8277324544816,91.06953335381833
hires,2048,2048,128,128,11,16,256,800.0,ws,sobel,4235008.0,8.897515458560001,accelergy,37906432.0,99.63102501888,11.172267545518396,8.930466646181678
hires,2048,2048,128,128,11,16,1024,50.0,os,gaussian,40875776.0,90.64422572032001,accelergy,52022016.0,98.34773413888001,78.57399451801331,92.16707076577725
hires,2048,2048,128,128,11,16,1024,50.0,os,sobel,11146240.0,7.70350841856,accelergy,52022016.0,98.34773413888001,21.426005481986703,7.832929234222751
hires,2048,2048,128,128,11,16,1024,50.0,ws,gaussian,35527936.0,95.28826156032001,accelergy,41110016.0,106.55326501888001,86.42160586850659,89.42781954493466
hires,2048,2048,128,128,11,16,1024,50.0,ws,sobel,5582080.0,11.265003458559999,accelergy,41110016.0,106.55326501888001,13.578394131493404,10.572180455065332
hires,2048,2048,128,128,11,16,1024,200.0,os,gaussian,39906560.0,90.70156972032001,accelergy,50360576.0,98.41122213888,79.24166713263962,92.1658808304606
hires,2048,2048,128,128,11,16,1024,200.0,os,sobel,10454016.0,7.70965241856,accelergy,50360576.0,98.41122213888,20.758332867360373,7.8341191695394
hires,2048,2048,128,128,11,16,1024,200.0,ws,gaussian,34118400.0,95.34560556032001,accelergy,38668288.0,106.61880101888,88.23354165563264,89.42663456085597
hires,2048,2048,128,128,11,16,1024,200.0,ws,sobel,4549888.0,11.27319545856,accelergy,38668288.0,106.61880101888,11.766458344367352,10.573365439144029
hires,2048,2048,128,128,11,16,1024,800.0,os,gaussian,39664384.0,90.93913772032,accelergy,49945344.0,98.68975013888,79.41557875745134,92.14648693744483
hires,2048,2048,128,128,11,16,1024,800.0,os,sobel,10280960.0,7.75061241856,accelergy,49945344.0,98.68975013888,20.584421242548657,7.85351306255517
hires,2048,2048,128,128,11,16,1024,800.0,ws,gaussian,33765888.0,95.58317356032,accelergy,38057728.0,106.90552101888001,88.7228160335793,89.4090152214305
hires,2048,2048,128,128,11,16,1024,800.0,ws,sobel,4291840.0,11.32234745856,accelergy,38057728.0,106.90552101888001,11.277183966420697,10.5909847785695
hires,2048,2048,128,128,11,16,4096,50.0,os,gaussian,44498688.0,119.58246572032,accelergy,55644928.0,127.28597413888001,79.96899196275355,93.94787330601343
hires,2048,2048,128,128,11,16,4096,50.0,os,sobel,11146240.0,7.70350841856,accelergy,55644928.0,127.28597413888001,20.03100803724645,6.052126693986571
hires,2048,2048,128,128,11,16,4096,50.0,ws,gaussian,39150848.0,124.22650156032,accelergy,44866560.0,136.56056101888,87.26064133287686,90.9680662070107
hires,2048,2048,128,128,11,16,4096,50.0,ws,sobel,5715712.0,12.334059458559999,accelergy,44866560.0,136.56056101888,12.739358667123133,9.031933792989301
hires,2048,2048,128,128,11,16,4096,200.0,os,gaussian,40812288.0,119.60294572032001,accelergy,51266304.0,127.31259813888,79.60840711278894,93.94431302851125
hires,2048,2048,128,128,11,16,4096,200.0,os,sobel,10454016.0,7.70965241856,accelergy,51266304.0,127.31259813888,20.39159288721106,6.055686971488761
hires,2048,2048,128,128,11,16,4096,200.0,ws,gaussian,35024128.0,124.24698156032001,accelergy,39607296.0,136.58513701888,88.4284754000879,90.96669247631644
hires,2048,2048,128,128,11,16,4096,200.0,ws,sobel,4583168.0,12.33815545856,accelergy,39607296.0,136.58513701888,11.571524599912097,9.033307523683568
hires,2048,2048,128,128,11,16,4096,800.0,os,gaussian,39890688.0,119.64390572032,accelergy,50171648.0,127.39451813888,79.50842675129985,93.9160549984493
hires,2048,2048,128,128,11,16,4096,800.0,os,sobel,10280960.0,7.75061241856,accelergy,50171648.0,127.39451813888,20.491573248700142,6.083945001550709
hires,2048,2048,128,128,11,16,4096,800.0,ws,gaussian,33992192.0,124.28794156032001,accelergy,38292224.0,136.65886501888002,88.77048248751495,90.94758802742075
hires,2048,2048,128,128,11,16,4096,800.0,ws,sobel,4300032.0,12.37092345856,accelergy,38292224.0,136.65886501888002,11.229517512485042,9.052411972579241
hires,2048,2048,128,128,11,32,256,50.0,os,gaussian,122206976.0,978.29510316032,accelergy,131982080.0,1011.3144310988799,92.59361270863438,96.73500872496385
hires,2048,2048,128,128,11,32,256,50.0,os,sobel,9775104.0,33.019327938560004,accelergy,131982080.0,1011.3144310988799,7.406387291365616,3.2649912750361594
hires,2048,2048,128,128,11,32,256,50.0,ws,gaussian,17208832.0,87.60891692032001,accelergy,21896192.0,96.44908837888002,78.59280737034092,90.8343649409798
hires,2048,2048,128,128,11,32,256,50.0,ws,sobel,4687360.0,8.840171458560002,accelergy,21896192.0,96.44908837888002,21.407192629659075,9.165635059020197
hires,2048,2048,128,128,11,32,256,200.0,os,gaussian,31033088.0,979.9539831603199,accelergy,40456192.0,1013.03065509888,76.7078819479599,96.73487946568295
hires,2048,2048,128,128,11,32,256,200.0,os,sobel,9423104.0,33.076671938560004,accelergy,40456192.0,1013.03065509888,23.29211805204009,3.2651205343170444
hires,2048,2048,128,128,11,32,256,200.0,ws,gaussian,16957184.0,87.75227692032001,accelergy,21292544.0,96.60883237888001,79.63906990165196,90.83256132956208
hires,2048,2048,128,128,11,32,256,200.0,ws,sobel,4335360.0,8.85655545856,accelergy,21292544.0,96.60883237888001,20.36093009834804,9.167438670437924
hires,2048,2048,128,128,11,32,256,800.0,os,gaussian,24009984.0,983.2635511603199,accelergy,33345024.0,1016.46310309888,72.00469851213782,96.73381632472984
hires,2048,2048,128,128,11,32,256,800.0,os,sobel,9335040.0,33.19955193856,accelergy,33345024.0,1016.46310309888,27.99530148786218,3.2661836752701485
hires,2048,2048,128,128,11,32,256,800.0,ws,gaussian,16894208.0,88.03080492032001,accelergy,21141504.0,96.92832037888002,79.91015208757145,90.82052033525311
hires,2048,2048,128,128,11,32,256,800.0,ws,sobel,4247296.0,8.897515458560001,accelergy,21141504.0,96.92832037888002,20.089847912428556,9.179479664746884
hires,2048,2048,128,128,11,32,1024,50.0,os,gaussian,34508288.0,167.99366316032,accelergy,44737024.0,175.69151909888,77.13585955114046,95.61853868755747
hires,2048,2048,128,128,11,32,1024,50.0,os,sobel,10228736.0,7.69785593856,accelergy,44737024.0,175.69151909888,22.86414044885954,4.381461312442527
hires,2048,2048,128,128,11,32,1024,50.0,ws,gaussian,18417152.0,92.59989292032,accelergy,24011520.0,103.87104037888,76.7013167013167,89.1489028920406
hires,2048,2048,128,128,11,32,1024,50.0,ws,sobel,5594368.0,11.27114745856,accelergy,24011520.0,103.87104037888,23.298683298683297,10.851097107959411
hires,2048,2048,128,128,11,32,1024,200.0,os,gaussian,24476672.0,168.10220716032,accelergy,34013184.0,175.80825509888,71.96230732177264,95.61678833896288
hires,2048,2048,128,128,11,32,1024,200.0,os,sobel,9536512.0,7.70604793856,accelergy,34013184.0,175.80825509888,28.037692678227362,4.383211661037122
hires,2048,2048,128,128,11,32,1024,200.0,ws,gaussian,17259264.0,92.65928492032,accelergy,21821440.0,103.94067237888001,79.09314875645236,89.14632049190755
hires,2048,2048,128,128,11,32,1024,200.0,ws,sobel,4562176.0,11.28138745856,accelergy,21821440.0,103.94067237888001,20.90685124354763,10.85367950809244
hires,2048,2048,128,128,11,32,1024,800.0,os,gaussian,24066816.0,168.51999916032,accelergy,33430272.0,176.25881509888,71.99108640216866,95.60940204084625
hires,2048,2048,128,128,11,32,1024,800.0,os,sobel,9363456.0,7.73881593856,accelergy,33430272.0,176.25881509888,28.00891359783133,4.390597959153746
hires,2048,2048,128,128,11,32,1024,800.0,ws,gaussian,16969728.0,92.88046892032001,accelergy,21273856.0,104.20281637888002,79.76799316494386,89.13431723630953
hires,2048,2048,128,128,11,32,1024,800.0,ws,sobel,4304128.0,11.32234745856,accelergy,21273856.0,104.20281637888002,20.232006835056136,10.865682763690474
hires,2048,2048,128,128,11,32,4096,50.0,os,gaussian,28901120.0,119.58303916032001,accelergy,39129856.0,127.28089509888001,73.85951024200038,93.95207275013284
hires,2048,2048,128,128,11,32,4096,50.0,os,sobel,10228736.0,7.69785593856,accelergy,39129856.0,127.28089509888001,26.140489757999617,6.047927249867161
hires,2048,2048,128,128,11,32,4096,50.0,ws,gaussian,22040064.0,121.53813292032001,accelergy,29110272.0,144.61600037888002,75.71232587589701,84.0419681099614
hires,2048,2048,128,128,11,32,4096,50.0,ws,sobel,7070208.0,23.07786745856,accelergy,29110272.0,144.61600037888002,24.287674124103,15.95803189003859
hires,2048,2048,128,128,11,32,4096,200.0,os,gaussian,25214720.0,119.60556716032,accelergy,34751232.0,127.31161509888001,72.55777291579187,93.94709749571955
hires,2048,2048,128,128,11,32,4096,200.0,os,sobel,9536512.0,7.70604793856,accelergy,34751232.0,127.31161509888001,27.44222708420812,6.052902504280453
hires,2048,2048,128,128,11,32,4096,200.0,ws,gaussian,18164992.0,121.56066092032,accelergy,23096064.0,144.64672037888,78.6497301011982,84.03969381532497
hires,2048,2048,128,128,11,32,4096,200.0,ws,sobel,4931072.0,23.08605945856,accelergy,23096064.0,144.64672037888,21.350269898801805,15.960306184675044
hires,2048,2048,128,128,11,32,4096,800.0,os,gaussian,24293120.0,119.63014316032,accelergy,33656576.0,127.36895909888,72.17941599288056,93.92409579750735
hires,2048,2048,128,128,11,32,4096,800.0,os,sobel,9363456.0,7.73881593856,accelergy,33656576.0,127.36895909888,27.820584007119443,6.075904202492655
hires,2048,2048,128,128,11,32,4096,800.0,ws,gaussian,17196032.0,121.58523692032001,accelergy,21592320.0,144.70406437888002,79.63957555278914,84.02337380239179
hires,2048,2048,128,128,11,32,4096,800.0,ws,sobel,4396288.0,23.118827458560002,accelergy,21592320.0,144.70406437888002,20.36042444721086,15.976626197608216
hires,2048,2048,128,128,11,64,256,50.0,os,gaussian,214045184.0,1709.41398188032,accelergy,223361536.0,1742.43969957888,95.82902581758749,98.10462779822214
hires,2048,2048,128,128,11,64,256,50.0,os,sobel,9316352.0,33.02571769856,accelergy,223361536.0,1742.43969957888,4.1709741824124995,1.8953722017778747
hires,2048,2048,128,128,11,64,256,50.0,ws,gaussian,10636288.0,86.38249260032,accelergy,15348224.0,95.23495205888001,69.29979651065817,90.70461078923327
hires,2048,2048,128,128,11,64,256,50.0,ws,sobel,4711936.0,8.852459458560002,accelergy,15348224.0,95.23495205888001,30.700203489341828,9.295389210766732
hires,2048,2048,128,128,11,64,256,200.0,os,gaussian,54086656.0,1712.31190188032,accelergy,63051008.0,1745.39086757888,85.78238114765746,98.10478178194862
hires,2048,2048,128,128,11,64,256,200.0,os,sobel,8964352.0,33.078965698560005,accelergy,63051008.0,1745.39086757888,14.217618852342534,1.8952182180513817
hires,2048,2048,128,128,11,64,256,200.0,ws,gaussian,8602880.0,86.52380460032,accelergy,12962816.0,95.38855205888001,66.36582668457224,90.70669669764135
hires,2048,2048,128,128,11,64,256,200.0,ws,sobel,4359936.0,8.864747458560002,accelergy,12962816.0,95.38855205888001,33.63417331542776,9.293303302358655
hires,2048,2048,128,128,11,64,256,800.0,os,gaussian,17019136.0,1718.11183788032,accelergy,25895424.0,1751.30549157888,65.72256163868953,98.10463372277589
hires,2048,2048,128,128,11,64,256,800.0,os,sobel,8876288.0,33.19365369856,accelergy,25895424.0,1751.30549157888,34.27743836131047,1.895366277224109
hires,2048,2048,128,128,11,64,256,800.0,ws,gaussian,8514816.0,86.81052460032001,accelergy,12786688.0,95.70804005888002,66.59125490510131,90.70348170008891
hires,2048,2048,128,128,11,64,256,800.0,ws,sobel,4271872.0,8.897515458560001,accelergy,12786688.0,95.70804005888002,33.4087450948987,9.296518299911073
hires,2048,2048,128,128,11,64,1024,50.0,os,gaussian,73371392.0,574.19324588032,accelergy,83141376.0,581.89749157888,88.24895079917849,98.6760132480283
hires,2048,2048,128,128,11,64,1024,50.0,os,sobel,9769984.0,7.70424569856,accelergy,83141376.0,581.89749157888,11.751049200821502,1.3239867519716984
hires,2048,2048,128,128,11,64,1024,50.0,ws,gaussian,11515136.0,91.37346860032001,accelergy,17134080.0,102.65690405888,67.20603615717914,89.00859561078498
hires,2048,2048,128,128,11,64,1024,50.0,ws,sobel,5618944.0,11.28343545856,accelergy,17134080.0,102.65690405888,32.79396384282086,10.99140438921503
hires,2048,2048,128,128,11,64,1024,200.0,os,gaussian,19006464.0,574.55778988032,accelergy,28084224.0,582.26613157888,67.67665718661124,98.67614802226981
hires,2048,2048,128,128,11,64,1024,200.0,os,sobel,9077760.0,7.708341698560001,accelergy,28084224.0,582.26613157888,32.323342813388756,1.3238519777301774
hires,2048,2048,128,128,11,64,1024,200.0,ws,gaussian,8829696.0,91.43081260032001,accelergy,13416448.0,102.72039205888001,65.81247137841551,89.00940774049155
hires,2048,2048,128,128,11,64,1024,200.0,ws,sobel,4586752.0,11.289579458559999,accelergy,13416448.0,102.72039205888001,34.18752862158449,10.99059225950845
hires,2048,2048,128,128,11,64,1024,800.0,os,gaussian,16268032.0,576.01596588032,accelergy,25172736.0,583.7488835788799,64.62560128545422,98.67530064449109
hires,2048,2048,128,128,11,64,1024,800.0,os,sobel,8904704.0,7.7329176985600006,accelergy,25172736.0,583.7488835788799,35.37439871454577,1.3246993555089306
hires,2048,2048,128,128,11,64,1024,800.0,ws,gaussian,8571648.0,91.66018860032001,accelergy,12900352.0,102.98253605888002,66.44507064613431,89.00556551444171
hires,2048,2048,128,128,11,64,1024,800.0,ws,sobel,4328704.0,11.32234745856,accelergy,12900352.0,102.98253605888002,33.554929353865695,10.994434485558283
hires,2048,2048,128,128,11,64,4096,50.0,os,gaussian,40429312.0,274.30870188032003,accelergy,50199296.0,282.01294757888,80.53760753935673,97.26812340897749
hires,2048,2048,128,128,11,64,4096,50.0,os,sobel,9769984.0,7.70424569856,accelergy,50199296.0,282.01294757888,19.462392460643272,2.731876591022508
hires,2048,2048,128,128,11,64,4096,50.0,ws,gaussian,15549184.0,120.31170860032,accelergy,24791040.0,160.57844005888,62.720983064849236,74.92394904085803
hires,2048,2048,128,128,11,64,4096,50.0,ws,sobel,9241856.0,40.266731458559995,accelergy,24791040.0,160.57844005888,37.279016935150764,25.07605095914197
hires,2048,2048,128,128,11,64,4096,200.0,os,gaussian,17415936.0,274.35375788032,accelergy,26493696.0,282.06209957888,65.73615096964953,97.26714730193507
hires,2048,2048,128,128,11,64,4096,200.0,os,sobel,9077760.0,7.708341698560001,accelergy,26493696.0,282.06209957888,34.263849030350464,2.732852698064926
hires,2048,2048,128,128,11,64,4096,200.0,ws,gaussian,9735424.0,120.33218860032001,accelergy,15227904.0,160.60506405888,63.93147737206644,74.92428044249252
hires,2048,2048,128,128,11,64,4096,200.0,ws,sobel,5492480.0,40.272875458559994,accelergy,15227904.0,160.60506405888,36.06852262793356,25.07571955750748
hires,2048,2048,128,128,11,64,4096,800.0,os,gaussian,16494336.0,274.41929388032,accelergy,25399040.0,282.15221157888004,64.94078516353375,97.25930991102717
hires,2048,2048,128,128,11,64,4096,800.0,os,sobel,8904704.0,7.7329176985600006,accelergy,25399040.0,282.15221157888004,35.05921483646626,2.7406900889728245
hires,2048,2048,128,128,11,64,4096,800.0,ws,gaussian,8797952.0,120.36495660032001,accelergy,13352960.0,160.65421605888002,65.88765337423312,74.92175403364831
hires,2048,2048,128,128,11,64,4096,800.0,ws,sobel,4555008.0,40.28925945856,accelergy,13352960.0,160.65421605888002,34.11234662576687,25.07824596635168
hires,2048,2048,128,128,11,128,256,50.0,ws,gaussian,10605568.0,85.91980844032001,accelergy,15366656.0,94.79684389888001,69.01675940425815,90.63572678851085
hires,2048,2048,128,128,11,128,256,50.0,ws,sobel,4761088.0,8.877035458560002,accelergy,15366656.0,94.79684389888001,30.983240595741847,9.364273211489143
hires,2048,2048,128,128,11,128,256,200.0,ws,gaussian,4388096.0,86.06112044032001,accelergy,8797184.0,94.95044389888001,49.88068909323711,90.63793375413081
hires,2048,2048,128,128,11,128,256,200.0,ws,sobel,4409088.0,8.889323458560002,accelergy,8797184.0,94.95044389888001,50.11931090676289,9.362066245869185
hires,2048,2048,128,128,11,128,256,800.0,ws,gaussian,4315904.0,86.34784044032001,accelergy,8636928.0,95.27812389888001,49.97035983164385,90.62714178961183
hires,2048,2048,128,128,11,128,256,800.0,ws,sobel,4321024.0,8.930283458560002,accelergy,8636928.0,95.27812389888001,50.02964016835616,9.372858210388184
hires,2048,2048,128,128,11,128,1024,50.0,os,gaussian,143253760.0,1144.93873324032,accelergy,152794368.0,1152.66460581888,93.75591644843873,99.32973802270337
hires,2048,2048,128,128,11,128,1024,50.0,os,sobel,9540608.0,7.725872578560001,accelergy,152794368.0,1152.66460581888,6.244083551561272,0.6702619772966273
hires,2048,2048,128,128,11,128,1024,50.0,ws,gaussian,11259648.0,90.99884844032,accelergy,16927744.0,102.30685989888,66.51593974956143,88.946966537985
hires,2048,2048,128,128,11,128,1024,50.0,ws,sobel,5668096.0,11.30801145856,accelergy,16927744.0,102.30685989888,33.48406025043857,11.053033462014987
hires,2048,2048,128,128,11,128,1024,200.0,os,gaussian,36316160.0,1145.66782124032,accelergy,45164544.0,1153.39778981888,80.40856119348841,99.3298089655804
hires,2048,2048,128,128,11,128,1024,200.0,os,sobel,8848384.0,7.72996857856,accelergy,45164544.0,1153.39778981888,19.591438806511587,0.6701910344196038
hires,2048,2048,128,128,11,128,1024,200.0,ws,gaussian,4614912.0,91.05824044032,accelergy,9250816.0,102.37239589888,49.88653973876467,88.94804076898255
hires,2048,2048,128,128,11,128,1024,200.0,ws,sobel,4635904.0,11.31415545856,accelergy,9250816.0,102.37239589888,50.11346026123533,11.051959231017452
hires,2048,2048,128,128,11,128,1024,800.0,os,gaussian,12368640.0,1148.58417324032,accelergy,21043968.0,1156.34690981888,58.77522718148973,99.32868445337257
hires,2048,2048,128,128,11,128,1024,800.0,os,sobel,8675328.0,7.76273657856,accelergy,21043968.0,1156.34690981888,41.224772818510274,0.6713155466274292
hires,2048,2048,128,128,11,128,1024,800.0,ws,gaussian,4372736.0,91.29580844032,accelergy,8750592.0,102.65092389888,49.97074483646364,88.93812639256345
hires,2048,2048,128,128,11,128,1024,800.0,ws,sobel,4377856.0,11.35511545856,accelergy,8750592.0,102.65092389888,50.02925516353637,11.061873607436565
hires,2048,2048,128,128,11,128,4096,50.0,os,gaussian,36529920.0,274.60631724032,accelergy,46070528.0,282.33218981888,79.29129876696877,97.26355234820504
hires,2048,2048,128,128,11,128,4096,50.0,os,sobel,9540608.0,7.725872578560001,accelergy,46070528.0,282.33218981888,20.708701233031235,2.736447651794949
hires,2048,2048,128,128,11,128,4096,50.0,ws,gaussian,14877440.0,119.93708844032001,accelergy,24168448.0,160.22839589888002,61.55728328107788,74.85382835387816
hires,2048,2048,128,128,11,128,4096,50.0,ws,sobel,9291008.0,40.29130745856,accelergy,24168448.0,160.22839589888002,38.44271671892213,25.14617164612183
hires,2048,2048,128,128,11,128,4096,200.0,os,gaussian,13516544.0,274.65342124032003,accelergy,22364928.0,282.38338981888,60.43634032714078,97.26259799362917
hires,2048,2048,128,128,11,128,4096,200.0,os,sobel,8848384.0,7.72996857856,accelergy,22364928.0,282.38338981888,39.56365967285922,2.737402006370836
hires,2048,2048,128,128,11,128,4096,200.0,ws,gaussian,5520640.0,119.95961644032,accelergy,11062272.0,160.25706789888,49.90511894844025,74.85449347919736
hires,2048,2048,128,128,11,128,4096,200.0,ws,sobel,5541632.0,40.29745145856,accelergy,11062272.0,160.25706789888,50.094881051559746,25.145506520802645
hires,2048,2048,128,128,11,128,4096,800.0,os,gaussian,12594944.0,274.72714924032,accelergy,21270272.0,282.48988581888,59.213836099510154,97.25203026081537
hires,2048,2048,128,128,11,128,4096,800.0,os,sobel,8675328.0,7.76273657856,accelergy,21270272.0,282.48988581888,40.786163900489846,2.7479697391846174
hires,2048,2048,128,128,11,128,4096,800.0,ws,gaussian,4599040.0,120.00057644032,accelergy,9203200.0,160.32260389888,49.97218358831711,74.84944326129317
hires,2048,2048,128,128,11,128,4096,800.0,ws,sobel,4604160.0,40.32202745856,accelergy,9203200.0,160.32260389888,50.02781641168289,25.150556738706815
