resolution,frame_width,frame_height,tile_width,tile_height,gaussian_kernel,array_size,sram_budget_kb,bandwidth_gbps,dataflow,total_cycles,total_stall_cycles,total_macs,total_sram_accesses,total_sram_ifmap_reads,total_sram_filter_reads,total_sram_ofmap_writes,total_dram_accesses,total_dram_ifmap_reads,total_dram_filter_reads,total_dram_ofmap_writes,energy_mac_pj,energy_sram_ifmap_pj,energy_sram_filter_pj,energy_sram_ofmap_pj,energy_sram_pj,energy_dram_ifmap_pj,energy_dram_filter_pj,energy_dram_ofmap_pj,energy_dram_pj,energy_total_pj,analytical_lower_bound_ms,energy_backend,energy_model,sram_read_pj_per_byte,sram_write_pj_per_byte,dram_read_pj_per_byte,dram_write_pj_per_byte,latency_ms,num_pes,cycles_x_pes,stall_pct,energy_total_mj,edp_mj_ms,average_power_w_at_30fps,deadline_ms,feasible,average_power_w_at_deadline_fps
1080p,1920,1080,128,128,3,16,256,800.0,ws,4186905.0,0.0,55987200,43549245.0,37324800.0,3645.0,6220800.0,52612800.0,46176000.0,216000.0,6220800.0,12877056.0,186624000.0,18225.0,31104000.0,217746225.0,7388160000.0,34560000.0,995328000.0,8418048000.0,8648671281.0,0.2187,accelergy,assignment_style_accelergy_ert,5.0,5.0,160.0,160.0,4.186905,256,1071847680.0,0.0,8.648671281,36.21116502977531,0.25946013843,33,True,0.2620809479090909
1080p,1920,1080,128,128,3,16,256,200.0,ws,4269870.0,0.0,55987200,43549245.0,37324800.0,3645.0,6220800.0,52294800.0,46020000.0,54000.0,6220800.0,12877056.0,186624000.0,18225.0,31104000.0,217746225.0,7363200000.0,8640000.0,995328000.0,8367168000.0,8597791281.0,0.2187,accelergy,assignment_style_accelergy_ert,5.0,5.0,160.0,160.0,4.26987,256,1093086720.0,0.0,8.597791281,36.711451057003465,0.25793373843,33,True,0.2605391297272727
1080p,1920,1080,128,128,3,16,256,50.0,ws,4601685.0,0.0,55987200,43549245.0,37324800.0,3645.0,6220800.0,52203300.0,45942000.0,40500.0,6220800.0,12877056.0,186624000.0,18225.0,31104000.0,217746225.0,7350720000.0,6480000.0,995328000.0,8352528000.0,8583151281.0,0.2187,accelergy,assignment_style_accelergy_ert,5.0,5.0,160.0,160.0,4.601685000000001,256,1178031360.0,0.0,8.583151281,39.496958502508484,0.25749453843,33,True,0.2600954933636364
1080p,1920,1080,128,128,3,128,1024,800.0,os,8575335.0,0.0,55987200,52277400.0,37324800.0,437400.0,14515200.0,44116800.0,37464000.0,432000.0,6220800.0,12877056.0,186624000.0,2187000.0,72576000.0,261387000.0,5994240000.0,69120000.0,995328000.0,7058688000.0,7332952056.0,0.0034171875,accelergy,assignment_style_accelergy_ert,5.0,5.0,160.0,160.0,8.575334999999999,16384,140498288640.0,0.0,7.332952056,62.88252041913875,0.21998856168,33,True,0.22221066836363637
1080p,1920,1080,128,128,3,128,1024,200.0,os,8738610.0,0.0,55987200,52277400.0,37324800.0,437400.0,14515200.0,43906800.0,37362000.0,324000.0,6220800.0,12877056.0,186624000.0,2187000.0,72576000.0,261387000.0,5977920000.0,51840000.0,995328000.0,7025088000.0,7299352056.0,0.010368,accelergy,assignment_style_accelergy_ert,5.0,5.0,160.0,160.0,8.738610000000001,16384,143173386240.0,0.0,7.299352056,63.78619087008217,0.21898056168,33,True,0.22119248654545456
1080p,1920,1080,128,128,3,64,1024,200.0,os,8965410.0,0.0,55987200,52714800.0,37324800.0,874800.0,14515200.0,43744800.0,37362000.0,162000.0,6220800.0,12877056.0,186624000.0,4374000.0,72576000.0,263574000.0,5977920000.0,25920000.0,995328000.0,6999168000.0,7275619056.0,0.01366875,accelergy,assignment_style_accelergy_ert,5.0,5.0,160.0,160.0,8.96541,4096,36722319360.0,0.0,7.275619056,65.22890784085297,0.21826857168,33,True,0.22047330472727272
1080p,1920,1080,128,128,3,32,1024,200.0,os,9419010.0,0.0,55987200,53589600.0,37324800.0,1749600.0,14515200.0,43690800.0,37362000.0,108000.0,6220800.0,12877056.0,186624000.0,8748000.0,72576000.0,267948000.0,5977920000.0,17280000.0,995328000.0,6990528000.0,7271353056.0,0.054675,accelergy,assignment_style_accelergy_ert,5.0,5.0,160.0,160.0,9.41901,1024,9645066240.0,0.0,7.271353056,68.48894714799455,0.21814059168,33,True,0.220344032
1080p,1920,1080,128,128,3,32,1024,50.0,os,10072335.0,0.0,55987200,53589600.0,37324800.0,1749600.0,14515200.0,43638300.0,37336500.0,81000.0,6220800.0,12877056.0,186624000.0,8748000.0,72576000.0,267948000.0,5973840000.0,12960000.0,995328000.0,6982128000.0,7262953056.0,0.054675,accelergy,assignment_style_accelergy_ert,5.0,5.0,160.0,160.0,10.072335,1024,10314071040.0,0.0,7.262953056,73.15489626930577,0.21788859168,33,True,0.22008948654545457
1080p,1920,1080,128,128,3,16,256,800.0,ws,4186905.0,0.0,55987200,43549245.0,37324800.0,3645.0,6220800.0,52612800.0,46176000.0,216000.0,6220800.0,12877056.0,186624000.0,18225.0,31104000.0,217746225.0,7388160000.0,34560000.0,995328000.0,8418048000.0,8648671281.0,0.2187,accelergy,assignment_style_accelergy_ert,5.0,5.0,160.0,160.0,4.186905,256,1071847680.0,0.0,8.648671281,36.21116502977531,0.25946013843,100,True,0.08648671281
1080p,1920,1080,128,128,3,16,256,200.0,ws,4269870.0,0.0,55987200,43549245.0,37324800.0,3645.0,6220800.0,52294800.0,46020000.0,54000.0,6220800.0,12877056.0,186624000.0,18225.0,31104000.0,217746225.0,7363200000.0,8640000.0,995328000.0,8367168000.0,8597791281.0,0.2187,accelergy,assignment_style_accelergy_ert,5.0,5.0,160.0,160.0,4.26987,256,1093086720.0,0.0,8.597791281,36.711451057003465,0.25793373843,100,True,0.08597791281
1080p,1920,1080,128,128,3,16,256,50.0,ws,4601685.0,0.0,55987200,43549245.0,37324800.0,3645.0,6220800.0,52203300.0,45942000.0,40500.0,6220800.0,12877056.0,186624000.0,18225.0,31104000.0,217746225.0,7350720000.0,6480000.0,995328000.0,8352528000.0,8583151281.0,0.2187,accelergy,assignment_style_accelergy_ert,5.0,5.0,160.0,160.0,4.601685000000001,256,1178031360.0,0.0,8.583151281,39.496958502508484,0.25749453843,100,True,0.08583151281
1080p,1920,1080,128,128,3,128,1024,800.0,os,8575335.0,0.0,55987200,52277400.0,37324800.0,437400.0,14515200.0,44116800.0,37464000.0,432000.0,6220800.0,12877056.0,186624000.0,2187000.0,72576000.0,261387000.0,5994240000.0,69120000.0,995328000.0,7058688000.0,7332952056.0,0.0034171875,accelergy,assignment_style_accelergy_ert,5.0,5.0,160.0,160.0,8.575334999999999,16384,140498288640.0,0.0,7.332952056,62.88252041913875,0.21998856168,100,True,0.07332952056
1080p,1920,1080,128,128,3,128,1024,200.0,os,8738610.0,0.0,55987200,52277400.0,37324800.0,437400.0,14515200.0,43906800.0,37362000.0,324000.0,6220800.0,12877056.0,186624000.0,2187000.0,72576000.0,261387000.0,5977920000.0,51840000.0,995328000.0,7025088000.0,7299352056.0,0.010368,accelergy,assignment_style_accelergy_ert,5.0,5.0,160.0,160.0,8.738610000000001,16384,143173386240.0,0.0,7.299352056,63.78619087008217,0.21898056168,100,True,0.07299352056
1080p,1920,1080,128,128,3,64,1024,200.0,os,8965410.0,0.0,55987200,52714800.0,37324800.0,874800.0,14515200.0,43744800.0,37362000.0,162000.0,6220800.0,12877056.0,186624000.0,4374000.0,72576000.0,263574000.0,5977920000.0,25920000.0,995328000.0,6999168000.0,7275619056.0,0.01366875,accelergy,assignment_style_accelergy_ert,5.0,5.0,160.0,160.0,8.96541,4096,36722319360.0,0.0,7.275619056,65.22890784085297,0.21826857168,100,True,0.07275619056
1080p,1920,1080,128,128,3,32,1024,200.0,os,9419010.0,0.0,55987200,53589600.0,37324800.0,1749600.0,14515200.0,43690800.0,37362000.0,108000.0,6220800.0,12877056.0,186624000.0,8748000.0,72576000.0,267948000.0,5977920000.0,17280000.0,995328000.0,6990528000.0,7271353056.0,0.054675,accelergy,assignment_style_accelergy_ert,5.0,5.0,160.0,160.0,9.41901,1024,9645066240.0,0.0,7.271353056,68.48894714799455,0.21814059168,100,True,0.07271353056
1080p,1920,1080,128,128,3,32,1024,50.0,os,10072335.0,0.0,55987200,53589600.0,37324800.0,1749600.0,14515200.0,43638300.0,37336500.0,81000.0,6220800.0,12877056.0,186624000.0,8748000.0,72576000.0,267948000.0,5973840000.0,12960000.0,995328000.0,6982128000.0,7262953056.0,0.054675,accelergy,assignment_style_accelergy_ert,5.0,5.0,160.0,160.0,10.072335,1024,10314071040.0,0.0,7.262953056,73.15489626930577,0.21788859168,100,True,0.07262953056
1080p,1920,1080,128,128,3,16,256,800.0,ws,4186905.0,0.0,55987200,43549245.0,37324800.0,3645.0,6220800.0,52612800.0,46176000.0,216000.0,6220800.0,12877056.0,186624000.0,18225.0,31104000.0,217746225.0,7388160000.0,34560000.0,995328000.0,8418048000.0,8648671281.0,0.2187,accelergy,assignment_style_accelergy_ert,5.0,5.0,160.0,160.0,4.186905,256,1071847680.0,0.0,8.648671281,36.21116502977531,0.25946013843,200,True,0.043243356405
1080p,1920,1080,128,128,3,16,256,200.0,ws,4269870.0,0.0,55987200,43549245.0,37324800.0,3645.0,6220800.0,52294800.0,46020000.0,54000.0,6220800.0,12877056.0,186624000.0,18225.0,31104000.0,217746225.0,7363200000.0,8640000.0,995328000.0,8367168000.0,8597791281.0,0.2187,accelergy,assignment_style_accelergy_ert,5.0,5.0,160.0,160.0,4.26987,256,1093086720.0,0.0,8.597791281,36.711451057003465,0.25793373843,200,True,0.042988956405
1080p,1920,1080,128,128,3,16,256,50.0,ws,4601685.0,0.0,55987200,43549245.0,37324800.0,3645.0,6220800.0,52203300.0,45942000.0,40500.0,6220800.0,12877056.0,186624000.0,18225.0,31104000.0,217746225.0,7350720000.0,6480000.0,995328000.0,8352528000.0,8583151281.0,0.2187,accelergy,assignment_style_accelergy_ert,5.0,5.0,160.0,160.0,4.601685000000001,256,1178031360.0,0.0,8.583151281,39.496958502508484,0.25749453843,200,True,0.042915756405
1080p,1920,1080,128,128,3,128,1024,800.0,os,8575335.0,0.0,55987200,52277400.0,37324800.0,437400.0,14515200.0,44116800.0,37464000.0,432000.0,6220800.0,12877056.0,186624000.0,2187000.0,72576000.0,261387000.0,5994240000.0,69120000.0,995328000.0,7058688000.0,7332952056.0,0.0034171875,accelergy,assignment_style_accelergy_ert,5.0,5.0,160.0,160.0,8.575334999999999,16384,140498288640.0,0.0,7.332952056,62.88252041913875,0.21998856168,200,True,0.03666476028
1080p,1920,1080,128,128,3,128,1024,200.0,os,8738610.0,0.0,55987200,52277400.0,37324800.0,437400.0,14515200.0,43906800.0,37362000.0,324000.0,6220800.0,12877056.0,186624000.0,2187000.0,72576000.0,261387000.0,5977920000.0,51840000.0,995328000.0,7025088000.0,7299352056.0,0.010368,accelergy,assignment_style_accelergy_ert,5.0,5.0,160.0,160.0,8.738610000000001,16384,143173386240.0,0.0,7.299352056,63.78619087008217,0.21898056168,200,True,0.03649676028
1080p,1920,1080,128,128,3,64,1024,200.0,os,8965410.0,0.0,55987200,52714800.0,37324800.0,874800.0,14515200.0,43744800.0,37362000.0,162000.0,6220800.0,12877056.0,186624000.0,4374000.0,72576000.0,263574000.0,5977920000.0,25920000.0,995328000.0,6999168000.0,7275619056.0,0.01366875,accelergy,assignment_style_accelergy_ert,5.0,5.0,160.0,160.0,8.96541,4096,36722319360.0,0.0,7.275619056,65.22890784085297,0.21826857168,200,True,0.03637809528
1080p,1920,1080,128,128,3,32,1024,200.0,os,9419010.0,0.0,55987200,53589600.0,37324800.0,1749600.0,14515200.0,43690800.0,37362000.0,108000.0,6220800.0,12877056.0,186624000.0,8748000.0,72576000.0,267948000.0,5977920000.0,17280000.0,995328000.0,6990528000.0,7271353056.0,0.054675,accelergy,assignment_style_accelergy_ert,5.0,5.0,160.0,160.0,9.41901,1024,9645066240.0,0.0,7.271353056,68.48894714799455,0.21814059168,200,True,0.03635676528
1080p,1920,1080,128,128,3,32,1024,50.0,os,10072335.0,0.0,55987200,53589600.0,37324800.0,1749600.0,14515200.0,43638300.0,37336500.0,81000.0,6220800.0,12877056.0,186624000.0,8748000.0,72576000.0,267948000.0,5973840000.0,12960000.0,995328000.0,6982128000.0,7262953056.0,0.054675,accelergy,assignment_style_accelergy_ert,5.0,5.0,160.0,160.0,10.072335,1024,10314071040.0,0.0,7.262953056,73.15489626930577,0.21788859168,200,True,0.03631476528
1080p,1920,1080,128,128,5,32,256,800.0,ws,4199865.0,0.0,89164800,76729005.0,70502400.0,5805.0,6220800.0,82804800.0,76368000.0,216000.0,6220800.0,20507904.0,352512000.0,29025.0,31104000.0,383645025.0,12218880000.0,34560000.0,995328000.0,13248768000.0,13652920929.0,0.087075,accelergy,assignment_style_accelergy_ert,5.0,5.0,160.0,160.0,4.199865,1024,4300661760.0,0.0,13.652920929,57.34042475747459,0.40958762787,33,True,0.41372487663636365
1080p,1920,1080,128,128,5,32,256,200.0,ws,4282830.0,0.0,89164800,76729005.0,70502400.0,5805.0,6220800.0,82492800.0,76110000.0,162000.0,6220800.0,20507904.0,352512000.0,29025.0,31104000.0,383645025.0,12177600000.0,25920000.0,995328000.0,13198848000.0,13603000929.0,0.087075,accelergy,assignment_style_accelergy_ert,5.0,5.0,160.0,160.0,4.28283,1024,4385617920.0,0.0,13.603000929,58.259340468749066,0.40809002787,33,True,0.4122121493636364
1080p,1920,1080,128,128,5,32,256,50.0,ws,4614645.0,0.0,89164800,76729005.0,70502400.0,5805.0,6220800.0,82350300.0,75981000.0,148500.0,6220800.0,20507904.0,352512000.0,29025.0,31104000.0,383645025.0,12156960000.0,23760000.0,995328000.0,13176048000.0,13580200929.0,0.087075,accelergy,assignment_style_accelergy_ert,5.0,5.0,160.0,160.0,4.614644999999999,1024,4725396480.0,0.0,13.580200929,62.6678063160052,0.40740602787,33,True,0.4115212402727273
1080p,1920,1080,128,128,5,128,4096,800.0,os,8875920.0,0.0,89164800,85714200.0,70502400.0,696600.0,14515200.0,77440800.0,70572000.0,648000.0,6220800.0,20507904.0,352512000.0,3483000.0,72576000.0,428571000.0,11291520000.0,103680000.0,995328000.0,12390528000.0,12839606904.0,0.0054421875,accelergy,assignment_style_accelergy_ert,5.0,5.0,160.0,160.0,8.87592,16384,145423073280.0,0.0,12.839606904,113.96332371135169,0.38518820712,33,True,0.3890789970909091
1080p,1920,1080,128,128,5,128,4096,200.0,os,9163605.0,0.0,89164800,85714200.0,70502400.0,696600.0,14515200.0,77335800.0,70521000.0,594000.0,6220800.0,20507904.0,352512000.0,3483000.0,72576000.0,428571000.0,11283360000.0,95040000.0,995328000.0,12373728000.0,12822806904.0,0.010368,accelergy,assignment_style_accelergy_ert,5.0,5.0,160.0,160.0,9.163605,16384,150136504320.0,0.0,12.822806904,117.50313745952893,0.38468420712,33,True,0.3885699061818182
1080p,1920,1080,128,128,5,64,4096,800.0,os,9361920.0,0.0,89164800,86410800.0,70502400.0,1393200.0,14515200.0,77116800.0,70572000.0,324000.0,6220800.0,20507904.0,352512000.0,6966000.0,72576000.0,432054000.0,11291520000.0,51840000.0,995328000.0,12338688000.0,12791249904.0,0.02176875,accelergy,assignment_style_accelergy_ert,5.0,5.0,160.0,160.0,9.36192,4096,38346424320.0,0.0,12.791249904,119.75065830125568,0.38373749712,33,True,0.38761363345454547
1080p,1920,1080,128,128,5,64,4096,200.0,os,9649605.0,0.0,89164800,86410800.0,70502400.0,1393200.0,14515200.0,77038800.0,70521000.0,297000.0,6220800.0,20507904.0,352512000.0,6966000.0,72576000.0,432054000.0,11283360000.0,47520000.0,995328000.0,12326208000.0,12778769904.0,0.02176875,accelergy,assignment_style_accelergy_ert,5.0,5.0,160.0,160.0,9.649605000000001,4096,39524782080.0,0.0,12.778769904,123.31008195948795,0.38336309712,33,True,0.38723545163636364
1080p,1920,1080,128,128,5,32,4096,200.0,os,10621605.0,0.0,89164800,87804000.0,70502400.0,2786400.0,14515200.0,76903800.0,70521000.0,162000.0,6220800.0,20507904.0,352512000.0,13932000.0,72576000.0,439020000.0,11283360000.0,25920000.0,995328000.0,12304608000.0,12764135904.0,0.087075,accelergy,assignment_style_accelergy_ert,5.0,5.0,160.0,160.0,10.621604999999999,1024,10876523520.0,0.0,12.764135904,135.5756097386059,0.38292407712,33,True,0.3867919970909091
1080p,1920,1080,128,128,5,32,4096,50.0,os,11772570.0,0.0,89164800,87804000.0,70502400.0,2786400.0,14515200.0,76877550.0,70508250.0,148500.0,6220800.0,20507904.0,352512000.0,13932000.0,72576000.0,439020000.0,11281320000.0,23760000.0,995328000.0,12300408000.0,12759935904.0,0.087075,accelergy,assignment_style_accelergy_ert,5.0,5.0,160.0,160.0,11.77257,1024,12055111680.0,0.0,12.759935904,150.21723862535327,0.38279807712,33,True,0.38666472436363636
1080p,1920,1080,128,128,5,32,256,800.0,ws,4199865.0,0.0,89164800,76729005.0,70502400.0,5805.0,6220800.0,82804800.0,76368000.0,216000.0,6220800.0,20507904.0,352512000.0,29025.0,31104000.0,383645025.0,12218880000.0,34560000.0,995328000.0,13248768000.0,13652920929.0,0.087075,accelergy,assignment_style_accelergy_ert,5.0,5.0,160.0,160.0,4.199865,1024,4300661760.0,0.0,13.652920929,57.34042475747459,0.40958762787,100,True,0.13652920929
1080p,1920,1080,128,128,5,32,256,200.0,ws,4282830.0,0.0,89164800,76729005.0,70502400.0,5805.0,6220800.0,82492800.0,76110000.0,162000.0,6220800.0,20507904.0,352512000.0,29025.0,31104000.0,383645025.0,12177600000.0,25920000.0,995328000.0,13198848000.0,13603000929.0,0.087075,accelergy,assignment_style_accelergy_ert,5.0,5.0,160.0,160.0,4.28283,1024,4385617920.0,0.0,13.603000929,58.259340468749066,0.40809002787,100,True,0.13603000929
1080p,1920,1080,128,128,5,32,256,50.0,ws,4614645.0,0.0,89164800,76729005.0,70502400.0,5805.0,6220800.0,82350300.0,75981000.0,148500.0,6220800.0,20507904.0,352512000.0,29025.0,31104000.0,383645025.0,12156960000.0,23760000.0,995328000.0,13176048000.0,13580200929.0,0.087075,accelergy,assignment_style_accelergy_ert,5.0,5.0,160.0,160.0,4.614644999999999,1024,4725396480.0,0.0,13.580200929,62.6678063160052,0.40740602787,100,True,0.13580200929
1080p,1920,1080,128,128,5,128,4096,800.0,os,8875920.0,0.0,89164800,85714200.0,70502400.0,696600.0,14515200.0,77440800.0,70572000.0,648000.0,6220800.0,20507904.0,352512000.0,3483000.0,72576000.0,428571000.0,11291520000.0,103680000.0,995328000.0,12390528000.0,12839606904.0,0.0054421875,accelergy,assignment_style_accelergy_ert,5.0,5.0,160.0,160.0,8.87592,16384,145423073280.0,0.0,12.839606904,113.96332371135169,0.38518820712,100,True,0.12839606904
1080p,1920,1080,128,128,5,128,4096,200.0,os,9163605.0,0.0,89164800,85714200.0,70502400.0,696600.0,14515200.0,77335800.0,70521000.0,594000.0,6220800.0,20507904.0,352512000.0,3483000.0,72576000.0,428571000.0,11283360000.0,95040000.0,995328000.0,12373728000.0,12822806904.0,0.010368,accelergy,assignment_style_accelergy_ert,5.0,5.0,160.0,160.0,9.163605,16384,150136504320.0,0.0,12.822806904,117.50313745952893,0.38468420712,100,True,0.12822806904
1080p,1920,1080,128,128,5,64,4096,800.0,os,9361920.0,0.0,89164800,86410800.0,70502400.0,1393200.0,14515200.0,77116800.0,70572000.0,324000.0,6220800.0,20507904.0,352512000.0,6966000.0,72576000.0,432054000.0,11291520000.0,51840000.0,995328000.0,12338688000.0,12791249904.0,0.02176875,accelergy,assignment_style_accelergy_ert,5.0,5.0,160.0,160.0,9.36192,4096,38346424320.0,0.0,12.791249904,119.75065830125568,0.38373749712,100,True,0.12791249904
1080p,1920,1080,128,128,5,64,4096,200.0,os,9649605.0,0.0,89164800,86410800.0,70502400.0,1393200.0,14515200.0,77038800.0,70521000.0,297000.0,6220800.0,20507904.0,352512000.0,6966000.0,72576000.0,432054000.0,11283360000.0,47520000.0,995328000.0,12326208000.0,12778769904.0,0.02176875,accelergy,assignment_style_accelergy_ert,5.0,5.0,160.0,160.0,9.649605000000001,4096,39524782080.0,0.0,12.778769904,123.31008195948795,0.38336309712,100,True,0.12778769904
1080p,1920,1080,128,128,5,32,4096,200.0,os,10621605.0,0.0,89164800,87804000.0,70502400.0,2786400.0,14515200.0,76903800.0,70521000.0,162000.0,6220800.0,20507904.0,352512000.0,13932000.0,72576000.0,439020000.0,11283360000.0,25920000.0,995328000.0,12304608000.0,12764135904.0,0.087075,accelergy,assignment_style_accelergy_ert,5.0,5.0,160.0,160.0,10.621604999999999,1024,10876523520.0,0.0,12.764135904,135.5756097386059,0.38292407712,100,True,0.12764135904
1080p,1920,1080,128,128,5,32,4096,50.0,os,11772570.0,0.0,89164800,87804000.0,70502400.0,2786400.0,14515200.0,76877550.0,70508250.0,148500.0,6220800.0,20507904.0,352512000.0,13932000.0,72576000.0,439020000.0,11281320000.0,23760000.0,995328000.0,12300408000.0,12759935904.0,0.087075,accelergy,assignment_style_accelergy_ert,5.0,5.0,160.0,160.0,11.77257,1024,12055111680.0,0.0,12.759935904,150.21723862535327,0.38279807712,100,True,0.12759935904
1080p,1920,1080,128,128,5,32,256,800.0,ws,4199865.0,0.0,89164800,76729005.0,70502400.0,5805.0,6220800.0,82804800.0,76368000.0,216000.0,6220800.0,20507904.0,352512000.0,29025.0,31104000.0,383645025.0,12218880000.0,34560000.0,995328000.0,13248768000.0,13652920929.0,0.087075,accelergy,assignment_style_accelergy_ert,5.0,5.0,160.0,160.0,4.199865,1024,4300661760.0,0.0,13.652920929,57.34042475747459,0.40958762787,200,True,0.068264604645
1080p,1920,1080,128,128,5,32,256,200.0,ws,4282830.0,0.0,89164800,76729005.0,70502400.0,5805.0,6220800.0,82492800.0,76110000.0,162000.0,6220800.0,20507904.0,352512000.0,29025.0,31104000.0,383645025.0,12177600000.0,25920000.0,995328000.0,13198848000.0,13603000929.0,0.087075,accelergy,assignment_style_accelergy_ert,5.0,5.0,160.0,160.0,4.28283,1024,4385617920.0,0.0,13.603000929,58.259340468749066,0.40809002787,200,True,0.068015004645
1080p,1920,1080,128,128,5,32,256,50.0,ws,4614645.0,0.0,89164800,76729005.0,70502400.0,5805.0,6220800.0,82350300.0,75981000.0,148500.0,6220800.0,20507904.0,352512000.0,29025.0,31104000.0,383645025.0,12156960000.0,23760000.0,995328000.0,13176048000.0,13580200929.0,0.087075,accelergy,assignment_style_accelergy_ert,5.0,5.0,160.0,160.0,4.614644999999999,1024,4725396480.0,0.0,13.580200929,62.6678063160052,0.40740602787,200,True,0.067901004645
1080p,1920,1080,128,128,5,128,4096,800.0,os,8875920.0,0.0,89164800,85714200.0,70502400.0,696600.0,14515200.0,77440800.0,70572000.0,648000.0,6220800.0,20507904.0,352512000.0,3483000.0,72576000.0,428571000.0,11291520000.0,103680000.0,995328000.0,12390528000.0,12839606904.0,0.0054421875,accelergy,assignment_style_accelergy_ert,5.0,5.0,160.0,160.0,8.87592,16384,145423073280.0,0.0,12.839606904,113.96332371135169,0.38518820712,200,True,0.06419803452
1080p,1920,1080,128,128,5,128,4096,200.0,os,9163605.0,0.0,89164800,85714200.0,70502400.0,696600.0,14515200.0,77335800.0,70521000.0,594000.0,6220800.0,20507904.0,352512000.0,3483000.0,72576000.0,428571000.0,11283360000.0,95040000.0,995328000.0,12373728000.0,12822806904.0,0.010368,accelergy,assignment_style_accelergy_ert,5.0,5.0,160.0,160.0,9.163605,16384,150136504320.0,0.0,12.822806904,117.50313745952893,0.38468420712,200,True,0.06411403452
1080p,1920,1080,128,128,5,64,4096,800.0,os,9361920.0,0.0,89164800,86410800.0,70502400.0,1393200.0,14515200.0,77116800.0,70572000.0,324000.0,6220800.0,20507904.0,352512000.0,6966000.0,72576000.0,432054000.0,11291520000.0,51840000.0,995328000.0,12338688000.0,12791249904.0,0.02176875,accelergy,assignment_style_accelergy_ert,5.0,5.0,160.0,160.0,9.36192,4096,38346424320.0,0.0,12.791249904,119.75065830125568,0.38373749712,200,True,0.06395624952
1080p,1920,1080,128,128,5,64,4096,200.0,os,9649605.0,0.0,89164800,86410800.0,70502400.0,1393200.0,14515200.0,77038800.0,70521000.0,297000.0,6220800.0,20507904.0,352512000.0,6966000.0,72576000.0,432054000.0,11283360000.0,47520000.0,995328000.0,12326208000.0,12778769904.0,0.02176875,accelergy,assignment_style_accelergy_ert,5.0,5.0,160.0,160.0,9.649605000000001,4096,39524782080.0,0.0,12.778769904,123.31008195948795,0.38336309712,200,True,0.06389384952
1080p,1920,1080,128,128,5,32,4096,200.0,os,10621605.0,0.0,89164800,87804000.0,70502400.0,2786400.0,14515200.0,76903800.0,70521000.0,162000.0,6220800.0,20507904.0,352512000.0,13932000.0,72576000.0,439020000.0,11283360000.0,25920000.0,995328000.0,12304608000.0,12764135904.0,0.087075,accelergy,assignment_style_accelergy_ert,5.0,5.0,160.0,160.0,10.621604999999999,1024,10876523520.0,0.0,12.764135904,135.5756097386059,0.38292407712,200,True,0.06382067952
1080p,1920,1080,128,128,5,32,4096,50.0,os,11772570.0,0.0,89164800,87804000.0,70502400.0,2786400.0,14515200.0,76877550.0,70508250.0,148500.0,6220800.0,20507904.0,352512000.0,13932000.0,72576000.0,439020000.0,11281320000.0,23760000.0,995328000.0,12300408000.0,12759935904.0,0.087075,accelergy,assignment_style_accelergy_ert,5.0,5.0,160.0,160.0,11.77257,1024,12055111680.0,0.0,12.759935904,150.21723862535327,0.38279807712,200,True,0.06379967952
1080p,1920,1080,128,128,7,64,256,800.0,ws,4225785.0,0.0,138931200,126498645.0,120268800.0,9045.0,6220800.0,134632800.0,127872000.0,540000.0,6220800.0,31954176.0,601344000.0,45225.0,31104000.0,632493225.0,20459520000.0,86400000.0,995328000.0,21541248000.0,22205695401.0,0.033918750000000004,accelergy,assignment_style_accelergy_ert,5.0,5.0,160.0,160.0,4.225785,4096,17308815360.0,0.0,22.205695401,93.83649454011478,0.66617086203,33,True,0.6728998606363636
1080p,1920,1080,128,128,7,64,256,200.0,ws,4308750.0,0.0,138931200,126498645.0,120268800.0,9045.0,6220800.0,134173800.0,127440000.0,513000.0,6220800.0,31954176.0,601344000.0,45225.0,31104000.0,632493225.0,20390400000.0,82080000.0,995328000.0,21467808000.0,22132255401.0,0.033918750000000004,accelergy,assignment_style_accelergy_ert,5.0,5.0,160.0,160.0,4.30875,4096,17648640000.0,0.0,22.132255401,95.36235545905873,0.66396766203,33,True,0.6706744060909092
1080p,1920,1080,128,128,7,64,256,50.0,ws,4640565.0,0.0,138931200,126498645.0,120268800.0,9045.0,6220800.0,133951050.0,127224000.0,506250.0,6220800.0,31954176.0,601344000.0,45225.0,31104000.0,632493225.0,20355840000.0,81000000.0,995328000.0,21432168000.0,22096615401.0,0.041472,accelergy,assignment_style_accelergy_ert,5.0,5.0,160.0,160.0,4.6405650000000005,4096,19007754240.0,0.0,22.096615401,102.54078004834157,0.66289846203,33,True,0.6695944060909091
1080p,1920,1080,128,128,7,128,4096,800.0,os,9327000.0,0.0,138931200,135869400.0,120268800.0,1085400.0,14515200.0,127696800.0,120396000.0,1080000.0,6220800.0,31954176.0,601344000.0,5427000.0,72576000.0,679347000.0,19263360000.0,172800000.0,995328000.0,20431488000.0,21142789176.0,0.008479687500000001,accelergy,assignment_style_accelergy_ert,5.0,5.0,160.0,160.0,9.327,16384,152813568000.0,0.0,21.142789176,197.198794644552,0.63428367528,33,True,0.6406905810909092
1080p,1920,1080,128,128,7,128,4096,200.0,os,9801360.0,0.0,138931200,135869400.0,120268800.0,1085400.0,14515200.0,127558800.0,120312000.0,1026000.0,6220800.0,31954176.0,601344000.0,5427000.0,72576000.0,679347000.0,19249920000.0,164160000.0,995328000.0,20409408000.0,21120709176.0,0.010368,accelergy,assignment_style_accelergy_ert,5.0,5.0,160.0,160.0,9.80136,16384,160585482240.0,0.0,21.120709176,207.01167408927935,0.63362127528,33,True,0.6400214901818182
1080p,1920,1080,128,128,7,64,4096,800.0,os,10201800.0,0.0,138931200,136954800.0,120268800.0,2170800.0,14515200.0,127156800.0,120396000.0,540000.0,6220800.0,31954176.0,601344000.0,10854000.0,72576000.0,684774000.0,19263360000.0,86400000.0,995328000.0,20345088000.0,21061816176.0,0.033918750000000004,accelergy,assignment_style_accelergy_ert,5.0,5.0,160.0,160.0,10.2018,4096,41786572800.0,0.0,21.061816176,214.8684362643168,0.63185448528,33,True,0.6382368538181818
1080p,1920,1080,128,128,7,64,4096,200.0,os,10676160.0,0.0,138931200,136954800.0,120268800.0,2170800.0,14515200.0,127045800.0,120312000.0,513000.0,6220800.0,31954176.0,601344000.0,10854000.0,72576000.0,684774000.0,19249920000.0,82080000.0,995328000.0,20327328000.0,21044056176.0,0.033918750000000004,accelergy,assignment_style_accelergy_ert,5.0,5.0,160.0,160.0,10.676160000000001,4096,43729551360.0,0.0,21.044056176,224.6697107839642,0.63132168528,33,True,0.637698672
1080p,1920,1080,128,128,7,32,4096,800.0,os,11951400.0,0.0,138931200,139125600.0,120268800.0,4341600.0,14515200.0,126940800.0,120396000.0,324000.0,6220800.0,31954176.0,601344000.0,21708000.0,72576000.0,695628000.0,19263360000.0,51840000.0,995328000.0,20310528000.0,21038110176.0,0.13567500000000002,accelergy,assignment_style_accelergy_ert,5.0,5.0,160.0,160.0,11.9514,1024,12238233600.0,0.0,21.038110176,251.43486995744638,0.63114330528,33,True,0.6375184901818183
1080p,1920,1080,128,128,7,32,4096,200.0,os,12425760.0,0.0,138931200,139125600.0,120268800.0,4341600.0,14515200.0,126802800.0,120312000.0,270000.0,6220800.0,31954176.0,601344000.0,21708000.0,72576000.0,695628000.0,19249920000.0,43200000.0,995328000.0,20288448000.0,21016030176.0,0.13567500000000002,accelergy,assignment_style_accelergy_ert,5.0,5.0,160.0,160.0,12.425759999999999,1024,12723978240.0,0.0,21.016030176,261.14014711973374,0.63048090528,33,True,0.6368493992727273
1080p,1920,1080,128,128,7,32,4096,50.0,os,14323185.0,0.0,138931200,139125600.0,120268800.0,4341600.0,14515200.0,126756300.0,120279000.0,256500.0,6220800.0,31954176.0,601344000.0,21708000.0,72576000.0,695628000.0,19244640000.0,41040000.0,995328000.0,20281008000.0,21008590176.0,0.13567500000000002,accelergy,assignment_style_accelergy_ert,5.0,5.0,160.0,160.0,14.323185,1024,14666941440.0,0.0,21.008590176,300.90992368003054,0.63025770528,33,True,0.6366239447272727
1080p,1920,1080,128,128,7,64,256,800.0,ws,4225785.0,0.0,138931200,126498645.0,120268800.0,9045.0,6220800.0,134632800.0,127872000.0,540000.0,6220800.0,31954176.0,601344000.0,45225.0,31104000.0,632493225.0,20459520000.0,86400000.0,995328000.0,21541248000.0,22205695401.0,0.033918750000000004,accelergy,assignment_style_accelergy_ert,5.0,5.0,160.0,160.0,4.225785,4096,17308815360.0,0.0,22.205695401,93.83649454011478,0.66617086203,100,True,0.22205695401
1080p,1920,1080,128,128,7,64,256,200.0,ws,4308750.0,0.0,138931200,126498645.0,120268800.0,9045.0,6220800.0,134173800.0,127440000.0,513000.0,6220800.0,31954176.0,601344000.0,45225.0,31104000.0,632493225.0,20390400000.0,82080000.0,995328000.0,21467808000.0,22132255401.0,0.033918750000000004,accelergy,assignment_style_accelergy_ert,5.0,5.0,160.0,160.0,4.30875,4096,17648640000.0,0.0,22.132255401,95.36235545905873,0.66396766203,100,True,0.22132255401
1080p,1920,1080,128,128,7,64,256,50.0,ws,4640565.0,0.0,138931200,126498645.0,120268800.0,9045.0,6220800.0,133951050.0,127224000.0,506250.0,6220800.0,31954176.0,601344000.0,45225.0,31104000.0,632493225.0,20355840000.0,81000000.0,995328000.0,21432168000.0,22096615401.0,0.041472,accelergy,assignment_style_accelergy_ert,5.0,5.0,160.0,160.0,4.6405650000000005,4096,19007754240.0,0.0,22.096615401,102.54078004834157,0.66289846203,100,True,0.22096615401
1080p,1920,1080,128,128,7,128,4096,800.0,os,9327000.0,0.0,138931200,135869400.0,120268800.0,1085400.0,14515200.0,127696800.0,120396000.0,1080000.0,6220800.0,31954176.0,601344000.0,5427000.0,72576000.0,679347000.0,19263360000.0,172800000.0,995328000.0,20431488000.0,21142789176.0,0.008479687500000001,accelergy,assignment_style_accelergy_ert,5.0,5.0,160.0,160.0,9.327,16384,152813568000.0,0.0,21.142789176,197.198794644552,0.63428367528,100,True,0.21142789176
1080p,1920,1080,128,128,7,128,4096,200.0,os,9801360.0,0.0,138931200,135869400.0,120268800.0,1085400.0,14515200.0,127558800.0,120312000.0,1026000.0,6220800.0,31954176.0,601344000.0,5427000.0,72576000.0,679347000.0,19249920000.0,164160000.0,995328000.0,20409408000.0,21120709176.0,0.010368,accelergy,assignment_style_accelergy_ert,5.0,5.0,160.0,160.0,9.80136,16384,160585482240.0,0.0,21.120709176,207.01167408927935,0.63362127528,100,True,0.21120709176
1080p,1920,1080,128,128,7,64,4096,800.0,os,10201800.0,0.0,138931200,136954800.0,120268800.0,2170800.0,14515200.0,127156800.0,120396000.0,540000.0,6220800.0,31954176.0,601344000.0,10854000.0,72576000.0,684774000.0,19263360000.0,86400000.0,995328000.0,20345088000.0,21061816176.0,0.033918750000000004,accelergy,assignment_style_accelergy_ert,5.0,5.0,160.0,160.0,10.2018,4096,41786572800.0,0.0,21.061816176,214.8684362643168,0.63185448528,100,True,0.21061816176
1080p,1920,1080,128,128,7,64,4096,200.0,os,10676160.0,0.0,138931200,136954800.0,120268800.0,2170800.0,14515200.0,127045800.0,120312000.0,513000.0,6220800.0,31954176.0,601344000.0,10854000.0,72576000.0,684774000.0,19249920000.0,82080000.0,995328000.0,20327328000.0,21044056176.0,0.033918750000000004,accelergy,assignment_style_accelergy_ert,5.0,5.0,160.0,160.0,10.676160000000001,4096,43729551360.0,0.0,21.044056176,224.6697107839642,0.63132168528,100,True,0.21044056176
1080p,1920,1080,128,128,7,32,4096,800.0,os,11951400.0,0.0,138931200,139125600.0,120268800.0,4341600.0,14515200.0,126940800.0,120396000.0,324000.0,6220800.0,31954176.0,601344000.0,21708000.0,72576000.0,695628000.0,19263360000.0,51840000.0,995328000.0,20310528000.0,21038110176.0,0.13567500000000002,accelergy,assignment_style_accelergy_ert,5.0,5.0,160.0,160.0,11.9514,1024,12238233600.0,0.0,21.038110176,251.43486995744638,0.63114330528,100,True,0.21038110176
1080p,1920,1080,128,128,7,32,4096,200.0,os,12425760.0,0.0,138931200,139125600.0,120268800.0,4341600.0,14515200.0,126802800.0,120312000.0,270000.0,6220800.0,31954176.0,601344000.0,21708000.0,72576000.0,695628000.0,19249920000.0,43200000.0,995328000.0,20288448000.0,21016030176.0,0.13567500000000002,accelergy,assignment_style_accelergy_ert,5.0,5.0,160.0,160.0,12.425759999999999,1024,12723978240.0,0.0,21.016030176,261.14014711973374,0.63048090528,100,True,0.21016030176
1080p,1920,1080,128,128,7,32,4096,50.0,os,14323185.0,0.0,138931200,139125600.0,120268800.0,4341600.0,14515200.0,126756300.0,120279000.0,256500.0,6220800.0,31954176.0,601344000.0,21708000.0,72576000.0,695628000.0,19244640000.0,41040000.0,995328000.0,20281008000.0,21008590176.0,0.13567500000000002,accelergy,assignment_style_accelergy_ert,5.0,5.0,160.0,160.0,14.323185,1024,14666941440.0,0.0,21.008590176,300.90992368003054,0.63025770528,100,True,0.21008590176
1080p,1920,1080,128,128,7,64,256,800.0,ws,4225785.0,0.0,138931200,126498645.0,120268800.0,9045.0,6220800.0,134632800.0,127872000.0,540000.0,6220800.0,31954176.0,601344000.0,45225.0,31104000.0,632493225.0,20459520000.0,86400000.0,995328000.0,21541248000.0,22205695401.0,0.033918750000000004,accelergy,assignment_style_accelergy_ert,5.0,5.0,160.0,160.0,4.225785,4096,17308815360.0,0.0,22.205695401,93.83649454011478,0.66617086203,200,True,0.111028477005
1080p,1920,1080,128,128,7,64,256,200.0,ws,4308750.0,0.0,138931200,126498645.0,120268800.0,9045.0,6220800.0,134173800.0,127440000.0,513000.0,6220800.0,31954176.0,601344000.0,45225.0,31104000.0,632493225.0,20390400000.0,82080000.0,995328000.0,21467808000.0,22132255401.0,0.033918750000000004,accelergy,assignment_style_accelergy_ert,5.0,5.0,160.0,160.0,4.30875,4096,17648640000.0,0.0,22.132255401,95.36235545905873,0.66396766203,200,True,0.110661277005
1080p,1920,1080,128,128,7,64,256,50.0,ws,4640565.0,0.0,138931200,126498645.0,120268800.0,9045.0,6220800.0,133951050.0,127224000.0,506250.0,6220800.0,31954176.0,601344000.0,45225.0,31104000.0,632493225.0,20355840000.0,81000000.0,995328000.0,21432168000.0,22096615401.0,0.041472,accelergy,assignment_style_accelergy_ert,5.0,5.0,160.0,160.0,4.6405650000000005,4096,19007754240.0,0.0,22.096615401,102.54078004834157,0.66289846203,200,True,0.110483077005
1080p,1920,1080,128,128,7,128,4096,800.0,os,9327000.0,0.0,138931200,135869400.0,120268800.0,1085400.0,14515200.0,127696800.0,120396000.0,1080000.0,6220800.0,31954176.0,601344000.0,5427000.0,72576000.0,679347000.0,19263360000.0,172800000.0,995328000.0,20431488000.0,21142789176.0,0.008479687500000001,accelergy,assignment_style_accelergy_ert,5.0,5.0,160.0,160.0,9.327,16384,152813568000.0,0.0,21.142789176,197.198794644552,0.63428367528,200,True,0.10571394588
1080p,1920,1080,128,128,7,128,4096,200.0,os,9801360.0,0.0,138931200,135869400.0,120268800.0,1085400.0,14515200.0,127558800.0,120312000.0,1026000.0,6220800.0,31954176.0,601344000.0,5427000.0,72576000.0,679347000.0,19249920000.0,164160000.0,995328000.0,20409408000.0,21120709176.0,0.010368,accelergy,assignment_style_accelergy_ert,5.0,5.0,160.0,160.0,9.80136,16384,160585482240.0,0.0,21.120709176,207.01167408927935,0.63362127528,200,True,0.10560354588
1080p,1920,1080,128,128,7,64,4096,800.0,os,10201800.0,0.0,138931200,136954800.0,120268800.0,2170800.0,14515200.0,127156800.0,120396000.0,540000.0,6220800.0,31954176.0,601344000.0,10854000.0,72576000.0,684774000.0,19263360000.0,86400000.0,995328000.0,20345088000.0,21061816176.0,0.033918750000000004,accelergy,assignment_style_accelergy_ert,5.0,5.0,160.0,160.0,10.2018,4096,41786572800.0,0.0,21.061816176,214.8684362643168,0.63185448528,200,True,0.10530908088
1080p,1920,1080,128,128,7,64,4096,200.0,os,10676160.0,0.0,138931200,136954800.0,120268800.0,2170800.0,14515200.0,127045800.0,120312000.0,513000.0,6220800.0,31954176.0,601344000.0,10854000.0,72576000.0,684774000.0,19249920000.0,82080000.0,995328000.0,20327328000.0,21044056176.0,0.033918750000000004,accelergy,assignment_style_accelergy_ert,5.0,5.0,160.0,160.0,10.676160000000001,4096,43729551360.0,0.0,21.044056176,224.6697107839642,0.63132168528,200,True,0.10522028088
1080p,1920,1080,128,128,7,32,4096,800.0,os,11951400.0,0.0,138931200,139125600.0,120268800.0,4341600.0,14515200.0,126940800.0,120396000.0,324000.0,6220800.0,31954176.0,601344000.0,21708000.0,72576000.0,695628000.0,19263360000.0,51840000.0,995328000.0,20310528000.0,21038110176.0,0.13567500000000002,accelergy,assignment_style_accelergy_ert,5.0,5.0,160.0,160.0,11.9514,1024,12238233600.0,0.0,21.038110176,251.43486995744638,0.63114330528,200,True,0.10519055088
1080p,1920,1080,128,128,7,32,4096,200.0,os,12425760.0,0.0,138931200,139125600.0,120268800.0,4341600.0,14515200.0,126802800.0,120312000.0,270000.0,6220800.0,31954176.0,601344000.0,21708000.0,72576000.0,695628000.0,19249920000.0,43200000.0,995328000.0,20288448000.0,21016030176.0,0.13567500000000002,accelergy,assignment_style_accelergy_ert,5.0,5.0,160.0,160.0,12.425759999999999,1024,12723978240.0,0.0,21.016030176,261.14014711973374,0.63048090528,200,True,0.10508015088
1080p,1920,1080,128,128,7,32,4096,50.0,os,14323185.0,0.0,138931200,139125600.0,120268800.0,4341600.0,14515200.0,126756300.0,120279000.0,256500.0,6220800.0,31954176.0,601344000.0,21708000.0,72576000.0,695628000.0,19244640000.0,41040000.0,995328000.0,20281008000.0,21008590176.0,0.13567500000000002,accelergy,assignment_style_accelergy_ert,5.0,5.0,160.0,160.0,14.323185,1024,14666941440.0,0.0,21.008590176,300.90992368003054,0.63025770528,200,True,0.10504295088
1080p,1920,1080,128,128,11,128,256,800.0,ws,4277625.0,0.0,288230400,275807565.0,269568000.0,18765.0,6220800.0,286216800.0,277944000.0,2052000.0,6220800.0,66292992.00000001,1347840000.0,93825.0,31104000.0,1379037825.0,44471040000.0,328320000.0,995328000.0,45794688000.0,47240018817.0,0.0175921875,accelergy,assignment_style_accelergy_ert,5.0,5.0,160.0,160.0,4.2776250000000005,16384,70084608000.0,0.0,47.240018817,202.07508549206963,1.41720056451,33,True,1.4315157217272727
1080p,1920,1080,128,128,11,128,256,200.0,ws,4360590.0,0.0,288230400,275807565.0,269568000.0,18765.0,6220800.0,285196800.0,277005000.0,1971000.0,6220800.0,66292992.00000001,1347840000.0,93825.0,31104000.0,1379037825.0,44320800000.0,315360000.0,995328000.0,45631488000.0,47076818817.0,0.0175921875,accelergy,assignment_style_accelergy_ert,5.0,5.0,160.0,160.0,4.36059,16384,71443906560.0,0.0,47.076818817,205.28270536522206,1.41230456451,33,True,1.4265702671818183
1080p,1920,1080,128,128,11,128,256,50.0,ws,7616715.0,2924310.0,288230400,275807565.0,269568000.0,18765.0,6220800.0,284720550.0,276535500.0,1964250.0,6220800.0,66292992.00000001,1347840000.0,93825.0,31104000.0,1379037825.0,44245680000.0,314280000.0,995328000.0,45555288000.0,47000618817.0,0.041472,accelergy,assignment_style_accelergy_ert,5.0,5.0,160.0,160.0,7.616714999999999,16384,124792258560.0,38.39332310582712,47.000618817,357.99031835272615,1.41001856451,33,True,1.4242611762727273
1080p,1920,1080,128,128,11,128,256,800.0,ws,4277625.0,0.0,288230400,275807565.0,269568000.0,18765.0,6220800.0,286216800.0,277944000.0,2052000.0,6220800.0,66292992.00000001,1347840000.0,93825.0,31104000.0,1379037825.0,44471040000.0,328320000.0,995328000.0,45794688000.0,47240018817.0,0.0175921875,accelergy,assignment_style_accelergy_ert,5.0,5.0,160.0,160.0,4.2776250000000005,16384,70084608000.0,0.0,47.240018817,202.07508549206963,1.41720056451,100,True,0.47240018817
1080p,1920,1080,128,128,11,128,256,200.0,ws,4360590.0,0.0,288230400,275807565.0,269568000.0,18765.0,6220800.0,285196800.0,277005000.0,1971000.0,6220800.0,66292992.00000001,1347840000.0,93825.0,31104000.0,1379037825.0,44320800000.0,315360000.0,995328000.0,45631488000.0,47076818817.0,0.0175921875,accelergy,assignment_style_accelergy_ert,5.0,5.0,160.0,160.0,4.36059,16384,71443906560.0,0.0,47.076818817,205.28270536522206,1.41230456451,100,True,0.47076818817
1080p,1920,1080,128,128,11,128,256,50.0,ws,7616715.0,2924310.0,288230400,275807565.0,269568000.0,18765.0,6220800.0,284720550.0,276535500.0,1964250.0,6220800.0,66292992.00000001,1347840000.0,93825.0,31104000.0,1379037825.0,44245680000.0,314280000.0,995328000.0,45555288000.0,47000618817.0,0.041472,accelergy,assignment_style_accelergy_ert,5.0,5.0,160.0,160.0,7.616714999999999,16384,124792258560.0,38.39332310582712,47.000618817,357.99031835272615,1.41001856451,100,True,0.47000618817
1080p,1920,1080,128,128,11,128,256,800.0,ws,4277625.0,0.0,288230400,275807565.0,269568000.0,18765.0,6220800.0,286216800.0,277944000.0,2052000.0,6220800.0,66292992.00000001,1347840000.0,93825.0,31104000.0,1379037825.0,44471040000.0,328320000.0,995328000.0,45794688000.0,47240018817.0,0.0175921875,accelergy,assignment_style_accelergy_ert,5.0,5.0,160.0,160.0,4.2776250000000005,16384,70084608000.0,0.0,47.240018817,202.07508549206963,1.41720056451,200,True,0.236200094085
1080p,1920,1080,128,128,11,128,256,200.0,ws,4360590.0,0.0,288230400,275807565.0,269568000.0,18765.0,6220800.0,285196800.0,277005000.0,1971000.0,6220800.0,66292992.00000001,1347840000.0,93825.0,31104000.0,1379037825.0,44320800000.0,315360000.0,995328000.0,45631488000.0,47076818817.0,0.0175921875,accelergy,assignment_style_accelergy_ert,5.0,5.0,160.0,160.0,4.36059,16384,71443906560.0,0.0,47.076818817,205.28270536522206,1.41230456451,200,True,0.235384094085
1080p,1920,1080,128,128,11,128,256,50.0,ws,7616715.0,2924310.0,288230400,275807565.0,269568000.0,18765.0,6220800.0,284720550.0,276535500.0,1964250.0,6220800.0,66292992.00000001,1347840000.0,93825.0,31104000.0,1379037825.0,44245680000.0,314280000.0,995328000.0,45555288000.0,47000618817.0,0.041472,accelergy,assignment_style_accelergy_ert,5.0,5.0,160.0,160.0,7.616714999999999,16384,124792258560.0,38.39332310582712,47.000618817,357.99031835272615,1.41001856451,200,True,0.235003094085
720p,1280,720,128,128,3,16,256,800.0,ws,1860850.0,0.0,24883200,19355220.0,16588800.0,1620.0,2764800.0,22988800.0,20128000.0,96000.0,2764800.0,5723136.0,82944000.0,8100.0,13824000.0,96776100.0,3220480000.0,15360000.0,442368000.0,3678208000.0,3780707236.0,0.09720000000000001,accelergy,assignment_style_accelergy_ert,5.0,5.0,160.0,160.0,1.8608500000000001,256,476377600.0,0.0,3.780707236,7.035329060110601,0.11342121708,33,True,0.11456688593939394
720p,1280,720,128,128,3,16,256,200.0,ws,1897730.0,0.0,24883200,19355220.0,16588800.0,1620.0,2764800.0,22848800.0,20060000.0,24000.0,2764800.0,5723136.0,82944000.0,8100.0,13824000.0,96776100.0,3209600000.0,3840000.0,442368000.0,3655808000.0,3758307236.0,0.09720000000000001,accelergy,assignment_style_accelergy_ert,5.0,5.0,160.0,160.0,1.8977300000000001,256,485818880.0,0.0,3.758307236,7.13225239097428,0.11274921708,33,True,0.11388809806060607
720p,1280,720,128,128,3,16,256,50.0,ws,2045190.0,0.0,24883200,19355220.0,16588800.0,1620.0,2764800.0,22808800.0,20026000.0,18000.0,2764800.0,5723136.0,82944000.0,8100.0,13824000.0,96776100.0,3204160000.0,2880000.0,442368000.0,3649408000.0,3751907236.0,0.09720000000000001,accelergy,assignment_style_accelergy_ert,5.0,5.0,160.0,160.0,2.0451900000000003,256,523568640.0,0.0,3.751907236,7.6733631599948415,0.11255721708,33,True,0.11369415866666667
720p,1280,720,128,128,3,128,1024,800.0,os,3811270.0,0.0,24883200,23234400.0,16588800.0,194400.0,6451200.0,19612800.0,16656000.0,192000.0,2764800.0,5723136.0,82944000.0,972000.0,32256000.0,116172000.0,2664960000.0,30720000.0,442368000.0,3138048000.0,3259943136.0,0.0015187500000000001,accelergy,assignment_style_accelergy_ert,5.0,5.0,160.0,160.0,3.81127,16384,62443847680.0,0.0,3.259943136,12.424523475942719,0.09779829408,33,True,0.09878615563636364
720p,1280,720,128,128,3,128,1024,200.0,os,3883830.0,0.0,24883200,23234400.0,16588800.0,194400.0,6451200.0,19512800.0,16604000.0,144000.0,2764800.0,5723136.0,82944000.0,972000.0,32256000.0,116172000.0,2656640000.0,23040000.0,442368000.0,3122048000.0,3243943136.0,0.004608,accelergy,assignment_style_accelergy_ert,5.0,5.0,160.0,160.0,3.88383,16384,63632670720.0,0.0,3.243943136,12.59892366989088,0.09731829408,33,True,0.09830130715151515
720p,1280,720,128,128,3,64,1024,200.0,os,3984630.0,0.0,24883200,23428800.0,16588800.0,388800.0,6451200.0,19440800.0,16604000.0,72000.0,2764800.0,5723136.0,82944000.0,1944000.0,32256000.0,117144000.0,2656640000.0,11520000.0,442368000.0,3110528000.0,3233395136.0,0.0060750000000000005,accelergy,assignment_style_accelergy_ert,5.0,5.0,160.0,160.0,3.98463,4096,16321044480.0,0.0,3.233395136,12.88388326075968,0.09700185408,33,True,0.0979816707878788
720p,1280,720,128,128,3,32,1024,200.0,os,4186230.0,0.0,24883200,23817600.0,16588800.0,777600.0,6451200.0,19416800.0,16604000.0,48000.0,2764800.0,5723136.0,82944000.0,3888000.0,32256000.0,119088000.0,2656640000.0,7680000.0,442368000.0,3106688000.0,3231499136.0,0.024300000000000002,accelergy,assignment_style_accelergy_ert,5.0,5.0,160.0,160.0,4.18623,1024,4286699520.0,0.0,3.231499136,13.52779862809728,0.09694497408,33,True,0.09792421624242424
720p,1280,720,128,128,3,32,1024,50.0,os,4476590.0,0.0,24883200,23817600.0,16588800.0,777600.0,6451200.0,19394800.0,16594000.0,36000.0,2764800.0,5723136.0,82944000.0,3888000.0,32256000.0,119088000.0,2655040000.0,5760000.0,442368000.0,3103168000.0,3227979136.0,0.024300000000000002,accelergy,assignment_style_accelergy_ert,5.0,5.0,160.0,160.0,4.47659,1024,4584028160.0,0.0,3.227979136,14.45033912042624,0.09683937408,33,True,0.09781754957575758
720p,1280,720,128,128,3,16,256,800.0,ws,1860850.0,0.0,24883200,19355220.0,16588800.0,1620.0,2764800.0,22988800.0,20128000.0,96000.0,2764800.0,5723136.0,82944000.0,8100.0,13824000.0,96776100.0,3220480000.0,15360000.0,442368000.0,3678208000.0,3780707236.0,0.09720000000000001,accelergy,assignment_style_accelergy_ert,5.0,5.0,160.0,160.0,1.8608500000000001,256,476377600.0,0.0,3.780707236,7.035329060110601,0.11342121708,100,True,0.03780707236
720p,1280,720,128,128,3,16,256,200.0,ws,1897730.0,0.0,24883200,19355220.0,16588800.0,1620.0,2764800.0,22848800.0,20060000.0,24000.0,2764800.0,5723136.0,82944000.0,8100.0,13824000.0,96776100.0,3209600000.0,3840000.0,442368000.0,3655808000.0,3758307236.0,0.09720000000000001,accelergy,assignment_style_accelergy_ert,5.0,5.0,160.0,160.0,1.8977300000000001,256,485818880.0,0.0,3.758307236,7.13225239097428,0.11274921708,100,True,0.03758307236
720p,1280,720,128,128,3,16,256,50.0,ws,2045190.0,0.0,24883200,19355220.0,16588800.0,1620.0,2764800.0,22808800.0,20026000.0,18000.0,2764800.0,5723136.0,82944000.0,8100.0,13824000.0,96776100.0,3204160000.0,2880000.0,442368000.0,3649408000.0,3751907236.0,0.09720000000000001,accelergy,assignment_style_accelergy_ert,5.0,5.0,160.0,160.0,2.0451900000000003,256,523568640.0,0.0,3.751907236,7.6733631599948415,0.11255721708,100,True,0.03751907236
720p,1280,720,128,128,3,128,1024,800.0,os,3811270.0,0.0,24883200,23234400.0,16588800.0,194400.0,6451200.0,19612800.0,16656000.0,192000.0,2764800.0,5723136.0,82944000.0,972000.0,32256000.0,116172000.0,2664960000.0,30720000.0,442368000.0,3138048000.0,3259943136.0,0.0015187500000000001,accelergy,assignment_style_accelergy_ert,5.0,5.0,160.0,160.0,3.81127,16384,62443847680.0,0.0,3.259943136,12.424523475942719,0.09779829408,100,True,0.03259943136
720p,1280,720,128,128,3,128,1024,200.0,os,3883830.0,0.0,24883200,23234400.0,16588800.0,194400.0,6451200.0,19512800.0,16604000.0,144000.0,2764800.0,5723136.0,82944000.0,972000.0,32256000.0,116172000.0,2656640000.0,23040000.0,442368000.0,3122048000.0,3243943136.0,0.004608,accelergy,assignment_style_accelergy_ert,5.0,5.0,160.0,160.0,3.88383,16384,63632670720.0,0.0,3.243943136,12.59892366989088,0.09731829408,100,True,0.03243943136
720p,1280,720,128,128,3,64,1024,200.0,os,3984630.0,0.0,24883200,23428800.0,16588800.0,388800.0,6451200.0,19440800.0,16604000.0,72000.0,2764800.0,5723136.0,82944000.0,1944000.0,32256000.0,117144000.0,2656640000.0,11520000.0,442368000.0,3110528000.0,3233395136.0,0.0060750000000000005,accelergy,assignment_style_accelergy_ert,5.0,5.0,160.0,160.0,3.98463,4096,16321044480.0,0.0,3.233395136,12.88388326075968,0.09700185408,100,True,0.03233395136
720p,1280,720,128,128,3,32,1024,200.0,os,4186230.0,0.0,24883200,23817600.0,16588800.0,777600.0,6451200.0,19416800.0,16604000.0,48000.0,2764800.0,5723136.0,82944000.0,3888000.0,32256000.0,119088000.0,2656640000.0,7680000.0,442368000.0,3106688000.0,3231499136.0,0.024300000000000002,accelergy,assignment_style_accelergy_ert,5.0,5.0,160.0,160.0,4.18623,1024,4286699520.0,0.0,3.231499136,13.52779862809728,0.09694497408,100,True,0.03231499136
720p,1280,720,128,128,3,32,1024,50.0,os,4476590.0,0.0,24883200,23817600.0,16588800.0,777600.0,6451200.0,19394800.0,16594000.0,36000.0,2764800.0,5723136.0,82944000.0,3888000.0,32256000.0,119088000.0,2655040000.0,5760000.0,442368000.0,3103168000.0,3227979136.0,0.024300000000000002,accelergy,assignment_style_accelergy_ert,5.0,5.0,160.0,160.0,4.47659,1024,4584028160.0,0.0,3.227979136,14.45033912042624,0.09683937408,100,True,0.03227979136
720p,1280,720,128,128,3,16,256,800.0,ws,1860850.0,0.0,24883200,19355220.0,16588800.0,1620.0,2764800.0,22988800.0,20128000.0,96000.0,2764800.0,5723136.0,82944000.0,8100.0,13824000.0,96776100.0,3220480000.0,15360000.0,442368000.0,3678208000.0,3780707236.0,0.09720000000000001,accelergy,assignment_style_accelergy_ert,5.0,5.0,160.0,160.0,1.8608500000000001,256,476377600.0,0.0,3.780707236,7.035329060110601,0.11342121708,200,True,0.01890353618
720p,1280,720,128,128,3,16,256,200.0,ws,1897730.0,0.0,24883200,19355220.0,16588800.0,1620.0,2764800.0,22848800.0,20060000.0,24000.0,2764800.0,5723136.0,82944000.0,8100.0,13824000.0,96776100.0,3209600000.0,3840000.0,442368000.0,3655808000.0,3758307236.0,0.09720000000000001,accelergy,assignment_style_accelergy_ert,5.0,5.0,160.0,160.0,1.8977300000000001,256,485818880.0,0.0,3.758307236,7.13225239097428,0.11274921708,200,True,0.01879153618
720p,1280,720,128,128,3,16,256,50.0,ws,2045190.0,0.0,24883200,19355220.0,16588800.0,1620.0,2764800.0,22808800.0,20026000.0,18000.0,2764800.0,5723136.0,82944000.0,8100.0,13824000.0,96776100.0,3204160000.0,2880000.0,442368000.0,3649408000.0,3751907236.0,0.09720000000000001,accelergy,assignment_style_accelergy_ert,5.0,5.0,160.0,160.0,2.0451900000000003,256,523568640.0,0.0,3.751907236,7.6733631599948415,0.11255721708,200,True,0.01875953618
720p,1280,720,128,128,3,128,1024,800.0,os,3811270.0,0.0,24883200,23234400.0,16588800.0,194400.0,6451200.0,19612800.0,16656000.0,192000.0,2764800.0,5723136.0,82944000.0,972000.0,32256000.0,116172000.0,2664960000.0,30720000.0,442368000.0,3138048000.0,3259943136.0,0.0015187500000000001,accelergy,assignment_style_accelergy_ert,5.0,5.0,160.0,160.0,3.81127,16384,62443847680.0,0.0,3.259943136,12.424523475942719,0.09779829408,200,True,0.01629971568
720p,1280,720,128,128,3,128,1024,200.0,os,3883830.0,0.0,24883200,23234400.0,16588800.0,194400.0,6451200.0,19512800.0,16604000.0,144000.0,2764800.0,5723136.0,82944000.0,972000.0,32256000.0,116172000.0,2656640000.0,23040000.0,442368000.0,3122048000.0,3243943136.0,0.004608,accelergy,assignment_style_accelergy_ert,5.0,5.0,160.0,160.0,3.88383,16384,63632670720.0,0.0,3.243943136,12.59892366989088,0.09731829408,200,True,0.01621971568
720p,1280,720,128,128,3,64,1024,200.0,os,3984630.0,0.0,24883200,23428800.0,16588800.0,388800.0,6451200.0,19440800.0,16604000.0,72000.0,2764800.0,5723136.0,82944000.0,1944000.0,32256000.0,117144000.0,2656640000.0,11520000.0,442368000.0,3110528000.0,3233395136.0,0.0060750000000000005,accelergy,assignment_style_accelergy_ert,5.0,5.0,160.0,160.0,3.98463,4096,16321044480.0,0.0,3.233395136,12.88388326075968,0.09700185408,200,True,0.01616697568
720p,1280,720,128,128,3,32,1024,200.0,os,4186230.0,0.0,24883200,23817600.0,16588800.0,777600.0,6451200.0,19416800.0,16604000.0,48000.0,2764800.0,5723136.0,82944000.0,3888000.0,32256000.0,119088000.0,2656640000.0,7680000.0,442368000.0,3106688000.0,3231499136.0,0.024300000000000002,accelergy,assignment_style_accelergy_ert,5.0,5.0,160.0,160.0,4.18623,1024,4286699520.0,0.0,3.231499136,13.52779862809728,0.09694497408,200,True,0.01615749568
720p,1280,720,128,128,3,32,1024,50.0,os,4476590.0,0.0,24883200,23817600.0,16588800.0,777600.0,6451200.0,19394800.0,16594000.0,36000.0,2764800.0,5723136.0,82944000.0,3888000.0,32256000.0,119088000.0,2655040000.0,5760000.0,442368000.0,3103168000.0,3227979136.0,0.024300000000000002,accelergy,assignment_style_accelergy_ert,5.0,5.0,160.0,160.0,4.47659,1024,4584028160.0,0.0,3.227979136,14.45033912042624,0.09683937408,200,True,0.01613989568
720p,1280,720,128,128,5,32,256,800.0,ws,1866610.0,0.0,39628800,34101780.0,31334400.0,2580.0,2764800.0,36604800.0,33744000.0,96000.0,2764800.0,9114624.0,156672000.0,12900.0,13824000.0,170508900.0,5399040000.0,15360000.0,442368000.0,5856768000.0,6036391524.0,0.0387,accelergy,assignment_style_accelergy_ert,5.0,5.0,160.0,160.0,1.86661,1024,1911408640.0,0.0,6.036391524,11.26758878261364,0.18109174572,33,True,0.18292095527272728
720p,1280,720,128,128,5,32,256,200.0,ws,1903490.0,0.0,39628800,34101780.0,31334400.0,2580.0,2764800.0,36466800.0,33630000.0,72000.0,2764800.0,9114624.0,156672000.0,12900.0,13824000.0,170508900.0,5380800000.0,11520000.0,442368000.0,5834688000.0,6014311524.0,0.0387,accelergy,assignment_style_accelergy_ert,5.0,5.0,160.0,160.0,1.9034900000000001,1024,1949173760.0,0.0,6.014311524,11.44818184281876,0.18042934572,33,True,0.18225186436363638
720p,1280,720,128,128,5,32,256,50.0,ws,2050950.0,0.0,39628800,34101780.0,31334400.0,2580.0,2764800.0,36403800.0,33573000.0,66000.0,2764800.0,9114624.0,156672000.0,12900.0,13824000.0,170508900.0,5371680000.0,10560000.0,442368000.0,5824608000.0,6004231524.0,0.0387,accelergy,assignment_style_accelergy_ert,5.0,5.0,160.0,160.0,2.0509500000000003,1024,2100172800.0,0.0,6.004231524,12.314378644147801,0.18012694572,33,True,0.18194640981818183
720p,1280,720,128,128,5,128,4096,800.0,os,3944860.0,0.0,39628800,38095200.0,31334400.0,309600.0,6451200.0,34420800.0,31368000.0,288000.0,2764800.0,9114624.0,156672000.0,1548000.0,32256000.0,190476000.0,5018880000.0,46080000.0,442368000.0,5507328000.0,5706918624.0,0.00241875,accelergy,assignment_style_accelergy_ert,5.0,5.0,160.0,160.0,3.94486,16384,64632586240.0,0.0,5.706918624,22.51299500307264,0.17120755872,33,True,0.172936928
720p,1280,720,128,128,5,128,4096,200.0,os,4072720.0,0.0,39628800,38095200.0,31334400.0,309600.0,6451200.0,34370800.0,31342000.0,264000.0,2764800.0,9114624.0,156672000.0,1548000.0,32256000.0,190476000.0,5014720000.0,42240000.0,442368000.0,5499328000.0,5698918624.0,0.004608,accelergy,assignment_style_accelergy_ert,5.0,5.0,160.0,160.0,4.07272,16384,66727444480.0,0.0,5.698918624,23.210099858337284,0.17096755872,33,True,0.17269450375757578
720p,1280,720,128,128,5,64,4096,800.0,os,4160860.0,0.0,39628800,38404800.0,31334400.0,619200.0,6451200.0,34276800.0,31368000.0,144000.0,2764800.0,9114624.0,156672000.0,3096000.0,32256000.0,192024000.0,5018880000.0,23040000.0,442368000.0,5484288000.0,5685426624.0,0.009675,accelergy,assignment_style_accelergy_ert,5.0,5.0,160.0,160.0,4.16086,4096,17042882560.0,0.0,5.685426624,23.656264222736638,0.17056279872,33,True,0.1722856552727273
720p,1280,720,128,128,5,64,4096,200.0,os,4288720.0,0.0,39628800,38404800.0,31334400.0,619200.0,6451200.0,34238800.0,31342000.0,132000.0,2764800.0,9114624.0,156672000.0,3096000.0,32256000.0,192024000.0,5014720000.0,21120000.0,442368000.0,5478208000.0,5679346624.0,0.009675,accelergy,assignment_style_accelergy_ert,5.0,5.0,160.0,160.0,4.2887200000000005,4096,17566597120.0,0.0,5.679346624,24.357127453281283,0.17038039872,33,True,0.17210141284848487
720p,1280,720,128,128,5,32,4096,200.0,os,4720720.0,0.0,39628800,39024000.0,31334400.0,1238400.0,6451200.0,34178800.0,31342000.0,72000.0,2764800.0,9114624.0,156672000.0,6192000.0,32256000.0,195120000.0,5014720000.0,11520000.0,442368000.0,5468608000.0,5672842624.0,0.0387,accelergy,assignment_style_accelergy_ert,5.0,5.0,160.0,160.0,4.72072,1024,4834017280.0,0.0,5.672842624,26.77990163196928,0.17018527872,33,True,0.17190432193939395
720p,1280,720,128,128,5,32,4096,50.0,os,5232250.0,0.0,39628800,39024000.0,31334400.0,1238400.0,6451200.0,34167800.0,31337000.0,66000.0,2764800.0,9114624.0,156672000.0,6192000.0,32256000.0,195120000.0,5013920000.0,10560000.0,442368000.0,5466848000.0,5671082624.0,0.0387,accelergy,assignment_style_accelergy_ert,5.0,5.0,160.0,160.0,5.23225,1024,5357824000.0,0.0,5.671082624,29.672522059424,0.17013247872,33,True,0.1718509886060606
720p,1280,720,128,128,5,32,256,800.0,ws,1866610.0,0.0,39628800,34101780.0,31334400.0,2580.0,2764800.0,36604800.0,33744000.0,96000.0,2764800.0,9114624.0,156672000.0,12900.0,13824000.0,170508900.0,5399040000.0,15360000.0,442368000.0,5856768000.0,6036391524.0,0.0387,accelergy,assignment_style_accelergy_ert,5.0,5.0,160.0,160.0,1.86661,1024,1911408640.0,0.0,6.036391524,11.26758878261364,0.18109174572,100,True,0.06036391524
720p,1280,720,128,128,5,32,256,200.0,ws,1903490.0,0.0,39628800,34101780.0,31334400.0,2580.0,2764800.0,36466800.0,33630000.0,72000.0,2764800.0,9114624.0,156672000.0,12900.0,13824000.0,170508900.0,5380800000.0,11520000.0,442368000.0,5834688000.0,6014311524.0,0.0387,accelergy,assignment_style_accelergy_ert,5.0,5.0,160.0,160.0,1.9034900000000001,1024,1949173760.0,0.0,6.014311524,11.44818184281876,0.18042934572,100,True,0.06014311524
720p,1280,720,128,128,5,32,256,50.0,ws,2050950.0,0.0,39628800,34101780.0,31334400.0,2580.0,2764800.0,36403800.0,33573000.0,66000.0,2764800.0,9114624.0,156672000.0,12900.0,13824000.0,170508900.0,5371680000.0,10560000.0,442368000.0,5824608000.0,6004231524.0,0.0387,accelergy,assignment_style_accelergy_ert,5.0,5.0,160.0,160.0,2.0509500000000003,1024,2100172800.0,0.0,6.004231524,12.314378644147801,0.18012694572,100,True,0.06004231524
720p,1280,720,128,128,5,128,4096,800.0,os,3944860.0,0.0,39628800,38095200.0,31334400.0,309600.0,6451200.0,34420800.0,31368000.0,288000.0,2764800.0,9114624.0,156672000.0,1548000.0,32256000.0,190476000.0,5018880000.0,46080000.0,442368000.0,5507328000.0,5706918624.0,0.00241875,accelergy,assignment_style_accelergy_ert,5.0,5.0,160.0,160.0,3.94486,16384,64632586240.0,0.0,5.706918624,22.51299500307264,0.17120755872,100,True,0.05706918624
720p,1280,720,128,128,5,128,4096,200.0,os,4072720.0,0.0,39628800,38095200.0,31334400.0,309600.0,6451200.0,34370800.0,31342000.0,264000.0,2764800.0,9114624.0,156672000.0,1548000.0,32256000.0,190476000.0,5014720000.0,42240000.0,442368000.0,5499328000.0,5698918624.0,0.004608,accelergy,assignment_style_accelergy_ert,5.0,5.0,160.0,160.0,4.07272,16384,66727444480.0,0.0,5.698918624,23.210099858337284,0.17096755872,100,True,0.05698918624
720p,1280,720,128,128,5,64,4096,800.0,os,4160860.0,0.0,39628800,38404800.0,31334400.0,619200.0,6451200.0,34276800.0,31368000.0,144000.0,2764800.0,9114624.0,156672000.0,3096000.0,32256000.0,192024000.0,5018880000.0,23040000.0,442368000.0,5484288000.0,5685426624.0,0.009675,accelergy,assignment_style_accelergy_ert,5.0,5.0,160.0,160.0,4.16086,4096,17042882560.0,0.0,5.685426624,23.656264222736638,0.17056279872,100,True,0.05685426624
720p,1280,720,128,128,5,64,4096,200.0,os,4288720.0,0.0,39628800,38404800.0,31334400.0,619200.0,6451200.0,34238800.0,31342000.0,132000.0,2764800.0,9114624.0,156672000.0,3096000.0,32256000.0,192024000.0,5014720000.0,21120000.0,442368000.0,5478208000.0,5679346624.0,0.009675,accelergy,assignment_style_accelergy_ert,5.0,5.0,160.0,160.0,4.2887200000000005,4096,17566597120.0,0.0,5.679346624,24.357127453281283,0.17038039872,100,True,0.05679346624
720p,1280,720,128,128,5,32,4096,200.0,os,4720720.0,0.0,39628800,39024000.0,31334400.0,1238400.0,6451200.0,34178800.0,31342000.0,72000.0,2764800.0,9114624.0,156672000.0,6192000.0,32256000.0,195120000.0,5014720000.0,11520000.0,442368000.0,5468608000.0,5672842624.0,0.0387,accelergy,assignment_style_accelergy_ert,5.0,5.0,160.0,160.0,4.72072,1024,4834017280.0,0.0,5.672842624,26.77990163196928,0.17018527872,100,True,0.05672842624
720p,1280,720,128,128,5,32,4096,50.0,os,5232250.0,0.0,39628800,39024000.0,31334400.0,1238400.0,6451200.0,34167800.0,31337000.0,66000.0,2764800.0,9114624.0,156672000.0,6192000.0,32256000.0,195120000.0,5013920000.0,10560000.0,442368000.0,5466848000.0,5671082624.0,0.0387,accelergy,assignment_style_accelergy_ert,5.0,5.0,160.0,160.0,5.23225,1024,5357824000.0,0.0,5.671082624,29.672522059424,0.17013247872,100,True,0.05671082624
720p,1280,720,128,128,5,32,256,800.0,ws,1866610.0,0.0,39628800,34101780.0,31334400.0,2580.0,2764800.0,36604800.0,33744000.0,96000.0,2764800.0,9114624.0,156672000.0,12900.0,13824000.0,170508900.0,5399040000.0,15360000.0,442368000.0,5856768000.0,6036391524.0,0.0387,accelergy,assignment_style_accelergy_ert,5.0,5.0,160.0,160.0,1.86661,1024,1911408640.0,0.0,6.036391524,11.26758878261364,0.18109174572,200,True,0.03018195762
720p,1280,720,128,128,5,32,256,200.0,ws,1903490.0,0.0,39628800,34101780.0,31334400.0,2580.0,2764800.0,36466800.0,33630000.0,72000.0,2764800.0,9114624.0,156672000.0,12900.0,13824000.0,170508900.0,5380800000.0,11520000.0,442368000.0,5834688000.0,6014311524.0,0.0387,accelergy,assignment_style_accelergy_ert,5.0,5.0,160.0,160.0,1.9034900000000001,1024,1949173760.0,0.0,6.014311524,11.44818184281876,0.18042934572,200,True,0.03007155762
720p,1280,720,128,128,5,32,256,50.0,ws,2050950.0,0.0,39628800,34101780.0,31334400.0,2580.0,2764800.0,36403800.0,33573000.0,66000.0,2764800.0,9114624.0,156672000.0,12900.0,13824000.0,170508900.0,5371680000.0,10560000.0,442368000.0,5824608000.0,6004231524.0,0.0387,accelergy,assignment_style_accelergy_ert,5.0,5.0,160.0,160.0,2.0509500000000003,1024,2100172800.0,0.0,6.004231524,12.314378644147801,0.18012694572,200,True,0.03002115762
720p,1280,720,128,128,5,128,4096,800.0,os,3944860.0,0.0,39628800,38095200.0,31334400.0,309600.0,6451200.0,34420800.0,31368000.0,288000.0,2764800.0,9114624.0,156672000.0,1548000.0,32256000.0,190476000.0,5018880000.0,46080000.0,442368000.0,5507328000.0,5706918624.0,0.00241875,accelergy,assignment_style_accelergy_ert,5.0,5.0,160.0,160.0,3.94486,16384,64632586240.0,0.0,5.706918624,22.51299500307264,0.17120755872,200,True,0.02853459312
720p,1280,720,128,128,5,128,4096,200.0,os,4072720.0,0.0,39628800,38095200.0,31334400.0,309600.0,6451200.0,34370800.0,31342000.0,264000.0,2764800.0,9114624.0,156672000.0,1548000.0,32256000.0,190476000.0,5014720000.0,42240000.0,442368000.0,5499328000.0,5698918624.0,0.004608,accelergy,assignment_style_accelergy_ert,5.0,5.0,160.0,160.0,4.07272,16384,66727444480.0,0.0,5.698918624,23.210099858337284,0.17096755872,200,True,0.02849459312
720p,1280,720,128,128,5,64,4096,800.0,os,4160860.0,0.0,39628800,38404800.0,31334400.0,619200.0,6451200.0,34276800.0,31368000.0,144000.0,2764800.0,9114624.0,156672000.0,3096000.0,32256000.0,192024000.0,5018880000.0,23040000.0,442368000.0,5484288000.0,5685426624.0,0.009675,accelergy,assignment_style_accelergy_ert,5.0,5.0,160.0,160.0,4.16086,4096,17042882560.0,0.0,5.685426624,23.656264222736638,0.17056279872,200,True,0.02842713312
720p,1280,720,128,128,5,64,4096,200.0,os,4288720.0,0.0,39628800,38404800.0,31334400.0,619200.0,6451200.0,34238800.0,31342000.0,132000.0,2764800.0,9114624.0,156672000.0,3096000.0,32256000.0,192024000.0,5014720000.0,21120000.0,442368000.0,5478208000.0,5679346624.0,0.009675,accelergy,assignment_style_accelergy_ert,5.0,5.0,160.0,160.0,4.2887200000000005,4096,17566597120.0,0.0,5.679346624,24.357127453281283,0.17038039872,200,True,0.02839673312
720p,1280,720,128,128,5,32,4096,200.0,os,4720720.0,0.0,39628800,39024000.0,31334400.0,1238400.0,6451200.0,34178800.0,31342000.0,72000.0,2764800.0,9114624.0,156672000.0,6192000.0,32256000.0,195120000.0,5014720000.0,11520000.0,442368000.0,5468608000.0,5672842624.0,0.0387,accelergy,assignment_style_accelergy_ert,5.0,5.0,160.0,160.0,4.72072,1024,4834017280.0,0.0,5.672842624,26.77990163196928,0.17018527872,200,True,0.02836421312
720p,1280,720,128,128,5,32,4096,50.0,os,5232250.0,0.0,39628800,39024000.0,31334400.0,1238400.0,6451200.0,34167800.0,31337000.0,66000.0,2764800.0,9114624.0,156672000.0,6192000.0,32256000.0,195120000.0,5013920000.0,10560000.0,442368000.0,5466848000.0,5671082624.0,0.0387,accelergy,assignment_style_accelergy_ert,5.0,5.0,160.0,160.0,5.23225,1024,5357824000.0,0.0,5.671082624,29.672522059424,0.17013247872,200,True,0.02835541312
720p,1280,720,128,128,7,64,256,800.0,ws,1878130.0,0.0,61747200,56221620.0,53452800.0,4020.0,2764800.0,59836800.0,56832000.0,240000.0,2764800.0,14201856.0,267264000.0,20100.0,13824000.0,281108100.0,9093120000.0,38400000.0,442368000.0,9573888000.0,9869197956.0,0.015075,accelergy,assignment_style_accelergy_ert,5.0,5.0,160.0,160.0,1.87813,4096,7692820480.0,0.0,9.869197956,18.53563675710228,0.29607593868,33,True,0.29906660472727276
720p,1280,720,128,128,7,64,256,200.0,ws,1915010.0,0.0,61747200,56221620.0,53452800.0,4020.0,2764800.0,59632800.0,56640000.0,228000.0,2764800.0,14201856.0,267264000.0,20100.0,13824000.0,281108100.0,9062400000.0,36480000.0,442368000.0,9541248000.0,9836557956.0,0.015075,accelergy,assignment_style_accelergy_ert,5.0,5.0,160.0,160.0,1.9150099999999999,4096,7843880960.0,0.0,9.836557956,18.837106851319557,0.29509673868,33,True,0.2980775138181818
720p,1280,720,128,128,7,64,256,50.0,ws,2062470.0,0.0,61747200,56221620.0,53452800.0,4020.0,2764800.0,59533800.0,56544000.0,225000.0,2764800.0,14201856.0,267264000.0,20100.0,13824000.0,281108100.0,9047040000.0,36000000.0,442368000.0,9525408000.0,9820717956.0,0.018432,accelergy,assignment_style_accelergy_ert,5.0,5.0,160.0,160.0,2.06247,4096,8447877120.0,0.0,9.820717956,20.254936162711317,0.29462153868,33,True,0.29759751381818184
720p,1280,720,128,128,7,128,4096,800.0,os,4145340.0,0.0,61747200,60386400.0,53452800.0,482400.0,6451200.0,56756800.0,53512000.0,480000.0,2764800.0,14201856.0,267264000.0,2412000.0,32256000.0,301932000.0,8561920000.0,76800000.0,442368000.0,9081088000.0,9397221856.0,0.00376875,accelergy,assignment_style_accelergy_ert,5.0,5.0,160.0,160.0,4.14534,16384,67917250560.0,0.0,9.397221856,38.95467964855104,0.28191665568,33,True,0.2847642986666667
720p,1280,720,128,128,7,128,4096,200.0,os,4356160.0,0.0,61747200,60386400.0,53452800.0,482400.0,6451200.0,56690800.0,53470000.0,456000.0,2764800.0,14201856.0,267264000.0,2412000.0,32256000.0,301932000.0,8555200000.0,72960000.0,442368000.0,9070528000.0,9386661856.0,0.004608,accelergy,assignment_style_accelergy_ert,5.0,5.0,160.0,160.0,4.35616,16384,71371325440.0,0.0,9.386661856,40.88980091063296,0.28159985568,33,True,0.2844442986666667
720p,1280,720,128,128,7,64,4096,800.0,os,4534140.0,0.0,61747200,60868800.0,53452800.0,964800.0,6451200.0,56516800.0,53512000.0,240000.0,2764800.0,14201856.0,267264000.0,4824000.0,32256000.0,304344000.0,8561920000.0,38400000.0,442368000.0,9042688000.0,9361233856.0,0.015075,accelergy,assignment_style_accelergy_ert,5.0,5.0,160.0,160.0,4.53414,4096,18571837440.0,0.0,9.361233856,42.44514487584384,0.28083701568,33,True,0.28367375321212124
720p,1280,720,128,128,7,64,4096,200.0,os,4744960.0,0.0,61747200,60868800.0,53452800.0,964800.0,6451200.0,56462800.0,53470000.0,228000.0,2764800.0,14201856.0,267264000.0,4824000.0,32256000.0,304344000.0,8555200000.0,36480000.0,442368000.0,9034048000.0,9352593856.0,0.015075,accelergy,assignment_style_accelergy_ert,5.0,5.0,160.0,160.0,4.744960000000001,4096,19435356160.0,0.0,9.352593856,44.37768374296577,0.28057781568,33,True,0.28341193503030304
720p,1280,720,128,128,7,32,4096,800.0,os,5311740.0,0.0,61747200,61833600.0,53452800.0,1929600.0,6451200.0,56420800.0,53512000.0,144000.0,2764800.0,14201856.0,267264000.0,9648000.0,32256000.0,309168000.0,8561920000.0,23040000.0,442368000.0,9027328000.0,9350697856.0,0.0603,accelergy,assignment_style_accelergy_ert,5.0,5.0,160.0,160.0,5.3117399999999995,1024,5439221760.0,0.0,9.350697856,49.668475829629436,0.28052093568,33,True,0.2833544804848485
720p,1280,720,128,128,7,32,4096,200.0,os,5522560.0,0.0,61747200,61833600.0,53452800.0,1929600.0,6451200.0,56354800.0,53470000.0,120000.0,2764800.0,14201856.0,267264000.0,9648000.0,32256000.0,309168000.0,8555200000.0,19200000.0,442368000.0,9016768000.0,9340137856.0,0.0603,accelergy,assignment_style_accelergy_ert,5.0,5.0,160.0,160.0,5.52256,1024,5655101440.0,0.0,9.340137856,51.581471718031366,0.28020413568,33,True,0.2830344804848485
720p,1280,720,128,128,7,32,4096,50.0,os,6365860.0,0.0,61747200,61833600.0,53452800.0,1929600.0,6451200.0,56336300.0,53457500.0,114000.0,2764800.0,14201856.0,267264000.0,9648000.0,32256000.0,309168000.0,8553200000.0,18240000.0,442368000.0,9013808000.0,9337177856.0,0.0603,accelergy,assignment_style_accelergy_ert,5.0,5.0,160.0,160.0,6.3658600000000005,1024,6518640640.0,0.0,9.337177856,59.43916702639617,0.28011533568,33,True,0.28294478351515157
720p,1280,720,128,128,7,64,256,800.0,ws,1878130.0,0.0,61747200,56221620.0,53452800.0,4020.0,2764800.0,59836800.0,56832000.0,240000.0,2764800.0,14201856.0,267264000.0,20100.0,13824000.0,281108100.0,9093120000.0,38400000.0,442368000.0,9573888000.0,9869197956.0,0.015075,accelergy,assignment_style_accelergy_ert,5.0,5.0,160.0,160.0,1.87813,4096,7692820480.0,0.0,9.869197956,18.53563675710228,0.29607593868,100,True,0.09869197956
720p,1280,720,128,128,7,64,256,200.0,ws,1915010.0,0.0,61747200,56221620.0,53452800.0,4020.0,2764800.0,59632800.0,56640000.0,228000.0,2764800.0,14201856.0,267264000.0,20100.0,13824000.0,281108100.0,9062400000.0,36480000.0,442368000.0,9541248000.0,9836557956.0,0.015075,accelergy,assignment_style_accelergy_ert,5.0,5.0,160.0,160.0,1.9150099999999999,4096,7843880960.0,0.0,9.836557956,18.837106851319557,0.29509673868,100,True,0.09836557956
720p,1280,720,128,128,7,64,256,50.0,ws,2062470.0,0.0,61747200,56221620.0,53452800.0,4020.0,2764800.0,59533800.0,56544000.0,225000.0,2764800.0,14201856.0,267264000.0,20100.0,13824000.0,281108100.0,9047040000.0,36000000.0,442368000.0,9525408000.0,9820717956.0,0.018432,accelergy,assignment_style_accelergy_ert,5.0,5.0,160.0,160.0,2.06247,4096,8447877120.0,0.0,9.820717956,20.254936162711317,0.29462153868,100,True,0.09820717956
720p,1280,720,128,128,7,128,4096,800.0,os,4145340.0,0.0,61747200,60386400.0,53452800.0,482400.0,6451200.0,56756800.0,53512000.0,480000.0,2764800.0,14201856.0,267264000.0,2412000.0,32256000.0,301932000.0,8561920000.0,76800000.0,442368000.0,9081088000.0,9397221856.0,0.00376875,accelergy,assignment_style_accelergy_ert,5.0,5.0,160.0,160.0,4.14534,16384,67917250560.0,0.0,9.397221856,38.95467964855104,0.28191665568,100,True,0.09397221856
720p,1280,720,128,128,7,128,4096,200.0,os,4356160.0,0.0,61747200,60386400.0,53452800.0,482400.0,6451200.0,56690800.0,53470000.0,456000.0,2764800.0,14201856.0,267264000.0,2412000.0,32256000.0,301932000.0,8555200000.0,72960000.0,442368000.0,9070528000.0,9386661856.0,0.004608,accelergy,assignment_style_accelergy_ert,5.0,5.0,160.0,160.0,4.35616,16384,71371325440.0,0.0,9.386661856,40.88980091063296,0.28159985568,100,True,0.09386661856
720p,1280,720,128,128,7,64,4096,800.0,os,4534140.0,0.0,61747200,60868800.0,53452800.0,964800.0,6451200.0,56516800.0,53512000.0,240000.0,2764800.0,14201856.0,267264000.0,4824000.0,32256000.0,304344000.0,8561920000.0,38400000.0,442368000.0,9042688000.0,9361233856.0,0.015075,accelergy,assignment_style_accelergy_ert,5.0,5.0,160.0,160.0,4.53414,4096,18571837440.0,0.0,9.361233856,42.44514487584384,0.28083701568,100,True,0.09361233856
720p,1280,720,128,128,7,64,4096,200.0,os,4744960.0,0.0,61747200,60868800.0,53452800.0,964800.0,6451200.0,56462800.0,53470000.0,228000.0,2764800.0,14201856.0,267264000.0,4824000.0,32256000.0,304344000.0,8555200000.0,36480000.0,442368000.0,9034048000.0,9352593856.0,0.015075,accelergy,assignment_style_accelergy_ert,5.0,5.0,160.0,160.0,4.744960000000001,4096,19435356160.0,0.0,9.352593856,44.37768374296577,0.28057781568,100,True,0.09352593856
720p,1280,720,128,128,7,32,4096,800.0,os,5311740.0,0.0,61747200,61833600.0,53452800.0,1929600.0,6451200.0,56420800.0,53512000.0,144000.0,2764800.0,14201856.0,267264000.0,9648000.0,32256000.0,309168000.0,8561920000.0,23040000.0,442368000.0,9027328000.0,9350697856.0,0.0603,accelergy,assignment_style_accelergy_ert,5.0,5.0,160.0,160.0,5.3117399999999995,1024,5439221760.0,0.0,9.350697856,49.668475829629436,0.28052093568,100,True,0.09350697856
720p,1280,720,128,128,7,32,4096,200.0,os,5522560.0,0.0,61747200,61833600.0,53452800.0,1929600.0,6451200.0,56354800.0,53470000.0,120000.0,2764800.0,14201856.0,267264000.0,9648000.0,32256000.0,309168000.0,8555200000.0,19200000.0,442368000.0,9016768000.0,9340137856.0,0.0603,accelergy,assignment_style_accelergy_ert,5.0,5.0,160.0,160.0,5.52256,1024,5655101440.0,0.0,9.340137856,51.581471718031366,0.28020413568,100,True,0.09340137856
720p,1280,720,128,128,7,32,4096,50.0,os,6365860.0,0.0,61747200,61833600.0,53452800.0,1929600.0,6451200.0,56336300.0,53457500.0,114000.0,2764800.0,14201856.0,267264000.0,9648000.0,32256000.0,309168000.0,8553200000.0,18240000.0,442368000.0,9013808000.0,9337177856.0,0.0603,accelergy,assignment_style_accelergy_ert,5.0,5.0,160.0,160.0,6.3658600000000005,1024,6518640640.0,0.0,9.337177856,59.43916702639617,0.28011533568,100,True,0.09337177856
720p,1280,720,128,128,7,64,256,800.0,ws,1878130.0,0.0,61747200,56221620.0,53452800.0,4020.0,2764800.0,59836800.0,56832000.0,240000.0,2764800.0,14201856.0,267264000.0,20100.0,13824000.0,281108100.0,9093120000.0,38400000.0,442368000.0,9573888000.0,9869197956.0,0.015075,accelergy,assignment_style_accelergy_ert,5.0,5.0,160.0,160.0,1.87813,4096,7692820480.0,0.0,9.869197956,18.53563675710228,0.29607593868,200,True,0.04934598978
720p,1280,720,128,128,7,64,256,200.0,ws,1915010.0,0.0,61747200,56221620.0,53452800.0,4020.0,2764800.0,59632800.0,56640000.0,228000.0,2764800.0,14201856.0,267264000.0,20100.0,13824000.0,281108100.0,9062400000.0,36480000.0,442368000.0,9541248000.0,9836557956.0,0.015075,accelergy,assignment_style_accelergy_ert,5.0,5.0,160.0,160.0,1.9150099999999999,4096,7843880960.0,0.0,9.836557956,18.837106851319557,0.29509673868,200,True,0.04918278978
720p,1280,720,128,128,7,64,256,50.0,ws,2062470.0,0.0,61747200,56221620.0,53452800.0,4020.0,2764800.0,59533800.0,56544000.0,225000.0,2764800.0,14201856.0,267264000.0,20100.0,13824000.0,281108100.0,9047040000.0,36000000.0,442368000.0,9525408000.0,9820717956.0,0.018432,accelergy,assignment_style_accelergy_ert,5.0,5.0,160.0,160.0,2.06247,4096,8447877120.0,0.0,9.820717956,20.254936162711317,0.29462153868,200,True,0.04910358978
720p,1280,720,128,128,7,128,4096,800.0,os,4145340.0,0.0,61747200,60386400.0,53452800.0,482400.0,6451200.0,56756800.0,53512000.0,480000.0,2764800.0,14201856.0,267264000.0,2412000.0,32256000.0,301932000.0,8561920000.0,76800000.0,442368000.0,9081088000.0,9397221856.0,0.00376875,accelergy,assignment_style_accelergy_ert,5.0,5.0,160.0,160.0,4.14534,16384,67917250560.0,0.0,9.397221856,38.95467964855104,0.28191665568,200,True,0.04698610928
720p,1280,720,128,128,7,128,4096,200.0,os,4356160.0,0.0,61747200,60386400.0,53452800.0,482400.0,6451200.0,56690800.0,53470000.0,456000.0,2764800.0,14201856.0,267264000.0,2412000.0,32256000.0,301932000.0,8555200000.0,72960000.0,442368000.0,9070528000.0,9386661856.0,0.004608,accelergy,assignment_style_accelergy_ert,5.0,5.0,160.0,160.0,4.35616,16384,71371325440.0,0.0,9.386661856,40.88980091063296,0.28159985568,200,True,0.04693330928
720p,1280,720,128,128,7,64,4096,800.0,os,4534140.0,0.0,61747200,60868800.0,53452800.0,964800.0,6451200.0,56516800.0,53512000.0,240000.0,2764800.0,14201856.0,267264000.0,4824000.0,32256000.0,304344000.0,8561920000.0,38400000.0,442368000.0,9042688000.0,9361233856.0,0.015075,accelergy,assignment_style_accelergy_ert,5.0,5.0,160.0,160.0,4.53414,4096,18571837440.0,0.0,9.361233856,42.44514487584384,0.28083701568,200,True,0.04680616928
720p,1280,720,128,128,7,64,4096,200.0,os,4744960.0,0.0,61747200,60868800.0,53452800.0,964800.0,6451200.0,56462800.0,53470000.0,228000.0,2764800.0,14201856.0,267264000.0,4824000.0,32256000.0,304344000.0,8555200000.0,36480000.0,442368000.0,9034048000.0,9352593856.0,0.015075,accelergy,assignment_style_accelergy_ert,5.0,5.0,160.0,160.0,4.744960000000001,4096,19435356160.0,0.0,9.352593856,44.37768374296577,0.28057781568,200,True,0.04676296928
720p,1280,720,128,128,7,32,4096,800.0,os,5311740.0,0.0,61747200,61833600.0,53452800.0,1929600.0,6451200.0,56420800.0,53512000.0,144000.0,2764800.0,14201856.0,267264000.0,9648000.0,32256000.0,309168000.0,8561920000.0,23040000.0,442368000.0,9027328000.0,9350697856.0,0.0603,accelergy,assignment_style_accelergy_ert,5.0,5.0,160.0,160.0,5.3117399999999995,1024,5439221760.0,0.0,9.350697856,49.668475829629436,0.28052093568,200,True,0.04675348928
720p,1280,720,128,128,7,32,4096,200.0,os,5522560.0,0.0,61747200,61833600.0,53452800.0,1929600.0,6451200.0,56354800.0,53470000.0,120000.0,2764800.0,14201856.0,267264000.0,9648000.0,32256000.0,309168000.0,8555200000.0,19200000.0,442368000.0,9016768000.0,9340137856.0,0.0603,accelergy,assignment_style_accelergy_ert,5.0,5.0,160.0,160.0,5.52256,1024,5655101440.0,0.0,9.340137856,51.581471718031366,0.28020413568,200,True,0.04670068928
720p,1280,720,128,128,7,32,4096,50.0,os,6365860.0,0.0,61747200,61833600.0,53452800.0,1929600.0,6451200.0,56336300.0,53457500.0,114000.0,2764800.0,14201856.0,267264000.0,9648000.0,32256000.0,309168000.0,8553200000.0,18240000.0,442368000.0,9013808000.0,9337177856.0,0.0603,accelergy,assignment_style_accelergy_ert,5.0,5.0,160.0,160.0,6.3658600000000005,1024,6518640640.0,0.0,9.337177856,59.43916702639617,0.28011533568,200,True,0.04668588928
720p,1280,720,128,128,11,128,256,800.0,ws,1901170.0,0.0,128102400,122581140.0,119808000.0,8340.0,2764800.0,127404800.0,123728000.0,912000.0,2764800.0,29463552.0,599040000.0,41700.0,13824000.0,612905700.0,19796480000.0,145920000.0,442368000.0,20384768000.0,21027137252.0,0.007818750000000001,accelergy,assignment_style_accelergy_ert,5.0,5.0,160.0,160.0,1.90117,16384,31148769280.0,0.0,21.027137252,39.97616252938484,0.63081411756,33,True,0.6371859773333334
720p,1280,720,128,128,11,128,256,200.0,ws,1938050.0,0.0,128102400,122581140.0,119808000.0,8340.0,2764800.0,126950800.0,123310000.0,876000.0,2764800.0,29463552.0,599040000.0,41700.0,13824000.0,612905700.0,19729600000.0,140160000.0,442368000.0,20312128000.0,20954497252.0,0.007818750000000001,accelergy,assignment_style_accelergy_ert,5.0,5.0,160.0,160.0,1.93805,16384,31753011200.0,0.0,20.954497252,40.6108633992386,0.62863491756,33,True,0.6349847652121212
720p,1280,720,128,128,11,128,256,50.0,ws,3391650.0,1306140.0,128102400,122581140.0,119808000.0,8340.0,2764800.0,126738800.0,123101000.0,873000.0,2764800.0,29463552.0,599040000.0,41700.0,13824000.0,612905700.0,19696160000.0,139680000.0,442368000.0,20278208000.0,20920577252.0,0.018432,accelergy,assignment_style_accelergy_ert,5.0,5.0,160.0,160.0,3.39165,16384,55568793600.0,38.51045951085755,20.920577252,70.9552758367458,0.62761731756,33,True,0.6339568864242424
720p,1280,720,128,128,11,128,256,800.0,ws,1901170.0,0.0,128102400,122581140.0,119808000.0,8340.0,2764800.0,127404800.0,123728000.0,912000.0,2764800.0,29463552.0,599040000.0,41700.0,13824000.0,612905700.0,19796480000.0,145920000.0,442368000.0,20384768000.0,21027137252.0,0.007818750000000001,accelergy,assignment_style_accelergy_ert,5.0,5.0,160.0,160.0,1.90117,16384,31148769280.0,0.0,21.027137252,39.97616252938484,0.63081411756,100,True,0.21027137252
720p,1280,720,128,128,11,128,256,200.0,ws,1938050.0,0.0,128102400,122581140.0,119808000.0,8340.0,2764800.0,126950800.0,123310000.0,876000.0,2764800.0,29463552.0,599040000.0,41700.0,13824000.0,612905700.0,19729600000.0,140160000.0,442368000.0,20312128000.0,20954497252.0,0.007818750000000001,accelergy,assignment_style_accelergy_ert,5.0,5.0,160.0,160.0,1.93805,16384,31753011200.0,0.0,20.954497252,40.6108633992386,0.62863491756,100,True,0.20954497252
720p,1280,720,128,128,11,128,256,50.0,ws,3391650.0,1306140.0,128102400,122581140.0,119808000.0,8340.0,2764800.0,126738800.0,123101000.0,873000.0,2764800.0,29463552.0,599040000.0,41700.0,13824000.0,612905700.0,19696160000.0,139680000.0,442368000.0,20278208000.0,20920577252.0,0.018432,accelergy,assignment_style_accelergy_ert,5.0,5.0,160.0,160.0,3.39165,16384,55568793600.0,38.51045951085755,20.920577252,70.9552758367458,0.62761731756,100,True,0.20920577252
720p,1280,720,128,128,11,128,256,800.0,ws,1901170.0,0.0,128102400,122581140.0,119808000.0,8340.0,2764800.0,127404800.0,123728000.0,912000.0,2764800.0,29463552.0,599040000.0,41700.0,13824000.0,612905700.0,19796480000.0,145920000.0,442368000.0,20384768000.0,21027137252.0,0.007818750000000001,accelergy,assignment_style_accelergy_ert,5.0,5.0,160.0,160.0,1.90117,16384,31148769280.0,0.0,21.027137252,39.97616252938484,0.63081411756,200,True,0.10513568626
720p,1280,720,128,128,11,128,256,200.0,ws,1938050.0,0.0,128102400,122581140.0,119808000.0,8340.0,2764800.0,126950800.0,123310000.0,876000.0,2764800.0,29463552.0,599040000.0,41700.0,13824000.0,612905700.0,19729600000.0,140160000.0,442368000.0,20312128000.0,20954497252.0,0.007818750000000001,accelergy,assignment_style_accelergy_ert,5.0,5.0,160.0,160.0,1.93805,16384,31753011200.0,0.0,20.954497252,40.6108633992386,0.62863491756,200,True,0.10477248626
720p,1280,720,128,128,11,128,256,50.0,ws,3391650.0,1306140.0,128102400,122581140.0,119808000.0,8340.0,2764800.0,126738800.0,123101000.0,873000.0,2764800.0,29463552.0,599040000.0,41700.0,13824000.0,612905700.0,19696160000.0,139680000.0,442368000.0,20278208000.0,20920577252.0,0.018432,accelergy,assignment_style_accelergy_ert,5.0,5.0,160.0,160.0,3.39165,16384,55568793600.0,38.51045951085755,20.920577252,70.9552758367458,0.62761731756,200,True,0.10460288626
hires,2048,2048,128,128,3,16,256,800.0,ws,8464896.0,0.0,113246208,88087296.0,75497472.0,6912.0,12582912.0,103923712.0,90931200.0,409600.0,12582912.0,26046627.840000004,377487360.0,34560.0,62914560.0,440436480.0,14548992000.0,65536000.0,2013265920.0,16627793920.0,17094277027.84,0.442368,accelergy,assignment_style_accelergy_ert,5.0,5.0,160.0,160.0,8.464896,256,2167013376.0,0.0,17.09427702784,144.7012772358547,0.5128283108352,33,True,0.5180083947830303
hires,2048,2048,128,128,3,16,256,200.0,ws,8625152.0,0.0,113246208,88087296.0,75497472.0,6912.0,12582912.0,103309312.0,90624000.0,102400.0,12582912.0,26046627.840000004,377487360.0,34560.0,62914560.0,440436480.0,14499840000.0,16384000.0,2013265920.0,16529489920.0,16995973027.84,0.442368,accelergy,assignment_style_accelergy_ert,5.0,5.0,160.0,160.0,8.625152,256,2208038912.0,0.0,16.99597302784,146.59285075302026,0.5098791908352001,33,True,0.5150294856921213
hires,2048,2048,128,128,3,16,256,50.0,ws,9266176.0,0.0,113246208,88087296.0,75497472.0,6912.0,12582912.0,103130112.0,90470400.0,76800.0,12582912.0,26046627.840000004,377487360.0,34560.0,62914560.0,440436480.0,14475264000.0,12288000.0,2013265920.0,16500817920.0,16967301027.84,0.442368,accelergy,assignment_style_accelergy_ert,5.0,5.0,160.0,160.0,9.266176,256,2372141056.0,0.0,16.96730102784,157.22199756894634,0.5090190308352001,33,True,0.5141606372072728
hires,2048,2048,128,128,3,128,1024,800.0,os,17345536.0,0.0,113246208,105742336.0,75497472.0,884736.0,29360128.0,89178112.0,75776000.0,819200.0,12582912.0,26046627.840000004,377487360.0,4423680.0,146800640.0,528711680.0,12124160000.0,131072000.0,2013265920.0,14268497920.0,14823256227.84,0.006912,accelergy,assignment_style_accelergy_ert,5.0,5.0,160.0,160.0,17.345536000000003,16384,284189261824.0,0.0,14.82325622784,257.11732453722294,0.4446976868352,33,True,0.44918958266181824
hires,2048,2048,128,128,3,128,1024,200.0,os,17675776.0,0.0,113246208,105742336.0,75497472.0,884736.0,29360128.0,88768512.0,75571200.0,614400.0,12582912.0,26046627.840000004,377487360.0,4423680.0,146800640.0,528711680.0,12091392000.0,98304000.0,2013265920.0,14202961920.0,14757720227.84,0.02097152,accelergy,assignment_style_accelergy_ert,5.0,5.0,160.0,160.0,17.675776,16384,289599913984.0,0.0,14.75772022784,260.8541570179688,0.4427316068352,33,True,0.44720364326787887
hires,2048,2048,128,128,3,64,1024,200.0,os,18134528.0,0.0,113246208,106627072.0,75497472.0,1769472.0,29360128.0,88461312.0,75571200.0,307200.0,12582912.0,26046627.840000004,377487360.0,8847360.0,146800640.0,533135360.0,12091392000.0,49152000.0,2013265920.0,14153809920.0,14712991907.84,0.027648,accelergy,assignment_style_accelergy_ert,5.0,5.0,160.0,160.0,18.134528,4096,74279026688.0,0.0,14.71299190784,266.81316371649785,0.4413897572352,33,True,0.4458482396315152
hires,2048,2048,128,128,3,32,1024,200.0,os,19052032.0,0.0,113246208,108396544.0,75497472.0,3538944.0,29360128.0,88358912.0,75571200.0,204800.0,12582912.0,26046627.840000004,377487360.0,17694720.0,146800640.0,541982720.0,12091392000.0,32768000.0,2013265920.0,14137425920.0,14705455267.84,0.110592,accelergy,assignment_style_accelergy_ert,5.0,5.0,160.0,160.0,19.052032,1024,19509280768.0,0.0,14.70545526784,280.16880433745627,0.4411636580352,33,True,0.44561985660121217
hires,2048,2048,128,128,3,64,1024,50.0,os,19456000.0,0.0,113246208,106627072.0,75497472.0,1769472.0,29360128.0,88410112.0,75520000.0,307200.0,12582912.0,26046627.840000004,377487360.0,8847360.0,146800640.0,533135360.0,12083200000.0,49152000.0,2013265920.0,14145617920.0,14704799907.84,0.08388608,accelergy,assignment_style_accelergy_ert,5.0,5.0,160.0,160.0,19.456,4096,79691776000.0,0.0,14.70479990784,286.096587006935,0.44114399723520004,33,True,0.4455999972072728
hires,2048,2048,128,128,3,32,1024,50.0,os,20373504.0,0.0,113246208,108396544.0,75497472.0,3538944.0,29360128.0,88256512.0,75520000.0,153600.0,12582912.0,26046627.840000004,377487360.0,17694720.0,146800640.0,541982720.0,12083200000.0,24576000.0,2013265920.0,14121041920.0,14689071267.84,0.110592,accelergy,assignment_style_accelergy_ert,5.0,5.0,160.0,160.0,20.373504,1024,20862468096.0,0.0,14.68907126784,299.2678522316233,0.4406721380352,33,True,0.4451233717527273
hires,2048,2048,128,128,3,16,256,800.0,ws,8464896.0,0.0,113246208,88087296.0,75497472.0,6912.0,12582912.0,103923712.0,90931200.0,409600.0,12582912.0,26046627.840000004,377487360.0,34560.0,62914560.0,440436480.0,14548992000.0,65536000.0,2013265920.0,16627793920.0,17094277027.84,0.442368,accelergy,assignment_style_accelergy_ert,5.0,5.0,160.0,160.0,8.464896,256,2167013376.0,0.0,17.09427702784,144.7012772358547,0.5128283108352,100,True,0.1709427702784
hires,2048,2048,128,128,3,16,256,200.0,ws,8625152.0,0.0,113246208,88087296.0,75497472.0,6912.0,12582912.0,103309312.0,90624000.0,102400.0,12582912.0,26046627.840000004,377487360.0,34560.0,62914560.0,440436480.0,14499840000.0,16384000.0,2013265920.0,16529489920.0,16995973027.84,0.442368,accelergy,assignment_style_accelergy_ert,5.0,5.0,160.0,160.0,8.625152,256,2208038912.0,0.0,16.99597302784,146.59285075302026,0.5098791908352001,100,True,0.1699597302784
hires,2048,2048,128,128,3,16,256,50.0,ws,9266176.0,0.0,113246208,88087296.0,75497472.0,6912.0,12582912.0,103130112.0,90470400.0,76800.0,12582912.0,26046627.840000004,377487360.0,34560.0,62914560.0,440436480.0,14475264000.0,12288000.0,2013265920.0,16500817920.0,16967301027.84,0.442368,accelergy,assignment_style_accelergy_ert,5.0,5.0,160.0,160.0,9.266176,256,2372141056.0,0.0,16.96730102784,157.22199756894634,0.5090190308352001,100,True,0.16967301027839998
hires,2048,2048,128,128,3,128,1024,800.0,os,17345536.0,0.0,113246208,105742336.0,75497472.0,884736.0,29360128.0,89178112.0,75776000.0,819200.0,12582912.0,26046627.840000004,377487360.0,4423680.0,146800640.0,528711680.0,12124160000.0,131072000.0,2013265920.0,14268497920.0,14823256227.84,0.006912,accelergy,assignment_style_accelergy_ert,5.0,5.0,160.0,160.0,17.345536000000003,16384,284189261824.0,0.0,14.82325622784,257.11732453722294,0.4446976868352,100,True,0.14823256227839998
hires,2048,2048,128,128,3,128,1024,200.0,os,17675776.0,0.0,113246208,105742336.0,75497472.0,884736.0,29360128.0,88768512.0,75571200.0,614400.0,12582912.0,26046627.840000004,377487360.0,4423680.0,146800640.0,528711680.0,12091392000.0,98304000.0,2013265920.0,14202961920.0,14757720227.84,0.02097152,accelergy,assignment_style_accelergy_ert,5.0,5.0,160.0,160.0,17.675776,16384,289599913984.0,0.0,14.75772022784,260.8541570179688,0.4427316068352,100,True,0.1475772022784
hires,2048,2048,128,128,3,64,1024,200.0,os,18134528.0,0.0,113246208,106627072.0,75497472.0,1769472.0,29360128.0,88461312.0,75571200.0,307200.0,12582912.0,26046627.840000004,377487360.0,8847360.0,146800640.0,533135360.0,12091392000.0,49152000.0,2013265920.0,14153809920.0,14712991907.84,0.027648,accelergy,assignment_style_accelergy_ert,5.0,5.0,160.0,160.0,18.134528,4096,74279026688.0,0.0,14.71299190784,266.81316371649785,0.4413897572352,100,True,0.1471299190784
hires,2048,2048,128,128,3,32,1024,200.0,os,19052032.0,0.0,113246208,108396544.0,75497472.0,3538944.0,29360128.0,88358912.0,75571200.0,204800.0,12582912.0,26046627.840000004,377487360.0,17694720.0,146800640.0,541982720.0,12091392000.0,32768000.0,2013265920.0,14137425920.0,14705455267.84,0.110592,accelergy,assignment_style_accelergy_ert,5.0,5.0,160.0,160.0,19.052032,1024,19509280768.0,0.0,14.70545526784,280.16880433745627,0.4411636580352,100,True,0.14705455267839998
hires,2048,2048,128,128,3,64,1024,50.0,os,19456000.0,0.0,113246208,106627072.0,75497472.0,1769472.0,29360128.0,88410112.0,75520000.0,307200.0,12582912.0,26046627.840000004,377487360.0,8847360.0,146800640.0,533135360.0,12083200000.0,49152000.0,2013265920.0,14145617920.0,14704799907.84,0.08388608,accelergy,assignment_style_accelergy_ert,5.0,5.0,160.0,160.0,19.456,4096,79691776000.0,0.0,14.70479990784,286.096587006935,0.44114399723520004,100,True,0.1470479990784
hires,2048,2048,128,128,3,32,1024,50.0,os,20373504.0,0.0,113246208,108396544.0,75497472.0,3538944.0,29360128.0,88256512.0,75520000.0,153600.0,12582912.0,26046627.840000004,377487360.0,17694720.0,146800640.0,541982720.0,12083200000.0,24576000.0,2013265920.0,14121041920.0,14689071267.84,0.110592,accelergy,assignment_style_accelergy_ert,5.0,5.0,160.0,160.0,20.373504,1024,20862468096.0,0.0,14.68907126784,299.2678522316233,0.4406721380352,100,True,0.14689071267839998
hires,2048,2048,128,128,3,16,256,800.0,ws,8464896.0,0.0,113246208,88087296.0,75497472.0,6912.0,12582912.0,103923712.0,90931200.0,409600.0,12582912.0,26046627.840000004,377487360.0,34560.0,62914560.0,440436480.0,14548992000.0,65536000.0,2013265920.0,16627793920.0,17094277027.84,0.442368,accelergy,assignment_style_accelergy_ert,5.0,5.0,160.0,160.0,8.464896,256,2167013376.0,0.0,17.09427702784,144.7012772358547,0.5128283108352,200,True,0.0854713851392
hires,2048,2048,128,128,3,16,256,200.0,ws,8625152.0,0.0,113246208,88087296.0,75497472.0,6912.0,12582912.0,103309312.0,90624000.0,102400.0,12582912.0,26046627.840000004,377487360.0,34560.0,62914560.0,440436480.0,14499840000.0,16384000.0,2013265920.0,16529489920.0,16995973027.84,0.442368,accelergy,assignment_style_accelergy_ert,5.0,5.0,160.0,160.0,8.625152,256,2208038912.0,0.0,16.99597302784,146.59285075302026,0.5098791908352001,200,True,0.0849798651392
hires,2048,2048,128,128,3,16,256,50.0,ws,9266176.0,0.0,113246208,88087296.0,75497472.0,6912.0,12582912.0,103130112.0,90470400.0,76800.0,12582912.0,26046627.840000004,377487360.0,34560.0,62914560.0,440436480.0,14475264000.0,12288000.0,2013265920.0,16500817920.0,16967301027.84,0.442368,accelergy,assignment_style_accelergy_ert,5.0,5.0,160.0,160.0,9.266176,256,2372141056.0,0.0,16.96730102784,157.22199756894634,0.5090190308352001,200,True,0.08483650513919999
hires,2048,2048,128,128,3,128,1024,800.0,os,17345536.0,0.0,113246208,105742336.0,75497472.0,884736.0,29360128.0,89178112.0,75776000.0,819200.0,12582912.0,26046627.840000004,377487360.0,4423680.0,146800640.0,528711680.0,12124160000.0,131072000.0,2013265920.0,14268497920.0,14823256227.84,0.006912,accelergy,assignment_style_accelergy_ert,5.0,5.0,160.0,160.0,17.345536000000003,16384,284189261824.0,0.0,14.82325622784,257.11732453722294,0.4446976868352,200,True,0.07411628113919999
hires,2048,2048,128,128,3,128,1024,200.0,os,17675776.0,0.0,113246208,105742336.0,75497472.0,884736.0,29360128.0,88768512.0,75571200.0,614400.0,12582912.0,26046627.840000004,377487360.0,4423680.0,146800640.0,528711680.0,12091392000.0,98304000.0,2013265920.0,14202961920.0,14757720227.84,0.02097152,accelergy,assignment_style_accelergy_ert,5.0,5.0,160.0,160.0,17.675776,16384,289599913984.0,0.0,14.75772022784,260.8541570179688,0.4427316068352,200,True,0.0737886011392
hires,2048,2048,128,128,3,64,1024,200.0,os,18134528.0,0.0,113246208,106627072.0,75497472.0,1769472.0,29360128.0,88461312.0,75571200.0,307200.0,12582912.0,26046627.840000004,377487360.0,8847360.0,146800640.0,533135360.0,12091392000.0,49152000.0,2013265920.0,14153809920.0,14712991907.84,0.027648,accelergy,assignment_style_accelergy_ert,5.0,5.0,160.0,160.0,18.134528,4096,74279026688.0,0.0,14.71299190784,266.81316371649785,0.4413897572352,200,True,0.0735649595392
hires,2048,2048,128,128,3,32,1024,200.0,os,19052032.0,0.0,113246208,108396544.0,75497472.0,3538944.0,29360128.0,88358912.0,75571200.0,204800.0,12582912.0,26046627.840000004,377487360.0,17694720.0,146800640.0,541982720.0,12091392000.0,32768000.0,2013265920.0,14137425920.0,14705455267.84,0.110592,accelergy,assignment_style_accelergy_ert,5.0,5.0,160.0,160.0,19.052032,1024,19509280768.0,0.0,14.70545526784,280.16880433745627,0.4411636580352,200,True,0.07352727633919999
hires,2048,2048,128,128,3,64,1024,50.0,os,19456000.0,0.0,113246208,106627072.0,75497472.0,1769472.0,29360128.0,88410112.0,75520000.0,307200.0,12582912.0,26046627.840000004,377487360.0,8847360.0,146800640.0,533135360.0,12083200000.0,49152000.0,2013265920.0,14145617920.0,14704799907.84,0.08388608,accelergy,assignment_style_accelergy_ert,5.0,5.0,160.0,160.0,19.456,4096,79691776000.0,0.0,14.70479990784,286.096587006935,0.44114399723520004,200,True,0.0735239995392
hires,2048,2048,128,128,3,32,1024,50.0,os,20373504.0,0.0,113246208,108396544.0,75497472.0,3538944.0,29360128.0,88256512.0,75520000.0,153600.0,12582912.0,26046627.840000004,377487360.0,17694720.0,146800640.0,541982720.0,12083200000.0,24576000.0,2013265920.0,14121041920.0,14689071267.84,0.110592,accelergy,assignment_style_accelergy_ert,5.0,5.0,160.0,160.0,20.373504,1024,20862468096.0,0.0,14.68907126784,299.2678522316233,0.4406721380352,200,True,0.07344535633919999
hires,2048,2048,128,128,5,32,256,800.0,ws,8489472.0,0.0,180355072,155200256.0,142606336.0,11008.0,12582912.0,164544512.0,151552000.0,409600.0,12582912.0,41481666.56,713031680.0,55040.0,62914560.0,776001280.0,24248320000.0,65536000.0,2013265920.0,26327121920.0,27144604866.56,0.176128,accelergy,assignment_style_accelergy_ert,5.0,5.0,160.0,160.0,8.489472,1024,8693219328.0,0.0,27.14460486656,230.44336296572484,0.8143381459968001,33,True,0.8225637838351516
hires,2048,2048,128,128,5,32,256,200.0,ws,8649728.0,0.0,180355072,155200256.0,142606336.0,11008.0,12582912.0,163930112.0,151040000.0,307200.0,12582912.0,41481666.56,713031680.0,55040.0,62914560.0,776001280.0,24166400000.0,49152000.0,2013265920.0,26228817920.0,27046300866.56,0.176128,accelergy,assignment_style_accelergy_ert,5.0,5.0,160.0,160.0,8.649728000000001,1024,8857321472.0,0.0,27.046300866560003,233.94314590190837,0.8113890259968001,33,True,0.8195848747442426
hires,2048,2048,128,128,5,32,256,50.0,ws,9290752.0,0.0,180355072,155200256.0,142606336.0,11008.0,12582912.0,163648512.0,150784000.0,281600.0,12582912.0,41481666.56,713031680.0,55040.0,62914560.0,776001280.0,24125440000.0,45056000.0,2013265920.0,26183761920.0,27001244866.56,0.176128,accelergy,assignment_style_accelergy_ert,5.0,5.0,160.0,160.0,9.290752,1024,9513730048.0,0.0,27.00124486656,250.86186974648203,0.8100373459968,33,True,0.8182195414109091
hires,2048,2048,128,128,5,128,4096,800.0,os,17953536.0,0.0,180355072,173375488.0,142606336.0,1409024.0,29360128.0,156557312.0,142745600.0,1228800.0,12582912.0,41481666.56,713031680.0,7045120.0,146800640.0,866877440.0,22839296000.0,196608000.0,2013265920.0,25049169920.0,25957529026.56,0.011008,accelergy,assignment_style_accelergy_ert,5.0,5.0,160.0,160.0,17.953536,16384,294150733824.0,0.0,25.95752902656,466.0294318493899,0.7787258707968,33,True,0.7865917886836364
hires,2048,2048,128,128,5,128,4096,200.0,os,18535424.0,0.0,180355072,173375488.0,142606336.0,1409024.0,29360128.0,156352512.0,142643200.0,1126400.0,12582912.0,41481666.56,713031680.0,7045120.0,146800640.0,866877440.0,22822912000.0,180224000.0,2013265920.0,25016401920.0,25924761026.56,0.02097152,accelergy,assignment_style_accelergy_ert,5.0,5.0,160.0,160.0,18.535424000000003,16384,303684386816.0,0.0,25.924761026560002,480.52643772596497,0.7777428307968001,33,True,0.7855988189866667
hires,2048,2048,128,128,5,64,4096,800.0,os,18936576.0,0.0,180355072,174784512.0,142606336.0,2818048.0,29360128.0,155942912.0,142745600.0,614400.0,12582912.0,41481666.56,713031680.0,14090240.0,146800640.0,873922560.0,22839296000.0,98304000.0,2013265920.0,24950865920.0,25866270146.56,0.044032,accelergy,assignment_style_accelergy_ert,5.0,5.0,160.0,160.0,18.936576,4096,77564215296.0,0.0,25.86627014656,489.8185904668646,0.7759881043968,33,True,0.7838263680775758
hires,2048,2048,128,128,5,64,4096,200.0,os,19518464.0,0.0,180355072,174784512.0,142606336.0,2818048.0,29360128.0,155789312.0,142643200.0,563200.0,12582912.0,41481666.56,713031680.0,14090240.0,146800640.0,873922560.0,22822912000.0,90112000.0,2013265920.0,24926289920.0,25841694146.56,0.044032,accelergy,assignment_style_accelergy_ert,5.0,5.0,160.0,160.0,19.518463999999998,4096,79947628544.0,0.0,25.841694146560002,504.3901768986421,0.7752508243968,33,True,0.7830816408048485
hires,2048,2048,128,128,5,32,4096,200.0,os,21484544.0,0.0,180355072,177602560.0,142606336.0,5636096.0,29360128.0,155533312.0,142643200.0,307200.0,12582912.0,41481666.56,713031680.0,28180480.0,146800640.0,888012800.0,22822912000.0,49152000.0,2013265920.0,24885329920.0,25814824386.56,0.176128,accelergy,assignment_style_accelergy_ert,5.0,5.0,160.0,160.0,21.484544,1024,22000173056.0,0.0,25.81482438656,554.6197303853213,0.7744447315968,33,True,0.7822674056533334
hires,2048,2048,128,128,5,32,4096,50.0,os,23812608.0,0.0,180355072,177602560.0,142606336.0,5636096.0,29360128.0,155482112.0,142617600.0,281600.0,12582912.0,41481666.56,713031680.0,28180480.0,146800640.0,888012800.0,22818816000.0,45056000.0,2013265920.0,24877137920.0,25806632386.56,0.176128,accelergy,assignment_style_accelergy_ert,5.0,5.0,160.0,160.0,23.812607999999997,1024,24384110592.0,0.0,25.80663238656,614.5232208212577,0.7741989715968001,33,True,0.7820191632290909
hires,2048,2048,128,128,5,32,256,800.0,ws,8489472.0,0.0,180355072,155200256.0,142606336.0,11008.0,12582912.0,164544512.0,151552000.0,409600.0,12582912.0,41481666.56,713031680.0,55040.0,62914560.0,776001280.0,24248320000.0,65536000.0,2013265920.0,26327121920.0,27144604866.56,0.176128,accelergy,assignment_style_accelergy_ert,5.0,5.0,160.0,160.0,8.489472,1024,8693219328.0,0.0,27.14460486656,230.44336296572484,0.8143381459968001,100,True,0.2714460486656
hires,2048,2048,128,128,5,32,256,200.0,ws,8649728.0,0.0,180355072,155200256.0,142606336.0,11008.0,12582912.0,163930112.0,151040000.0,307200.0,12582912.0,41481666.56,713031680.0,55040.0,62914560.0,776001280.0,24166400000.0,49152000.0,2013265920.0,26228817920.0,27046300866.56,0.176128,accelergy,assignment_style_accelergy_ert,5.0,5.0,160.0,160.0,8.649728000000001,1024,8857321472.0,0.0,27.046300866560003,233.94314590190837,0.8113890259968001,100,True,0.2704630086656
hires,2048,2048,128,128,5,32,256,50.0,ws,9290752.0,0.0,180355072,155200256.0,142606336.0,11008.0,12582912.0,163648512.0,150784000.0,281600.0,12582912.0,41481666.56,713031680.0,55040.0,62914560.0,776001280.0,24125440000.0,45056000.0,2013265920.0,26183761920.0,27001244866.56,0.176128,accelergy,assignment_style_accelergy_ert,5.0,5.0,160.0,160.0,9.290752,1024,9513730048.0,0.0,27.00124486656,250.86186974648203,0.8100373459968,100,True,0.2700124486656
hires,2048,2048,128,128,5,128,4096,800.0,os,17953536.0,0.0,180355072,173375488.0,142606336.0,1409024.0,29360128.0,156557312.0,142745600.0,1228800.0,12582912.0,41481666.56,713031680.0,7045120.0,146800640.0,866877440.0,22839296000.0,196608000.0,2013265920.0,25049169920.0,25957529026.56,0.011008,accelergy,assignment_style_accelergy_ert,5.0,5.0,160.0,160.0,17.953536,16384,294150733824.0,0.0,25.95752902656,466.0294318493899,0.7787258707968,100,True,0.2595752902656
hires,2048,2048,128,128,5,128,4096,200.0,os,18535424.0,0.0,180355072,173375488.0,142606336.0,1409024.0,29360128.0,156352512.0,142643200.0,1126400.0,12582912.0,41481666.56,713031680.0,7045120.0,146800640.0,866877440.0,22822912000.0,180224000.0,2013265920.0,25016401920.0,25924761026.56,0.02097152,accelergy,assignment_style_accelergy_ert,5.0,5.0,160.0,160.0,18.535424000000003,16384,303684386816.0,0.0,25.924761026560002,480.52643772596497,0.7777428307968001,100,True,0.2592476102656
hires,2048,2048,128,128,5,64,4096,800.0,os,18936576.0,0.0,180355072,174784512.0,142606336.0,2818048.0,29360128.0,155942912.0,142745600.0,614400.0,12582912.0,41481666.56,713031680.0,14090240.0,146800640.0,873922560.0,22839296000.0,98304000.0,2013265920.0,24950865920.0,25866270146.56,0.044032,accelergy,assignment_style_accelergy_ert,5.0,5.0,160.0,160.0,18.936576,4096,77564215296.0,0.0,25.86627014656,489.8185904668646,0.7759881043968,100,True,0.2586627014656
hires,2048,2048,128,128,5,64,4096,200.0,os,19518464.0,0.0,180355072,174784512.0,142606336.0,2818048.0,29360128.0,155789312.0,142643200.0,563200.0,12582912.0,41481666.56,713031680.0,14090240.0,146800640.0,873922560.0,22822912000.0,90112000.0,2013265920.0,24926289920.0,25841694146.56,0.044032,accelergy,assignment_style_accelergy_ert,5.0,5.0,160.0,160.0,19.518463999999998,4096,79947628544.0,0.0,25.841694146560002,504.3901768986421,0.7752508243968,100,True,0.2584169414656
hires,2048,2048,128,128,5,32,4096,200.0,os,21484544.0,0.0,180355072,177602560.0,142606336.0,5636096.0,29360128.0,155533312.0,142643200.0,307200.0,12582912.0,41481666.56,713031680.0,28180480.0,146800640.0,888012800.0,22822912000.0,49152000.0,2013265920.0,24885329920.0,25814824386.56,0.176128,accelergy,assignment_style_accelergy_ert,5.0,5.0,160.0,160.0,21.484544,1024,22000173056.0,0.0,25.81482438656,554.6197303853213,0.7744447315968,100,True,0.2581482438656
hires,2048,2048,128,128,5,32,4096,50.0,os,23812608.0,0.0,180355072,177602560.0,142606336.0,5636096.0,29360128.0,155482112.0,142617600.0,281600.0,12582912.0,41481666.56,713031680.0,28180480.0,146800640.0,888012800.0,22818816000.0,45056000.0,2013265920.0,24877137920.0,25806632386.56,0.176128,accelergy,assignment_style_accelergy_ert,5.0,5.0,160.0,160.0,23.812607999999997,1024,24384110592.0,0.0,25.80663238656,614.5232208212577,0.7741989715968001,100,True,0.2580663238656
hires,2048,2048,128,128,5,32,256,800.0,ws,8489472.0,0.0,180355072,155200256.0,142606336.0,11008.0,12582912.0,164544512.0,151552000.0,409600.0,12582912.0,41481666.56,713031680.0,55040.0,62914560.0,776001280.0,24248320000.0,65536000.0,2013265920.0,26327121920.0,27144604866.56,0.176128,accelergy,assignment_style_accelergy_ert,5.0,5.0,160.0,160.0,8.489472,1024,8693219328.0,0.0,27.14460486656,230.44336296572484,0.8143381459968001,200,True,0.1357230243328
hires,2048,2048,128,128,5,32,256,200.0,ws,8649728.0,0.0,180355072,155200256.0,142606336.0,11008.0,12582912.0,163930112.0,151040000.0,307200.0,12582912.0,41481666.56,713031680.0,55040.0,62914560.0,776001280.0,24166400000.0,49152000.0,2013265920.0,26228817920.0,27046300866.56,0.176128,accelergy,assignment_style_accelergy_ert,5.0,5.0,160.0,160.0,8.649728000000001,1024,8857321472.0,0.0,27.046300866560003,233.94314590190837,0.8113890259968001,200,True,0.1352315043328
hires,2048,2048,128,128,5,32,256,50.0,ws,9290752.0,0.0,180355072,155200256.0,142606336.0,11008.0,12582912.0,163648512.0,150784000.0,281600.0,12582912.0,41481666.56,713031680.0,55040.0,62914560.0,776001280.0,24125440000.0,45056000.0,2013265920.0,26183761920.0,27001244866.56,0.176128,accelergy,assignment_style_accelergy_ert,5.0,5.0,160.0,160.0,9.290752,1024,9513730048.0,0.0,27.00124486656,250.86186974648203,0.8100373459968,200,True,0.1350062243328
hires,2048,2048,128,128,5,128,4096,800.0,os,17953536.0,0.0,180355072,173375488.0,142606336.0,1409024.0,29360128.0,156557312.0,142745600.0,1228800.0,12582912.0,41481666.56,713031680.0,7045120.0,146800640.0,866877440.0,22839296000.0,196608000.0,2013265920.0,25049169920.0,25957529026.56,0.011008,accelergy,assignment_style_accelergy_ert,5.0,5.0,160.0,160.0,17.953536,16384,294150733824.0,0.0,25.95752902656,466.0294318493899,0.7787258707968,200,True,0.1297876451328
hires,2048,2048,128,128,5,128,4096,200.0,os,18535424.0,0.0,180355072,173375488.0,142606336.0,1409024.0,29360128.0,156352512.0,142643200.0,1126400.0,12582912.0,41481666.56,713031680.0,7045120.0,146800640.0,866877440.0,22822912000.0,180224000.0,2013265920.0,25016401920.0,25924761026.56,0.02097152,accelergy,assignment_style_accelergy_ert,5.0,5.0,160.0,160.0,18.535424000000003,16384,303684386816.0,0.0,25.924761026560002,480.52643772596497,0.7777428307968001,200,True,0.1296238051328
hires,2048,2048,128,128,5,64,4096,800.0,os,18936576.0,0.0,180355072,174784512.0,142606336.0,2818048.0,29360128.0,155942912.0,142745600.0,614400.0,12582912.0,41481666.56,713031680.0,14090240.0,146800640.0,873922560.0,22839296000.0,98304000.0,2013265920.0,24950865920.0,25866270146.56,0.044032,accelergy,assignment_style_accelergy_ert,5.0,5.0,160.0,160.0,18.936576,4096,77564215296.0,0.0,25.86627014656,489.8185904668646,0.7759881043968,200,True,0.1293313507328
hires,2048,2048,128,128,5,64,4096,200.0,os,19518464.0,0.0,180355072,174784512.0,142606336.0,2818048.0,29360128.0,155789312.0,142643200.0,563200.0,12582912.0,41481666.56,713031680.0,14090240.0,146800640.0,873922560.0,22822912000.0,90112000.0,2013265920.0,24926289920.0,25841694146.56,0.044032,accelergy,assignment_style_accelergy_ert,5.0,5.0,160.0,160.0,19.518463999999998,4096,79947628544.0,0.0,25.841694146560002,504.3901768986421,0.7752508243968,200,True,0.1292084707328
hires,2048,2048,128,128,5,32,4096,200.0,os,21484544.0,0.0,180355072,177602560.0,142606336.0,5636096.0,29360128.0,155533312.0,142643200.0,307200.0,12582912.0,41481666.56,713031680.0,28180480.0,146800640.0,888012800.0,22822912000.0,49152000.0,2013265920.0,24885329920.0,25814824386.56,0.176128,accelergy,assignment_style_accelergy_ert,5.0,5.0,160.0,160.0,21.484544,1024,22000173056.0,0.0,25.81482438656,554.6197303853213,0.7744447315968,200,True,0.1290741219328
hires,2048,2048,128,128,5,32,4096,50.0,os,23812608.0,0.0,180355072,177602560.0,142606336.0,5636096.0,29360128.0,155482112.0,142617600.0,281600.0,12582912.0,41481666.56,713031680.0,28180480.0,146800640.0,888012800.0,22818816000.0,45056000.0,2013265920.0,24877137920.0,25806632386.56,0.176128,accelergy,assignment_style_accelergy_ert,5.0,5.0,160.0,160.0,23.812607999999997,1024,24384110592.0,0.0,25.80663238656,614.5232208212577,0.7741989715968001,200,True,0.1290331619328
hires,2048,2048,128,128,7,64,256,800.0,ws,8538624.0,0.0,281018368,255869696.0,243269632.0,17152.0,12582912.0,271245312.0,257638400.0,1024000.0,12582912.0,64634224.64000001,1216348160.0,85760.0,62914560.0,1279348480.0,41222144000.0,163840000.0,2013265920.0,43399249920.0,44743232624.64,0.068608,accelergy,assignment_style_accelergy_ert,5.0,5.0,160.0,160.0,8.538624,4096,34974203904.0,0.0,44.74323262464,382.0456399263341,1.3422969787391998,33,True,1.35585553408
hires,2048,2048,128,128,7,64,256,200.0,ws,8698880.0,0.0,281018368,255869696.0,243269632.0,17152.0,12582912.0,270323712.0,256768000.0,972800.0,12582912.0,64634224.64000001,1216348160.0,85760.0,62914560.0,1279348480.0,41082880000.0,155648000.0,2013265920.0,43251793920.0,44595776624.64,0.068608,accelergy,assignment_style_accelergy_ert,5.0,5.0,160.0,160.0,8.69888,4096,35630612480.0,0.0,44.59577662464,387.93330936454845,1.3378732987392,33,True,1.3513871704436364
hires,2048,2048,128,128,7,64,256,50.0,ws,9339904.0,0.0,281018368,255869696.0,243269632.0,17152.0,12582912.0,269875712.0,256332800.0,960000.0,12582912.0,64634224.64000001,1216348160.0,85760.0,62914560.0,1279348480.0,41013248000.0,153600000.0,2013265920.0,43180113920.0,44524096624.64,0.08388608,accelergy,assignment_style_accelergy_ert,5.0,5.0,160.0,160.0,9.339903999999999,4096,38256246784.0,0.0,44.52409662464,415.8507881608616,1.3357228987392,33,True,1.3492150492315151
hires,2048,2048,128,128,7,128,4096,800.0,os,18865920.0,0.0,281018368,274825216.0,243269632.0,2195456.0,29360128.0,258138112.0,243507200.0,2048000.0,12582912.0,64634224.64000001,1216348160.0,10977280.0,146800640.0,1374126080.0,38961152000.0,327680000.0,2013265920.0,41302097920.0,42740858224.64,0.017152,accelergy,assignment_style_accelergy_ert,5.0,5.0,160.0,160.0,18.865920000000003,16384,309099233280.0,0.0,42.74085822464,806.3456119974004,1.2822257467392,33,True,1.2951775219587878
hires,2048,2048,128,128,7,128,4096,200.0,os,19825408.0,0.0,281018368,274825216.0,243269632.0,2195456.0,29360128.0,257882112.0,243353600.0,1945600.0,12582912.0,64634224.64000001,1216348160.0,10977280.0,146800640.0,1374126080.0,38936576000.0,311296000.0,2013265920.0,41261137920.0,42699898224.64,0.02097152,accelergy,assignment_style_accelergy_ert,5.0,5.0,160.0,160.0,19.825408,16384,324819484672.0,0.0,42.69989822464,846.5429038619636,1.2809969467392,33,True,1.2939363098375758
hires,2048,2048,128,128,7,64,4096,800.0,os,20635392.0,0.0,281018368,277020672.0,243269632.0,4390912.0,29360128.0,257114112.0,243507200.0,1024000.0,12582912.0,64634224.64000001,1216348160.0,21954560.0,146800640.0,1385103360.0,38961152000.0,163840000.0,2013265920.0,41138257920.0,42587995504.64,0.068608,accelergy,assignment_style_accelergy_ert,5.0,5.0,160.0,160.0,20.635392,4096,84522565632.0,0.0,42.58799550464,878.8199817324842,1.2776398651392,33,True,1.2905453183224243
hires,2048,2048,128,128,7,64,4096,200.0,os,21594880.0,0.0,281018368,277020672.0,243269632.0,4390912.0,29360128.0,256909312.0,243353600.0,972800.0,12582912.0,64634224.64000001,1216348160.0,21954560.0,146800640.0,1385103360.0,38936576000.0,155648000.0,2013265920.0,41105489920.0,42555227504.64,0.068608,accelergy,assignment_style_accelergy_ert,5.0,5.0,160.0,160.0,21.59488,4096,88452628480.0,0.0,42.55522750464,918.9750313354002,1.2766568251391999,33,True,1.2895523486254545
hires,2048,2048,128,128,7,32,4096,800.0,os,24174336.0,0.0,281018368,281411584.0,243269632.0,8781824.0,29360128.0,256704512.0,243507200.0,614400.0,12582912.0,64634224.64000001,1216348160.0,43909120.0,146800640.0,1407057920.0,38961152000.0,98304000.0,2013265920.0,41072721920.0,42544414064.64,0.274432,accelergy,assignment_style_accelergy_ert,5.0,5.0,160.0,160.0,24.174336,1024,24754520064.0,0.0,42.54441406464,1028.482960521733,1.2763324219392,33,True,1.2892246686254545
hires,2048,2048,128,128,7,32,4096,200.0,os,25133824.0,0.0,281018368,281411584.0,243269632.0,8781824.0,29360128.0,256448512.0,243353600.0,512000.0,12582912.0,64634224.64000001,1216348160.0,43909120.0,146800640.0,1407057920.0,38936576000.0,81920000.0,2013265920.0,41031761920.0,42503454064.64,0.274432,accelergy,assignment_style_accelergy_ert,5.0,5.0,160.0,160.0,25.133824,1024,25737035776.0,0.0,42.503454064639996,1068.2743338527464,1.2751036219392,33,True,1.2879834565042425
hires,2048,2048,128,128,7,32,4096,50.0,os,28971776.0,0.0,281018368,281411584.0,243269632.0,8781824.0,29360128.0,256358912.0,243289600.0,486400.0,12582912.0,64634224.64000001,1216348160.0,43909120.0,146800640.0,1407057920.0,38926336000.0,77824000.0,2013265920.0,41017425920.0,42489118064.64,0.274432,accelergy,assignment_style_accelergy_ert,5.0,5.0,160.0,160.0,28.971776000000002,1024,29667098624.0,0.0,42.489118064639996,1230.9852110063036,1.2746735419392,33,True,1.2875490322618182
hires,2048,2048,128,128,7,64,256,800.0,ws,8538624.0,0.0,281018368,255869696.0,243269632.0,17152.0,12582912.0,271245312.0,257638400.0,1024000.0,12582912.0,64634224.64000001,1216348160.0,85760.0,62914560.0,1279348480.0,41222144000.0,163840000.0,2013265920.0,43399249920.0,44743232624.64,0.068608,accelergy,assignment_style_accelergy_ert,5.0,5.0,160.0,160.0,8.538624,4096,34974203904.0,0.0,44.74323262464,382.0456399263341,1.3422969787391998,100,True,0.4474323262464
hires,2048,2048,128,128,7,64,256,200.0,ws,8698880.0,0.0,281018368,255869696.0,243269632.0,17152.0,12582912.0,270323712.0,256768000.0,972800.0,12582912.0,64634224.64000001,1216348160.0,85760.0,62914560.0,1279348480.0,41082880000.0,155648000.0,2013265920.0,43251793920.0,44595776624.64,0.068608,accelergy,assignment_style_accelergy_ert,5.0,5.0,160.0,160.0,8.69888,4096,35630612480.0,0.0,44.59577662464,387.93330936454845,1.3378732987392,100,True,0.44595776624640004
hires,2048,2048,128,128,7,64,256,50.0,ws,9339904.0,0.0,281018368,255869696.0,243269632.0,17152.0,12582912.0,269875712.0,256332800.0,960000.0,12582912.0,64634224.64000001,1216348160.0,85760.0,62914560.0,1279348480.0,41013248000.0,153600000.0,2013265920.0,43180113920.0,44524096624.64,0.08388608,accelergy,assignment_style_accelergy_ert,5.0,5.0,160.0,160.0,9.339903999999999,4096,38256246784.0,0.0,44.52409662464,415.8507881608616,1.3357228987392,100,True,0.4452409662464
hires,2048,2048,128,128,7,128,4096,800.0,os,18865920.0,0.0,281018368,274825216.0,243269632.0,2195456.0,29360128.0,258138112.0,243507200.0,2048000.0,12582912.0,64634224.64000001,1216348160.0,10977280.0,146800640.0,1374126080.0,38961152000.0,327680000.0,2013265920.0,41302097920.0,42740858224.64,0.017152,accelergy,assignment_style_accelergy_ert,5.0,5.0,160.0,160.0,18.865920000000003,16384,309099233280.0,0.0,42.74085822464,806.3456119974004,1.2822257467392,100,True,0.42740858224640005
hires,2048,2048,128,128,7,128,4096,200.0,os,19825408.0,0.0,281018368,274825216.0,243269632.0,2195456.0,29360128.0,257882112.0,243353600.0,1945600.0,12582912.0,64634224.64000001,1216348160.0,10977280.0,146800640.0,1374126080.0,38936576000.0,311296000.0,2013265920.0,41261137920.0,42699898224.64,0.02097152,accelergy,assignment_style_accelergy_ert,5.0,5.0,160.0,160.0,19.825408,16384,324819484672.0,0.0,42.69989822464,846.5429038619636,1.2809969467392,100,True,0.42699898224640004
hires,2048,2048,128,128,7,64,4096,800.0,os,20635392.0,0.0,281018368,277020672.0,243269632.0,4390912.0,29360128.0,257114112.0,243507200.0,1024000.0,12582912.0,64634224.64000001,1216348160.0,21954560.0,146800640.0,1385103360.0,38961152000.0,163840000.0,2013265920.0,41138257920.0,42587995504.64,0.068608,accelergy,assignment_style_accelergy_ert,5.0,5.0,160.0,160.0,20.635392,4096,84522565632.0,0.0,42.58799550464,878.8199817324842,1.2776398651392,100,True,0.4258799550464
hires,2048,2048,128,128,7,64,4096,200.0,os,21594880.0,0.0,281018368,277020672.0,243269632.0,4390912.0,29360128.0,256909312.0,243353600.0,972800.0,12582912.0,64634224.64000001,1216348160.0,21954560.0,146800640.0,1385103360.0,38936576000.0,155648000.0,2013265920.0,41105489920.0,42555227504.64,0.068608,accelergy,assignment_style_accelergy_ert,5.0,5.0,160.0,160.0,21.59488,4096,88452628480.0,0.0,42.55522750464,918.9750313354002,1.2766568251391999,100,True,0.42555227504640003
hires,2048,2048,128,128,7,32,4096,800.0,os,24174336.0,0.0,281018368,281411584.0,243269632.0,8781824.0,29360128.0,256704512.0,243507200.0,614400.0,12582912.0,64634224.64000001,1216348160.0,43909120.0,146800640.0,1407057920.0,38961152000.0,98304000.0,2013265920.0,41072721920.0,42544414064.64,0.274432,accelergy,assignment_style_accelergy_ert,5.0,5.0,160.0,160.0,24.174336,1024,24754520064.0,0.0,42.54441406464,1028.482960521733,1.2763324219392,100,True,0.4254441406464
hires,2048,2048,128,128,7,32,4096,200.0,os,25133824.0,0.0,281018368,281411584.0,243269632.0,8781824.0,29360128.0,256448512.0,243353600.0,512000.0,12582912.0,64634224.64000001,1216348160.0,43909120.0,146800640.0,1407057920.0,38936576000.0,81920000.0,2013265920.0,41031761920.0,42503454064.64,0.274432,accelergy,assignment_style_accelergy_ert,5.0,5.0,160.0,160.0,25.133824,1024,25737035776.0,0.0,42.503454064639996,1068.2743338527464,1.2751036219392,100,True,0.4250345406464
hires,2048,2048,128,128,7,32,4096,50.0,os,28971776.0,0.0,281018368,281411584.0,243269632.0,8781824.0,29360128.0,256358912.0,243289600.0,486400.0,12582912.0,64634224.64000001,1216348160.0,43909120.0,146800640.0,1407057920.0,38926336000.0,77824000.0,2013265920.0,41017425920.0,42489118064.64,0.274432,accelergy,assignment_style_accelergy_ert,5.0,5.0,160.0,160.0,28.971776000000002,1024,29667098624.0,0.0,42.489118064639996,1230.9852110063036,1.2746735419392,100,True,0.4248911806464
hires,2048,2048,128,128,7,64,256,800.0,ws,8538624.0,0.0,281018368,255869696.0,243269632.0,17152.0,12582912.0,271245312.0,257638400.0,1024000.0,12582912.0,64634224.64000001,1216348160.0,85760.0,62914560.0,1279348480.0,41222144000.0,163840000.0,2013265920.0,43399249920.0,44743232624.64,0.068608,accelergy,assignment_style_accelergy_ert,5.0,5.0,160.0,160.0,8.538624,4096,34974203904.0,0.0,44.74323262464,382.0456399263341,1.3422969787391998,200,True,0.2237161631232
hires,2048,2048,128,128,7,64,256,200.0,ws,8698880.0,0.0,281018368,255869696.0,243269632.0,17152.0,12582912.0,270323712.0,256768000.0,972800.0,12582912.0,64634224.64000001,1216348160.0,85760.0,62914560.0,1279348480.0,41082880000.0,155648000.0,2013265920.0,43251793920.0,44595776624.64,0.068608,accelergy,assignment_style_accelergy_ert,5.0,5.0,160.0,160.0,8.69888,4096,35630612480.0,0.0,44.59577662464,387.93330936454845,1.3378732987392,200,True,0.22297888312320002
hires,2048,2048,128,128,7,64,256,50.0,ws,9339904.0,0.0,281018368,255869696.0,243269632.0,17152.0,12582912.0,269875712.0,256332800.0,960000.0,12582912.0,64634224.64000001,1216348160.0,85760.0,62914560.0,1279348480.0,41013248000.0,153600000.0,2013265920.0,43180113920.0,44524096624.64,0.08388608,accelergy,assignment_style_accelergy_ert,5.0,5.0,160.0,160.0,9.339903999999999,4096,38256246784.0,0.0,44.52409662464,415.8507881608616,1.3357228987392,200,True,0.2226204831232
hires,2048,2048,128,128,7,128,4096,800.0,os,18865920.0,0.0,281018368,274825216.0,243269632.0,2195456.0,29360128.0,258138112.0,243507200.0,2048000.0,12582912.0,64634224.64000001,1216348160.0,10977280.0,146800640.0,1374126080.0,38961152000.0,327680000.0,2013265920.0,41302097920.0,42740858224.64,0.017152,accelergy,assignment_style_accelergy_ert,5.0,5.0,160.0,160.0,18.865920000000003,16384,309099233280.0,0.0,42.74085822464,806.3456119974004,1.2822257467392,200,True,0.21370429112320002
hires,2048,2048,128,128,7,128,4096,200.0,os,19825408.0,0.0,281018368,274825216.0,243269632.0,2195456.0,29360128.0,257882112.0,243353600.0,1945600.0,12582912.0,64634224.64000001,1216348160.0,10977280.0,146800640.0,1374126080.0,38936576000.0,311296000.0,2013265920.0,41261137920.0,42699898224.64,0.02097152,accelergy,assignment_style_accelergy_ert,5.0,5.0,160.0,160.0,19.825408,16384,324819484672.0,0.0,42.69989822464,846.5429038619636,1.2809969467392,200,True,0.21349949112320002
hires,2048,2048,128,128,7,64,4096,800.0,os,20635392.0,0.0,281018368,277020672.0,243269632.0,4390912.0,29360128.0,257114112.0,243507200.0,1024000.0,12582912.0,64634224.64000001,1216348160.0,21954560.0,146800640.0,1385103360.0,38961152000.0,163840000.0,2013265920.0,41138257920.0,42587995504.64,0.068608,accelergy,assignment_style_accelergy_ert,5.0,5.0,160.0,160.0,20.635392,4096,84522565632.0,0.0,42.58799550464,878.8199817324842,1.2776398651392,200,True,0.2129399775232
hires,2048,2048,128,128,7,64,4096,200.0,os,21594880.0,0.0,281018368,277020672.0,243269632.0,4390912.0,29360128.0,256909312.0,243353600.0,972800.0,12582912.0,64634224.64000001,1216348160.0,21954560.0,146800640.0,1385103360.0,38936576000.0,155648000.0,2013265920.0,41105489920.0,42555227504.64,0.068608,accelergy,assignment_style_accelergy_ert,5.0,5.0,160.0,160.0,21.59488,4096,88452628480.0,0.0,42.55522750464,918.9750313354002,1.2766568251391999,200,True,0.21277613752320002
hires,2048,2048,128,128,7,32,4096,800.0,os,24174336.0,0.0,281018368,281411584.0,243269632.0,8781824.0,29360128.0,256704512.0,243507200.0,614400.0,12582912.0,64634224.64000001,1216348160.0,43909120.0,146800640.0,1407057920.0,38961152000.0,98304000.0,2013265920.0,41072721920.0,42544414064.64,0.274432,accelergy,assignment_style_accelergy_ert,5.0,5.0,160.0,160.0,24.174336,1024,24754520064.0,0.0,42.54441406464,1028.482960521733,1.2763324219392,200,True,0.2127220703232
hires,2048,2048,128,128,7,32,4096,200.0,os,25133824.0,0.0,281018368,281411584.0,243269632.0,8781824.0,29360128.0,256448512.0,243353600.0,512000.0,12582912.0,64634224.64000001,1216348160.0,43909120.0,146800640.0,1407057920.0,38936576000.0,81920000.0,2013265920.0,41031761920.0,42503454064.64,0.274432,accelergy,assignment_style_accelergy_ert,5.0,5.0,160.0,160.0,25.133824,1024,25737035776.0,0.0,42.503454064639996,1068.2743338527464,1.2751036219392,200,True,0.2125172703232
hires,2048,2048,128,128,7,32,4096,50.0,os,28971776.0,0.0,281018368,281411584.0,243269632.0,8781824.0,29360128.0,256358912.0,243289600.0,486400.0,12582912.0,64634224.64000001,1216348160.0,43909120.0,146800640.0,1407057920.0,38926336000.0,77824000.0,2013265920.0,41017425920.0,42489118064.64,0.274432,accelergy,assignment_style_accelergy_ert,5.0,5.0,160.0,160.0,28.971776000000002,1024,29667098624.0,0.0,42.489118064639996,1230.9852110063036,1.2746735419392,200,True,0.2124455903232
hires,2048,2048,128,128,11,128,256,800.0,ws,8636928.0,0.0,583008256,557878016.0,545259520.0,35584.0,12582912.0,577216512.0,560742400.0,3891200.0,12582912.0,134091898.88000001,2726297600.0,177920.0,62914560.0,2789390080.0,89718784000.0,622592000.0,2013265920.0,92354641920.0,95278123898.88,0.035584,accelergy,assignment_style_accelergy_ert,5.0,5.0,160.0,160.0,8.636928000000001,16384,141507428352.0,0.0,95.27812389888001,822.9102960897061,2.8583437169664005,33,True,2.8872158757236366
hires,2048,2048,128,128,11,128,256,200.0,ws,8797184.0,0.0,583008256,557878016.0,545259520.0,35584.0,12582912.0,575168512.0,558848000.0,3737600.0,12582912.0,134091898.88000001,2726297600.0,177920.0,62914560.0,2789390080.0,89415680000.0,598016000.0,2013265920.0,92026961920.0,94950443898.88,0.035584,accelergy,assignment_style_accelergy_ert,5.0,5.0,160.0,160.0,8.797184,16384,144133062656.0,0.0,94.95044389888001,835.2965258601248,2.8485133169664003,33,True,2.8772861787539394
hires,2048,2048,128,128,11,128,256,50.0,ws,15366656.0,5928448.0,583008256,557878016.0,545259520.0,35584.0,12582912.0,574208512.0,557900800.0,3724800.0,12582912.0,134091898.88000001,2726297600.0,177920.0,62914560.0,2789390080.0,89264128000.0,595968000.0,2013265920.0,91873361920.0,94796843898.88,0.08388608,accelergy,assignment_style_accelergy_ert,5.0,5.0,160.0,160.0,15.366655999999999,16384,251767291904.0,38.579948688901474,94.79684389888,1456.7104900797876,2.8439053169664006,33,True,2.872631633299394
hires,2048,2048,128,128,11,128,256,800.0,ws,8636928.0,0.0,583008256,557878016.0,545259520.0,35584.0,12582912.0,577216512.0,560742400.0,3891200.0,12582912.0,134091898.88000001,2726297600.0,177920.0,62914560.0,2789390080.0,89718784000.0,622592000.0,2013265920.0,92354641920.0,95278123898.88,0.035584,accelergy,assignment_style_accelergy_ert,5.0,5.0,160.0,160.0,8.636928000000001,16384,141507428352.0,0.0,95.27812389888001,822.9102960897061,2.8583437169664005,100,True,0.9527812389888001
hires,2048,2048,128,128,11,128,256,200.0,ws,8797184.0,0.0,583008256,557878016.0,545259520.0,35584.0,12582912.0,575168512.0,558848000.0,3737600.0,12582912.0,134091898.88000001,2726297600.0,177920.0,62914560.0,2789390080.0,89415680000.0,598016000.0,2013265920.0,92026961920.0,94950443898.88,0.035584,accelergy,assignment_style_accelergy_ert,5.0,5.0,160.0,160.0,8.797184,16384,144133062656.0,0.0,94.95044389888001,835.2965258601248,2.8485133169664003,100,True,0.9495044389888001
hires,2048,2048,128,128,11,128,256,50.0,ws,15366656.0,5928448.0,583008256,557878016.0,545259520.0,35584.0,12582912.0,574208512.0,557900800.0,3724800.0,12582912.0,134091898.88000001,2726297600.0,177920.0,62914560.0,2789390080.0,89264128000.0,595968000.0,2013265920.0,91873361920.0,94796843898.88,0.08388608,accelergy,assignment_style_accelergy_ert,5.0,5.0,160.0,160.0,15.366655999999999,16384,251767291904.0,38.579948688901474,94.79684389888,1456.7104900797876,2.8439053169664006,100,True,0.9479684389888
hires,2048,2048,128,128,11,128,256,800.0,ws,8636928.0,0.0,583008256,557878016.0,545259520.0,35584.0,12582912.0,577216512.0,560742400.0,3891200.0,12582912.0,134091898.88000001,2726297600.0,177920.0,62914560.0,2789390080.0,89718784000.0,622592000.0,2013265920.0,92354641920.0,95278123898.88,0.035584,accelergy,assignment_style_accelergy_ert,5.0,5.0,160.0,160.0,8.636928000000001,16384,141507428352.0,0.0,95.27812389888001,822.9102960897061,2.8583437169664005,200,True,0.47639061949440004
hires,2048,2048,128,128,11,128,256,200.0,ws,8797184.0,0.0,583008256,557878016.0,545259520.0,35584.0,12582912.0,575168512.0,558848000.0,3737600.0,12582912.0,134091898.88000001,2726297600.0,177920.0,62914560.0,2789390080.0,89415680000.0,598016000.0,2013265920.0,92026961920.0,94950443898.88,0.035584,accelergy,assignment_style_accelergy_ert,5.0,5.0,160.0,160.0,8.797184,16384,144133062656.0,0.0,94.95044389888001,835.2965258601248,2.8485133169664003,200,True,0.47475221949440005
hires,2048,2048,128,128,11,128,256,50.0,ws,15366656.0,5928448.0,583008256,557878016.0,545259520.0,35584.0,12582912.0,574208512.0,557900800.0,3724800.0,12582912.0,134091898.88000001,2726297600.0,177920.0,62914560.0,2789390080.0,89264128000.0,595968000.0,2013265920.0,91873361920.0,94796843898.88,0.08388608,accelergy,assignment_style_accelergy_ert,5.0,5.0,160.0,160.0,15.366655999999999,16384,251767291904.0,38.579948688901474,94.79684389888,1456.7104900797876,2.8439053169664006,200,True,0.4739842194944
