resolution,frame_width,frame_height,tile_width,tile_height,gaussian_kernel,array_size,sram_budget_kb,bandwidth_gbps,dataflow,stage_op,stage_cycles,stage_energy_mj,total_cycles,total_energy_mj,latency_share_pct,energy_share_pct
1080p,1920,1080,128,128,3,8,256,50.0,os,gaussian,6161880.0,6.17962248,12365265.0,12.592369439999999,49.832171004826826,49.07434227882692
1080p,1920,1080,128,128,3,8,256,50.0,os,sobel,6203385.0,6.41274696,12365265.0,12.592369439999999,50.16782899517317,50.92565772117309
1080p,1920,1080,128,128,3,8,256,50.0,ws,gaussian,4394925.0,2.8309565549999998,8731515.0,6.101107665,50.334048558583476,46.400698208298216
1080p,1920,1080,128,128,3,8,256,50.0,ws,sobel,4336590.0,3.27015111,8731515.0,6.101107665,49.665951441416524,53.59930179170179
1080p,1920,1080,128,128,3,8,256,200.0,os,gaussian,6011535.0,6.1908724799999995,12033450.0,12.61486944,49.956870224249904,49.07599329066064
1080p,1920,1080,128,128,3,8,256,200.0,os,sobel,6021915.0,6.42399696,12033450.0,12.61486944,50.043129775750096,50.92400670933935
1080p,1920,1080,128,128,3,8,256,200.0,ws,gaussian,4213455.0,2.836206555,8412390.0,6.111607664999999,50.08630127704493,46.40688196073856
1080p,1920,1080,128,128,3,8,256,200.0,ws,sobel,4198935.0,3.27540111,8412390.0,6.111607664999999,49.91369872295507,53.59311803926145
1080p,1920,1080,128,128,3,8,256,800.0,os,gaussian,5973975.0,6.21877248,11950485.0,12.670669440000001,49.98939373590277,49.080062497471324
1080p,1920,1080,128,128,3,8,256,800.0,os,sobel,5976510.0,6.45189696,11950485.0,12.670669440000001,50.010606264097234,50.91993750252867
1080p,1920,1080,128,128,3,8,256,800.0,ws,gaussian,4168050.0,2.852106555,8332530.0,6.143407665,50.02142206508707,46.42548094681912
1080p,1920,1080,128,128,3,8,256,800.0,ws,sobel,4164480.0,3.29130111,8332530.0,6.143407665,49.97857793491293,53.57451905318089
1080p,1920,1080,128,128,3,8,1024,50.0,os,gaussian,6376215.0,2.2153474799999997,12793935.0,4.663819439999999,49.837794236097025,47.50071284920928
1080p,1920,1080,128,128,3,8,1024,50.0,os,sobel,6417720.0,2.44847196,12793935.0,4.663819439999999,50.162205763902975,52.49928715079073
1080p,1920,1080,128,128,3,8,1024,50.0,ws,gaussian,4836825.0,3.538506555,9756555.0,7.5162076650000005,49.575131796007916,47.07835004981864
1080p,1920,1080,128,128,3,8,1024,50.0,ws,sobel,4919730.0,3.9777011100000004,9756555.0,7.5162076650000005,50.42486820399209,52.92164995018136
1080p,1920,1080,128,128,3,8,1024,200.0,os,gaussian,6065115.0,2.21797248,12140610.0,4.6690694399999995,49.95725091243356,47.50352310031183
1080p,1920,1080,128,128,3,8,1024,200.0,os,sobel,6075495.0,2.45109696,12140610.0,4.6690694399999995,50.04274908756644,52.49647689968818
1080p,1920,1080,128,128,3,8,1024,200.0,ws,gaussian,4323960.0,3.5418065550000004,8668680.0,7.522807665,49.88025858608231,47.080913306853766
1080p,1920,1080,128,128,3,8,1024,200.0,ws,sobel,4344720.0,3.98100111,8668680.0,7.522807665,50.11974141391769,52.919086693146234
1080p,1920,1080,128,128,3,8,1024,800.0,os,gaussian,5987400.0,2.23117248,11977335.0,4.69546944,49.989417512326405,47.5175593944447
1080p,1920,1080,128,128,3,8,1024,800.0,os,sobel,5989935.0,2.46429696,11977335.0,4.69546944,50.010582487673595,52.482440605555304
1080p,1920,1080,128,128,3,8,1024,800.0,ws,gaussian,4195740.0,3.5577065549999998,8396670.0,7.554607665,49.96909489118901,47.093200769149405
1080p,1920,1080,128,128,3,8,1024,800.0,ws,sobel,4200930.0,3.99690111,8396670.0,7.554607665,50.030905108811,52.906799230850595
1080p,1920,1080,128,128,3,8,4096,50.0,os,gaussian,6376215.0,2.2153474799999997,12793935.0,4.663819439999999,49.837794236097025,47.50071284920928
1080p,1920,1080,128,128,3,8,4096,50.0,os,sobel,6417720.0,2.44847196,12793935.0,4.663819439999999,50.162205763902975,52.49928715079073
1080p,1920,1080,128,128,3,8,4096,50.0,ws,gaussian,4899465.0,3.851706555,9881835.0,8.142607665,49.580518193230304,47.30310870258539
1080p,1920,1080,128,128,3,8,4096,50.0,ws,sobel,4982370.0,4.29090111,9881835.0,8.142607665,50.419481806769696,52.696891297414616
1080p,1920,1080,128,128,3,8,4096,200.0,os,gaussian,6065115.0,2.21797248,12140610.0,4.6690694399999995,49.95725091243356,47.50352310031183
1080p,1920,1080,128,128,3,8,4096,200.0,os,sobel,6075495.0,2.45109696,12140610.0,4.6690694399999995,50.04274908756644,52.49647689968818
1080p,1920,1080,128,128,3,8,4096,200.0,ws,gaussian,4339560.0,3.8538065550000002,8699880.0,8.146807665,49.88068800948979,47.304499056195645
1080p,1920,1080,128,128,3,8,4096,200.0,ws,sobel,4360320.0,4.2930011100000005,8699880.0,8.146807665,50.11931199051022,52.695500943804355
1080p,1920,1080,128,128,3,8,4096,800.0,os,gaussian,5987400.0,2.23117248,11977335.0,4.69546944,49.989417512326405,47.5175593944447
1080p,1920,1080,128,128,3,8,4096,800.0,os,sobel,5989935.0,2.46429696,11977335.0,4.69546944,50.010582487673595,52.482440605555304
1080p,1920,1080,128,128,3,8,4096,800.0,ws,gaussian,4199580.0,3.8649065549999997,8404350.0,8.169007664999999,49.96912313266344,47.31182431813767
1080p,1920,1080,128,128,3,8,4096,800.0,ws,sobel,4204770.0,4.3041011099999995,8404350.0,8.169007664999999,50.03087686733656,52.68817568186234
1080p,1920,1080,128,128,3,16,256,50.0,os,gaussian,5254680.0,9.70846548,10550865.0,19.644223439999998,49.80330996558102,49.4214775638899
1080p,1920,1080,128,128,3,16,256,50.0,os,sobel,5296185.0,9.93575796,10550865.0,19.644223439999998,50.19669003441898,50.578522436110106
1080p,1920,1080,128,128,3,16,256,50.0,ws,gaussian,2280090.0,2.6139035550000003,4601685.0,5.449273665,49.549023890161976,47.96792592357353
1080p,1920,1080,128,128,3,16,256,50.0,ws,sobel,2321595.0,2.83537011,4601685.0,5.449273665,50.45097610983803,52.03207407642648
1080p,1920,1080,128,128,3,16,256,200.0,os,gaussian,5104335.0,9.72504048,10219050.0,19.67737344,49.949212500183485,49.422452186789414
1080p,1920,1080,128,128,3,16,256,200.0,os,sobel,5114715.0,9.95233296,10219050.0,19.67737344,50.050787499816515,50.57754781321058
1080p,1920,1080,128,128,3,16,256,200.0,ws,gaussian,2129745.0,2.6184785550000003,4269870.0,5.458423665,49.87845063198645,47.971332305881035
1080p,1920,1080,128,128,3,16,256,200.0,ws,sobel,2140125.0,2.83994511,4269870.0,5.458423665,50.121549368013554,52.02866769411898
1080p,1920,1080,128,128,3,16,256,800.0,os,gaussian,5066775.0,9.76494048,10136085.0,19.75717344,49.98749517195248,49.42478492510516
1080p,1920,1080,128,128,3,16,256,800.0,os,sobel,5069310.0,9.992232959999999,10136085.0,19.75717344,50.01250482804751,50.57521507489484
1080p,1920,1080,128,128,3,16,256,800.0,ws,gaussian,2092185.0,2.634378555,4186905.0,5.490223665,49.969727041812504,47.98308257993347
1080p,1920,1080,128,128,3,16,256,800.0,ws,sobel,2094720.0,2.8558451099999997,4186905.0,5.490223665,50.030272958187496,52.01691742006652
1080p,1920,1080,128,128,3,16,1024,50.0,os,gaussian,5469015.0,2.21019048,10979535.0,4.64767344,49.8109892632065,47.55477140407696
1080p,1920,1080,128,128,3,16,1024,50.0,os,sobel,5510520.0,2.43748296,10979535.0,4.64767344,50.18901073679349,52.44522859592304
1080p,1920,1080,128,128,3,16,1024,50.0,ws,gaussian,2721990.0,3.3214535549999997,5485485.0,6.864373665,49.62168340629862,48.386840767940626
1080p,1920,1080,128,128,3,16,1024,50.0,ws,sobel,2763495.0,3.54292011,5485485.0,6.864373665,50.37831659370138,51.61315923205938
1080p,1920,1080,128,128,3,16,1024,200.0,os,gaussian,5157915.0,2.21214048,10326210.0,4.65157344,49.949739546261405,47.556821547248326
1080p,1920,1080,128,128,3,16,1024,200.0,os,sobel,5168295.0,2.43943296,10326210.0,4.65157344,50.050260453738595,52.44317845275168
1080p,1920,1080,128,128,3,16,1024,200.0,ws,gaussian,2240250.0,3.3240785550000003,4490880.0,6.869623665000001,49.88443244976486,48.38807359907975
1080p,1920,1080,128,128,3,16,1024,200.0,ws,sobel,2250630.0,3.54554511,4490880.0,6.869623665000001,50.11556755023514,51.61192640092024
1080p,1920,1080,128,128,3,16,1024,800.0,os,gaussian,5080200.0,2.22534048,10162935.0,4.67797344,49.987528209124626,47.57060955010467
1080p,1920,1080,128,128,3,16,1024,800.0,os,sobel,5082735.0,2.45263296,10162935.0,4.67797344,50.01247179087537,52.42939044989533
1080p,1920,1080,128,128,3,16,1024,800.0,ws,gaussian,2119875.0,3.3399785549999996,4242285.0,6.901423664999999,49.97012223365474,48.39550094480397
1080p,1920,1080,128,128,3,16,1024,800.0,ws,sobel,2122410.0,3.56144511,4242285.0,6.901423664999999,50.02987776634525,51.60449905519603
1080p,1920,1080,128,128,3,16,4096,50.0,os,gaussian,5469015.0,2.21019048,10979535.0,4.64767344,49.8109892632065,47.55477140407696
1080p,1920,1080,128,128,3,16,4096,50.0,os,sobel,5510520.0,2.43748296,10979535.0,4.64767344,50.18901073679349,52.44522859592304
1080p,1920,1080,128,128,3,16,4096,50.0,ws,gaussian,2784630.0,3.634653555,5610765.0,7.490773665,49.630130650633205,48.521737774331754
1080p,1920,1080,128,128,3,16,4096,50.0,ws,sobel,2826135.0,3.85612011,5610765.0,7.490773665,50.3698693493668,51.478262225668246
1080p,1920,1080,128,128,3,16,4096,200.0,os,gaussian,5157915.0,2.21214048,10326210.0,4.65157344,49.949739546261405,47.556821547248326
1080p,1920,1080,128,128,3,16,4096,200.0,os,sobel,5168295.0,2.43943296,10326210.0,4.65157344,50.050260453738595,52.44317845275168
1080p,1920,1080,128,128,3,16,4096,200.0,ws,gaussian,2255850.0,3.636078555,4522080.0,7.493623664999999,49.885229805753106,48.52229999196257
1080p,1920,1080,128,128,3,16,4096,200.0,ws,sobel,2266230.0,3.8575451099999998,4522080.0,7.493623664999999,50.114770194246894,51.47770000803743
1080p,1920,1080,128,128,3,16,4096,800.0,os,gaussian,5080200.0,2.22534048,10162935.0,4.67797344,49.987528209124626,47.57060955010467
1080p,1920,1080,128,128,3,16,4096,800.0,os,sobel,5082735.0,2.45263296,10162935.0,4.67797344,50.01247179087537,52.42939044989533
1080p,1920,1080,128,128,3,16,4096,800.0,ws,gaussian,2123715.0,3.647178555,4249965.0,7.515823665,49.970176224980676,48.52666477507093
1080p,1920,1080,128,128,3,16,4096,800.0,ws,sobel,2126250.0,3.86864511,4249965.0,7.515823665,50.029823775019324,51.47333522492907
1080p,1920,1080,128,128,3,32,256,50.0,os,gaussian,4801080.0,9.70757448,9643665.0,19.63952544,49.78480691728715,49.42876297931566
1080p,1920,1080,128,128,3,32,256,50.0,os,sobel,4842585.0,9.93195096,9643665.0,19.63952544,50.21519308271285,50.57123702068434
1080p,1920,1080,128,128,3,32,256,50.0,ws,gaussian,2286570.0,2.615928555,4614645.0,5.453323665,49.550290434042054,47.96943507661763
1080p,1920,1080,128,128,3,32,256,50.0,ws,sobel,2328075.0,2.83739511,4614645.0,5.453323665,50.449709565957946,52.03056492338237
1080p,1920,1080,128,128,3,32,256,200.0,os,gaussian,4650735.0,9.72482448,9311850.0,19.67402544,49.94426456611737,49.42976468978277
1080p,1920,1080,128,128,3,32,256,200.0,os,sobel,4661115.0,9.94920096,9311850.0,19.67402544,50.05573543388263,50.57023531021723
1080p,1920,1080,128,128,3,32,256,200.0,ws,gaussian,2136225.0,2.6211785549999997,4282830.0,5.463823665,49.87881844481336,47.973337276432765
1080p,1920,1080,128,128,3,32,256,200.0,ws,sobel,2146605.0,2.84264511,4282830.0,5.463823665,50.121181555186645,52.02666272356723
1080p,1920,1080,128,128,3,32,256,800.0,os,gaussian,4613175.0,9.762024480000001,9228885.0,19.748425440000002,49.986265946536335,49.431912987995666
1080p,1920,1080,128,128,3,32,256,800.0,os,sobel,4615710.0,9.986400960000001,9228885.0,19.748425440000002,50.013734053463665,50.568087012004334
1080p,1920,1080,128,128,3,32,256,800.0,ws,gaussian,2098665.0,2.634378555,4199865.0,5.490223665,49.96982045851473,47.98308257993347
1080p,1920,1080,128,128,3,32,256,800.0,ws,sobel,2101200.0,2.8558451099999997,4199865.0,5.490223665,50.03017954148527,52.01691742006652
1080p,1920,1080,128,128,3,32,1024,50.0,os,gaussian,5015415.0,2.20929948,10072335.0,4.64297544,49.79396535162899,47.583699473542765
1080p,1920,1080,128,128,3,32,1024,50.0,os,sobel,5056920.0,2.43367596,10072335.0,4.64297544,50.20603464837101,52.416300526457235
1080p,1920,1080,128,128,3,32,1024,50.0,ws,gaussian,2762880.0,3.495528555,5567265.0,7.212523665,49.627240664850696,48.46470829569195
1080p,1920,1080,128,128,3,32,1024,50.0,ws,sobel,2804385.0,3.71699511,5567265.0,7.212523665,50.37275933514931,51.53529170430805
1080p,1920,1080,128,128,3,32,1024,200.0,os,gaussian,4704315.0,2.21192448,9419010.0,4.64822544,49.944898667694375,47.586428596285984
1080p,1920,1080,128,128,3,32,1024,200.0,os,sobel,4714695.0,2.43630096,9419010.0,4.64822544,50.05510133230563,52.41357140371402
1080p,1920,1080,128,128,3,32,1024,200.0,ws,gaussian,2255325.0,3.4986785549999997,4521030.0,7.218823665,49.885203150609485,48.466048172960875
1080p,1920,1080,128,128,3,32,1024,200.0,ws,sobel,2265705.0,3.7201451100000003,4521030.0,7.218823665,50.11479684939052,51.533951827039125
1080p,1920,1080,128,128,3,32,1024,800.0,os,gaussian,4626600.0,2.22242448,9255735.0,4.66922544,49.986305787708915,47.597283715647706
1080p,1920,1080,128,128,3,32,1024,800.0,os,sobel,4629135.0,2.44680096,9255735.0,4.66922544,50.013694212291085,52.402716284352294
1080p,1920,1080,128,128,3,32,1024,800.0,ws,gaussian,2128500.0,3.511578555,4259535.0,7.244623665000001,49.97024323077519,48.471510976685074
1080p,1920,1080,128,128,3,32,1024,800.0,ws,sobel,2131035.0,3.7330451100000004,4259535.0,7.244623665000001,50.02975676922481,51.52848902331492
1080p,1920,1080,128,128,3,32,4096,50.0,os,gaussian,5015415.0,2.20929948,10072335.0,4.64297544,49.79396535162899,47.583699473542765
1080p,1920,1080,128,128,3,32,4096,50.0,os,sobel,5056920.0,2.43367596,10072335.0,4.64297544,50.20603464837101,52.416300526457235
1080p,1920,1080,128,128,3,32,4096,50.0,ws,gaussian,3454680.0,6.9545285550000004,6950865.0,14.130523665,49.701440036599756,49.21635404231851
1080p,1920,1080,128,128,3,32,4096,50.0,ws,sobel,3496185.0,7.17599511,6950865.0,14.130523665,50.29855996340024,50.7836459576815
1080p,1920,1080,128,128,3,32,4096,200.0,os,gaussian,4704315.0,2.21192448,9419010.0,4.64822544,49.944898667694375,47.586428596285984
1080p,1920,1080,128,128,3,32,4096,200.0,os,sobel,4714695.0,2.43630096,9419010.0,4.64822544,50.05510133230563,52.41357140371402
1080p,1920,1080,128,128,3,32,4096,200.0,ws,gaussian,2428245.0,6.957078555,4866870.0,14.135623665,49.89336061986451,49.216636774405806
1080p,1920,1080,128,128,3,32,4096,200.0,ws,sobel,2438625.0,7.17854511,4866870.0,14.135623665,50.10663938013549,50.783363225594194
1080p,1920,1080,128,128,3,32,4096,800.0,os,gaussian,4626600.0,2.22242448,9255735.0,4.66922544,49.986305787708915,47.597283715647706
1080p,1920,1080,128,128,3,32,4096,800.0,os,sobel,4629135.0,2.44680096,9255735.0,4.66922544,50.013694212291085,52.402716284352294
1080p,1920,1080,128,128,3,32,4096,800.0,ws,gaussian,2171700.0,6.967578554999999,4345935.0,14.156623665,49.97083481460261,49.217798818981315
1080p,1920,1080,128,128,3,32,4096,800.0,ws,sobel,2174235.0,7.18904511,4345935.0,14.156623665,50.02916518539738,50.782201181018685
1080p,1920,1080,128,128,3,64,256,50.0,os,gaussian,4574280.0,9.710166480000002,9190065.0,19.64325144,49.77418549270326,49.43258253176441
1080p,1920,1080,128,128,3,64,256,50.0,os,sobel,4615785.0,9.93308496,9190065.0,19.64325144,50.22581450729674,50.5674174682356
1080p,1920,1080,128,128,3,64,256,50.0,ws,gaussian,2299530.0,2.619978555,4640565.0,5.461423665,49.552802298858005,47.972446667896435
1080p,1920,1080,128,128,3,64,256,50.0,ws,sobel,2341035.0,2.84144511,4640565.0,5.461423665,50.447197701142,52.02755333210356
1080p,1920,1080,128,128,3,64,256,200.0,os,gaussian,4423935.0,9.72606648,8858250.0,19.675051439999997,49.94141054948776,49.43349962596083
1080p,1920,1080,128,128,3,64,256,200.0,os,sobel,4434315.0,9.948984959999999,8858250.0,19.675051439999997,50.05858945051224,50.56650037403918
1080p,1920,1080,128,128,3,64,256,200.0,ws,gaussian,2149185.0,2.623878555,4308750.0,5.469223665,49.87954743255004,47.97533828779701
1080p,1920,1080,128,128,3,64,256,200.0,ws,sobel,2159565.0,2.8453451100000002,4308750.0,5.469223665,50.12045256744996,52.02466171220299
1080p,1920,1080,128,128,3,64,256,800.0,os,gaussian,4386375.0,9.76056648,8775285.0,19.74405144,49.98555602467612,49.435479388114885
1080p,1920,1080,128,128,3,64,256,800.0,os,sobel,4388910.0,9.98348496,8775285.0,19.74405144,50.01444397532387,50.56452061188512
1080p,1920,1080,128,128,3,64,256,800.0,ws,gaussian,2111625.0,2.634378555,4225785.0,5.490223665,49.970005572929054,47.98308257993347
1080p,1920,1080,128,128,3,64,256,800.0,ws,sobel,2114160.0,2.8558451099999997,4225785.0,5.490223665,50.029994427070946,52.01691742006652
1080p,1920,1080,128,128,3,64,1024,50.0,os,gaussian,4788615.0,2.2118914800000002,9618735.0,4.64670144,49.78424917621704,47.601325554499155
1080p,1920,1080,128,128,3,64,1024,50.0,os,sobel,4830120.0,2.43480996,9618735.0,4.64670144,50.215750823782955,52.398674445500845
1080p,1920,1080,128,128,3,64,1024,50.0,ws,gaussian,2777835.0,3.509553555,5597175.0,7.240573665,49.62923260394753,48.47065601949097
1080p,1920,1080,128,128,3,64,1024,50.0,ws,sobel,2819340.0,3.7310201100000002,5597175.0,7.240573665,50.37076739605247,51.52934398050903
1080p,1920,1080,128,128,3,64,1024,200.0,os,gaussian,4477515.0,2.21316648,8965410.0,4.6492514400000005,49.942110846018196,47.60264116840279
1080p,1920,1080,128,128,3,64,1024,200.0,os,sobel,4487895.0,2.43608496,8965410.0,4.6492514400000005,50.057889153981804,52.397358831597195
1080p,1920,1080,128,128,3,64,1024,200.0,ws,gaussian,2268795.0,3.511578555,4547970.0,7.244623665,49.88588315226354,48.47151097668508
1080p,1920,1080,128,128,3,64,1024,200.0,ws,sobel,2279175.0,3.73304511,4547970.0,7.244623665,50.11411684773647,51.52848902331492
1080p,1920,1080,128,128,3,64,1024,800.0,os,gaussian,4399800.0,2.22096648,8802135.0,4.66485144,49.98560008452495,47.61065831498377
1080p,1920,1080,128,128,3,64,1024,800.0,os,sobel,4402335.0,2.4438849599999997,8802135.0,4.66485144,50.01439991547505,52.389341685016234
1080p,1920,1080,128,128,3,64,1024,800.0,ws,gaussian,2141595.0,3.522378555,4285725.0,7.266223665,49.970425073937314,48.47605465224831
1080p,1920,1080,128,128,3,64,1024,800.0,ws,sobel,2144130.0,3.74384511,4285725.0,7.266223665,50.02957492606268,51.5239453477517
1080p,1920,1080,128,128,3,64,4096,50.0,os,gaussian,4788615.0,2.2118914800000002,9618735.0,4.64670144,49.78424917621704,47.601325554499155
1080p,1920,1080,128,128,3,64,4096,50.0,os,sobel,4830120.0,2.43480996,9618735.0,4.64670144,50.215750823782955,52.398674445500845
1080p,1920,1080,128,128,3,64,4096,50.0,ws,gaussian,4542900.0,12.334878555,9127305.0,24.891223665,49.77263277604945,49.55513124227917
1080p,1920,1080,128,128,3,64,4096,50.0,ws,sobel,4584405.0,12.55634511,9127305.0,24.891223665,50.227367223950544,50.44486875772084
1080p,1920,1080,128,128,3,64,4096,200.0,os,gaussian,4477515.0,2.21316648,8965410.0,4.6492514400000005,49.942110846018196,47.60264116840279
1080p,1920,1080,128,128,3,64,4096,200.0,os,sobel,4487895.0,2.43608496,8965410.0,4.6492514400000005,50.057889153981804,52.397358831597195
1080p,1920,1080,128,128,3,64,4096,200.0,ws,gaussian,2710050.0,12.336678555,5430480.0,24.894823665,49.90442833782649,49.55519557402738
1080p,1920,1080,128,128,3,64,4096,200.0,ws,sobel,2720430.0,12.55814511,5430480.0,24.894823665,50.09557166217351,50.44480442597262
1080p,1920,1080,128,128,3,64,4096,800.0,os,gaussian,4399800.0,2.22096648,8802135.0,4.66485144,49.98560008452495,47.61065831498377
1080p,1920,1080,128,128,3,64,4096,800.0,os,sobel,4402335.0,2.4438849599999997,8802135.0,4.66485144,50.01439991547505,52.389341685016234
1080p,1920,1080,128,128,3,64,4096,800.0,ws,gaussian,2251845.0,12.342378555,4506225.0,24.906223665,49.97187224339664,49.55539916853951
1080p,1920,1080,128,128,3,64,4096,800.0,ws,sobel,2254380.0,12.563845109999999,4506225.0,24.906223665,50.02812775660337,50.4446008314605
1080p,1920,1080,128,128,3,128,256,50.0,os,gaussian,4460880.0,9.717537479999999,8963265.0,19.65726444,49.768471645098074,49.43484130083768
1080p,1920,1080,128,128,3,128,256,50.0,os,sobel,4502385.0,9.93972696,8963265.0,19.65726444,50.231528354901926,50.56515869916232
1080p,1920,1080,128,128,3,128,256,50.0,ws,gaussian,2325450.0,2.628078555,4692405.0,5.477623665,49.557742777957145,47.978443130229174
1080p,1920,1080,128,128,3,128,256,50.0,ws,sobel,2366955.0,2.84954511,4692405.0,5.477623665,50.442257222042855,52.021556869770826
1080p,1920,1080,128,128,3,128,256,200.0,os,gaussian,4310535.0,9.733437480000001,8631450.0,19.689064440000003,49.93987105295171,49.435754094164565
1080p,1920,1080,128,128,3,128,256,200.0,os,sobel,4320915.0,9.95562696,8631450.0,19.689064440000003,50.0601289470483,50.56424590583543
1080p,1920,1080,128,128,3,128,256,200.0,ws,gaussian,2175105.0,2.6319785550000003,4360590.0,5.485423665000001,49.88097940874973,47.98131768369071
1080p,1920,1080,128,128,3,128,256,200.0,ws,sobel,2185485.0,2.85344511,4360590.0,5.485423665000001,50.11902059125026,52.01868231630928
1080p,1920,1080,128,128,3,128,256,800.0,os,gaussian,4272975.0,9.77063748,8548485.0,19.76346444,49.98517281132271,49.437878210385264
1080p,1920,1080,128,128,3,128,256,800.0,os,sobel,4275510.0,9.99282696,8548485.0,19.76346444,50.01482718867729,50.562121789614736
1080p,1920,1080,128,128,3,128,256,800.0,ws,gaussian,2137545.0,2.645178555,4277625.0,5.5118236650000005,49.97036907162269,47.990986573043784
1080p,1920,1080,128,128,3,128,256,800.0,ws,sobel,2140080.0,2.8666451100000003,4277625.0,5.5118236650000005,50.02963092837731,52.009013426956216
1080p,1920,1080,128,128,3,128,1024,50.0,os,gaussian,4675215.0,2.21926248,9391935.0,4.66071444,49.77903914369083,47.61635814787228
1080p,1920,1080,128,128,3,128,1024,50.0,os,sobel,4716720.0,2.44145196,9391935.0,4.66071444,50.22096085630916,52.383641852127724
1080p,1920,1080,128,128,3,128,1024,50.0,ws,gaussian,2803755.0,3.517653555,5649015.0,7.256773665,49.63263507000778,48.47407012245572
1080p,1920,1080,128,128,3,128,1024,50.0,ws,sobel,2845260.0,3.73912011,5649015.0,7.256773665,50.36736492999222,51.525929877544286
1080p,1920,1080,128,128,3,128,1024,200.0,os,gaussian,4364115.0,2.22053748,8738610.0,4.66326444,49.94060840339596,47.61766158815561
1080p,1920,1080,128,128,3,128,1024,200.0,os,sobel,4374495.0,2.44272696,8738610.0,4.66326444,50.059391596604044,52.38233841184439
1080p,1920,1080,128,128,3,128,1024,200.0,ws,gaussian,2294715.0,3.519678555,4599810.0,7.260823665,49.88716925264304,48.47492126776501
1080p,1920,1080,128,128,3,128,1024,200.0,ws,sobel,2305095.0,3.74114511,4599810.0,7.260823665,50.11283074735695,51.52507873223499
1080p,1920,1080,128,128,3,128,1024,800.0,os,gaussian,4286400.0,2.23103748,8575335.0,4.68426444,49.98521923633304,47.62834183631187
1080p,1920,1080,128,128,3,128,1024,800.0,os,sobel,4288935.0,2.45322696,8575335.0,4.68426444,50.014780763666955,52.37165816368813
1080p,1920,1080,128,128,3,128,1024,800.0,ws,gaussian,2167515.0,3.533178555,4337565.0,7.287823665,49.97077853588362,48.48057139428606
1080p,1920,1080,128,128,3,128,1024,800.0,ws,sobel,2170050.0,3.7546451100000002,4337565.0,7.287823665,50.02922146411639,51.519428605713934
1080p,1920,1080,128,128,3,128,4096,50.0,os,gaussian,4675215.0,2.21926248,9391935.0,4.66071444,49.77903914369083,47.61635814787228
1080p,1920,1080,128,128,3,128,4096,50.0,os,sobel,4716720.0,2.44145196,9391935.0,4.66071444,50.22096085630916,52.383641852127724
1080p,1920,1080,128,128,3,128,4096,50.0,ws,gaussian,4706445.0,13.031103555,9454395.0,26.283673665000002,49.78049891082401,49.57869938992792
1080p,1920,1080,128,128,3,128,4096,50.0,ws,sobel,4747950.0,13.25257011,9454395.0,26.283673665000002,50.21950108917599,50.42130061007208
1080p,1920,1080,128,128,3,128,4096,200.0,os,gaussian,4364115.0,2.22053748,8738610.0,4.66326444,49.94060840339596,47.61766158815561
1080p,1920,1080,128,128,3,128,4096,200.0,os,sobel,4374495.0,2.44272696,8738610.0,4.66326444,50.059391596604044,52.38233841184439
1080p,1920,1080,128,128,3,128,4096,200.0,ws,gaussian,2770380.0,13.032978555,5551140.0,26.287423665,49.90650569072299,49.57875949004682
1080p,1920,1080,128,128,3,128,4096,200.0,ws,sobel,2780760.0,13.254445109999999,5551140.0,26.287423665,50.093494309277006,50.42124050995318
1080p,1920,1080,128,128,3,128,4096,800.0,os,gaussian,4286400.0,2.23103748,8575335.0,4.68426444,49.98521923633304,47.62834183631187
1080p,1920,1080,128,128,3,128,4096,800.0,os,sobel,4288935.0,2.45322696,8575335.0,4.68426444,50.014780763666955,52.37165816368813
1080p,1920,1080,128,128,3,128,4096,800.0,ws,gaussian,2286360.0,13.040778555000001,4575255.0,26.303023665,49.972296626089694,49.57900932261508
1080p,1920,1080,128,128,3,128,4096,800.0,ws,sobel,2288895.0,13.26224511,4575255.0,26.303023665,50.027703373910306,50.42099067738492
1080p,1920,1080,128,128,5,8,256,50.0,os,gaussian,10309080.0,11.056782,16512465.0,17.469528959999998,62.43210810742067,63.29181528200747
1080p,1920,1080,128,128,5,8,256,50.0,os,sobel,6203385.0,6.41274696,16512465.0,17.469528959999998,37.56789189257933,36.70818471799254
1080p,1920,1080,128,128,5,8,256,50.0,ws,gaussian,8489730.0,6.444196875,12826320.0,9.714347985,66.18991261718092,66.33689553792529
1080p,1920,1080,128,128,5,8,256,50.0,ws,sobel,4336590.0,3.27015111,12826320.0,9.714347985,33.81008738281908,33.66310446207471
1080p,1920,1080,128,128,5,8,256,200.0,os,gaussian,10158735.0,11.074632000000001,16180650.0,17.49862896,62.78323182319623,63.288569780612114
1080p,1920,1080,128,128,5,8,256,200.0,os,sobel,6021915.0,6.42399696,16180650.0,17.49862896,37.216768176803775,36.711430219387886
1080p,1920,1080,128,128,5,8,256,200.0,ws,gaussian,8352075.0,6.453196875,12551010.0,9.728597985,66.54504298857223,66.33223908470507
1080p,1920,1080,128,128,5,8,256,200.0,ws,sobel,4198935.0,3.27540111,12551010.0,9.728597985,33.454957011427766,33.66776091529493
1080p,1920,1080,128,128,5,8,256,800.0,os,gaussian,10121175.0,11.118431999999999,16097685.0,17.570328959999998,62.87348149749482,63.27958927412136
1080p,1920,1080,128,128,5,8,256,800.0,os,sobel,5976510.0,6.45189696,16097685.0,17.570328959999998,37.12651850250517,36.72041072587864
1080p,1920,1080,128,128,5,8,256,800.0,ws,gaussian,8317620.0,6.479296875,12482100.0,9.770597985,66.63638330088688,66.31423056139589
1080p,1920,1080,128,128,5,8,256,800.0,ws,sobel,4164480.0,3.29130111,12482100.0,9.770597985,33.36361669911313,33.68576943860412
1080p,1920,1080,128,128,5,8,1024,50.0,os,gaussian,10770330.0,6.477132,17188050.0,8.92560396,62.66173300636198,72.56799684399172
1080p,1920,1080,128,128,5,8,1024,50.0,os,sobel,6417720.0,2.44847196,17188050.0,8.92560396,37.33826699363802,27.432003156008278
1080p,1920,1080,128,128,5,8,1024,50.0,ws,gaussian,9107280.0,7.152496875,14027010.0,11.130197985,64.92673777234064,64.2620812733009
1080p,1920,1080,128,128,5,8,1024,50.0,ws,sobel,4919730.0,3.9777011100000004,14027010.0,11.130197985,35.07326222765935,35.73791872669909
1080p,1920,1080,128,128,5,8,1024,200.0,os,gaussian,10274070.0,6.480732,16349565.0,8.93182896,62.84002051430726,72.55772618377591
1080p,1920,1080,128,128,5,8,1024,200.0,os,sobel,6075495.0,2.45109696,16349565.0,8.93182896,37.15997948569274,27.442273816224084
1080p,1920,1080,128,128,5,8,1024,200.0,ws,gaussian,8506455.0,7.156096874999999,12851175.0,11.137097984999999,66.19204080560726,64.2545920367962
1080p,1920,1080,128,128,5,8,1024,200.0,ws,sobel,4344720.0,3.98100111,12851175.0,11.137097984999999,33.80795919439273,35.7454079632038
1080p,1920,1080,128,128,5,8,1024,800.0,os,gaussian,10150065.0,6.503232,16140000.0,8.96752896,62.88763940520447,72.51977695313738
1080p,1920,1080,128,128,5,8,1024,800.0,os,sobel,5989935.0,2.46429696,16140000.0,8.96752896,37.11236059479554,27.480223046862623
1080p,1920,1080,128,128,5,8,1024,800.0,ws,gaussian,8356215.0,7.178896875,12557145.0,11.175797985,66.54550058950501,64.23610094451793
1080p,1920,1080,128,128,5,8,1024,800.0,ws,sobel,4200930.0,3.99690111,12557145.0,11.175797985,33.45449941049498,35.76389905548207
1080p,1920,1080,128,128,5,8,4096,50.0,os,gaussian,11186850.0,5.727132,17604570.0,8.17560396,63.545147652001724,70.05148522385129
1080p,1920,1080,128,128,5,8,4096,50.0,os,sobel,6417720.0,2.44847196,17604570.0,8.17560396,36.454852347998276,29.94851477614872
1080p,1920,1080,128,128,5,8,4096,50.0,ws,gaussian,9799080.0,7.778896875,14781450.0,12.069797985000001,66.29309032605055,64.44927151777843
1080p,1920,1080,128,128,5,8,4096,50.0,ws,sobel,4982370.0,4.29090111,14781450.0,12.069797985000001,33.70690967394944,35.550728482221565
1080p,1920,1080,128,128,5,8,4096,200.0,os,gaussian,10378110.0,5.727132,16453605.0,8.17822896,63.0749917723198,70.02900050868716
1080p,1920,1080,128,128,5,8,4096,200.0,os,sobel,6075495.0,2.45109696,16453605.0,8.17822896,36.925008227680195,29.97099949131285
1080p,1920,1080,128,128,5,8,4096,200.0,ws,gaussian,8679375.0,7.780096875,13039695.0,12.073097985,66.56118107056952,64.4415947312466
1080p,1920,1080,128,128,5,8,4096,200.0,ws,sobel,4360320.0,4.2930011100000005,13039695.0,12.073097985,33.43881892943048,35.5584052687534
1080p,1920,1080,128,128,5,8,4096,800.0,os,gaussian,10175985.0,5.735232,16165920.0,8.19952896,62.947144362956145,69.94587162236206
1080p,1920,1080,128,128,5,8,4096,800.0,os,sobel,5989935.0,2.46429696,16165920.0,8.19952896,37.052855637043855,30.054128377637923
1080p,1920,1080,128,128,5,8,4096,800.0,ws,gaussian,8399415.0,7.793296875,12604185.0,12.097397985,66.63988984611063,64.42126550406286
1080p,1920,1080,128,128,5,8,4096,800.0,ws,sobel,4204770.0,4.3041011099999995,12604185.0,12.097397985,33.36011015388936,35.578734495937134
1080p,1920,1080,128,128,5,16,256,50.0,os,gaussian,18588600.0,90.469932,23884785.0,100.40568996,77.82611398846588,90.10438754620556
1080p,1920,1080,128,128,5,16,256,50.0,os,sobel,5296185.0,9.93575796,23884785.0,100.40568996,22.173886011534123,9.895612453794445
1080p,1920,1080,128,128,5,16,256,50.0,ws,gaussian,4401405.0,6.011440875,6723000.0,8.846810985,65.46787148594377,67.95037087592982
1080p,1920,1080,128,128,5,16,256,50.0,ws,sobel,2321595.0,2.83537011,6723000.0,8.846810985,34.532128514056225,32.04962912407019
1080p,1920,1080,128,128,5,16,256,200.0,os,gaussian,7327815.0,90.622632,12442530.0,100.57496495999999,58.89328777989685,90.10456233918832
1080p,1920,1080,128,128,5,16,256,200.0,os,sobel,5114715.0,9.95233296,12442530.0,100.57496495999999,41.10671222010315,9.895437660811691
1080p,1920,1080,128,128,5,16,256,200.0,ws,gaussian,4219935.0,6.020440874999999,6360060.0,8.860385984999999,66.35055329666702,67.94783980282773
1080p,1920,1080,128,128,5,16,256,200.0,ws,sobel,2140125.0,2.83994511,6360060.0,8.860385984999999,33.649446703332984,32.05216019717227
1080p,1920,1080,128,128,5,16,256,800.0,os,gaussian,7140375.0,90.93343200000001,12209685.0,100.92566496,58.481238459468855,90.09941330189875
1080p,1920,1080,128,128,5,16,256,800.0,os,sobel,5069310.0,9.992232959999999,12209685.0,100.92566496,41.518761540531145,9.900586698101254
1080p,1920,1080,128,128,5,16,256,800.0,ws,gaussian,4174530.0,6.043840875,6269250.0,8.899685985,66.58739083622443,67.91072050392124
1080p,1920,1080,128,128,5,16,256,800.0,ws,sobel,2094720.0,2.8558451099999997,6269250.0,8.899685985,33.41260916377557,32.08927949607876
1080p,1920,1080,128,128,5,16,1024,50.0,os,gaussian,7789530.0,6.4636320000000005,13300050.0,8.901114960000001,58.567674557614446,72.6159815826039
1080p,1920,1080,128,128,5,16,1024,50.0,os,sobel,5510520.0,2.43748296,13300050.0,8.901114960000001,41.432325442385554,27.384018417396106
1080p,1920,1080,128,128,5,16,1024,50.0,ws,gaussian,4877715.0,6.719740874999999,7641210.0,10.262660985,63.83432728586179,65.47756848659071
1080p,1920,1080,128,128,5,16,1024,50.0,ws,sobel,2763495.0,3.54292011,7641210.0,10.262660985,36.16567271413821,34.52243151340929
1080p,1920,1080,128,128,5,16,1024,200.0,os,gaussian,7293270.0,6.467232,12461565.0,8.90666496,58.52611610178978,72.61115163806498
1080p,1920,1080,128,128,5,16,1024,200.0,os,sobel,5168295.0,2.43943296,12461565.0,8.90666496,41.47388389821022,27.388848361935015
1080p,1920,1080,128,128,5,16,1024,200.0,ws,gaussian,4339035.0,6.723340875,6589665.0,10.268885985,65.84606349488176,65.47293333299191
1080p,1920,1080,128,128,5,16,1024,200.0,ws,sobel,2250630.0,3.54554511,6589665.0,10.268885985,34.153936505118246,34.527066667008086
1080p,1920,1080,128,128,5,16,1024,800.0,os,gaussian,7169265.0,6.487031999999999,12252000.0,8.939664959999998,58.515058765915775,72.56459866254316
1080p,1920,1080,128,128,5,16,1024,800.0,os,sobel,5082735.0,2.45263296,12252000.0,8.939664959999998,41.48494123408423,27.435401337456838
1080p,1920,1080,128,128,5,16,1024,800.0,ws,gaussian,4204365.0,6.743440875,6326775.0,10.304885985,66.45352490012684,65.43925750188686
1080p,1920,1080,128,128,5,16,1024,800.0,ws,sobel,2122410.0,3.56144511,6326775.0,10.304885985,33.546475099873156,34.56074249811314
1080p,1920,1080,128,128,5,16,4096,50.0,os,gaussian,8206050.0,5.7136320000000005,13716570.0,8.151114960000001,59.82581651243714,70.09632458919461
1080p,1920,1080,128,128,5,16,4096,50.0,os,sobel,5510520.0,2.43748296,13716570.0,8.151114960000001,40.17418348756286,29.90367541080539
1080p,1920,1080,128,128,5,16,4096,50.0,ws,gaussian,5569515.0,7.346140875,8395650.0,11.202260984999999,66.33810366082436,65.577305196126
1080p,1920,1080,128,128,5,16,4096,50.0,ws,sobel,2826135.0,3.85612011,8395650.0,11.202260984999999,33.66189633917565,34.42269480387401
1080p,1920,1080,128,128,5,16,4096,200.0,os,gaussian,7397310.0,5.7136320000000005,12565605.0,8.15306496,58.86950926756014,70.07955938081966
1080p,1920,1080,128,128,5,16,4096,200.0,os,sobel,5168295.0,2.43943296,12565605.0,8.15306496,41.13049073243986,29.92044061918035
1080p,1920,1080,128,128,5,16,4096,200.0,ws,gaussian,4511955.0,7.3473408749999995,6778185.0,11.204885984999999,66.56582846292923,65.57265183095926
1080p,1920,1080,128,128,5,16,4096,200.0,ws,sobel,2266230.0,3.8575451099999998,6778185.0,11.204885984999999,33.43417153707077,34.42734816904074
1080p,1920,1080,128,128,5,16,4096,800.0,os,gaussian,7195185.0,5.7190319999999994,12277920.0,8.17166496,58.60263790609485,69.98612924042348
1080p,1920,1080,128,128,5,16,4096,800.0,os,sobel,5082735.0,2.45263296,12277920.0,8.17166496,41.39736209390515,30.013870759576516
1080p,1920,1080,128,128,5,16,4096,800.0,ws,gaussian,4247565.0,7.357840875,6373815.0,11.226485985,66.64085794771263,65.54001746255241
1080p,1920,1080,128,128,5,16,4096,800.0,ws,sobel,2126250.0,3.86864511,6373815.0,11.226485985,33.35914205228737,34.45998253744758
1080p,1920,1080,128,128,5,32,256,50.0,os,gaussian,148187160.0,739.5746819999999,153029745.0,749.5066329599999,96.83552697549094,98.67486817017534
1080p,1920,1080,128,128,5,32,256,50.0,os,sobel,4842585.0,9.93195096,153029745.0,749.5066329599999,3.164473024509059,1.325131829824654
1080p,1920,1080,128,128,5,32,256,50.0,ws,gaussian,2286570.0,5.7991128750000005,4614645.0,8.636507985000001,49.550290434042054,67.14650047301495
1080p,1920,1080,128,128,5,32,256,50.0,ws,sobel,2328075.0,2.83739511,4614645.0,8.636507985000001,50.449709565957946,32.85349952698503
1080p,1920,1080,128,128,5,32,256,200.0,os,gaussian,37425135.0,740.829432,42086250.0,750.77863296,88.92485075291812,98.67481564828576
1080p,1920,1080,128,128,5,32,256,200.0,os,sobel,4661115.0,9.94920096,42086250.0,750.77863296,11.075149247081885,1.325184351714239
1080p,1920,1080,128,128,5,32,256,200.0,ws,gaussian,2136225.0,5.808112875,4282830.0,8.650757985,49.87881844481336,67.13993022427618
1080p,1920,1080,128,128,5,32,256,200.0,ws,sobel,2146605.0,2.84264511,4282830.0,8.650757985,50.121181555186645,32.860069775723815
1080p,1920,1080,128,128,5,32,256,800.0,os,gaussian,9731775.0,743.338932,14347485.0,753.32533296,67.82913521080523,98.67435747570562
1080p,1920,1080,128,128,5,32,256,800.0,os,sobel,4615710.0,9.986400960000001,14347485.0,753.32533296,32.17086478919476,1.325642524294382
1080p,1920,1080,128,128,5,32,256,800.0,ws,gaussian,2098665.0,5.826112875,4199865.0,8.681957985,49.96982045851473,67.10597868667294
1080p,1920,1080,128,128,5,32,256,800.0,ws,sobel,2101200.0,2.8558451099999997,4199865.0,8.681957985,50.03017954148527,32.89402131332705
1080p,1920,1080,128,128,5,32,1024,50.0,os,gaussian,6299130.0,6.460932,11356050.0,8.89460796,55.469375354986994,72.63874955541041
1080p,1920,1080,128,128,5,32,1024,50.0,os,sobel,5056920.0,2.43367596,11356050.0,8.89460796,44.53062464501301,27.36125044458958
1080p,1920,1080,128,128,5,32,1024,50.0,ws,gaussian,2762880.0,6.507412875,5567265.0,10.224407985,49.627240664850696,63.64586472436233
1080p,1920,1080,128,128,5,32,1024,50.0,ws,sobel,2804385.0,3.71699511,5567265.0,10.224407985,50.37275933514931,36.35413527563768
1080p,1920,1080,128,128,5,32,1024,200.0,os,gaussian,5802870.0,6.464532,10517565.0,8.90083296,55.17313180379679,72.62839364643014
1080p,1920,1080,128,128,5,32,1024,200.0,os,sobel,4714695.0,2.43630096,10517565.0,8.90083296,44.82686819620321,27.371606353569856
1080p,1920,1080,128,128,5,32,1024,200.0,ws,gaussian,2255325.0,6.511012875,4521030.0,10.231157985,49.885203150609485,63.639061038309244
1080p,1920,1080,128,128,5,32,1024,200.0,ws,sobel,2265705.0,3.7201451100000003,4521030.0,10.231157985,50.11479684939052,36.36093896169076
1080p,1920,1080,128,128,5,32,1024,800.0,os,gaussian,5678865.0,6.478932,10308000.0,8.925732960000001,55.09182188591385,72.5871144592253
1080p,1920,1080,128,128,5,32,1024,800.0,os,sobel,4629135.0,2.44680096,10308000.0,8.925732960000001,44.90817811408615,27.412885540774678
1080p,1920,1080,128,128,5,32,1024,800.0,ws,gaussian,2128500.0,6.525712875,4259535.0,10.258757985,49.97024323077519,63.61113971634451
1080p,1920,1080,128,128,5,32,1024,800.0,ws,sobel,2131035.0,3.7330451100000004,4259535.0,10.258757985,50.02975676922481,36.388860283655475
1080p,1920,1080,128,128,5,32,4096,50.0,os,gaussian,6715650.0,5.710932,11772570.0,8.14460796,57.044893341046176,70.11917612299658
1080p,1920,1080,128,128,5,32,4096,50.0,os,sobel,5056920.0,2.43367596,11772570.0,8.14460796,42.955106658953824,29.880823877003404
1080p,1920,1080,128,128,5,32,4096,50.0,ws,gaussian,3454680.0,7.133812874999999,6950865.0,14.309807984999999,49.701440036599756,49.85261075814498
1080p,1920,1080,128,128,5,32,4096,50.0,ws,sobel,3496185.0,7.17599511,6950865.0,14.309807984999999,50.29855996340024,50.14738924185501
1080p,1920,1080,128,128,5,32,4096,200.0,os,gaussian,5906910.0,5.710932,10621605.0,8.14723296,55.61221679774384,70.09658405545335
1080p,1920,1080,128,128,5,32,4096,200.0,os,sobel,4714695.0,2.43630096,10621605.0,8.14723296,44.38778320225615,29.90341594454665
1080p,1920,1080,128,128,5,32,4096,200.0,ws,gaussian,2428245.0,7.135012874999999,4866870.0,14.313557985,49.89336061986451,49.847933563948175
1080p,1920,1080,128,128,5,32,4096,200.0,ws,sobel,2438625.0,7.17854511,4866870.0,14.313557985,50.10663938013549,50.152066436051825
1080p,1920,1080,128,128,5,32,4096,800.0,os,gaussian,5704785.0,5.710932,10333920.0,8.15773296,55.20446258534999,70.00636117904992
1080p,1920,1080,128,128,5,32,4096,800.0,os,sobel,4629135.0,2.44680096,10333920.0,8.15773296,44.795537414650006,29.993638820950075
1080p,1920,1080,128,128,5,32,4096,800.0,ws,gaussian,2171700.0,7.140112875,4345935.0,14.329157985,49.97083481460261,49.82925641879577
1080p,1920,1080,128,128,5,32,4096,800.0,ws,sobel,2174235.0,7.18904511,4345935.0,14.329157985,50.02916518539738,50.17074358120423
1080p,1920,1080,128,128,5,64,256,50.0,os,gaussian,148173960.0,739.581432,152789745.0,749.5145169599999,96.97899554711607,98.67473081104711
1080p,1920,1080,128,128,5,64,256,50.0,os,sobel,4615785.0,9.93308496,152789745.0,749.5145169599999,3.0210044528839286,1.3252691889528951
1080p,1920,1080,128,128,5,64,256,50.0,ws,gaussian,2299530.0,5.809912875,4640565.0,8.651357985,49.552802298858005,67.1560798324773
1080p,1920,1080,128,128,5,64,256,50.0,ws,sobel,2341035.0,2.84144511,4640565.0,8.651357985,50.447197701142,32.8439201675227
1080p,1920,1080,128,128,5,64,256,200.0,os,gaussian,37405335.0,740.8361819999999,41839650.0,750.7851669599999,89.4016441342124,98.67485595109925
1080p,1920,1080,128,128,5,64,256,200.0,os,sobel,4434315.0,9.948984959999999,41839650.0,750.7851669599999,10.598355865787596,1.32514404890075
1080p,1920,1080,128,128,5,64,256,200.0,ws,gaussian,2149185.0,5.8189128750000005,4308750.0,8.664257985,49.87954743255004,67.15996782498853
1080p,1920,1080,128,128,5,64,256,200.0,ws,sobel,2159565.0,2.8453451100000002,4308750.0,8.664257985,50.12045256744996,32.840032175011466
1080p,1920,1080,128,128,5,64,256,800.0,os,gaussian,9698055.0,743.345682,14086965.0,753.3291669600001,68.84417615859768,98.67475130422898
1080p,1920,1080,128,128,5,64,256,800.0,os,sobel,4388910.0,9.98348496,14086965.0,753.3291669600001,31.15582384140232,1.3252486957710081
1080p,1920,1080,128,128,5,64,256,800.0,ws,gaussian,2111625.0,5.836912875,4225785.0,8.692757985,49.970005572929054,67.14684666330326
1080p,1920,1080,128,128,5,64,256,800.0,ws,sobel,2114160.0,2.8558451099999997,4225785.0,8.692757985,50.029994427070946,32.853153336696735
1080p,1920,1080,128,128,5,64,1024,50.0,os,gaussian,5553930.0,6.467682,10384050.0,8.902491959999999,53.48520086093577,72.65024252827295
1080p,1920,1080,128,128,5,64,1024,50.0,os,sobel,4830120.0,2.43480996,10384050.0,8.902491959999999,46.51479913906424,27.349757471727052
1080p,1920,1080,128,128,5,64,1024,50.0,ws,gaussian,2777835.0,6.528187875,5597175.0,10.259207985,49.62923260394753,63.632474207998044
1080p,1920,1080,128,128,5,64,1024,50.0,ws,sobel,2819340.0,3.7310201100000002,5597175.0,10.259207985,50.37076739605247,36.36752579200196
1080p,1920,1080,128,128,5,64,1024,200.0,os,gaussian,5057670.0,6.471282,9545565.0,8.907366960000001,52.9845011793435,72.65089705027712
1080p,1920,1080,128,128,5,64,1024,200.0,os,sobel,4487895.0,2.43608496,9545565.0,8.907366960000001,47.015498820656504,27.349102949722866
1080p,1920,1080,128,128,5,64,1024,200.0,ws,gaussian,2268795.0,6.5320128749999995,4547970.0,10.265057984999999,49.88588315226354,63.63347274360282
1080p,1920,1080,128,128,5,64,1024,200.0,ws,sobel,2279175.0,3.73304511,4547970.0,10.265057984999999,50.11411684773647,36.366527256397184
1080p,1920,1080,128,128,5,64,1024,800.0,os,gaussian,4933665.0,6.485682000000001,9336000.0,8.92956696,52.84559768637532,72.63154001815111
1080p,1920,1080,128,128,5,64,1024,800.0,os,sobel,4402335.0,2.4438849599999997,9336000.0,8.92956696,47.15440231362468,27.36845998184888
1080p,1920,1080,128,128,5,64,1024,800.0,ws,gaussian,2141595.0,6.547312875,4285725.0,10.291157985,49.970425073937314,63.62075953496307
1080p,1920,1080,128,128,5,64,1024,800.0,ws,sobel,2144130.0,3.74384511,4285725.0,10.291157985,50.02957492606268,36.379240465036936
1080p,1920,1080,128,128,5,64,4096,50.0,os,gaussian,5970450.0,5.717682,10800570.0,8.152491959999999,55.279026940244826,70.13416300259682
1080p,1920,1080,128,128,5,64,4096,50.0,os,sobel,4830120.0,2.43480996,10800570.0,8.152491959999999,44.72097305975518,29.86583699740319
1080p,1920,1080,128,128,5,64,4096,50.0,ws,gaussian,4542900.0,12.520912875,9127305.0,25.077257985000003,49.77263277604945,49.92935384917044
1080p,1920,1080,128,128,5,64,4096,50.0,ws,sobel,4584405.0,12.55634511,9127305.0,25.077257985000003,50.227367223950544,50.07064615082955
1080p,1920,1080,128,128,5,64,4096,200.0,os,gaussian,5161710.0,5.717682,9649605.0,8.15376696,53.49141234278502,70.12319616257466
1080p,1920,1080,128,128,5,64,4096,200.0,os,sobel,4487895.0,2.43608496,9649605.0,8.15376696,46.50858765721498,29.87680383742535
1080p,1920,1080,128,128,5,64,4096,200.0,ws,gaussian,2710050.0,12.522712875,5430480.0,25.080857985,49.90442833782649,49.92936398941936
1080p,1920,1080,128,128,5,64,4096,200.0,ws,sobel,2720430.0,12.55814511,5430480.0,25.080857985,50.09557166217351,50.070636010580635
1080p,1920,1080,128,128,5,64,4096,800.0,os,gaussian,4959585.0,5.717682,9361920.0,8.16156696,52.97615232772765,70.05617950600016
1080p,1920,1080,128,128,5,64,4096,800.0,os,sobel,4402335.0,2.4438849599999997,9361920.0,8.16156696,47.02384767227235,29.94382049399984
1080p,1920,1080,128,128,5,64,4096,800.0,ws,gaussian,2251845.0,12.525712875,4506225.0,25.089557985,49.97187224339664,49.92400775848104
1080p,1920,1080,128,128,5,64,4096,800.0,ws,sobel,2254380.0,12.563845109999999,4506225.0,25.089557985,50.02812775660337,50.075992241518954
1080p,1920,1080,128,128,5,128,256,50.0,os,gaussian,69782235.0,347.94545700000003,74284620.0,357.88518396,93.93900783230768,97.22264921670775
1080p,1920,1080,128,128,5,128,256,50.0,os,sobel,4502385.0,9.93972696,74284620.0,357.88518396,6.060992167692316,2.7773507832922584
1080p,1920,1080,128,128,5,128,256,50.0,ws,gaussian,2325450.0,5.831512875,4692405.0,8.681057984999999,49.557742777957145,67.17514023148182
1080p,1920,1080,128,128,5,128,256,50.0,ws,sobel,2366955.0,2.84954511,4692405.0,8.681057984999999,50.442257222042855,32.82485976851819
1080p,1920,1080,128,128,5,128,256,200.0,os,gaussian,17646975.0,348.535257,21967890.0,358.49088396,80.33076913622564,97.2229065213522
1080p,1920,1080,128,128,5,128,256,200.0,os,sobel,4320915.0,9.95562696,21967890.0,358.49088396,19.669230863774352,2.7770934786477963
1080p,1920,1080,128,128,5,128,256,200.0,ws,gaussian,2175105.0,5.840512875,4360590.0,8.693957985,49.88097940874973,67.17898666035478
1080p,1920,1080,128,128,5,128,256,200.0,ws,sobel,2185485.0,2.85344511,4360590.0,8.693957985,50.11902059125026,32.821013339645205
1080p,1920,1080,128,128,5,128,256,800.0,os,gaussian,4696455.0,349.714857,8971965.0,359.70768396,52.34589078312276,97.2219589945954
1080p,1920,1080,128,128,5,128,256,800.0,os,sobel,4275510.0,9.99282696,8971965.0,359.70768396,47.65410921687724,2.7780410054046043
1080p,1920,1080,128,128,5,128,256,800.0,ws,gaussian,2137545.0,5.858512875,4277625.0,8.725157985,49.97036907162269,67.14506356299519
1080p,1920,1080,128,128,5,128,256,800.0,ws,sobel,2140080.0,2.8666451100000003,4277625.0,8.725157985,50.02963092837731,32.854936437004824
1080p,1920,1080,128,128,5,128,1024,50.0,os,gaussian,5181330.0,6.4872570000000005,9898050.0,8.928708960000002,52.3469774349493,72.65615923939802
1080p,1920,1080,128,128,5,128,1024,50.0,os,sobel,4716720.0,2.44145196,9898050.0,8.928708960000002,47.65302256505069,27.343840760601967
1080p,1920,1080,128,128,5,128,1024,50.0,ws,gaussian,2803755.0,6.549787875,5649015.0,10.288907985,49.63263507000778,63.65872728717964
1080p,1920,1080,128,128,5,128,1024,50.0,ws,sobel,2845260.0,3.73912011,5649015.0,10.288907985,50.36736492999222,36.34127271282036
1080p,1920,1080,128,128,5,128,1024,200.0,os,gaussian,4685070.0,6.490857,9059565.0,8.93358396,51.714072364401595,72.65680861189333
1080p,1920,1080,128,128,5,128,1024,200.0,os,sobel,4374495.0,2.44272696,9059565.0,8.93358396,48.2859276355984,27.343191388106682
1080p,1920,1080,128,128,5,128,1024,200.0,ws,gaussian,2294715.0,6.553612875000001,4599810.0,10.294757985,49.88716925264304,63.65970802372388
1080p,1920,1080,128,128,5,128,1024,200.0,ws,sobel,2305095.0,3.74114511,4599810.0,10.294757985,50.11283074735695,36.34029197627612
1080p,1920,1080,128,128,5,128,1024,800.0,os,gaussian,4561065.0,6.505257,8850000.0,8.95848396,51.53745762711864,72.61560135672778
1080p,1920,1080,128,128,5,128,1024,800.0,os,sobel,4288935.0,2.45322696,8850000.0,8.95848396,48.46254237288136,27.384398643272224
1080p,1920,1080,128,128,5,128,1024,800.0,ws,gaussian,2167515.0,6.568912875,4337565.0,10.323557985,49.97077853588362,63.63031897088723
1080p,1920,1080,128,128,5,128,1024,800.0,ws,sobel,2170050.0,3.7546451100000002,4337565.0,10.323557985,50.02922146411639,36.369681029112755
1080p,1920,1080,128,128,5,128,4096,50.0,os,gaussian,5597850.0,5.7372570000000005,10314570.0,8.178708960000002,54.271288090536004,70.14868762367598
1080p,1920,1080,128,128,5,128,4096,50.0,os,sobel,4716720.0,2.44145196,10314570.0,8.178708960000002,45.728711909463996,29.851312376323996
1080p,1920,1080,128,128,5,128,4096,50.0,ws,gaussian,4706445.0,13.230637875,9454395.0,26.483207985,49.78049891082401,49.958592186013824
1080p,1920,1080,128,128,5,128,4096,50.0,ws,sobel,4747950.0,13.25257011,9454395.0,26.483207985,50.21950108917599,50.04140781398617
1080p,1920,1080,128,128,5,128,4096,200.0,os,gaussian,4789110.0,5.7372570000000005,9163605.0,8.179983960000001,52.26229196915406,70.13775366865144
1080p,1920,1080,128,128,5,128,4096,200.0,os,sobel,4374495.0,2.44272696,9163605.0,8.179983960000001,47.73770803084594,29.862246331348548
1080p,1920,1080,128,128,5,128,4096,200.0,ws,gaussian,2770380.0,13.232512875000001,5551140.0,26.486957985,49.90650569072299,49.958598048495375
1080p,1920,1080,128,128,5,128,4096,200.0,ws,sobel,2780760.0,13.254445109999999,5551140.0,26.486957985,50.093494309277006,50.04140195150462
1080p,1920,1080,128,128,5,128,4096,800.0,os,gaussian,4586985.0,5.7372570000000005,8875920.0,8.19048396,51.67898088310846,70.04783878485247
1080p,1920,1080,128,128,5,128,4096,800.0,os,sobel,4288935.0,2.45322696,8875920.0,8.19048396,48.32101911689154,29.952161215147534
1080p,1920,1080,128,128,5,128,4096,800.0,ws,gaussian,2286360.0,13.234912875000001,4575255.0,26.497157985,49.972296626089694,49.94842421399406
1080p,1920,1080,128,128,5,128,4096,800.0,ws,sobel,2288895.0,13.26224511,4575255.0,26.497157985,50.027703373910306,50.05157578600594
1080p,1920,1080,128,128,7,8,256,50.0,os,gaussian,17067090.0,26.45722128,23270475.0,32.86996824,73.34225021191016,80.4905593057549
1080p,1920,1080,128,128,7,8,256,50.0,os,sobel,6203385.0,6.41274696,23270475.0,32.86996824,26.657749788089845,19.5094406942451
1080p,1920,1080,128,128,7,8,256,50.0,ws,gaussian,14843850.0,12.483182355,19180440.0,15.753333465,77.39056038339058,79.24152931019034
1080p,1920,1080,128,128,7,8,256,50.0,ws,sobel,4336590.0,3.27015111,19180440.0,15.753333465,22.60943961660942,20.75847068980965
1080p,1920,1080,128,128,7,8,256,200.0,os,gaussian,16379535.0,26.50072128,22401450.0,32.924718240000004,73.11819100995694,80.48883239281442
1080p,1920,1080,128,128,7,8,256,200.0,os,sobel,6021915.0,6.42399696,22401450.0,32.924718240000004,26.881808990043055,19.511167607185573
1080p,1920,1080,128,128,7,8,256,200.0,ws,gaussian,14612910.0,12.500882355,18811845.0,15.776283464999999,77.67930258834261,79.23844917425234
1080p,1920,1080,128,128,7,8,256,200.0,ws,sobel,4198935.0,3.27540111,18811845.0,15.776283464999999,22.320697411657388,20.761550825747666
1080p,1920,1080,128,128,7,8,256,800.0,os,gaussian,16341975.0,26.59312128,22318485.0,33.04501824,73.22170389253571,80.47543229317945
1080p,1920,1080,128,128,7,8,256,800.0,os,sobel,5976510.0,6.45189696,22318485.0,33.04501824,26.778296107464282,19.52456770682055
1080p,1920,1080,128,128,7,8,256,800.0,ws,gaussian,14555055.0,12.541682355,18719535.0,15.832983465000002,77.75329355136226,79.2123757516979
1080p,1920,1080,128,128,7,8,256,800.0,ws,sobel,4164480.0,3.29130111,18719535.0,15.832983465000002,22.246706448637745,20.787624248302087
1080p,1920,1080,128,128,7,8,1024,50.0,os,gaussian,17008185.0,12.87427128,23425905.0,15.322743240000001,72.60417473732605,84.0206683512893
1080p,1920,1080,128,128,7,8,1024,50.0,os,sobel,6417720.0,2.44847196,23425905.0,15.322743240000001,27.395825262673952,15.979331648710705
1080p,1920,1080,128,128,7,8,1024,50.0,ws,gaussian,15463395.0,14.096432355,20383125.0,18.074133465,75.8637107901757,77.99229978188058
1080p,1920,1080,128,128,7,8,1024,50.0,ws,sobel,4919730.0,3.9777011100000004,20383125.0,18.074133465,24.1362892098243,22.00770021811942
1080p,1920,1080,128,128,7,8,1024,200.0,os,gaussian,16499145.0,12.88192128,22574640.0,15.333018240000001,73.08707912950106,84.01425654340055
1080p,1920,1080,128,128,7,8,1024,200.0,os,sobel,6075495.0,2.45109696,22574640.0,15.333018240000001,26.91292087049893,15.98574345659945
1080p,1920,1080,128,128,7,8,1024,200.0,ws,gaussian,14767800.0,14.104082355000001,19112520.0,18.085083465,77.26767584808283,77.98737773201645
1080p,1920,1080,128,128,7,8,1024,200.0,ws,sobel,4344720.0,3.98100111,19112520.0,18.085083465,22.732324151917172,22.01262226798354
1080p,1920,1080,128,128,7,8,1024,800.0,os,gaussian,16371945.0,12.91792128,22361880.0,15.38221824,73.21363409516553,83.97957354686446
1080p,1920,1080,128,128,7,8,1024,800.0,os,sobel,5989935.0,2.46429696,22361880.0,15.38221824,26.786365904834476,16.02042645313554
1080p,1920,1080,128,128,7,8,1024,800.0,ws,gaussian,14593905.0,14.140082355,18794835.0,18.136983465,77.64848693803378,77.96270191394808
1080p,1920,1080,128,128,7,8,1024,800.0,ws,sobel,4200930.0,3.99690111,18794835.0,18.136983465,22.351513061966227,22.03729808605193
1080p,1920,1080,128,128,7,8,4096,50.0,os,gaussian,18403065.0,10.99679628,24820785.0,13.44526824,74.1437670081748,81.78934093173584
1080p,1920,1080,128,128,7,8,4096,50.0,os,sobel,6417720.0,2.44847196,24820785.0,13.44526824,25.856232991825195,18.21065906826415
1080p,1920,1080,128,128,7,8,4096,50.0,ws,gaussian,17148615.0,13.670657355000001,22130985.0,17.961558465000003,77.48690354270269,76.11064141031372
1080p,1920,1080,128,128,7,8,4096,50.0,ws,sobel,4982370.0,4.29090111,22130985.0,17.961558465000003,22.513096457297312,23.88935858968627
1080p,1920,1080,128,128,7,8,4096,200.0,os,gaussian,16847865.0,10.998821280000001,22923360.0,13.449918240000002,73.49649004334444,81.77612000115772
1080p,1920,1080,128,128,7,8,4096,200.0,os,sobel,6075495.0,2.45109696,22923360.0,13.449918240000002,26.50350995665557,18.22387999884228
1080p,1920,1080,128,128,7,8,4096,200.0,ws,gaussian,15189045.0,13.671482354999998,19549365.0,17.964483465,77.69584843292864,76.10284137384741
1080p,1920,1080,128,128,7,8,4096,200.0,ws,sobel,4360320.0,4.2930011100000005,19549365.0,17.964483465,22.304151567071358,23.897158626152574
1080p,1920,1080,128,128,7,8,4096,800.0,os,gaussian,16459065.0,11.00752128,22449000.0,13.471818240000001,73.3175865294668,81.70776270805744
1080p,1920,1080,128,128,7,8,4096,800.0,os,sobel,5989935.0,2.46429696,22449000.0,13.471818240000001,26.682413470533206,18.29223729194256
1080p,1920,1080,128,128,7,8,4096,800.0,ws,gaussian,14699115.0,13.676882355,18903885.0,17.980983465,77.75711183177427,76.06303838509201
1080p,1920,1080,128,128,7,8,4096,800.0,ws,sobel,4204770.0,4.3041011099999995,18903885.0,17.980983465,22.24288816822574,23.936961614907972
1080p,1920,1080,128,128,7,16,256,50.0,os,gaussian,16981425.0,70.25246928,22277610.0,80.18822724,76.22642195459926,87.60945552485816
1080p,1920,1080,128,128,7,16,256,50.0,os,sobel,5296185.0,9.93575796,22277610.0,80.18822724,23.773578045400743,12.390544475141835
1080p,1920,1080,128,128,7,16,256,50.0,ws,gaussian,8502690.0,11.835398355,10824285.0,14.670768465,78.55197825999592,80.67333611893383
1080p,1920,1080,128,128,7,16,256,50.0,ws,sobel,2321595.0,2.83537011,10824285.0,14.670768465,21.448021740004076,19.326663881066164
1080p,1920,1080,128,128,7,16,256,200.0,os,gaussian,10288335.0,70.37036928,15403050.0,80.32270224000001,66.79414142004343,87.60956406787341
1080p,1920,1080,128,128,7,16,256,200.0,os,sobel,5114715.0,9.95233296,15403050.0,80.32270224000001,33.20585857995656,12.390435932126575
1080p,1920,1080,128,128,7,16,256,200.0,ws,gaussian,8365035.0,11.853098355,10505160.0,14.693043465,79.62786859029278,80.67149861248981
1080p,1920,1080,128,128,7,16,256,200.0,ws,sobel,2140125.0,2.83994511,10505160.0,14.693043465,20.37213140970723,19.328501387510187
1080p,1920,1080,128,128,7,16,256,800.0,os,gaussian,10250775.0,70.60616928,15320085.0,80.59840224,66.91069272787978,87.60244287443086
1080p,1920,1080,128,128,7,16,256,800.0,os,sobel,5069310.0,9.992232959999999,15320085.0,80.59840224,33.08930727212023,12.397557125569142
1080p,1920,1080,128,128,7,16,256,800.0,ws,gaussian,8330580.0,11.888498355,10425300.0,14.744343465,79.90734079594833,80.63091030957614
1080p,1920,1080,128,128,7,16,256,800.0,ws,sobel,2094720.0,2.8558451099999997,10425300.0,14.744343465,20.09265920405168,19.369089690423863
1080p,1920,1080,128,128,7,16,1024,50.0,os,gaussian,10916985.0,21.34571928,16427505.0,23.78320224,66.4555268739836,89.75124150481092
1080p,1920,1080,128,128,7,16,1024,50.0,os,sobel,5510520.0,2.43748296,16427505.0,23.78320224,33.5444731260164,10.248758495189083
1080p,1920,1080,128,128,7,16,1024,50.0,ws,gaussian,9122235.0,13.448648355,11885730.0,16.991568465,76.7494718456502,79.14895192107858
1080p,1920,1080,128,128,7,16,1024,50.0,ws,sobel,2763495.0,3.54292011,11885730.0,16.991568465,23.250528154349794,20.851048078921416
1080p,1920,1080,128,128,7,16,1024,200.0,os,gaussian,10407945.0,21.35876928,15576240.0,23.798202240000002,66.81936719002789,89.74950739808487
1080p,1920,1080,128,128,7,16,1024,200.0,os,sobel,5168295.0,2.43943296,15576240.0,23.798202240000002,33.18063280997211,10.250492601915125
1080p,1920,1080,128,128,7,16,1024,200.0,ws,gaussian,8519925.0,13.456298355,10770555.0,17.001843465,79.10386233578492,79.14611367115066
1080p,1920,1080,128,128,7,16,1024,200.0,ws,sobel,2250630.0,3.54554511,10770555.0,17.001843465,20.896137664215075,20.853886328849338
1080p,1920,1080,128,128,7,16,1024,800.0,os,gaussian,10280745.0,21.41096928,15363480.0,23.86360224,66.91677276242102,89.72228528059811
1080p,1920,1080,128,128,7,16,1024,800.0,os,sobel,5082735.0,2.45263296,15363480.0,23.86360224,33.08322723757899,10.277714719401894
1080p,1920,1080,128,128,7,16,1024,800.0,ws,gaussian,8369310.0,13.486898355,10491720.0,17.048343465,79.77061911678925,79.10972923960855
1080p,1920,1080,128,128,7,16,1024,800.0,ws,sobel,2122410.0,3.56144511,10491720.0,17.048343465,20.22938088321076,20.890270760391445
1080p,1920,1080,128,128,7,16,4096,50.0,os,gaussian,12311865.0,10.97044428,17822385.0,13.407927240000001,69.08090583836002,81.82058332828483
1080p,1920,1080,128,128,7,16,4096,50.0,os,sobel,5510520.0,2.43748296,17822385.0,13.407927240000001,30.919094161639983,18.17941667171517
1080p,1920,1080,128,128,7,16,4096,50.0,ws,gaussian,10887300.0,13.422098355,13713435.0,17.278218465,79.39148725319367,77.682189180492
1080p,1920,1080,128,128,7,16,4096,50.0,ws,sobel,2826135.0,3.85612011,13713435.0,17.278218465,20.608512746806326,22.317810819508008
1080p,1920,1080,128,128,7,16,4096,200.0,os,gaussian,10756665.0,10.97246928,15924960.0,13.41190224,67.54594674021159,81.81143199266266
1080p,1920,1080,128,128,7,16,4096,200.0,os,sobel,5168295.0,2.43943296,15924960.0,13.41190224,32.45405325978841,18.188568007337338
1080p,1920,1080,128,128,7,16,4096,200.0,ws,gaussian,8961180.0,13.423898355,11227410.0,17.281443465,79.81520225947035,77.67810821004241
1080p,1920,1080,128,128,7,16,4096,200.0,ws,sobel,2266230.0,3.8575451099999998,11227410.0,17.281443465,20.18479774052965,22.321891789957604
1080p,1920,1080,128,128,7,16,4096,800.0,os,gaussian,10367865.0,10.97576928,15450600.0,13.42840224,67.10331637606306,81.73548188261599
1080p,1920,1080,128,128,7,16,4096,800.0,os,sobel,5082735.0,2.45263296,15450600.0,13.42840224,32.89668362393694,18.264518117384007
1080p,1920,1080,128,128,7,16,4096,800.0,ws,gaussian,8479560.0,13.426898355,10605810.0,17.295543465,79.95202629502131,77.63212750250517
1080p,1920,1080,128,128,7,16,4096,800.0,ws,sobel,2126250.0,3.86864511,10605810.0,17.295543465,20.047973704978688,22.36787249749483
1080p,1920,1080,128,128,7,32,256,50.0,os,gaussian,38121195.0,189.87329327999998,42963780.0,199.80524423999998,88.7286802976833,95.02918404480413
1080p,1920,1080,128,128,7,32,256,50.0,os,sobel,4842585.0,9.93195096,42963780.0,199.80524423999998,11.271319702316696,4.970815955195873
1080p,1920,1080,128,128,7,32,256,50.0,ws,gaussian,4414365.0,11.410742355,6742440.0,14.248137465,65.4713278872337,80.08585250549449
1080p,1920,1080,128,128,7,32,256,50.0,ws,sobel,2328075.0,2.83739511,6742440.0,14.248137465,34.5286721127663,19.914147494505524
1080p,1920,1080,128,128,7,32,256,200.0,os,gaussian,9839895.0,190.19429328,14501010.0,200.14349424000002,67.85661826314167,95.02896609366202
1080p,1920,1080,128,128,7,32,256,200.0,os,sobel,4661115.0,9.94920096,14501010.0,200.14349424000002,32.14338173685833,4.971033906337978
1080p,1920,1080,128,128,7,32,256,200.0,ws,gaussian,4232895.0,11.428442355,6379500.0,14.271087464999999,66.35151657653421,80.08108970692234
1080p,1920,1080,128,128,7,32,256,200.0,ws,sobel,2146605.0,2.84264511,6379500.0,14.271087464999999,33.64848342346579,19.918910293077655
1080p,1920,1080,128,128,7,32,256,800.0,os,gaussian,7205175.0,190.83629328,11820885.0,200.82269424,60.952923575519094,95.02725476431195
1080p,1920,1080,128,128,7,32,256,800.0,os,sobel,4615710.0,9.986400960000001,11820885.0,200.82269424,39.047076424480906,4.972745235688061
1080p,1920,1080,128,128,7,32,256,800.0,ws,gaussian,4187490.0,11.463842354999999,6288690.0,14.319687464999998,66.58763589873249,80.0565122878539
1080p,1920,1080,128,128,7,32,256,800.0,ws,sobel,2101200.0,2.8558451099999997,6288690.0,14.319687464999998,33.412364101267514,19.943487712146098
1080p,1920,1080,128,128,7,32,1024,50.0,os,gaussian,7871385.0,21.340643280000002,12928305.0,23.77431924,60.88489558375982,89.76342525128808
1080p,1920,1080,128,128,7,32,1024,50.0,os,sobel,5056920.0,2.43367596,12928305.0,23.77431924,39.11510441624018,10.236574748711922
1080p,1920,1080,128,128,7,32,1024,50.0,ws,gaussian,4892670.0,13.023992354999999,7697055.0,16.740987465,63.56548056367013,77.79703785233076
1080p,1920,1080,128,128,7,32,1024,50.0,ws,sobel,2804385.0,3.71699511,7697055.0,16.740987465,36.43451943632987,22.20296214766923
1080p,1920,1080,128,128,7,32,1024,200.0,os,gaussian,7362345.0,21.353693279999998,12077040.0,23.78999424,60.961502156157465,89.75913598203545
1080p,1920,1080,128,128,7,32,1024,200.0,os,sobel,4714695.0,2.43630096,12077040.0,23.78999424,39.03849784384253,10.240864017964554
1080p,1920,1080,128,128,7,32,1024,200.0,ws,gaussian,4352505.0,13.031642355,6618210.0,16.751787465,65.76559220695626,77.7925483010538
1080p,1920,1080,128,128,7,32,1024,200.0,ws,sobel,2265705.0,3.7201451100000003,6618210.0,16.751787465,34.23440779304374,22.20745169894621
1080p,1920,1080,128,128,7,32,1024,800.0,os,gaussian,7235145.0,21.40589328,11864280.0,23.85269424,60.98258807108395,89.74203527961711
1080p,1920,1080,128,128,7,32,1024,800.0,os,sobel,4629135.0,2.44680096,11864280.0,23.85269424,39.01741192891604,10.257964720382882
1080p,1920,1080,128,128,7,32,1024,800.0,ws,gaussian,4217460.0,13.062242354999999,6348495.0,16.795287464999998,66.43243792426394,77.77325861329044
1080p,1920,1080,128,128,7,32,1024,800.0,ws,sobel,2131035.0,3.7330451100000004,6348495.0,16.795287464999998,33.56756207573606,22.226741386709577
1080p,1920,1080,128,128,7,32,4096,50.0,os,gaussian,9266265.0,10.96536828,14323185.0,13.39904424,64.6941654387624,81.83694361770388
1080p,1920,1080,128,128,7,32,4096,50.0,os,sobel,5056920.0,2.43367596,14323185.0,13.39904424,35.3058345612376,18.163056382296112
1080p,1920,1080,128,128,7,32,4096,50.0,ws,gaussian,6657735.0,12.997442355,10153920.0,20.173437465,65.56812541363335,64.42849602379354
1080p,1920,1080,128,128,7,32,4096,50.0,ws,sobel,3496185.0,7.17599511,10153920.0,20.173437465,34.431874586366646,35.571503976206465
1080p,1920,1080,128,128,7,32,4096,200.0,os,gaussian,7711065.0,10.96739328,12425760.0,13.40369424,62.05708946575501,81.82366057911509
1080p,1920,1080,128,128,7,32,4096,200.0,os,sobel,4714695.0,2.43630096,12425760.0,13.40369424,37.94291053424499,18.17633942088491
1080p,1920,1080,128,128,7,32,4096,200.0,ws,gaussian,4793760.0,12.999242355,7232385.0,20.177787465,66.28186967369685,64.42352699743832
1080p,1920,1080,128,128,7,32,4096,200.0,ws,sobel,2438625.0,7.17854511,7232385.0,20.177787465,33.71813032630315,35.57647300256168
1080p,1920,1080,128,128,7,32,4096,800.0,os,gaussian,7322265.0,10.97069328,11951400.0,13.41749424,61.26700637582208,81.76409904685751
1080p,1920,1080,128,128,7,32,4096,800.0,os,sobel,4629135.0,2.44680096,11951400.0,13.41749424,38.73299362417792,18.2359009531425
1080p,1920,1080,128,128,7,32,4096,800.0,ws,gaussian,4327710.0,13.002242355,6501945.0,20.191287465000002,66.56023697524355,64.39531098518783
1080p,1920,1080,128,128,7,32,4096,800.0,ws,sobel,2174235.0,7.18904511,6501945.0,20.191287465000002,33.43976302475644,35.60468901481216
1080p,1920,1080,128,128,7,64,256,50.0,os,gaussian,72657945.0,363.05228028000005,77273730.0,372.98536524,94.0267086887096,97.33687005290182
1080p,1920,1080,128,128,7,64,256,50.0,os,sobel,4615785.0,9.93308496,77273730.0,372.98536524,5.973291311290396,2.6631299470981893
1080p,1920,1080,128,128,7,64,256,50.0,ws,gaussian,2299530.0,11.213939354999999,4640565.0,14.055384465,49.552802298858005,79.78393890913748
1080p,1920,1080,128,128,7,64,256,50.0,ws,sobel,2341035.0,2.84144511,4640565.0,14.055384465,50.447197701142,20.21606109086252
1080p,1920,1080,128,128,7,64,256,200.0,os,gaussian,18277140.0,363.66795528,22711455.0,373.61694024,80.47542528649089,97.33711620420394
1080p,1920,1080,128,128,7,64,256,200.0,os,sobel,4434315.0,9.948984959999999,22711455.0,373.61694024,19.524574713509107,2.662883795796057
1080p,1920,1080,128,128,7,64,256,200.0,ws,gaussian,2149185.0,11.232314355,4308750.0,14.077659465,49.87954743255004,79.78822319808117
1080p,1920,1080,128,128,7,64,256,200.0,ws,sobel,2159565.0,2.8453451100000002,4308750.0,14.077659465,50.12045256744996,20.21177680191883
1080p,1920,1080,128,128,7,64,256,800.0,os,gaussian,5682375.0,364.89795527999996,10071285.0,374.88144023999996,56.42154898803876,97.33689537854727
1080p,1920,1080,128,128,7,64,256,800.0,os,sobel,4388910.0,9.98348496,10071285.0,374.88144023999996,43.578451011961235,2.6631046214527316
1080p,1920,1080,128,128,7,64,256,800.0,ws,gaussian,2111625.0,11.267714354999999,4225785.0,14.123559465,49.970005572929054,79.77956536327012
1080p,1920,1080,128,128,7,64,256,800.0,ws,sobel,2114160.0,2.8558451099999997,4225785.0,14.123559465,50.029994427070946,20.22043463672987
1080p,1920,1080,128,128,7,64,1024,50.0,os,gaussian,12452145.0,61.01003028,17282265.0,63.444840240000005,72.05158004462957,96.16231997623515
1080p,1920,1080,128,128,7,64,1024,50.0,os,sobel,4830120.0,2.43480996,17282265.0,63.444840240000005,27.948419955370436,3.8376800237648445
1080p,1920,1080,128,128,7,64,1024,50.0,ws,gaussian,2777835.0,12.827189355,5597175.0,16.558209465,49.62923260394753,77.4672489927944
1080p,1920,1080,128,128,7,64,1024,50.0,ws,sobel,2819340.0,3.7310201100000002,5597175.0,16.558209465,50.37076739605247,22.532751007205597
1080p,1920,1080,128,128,7,64,1024,200.0,os,gaussian,5839545.0,61.048955279999994,10327440.0,63.48504024,56.54397411168692,96.16274172499445
1080p,1920,1080,128,128,7,64,1024,200.0,os,sobel,4487895.0,2.43608496,10327440.0,63.48504024,43.45602588831308,3.837258275005545
1080p,1920,1080,128,128,7,64,1024,200.0,ws,gaussian,2268795.0,12.835514355,4547970.0,16.568559465,49.88588315226354,77.46910274314546
1080p,1920,1080,128,128,7,64,1024,200.0,ws,sobel,2279175.0,3.73304511,4547970.0,16.568559465,50.11411684773647,22.53089725685455
1080p,1920,1080,128,128,7,64,1024,800.0,os,gaussian,5712345.0,61.20195528,10114680.0,63.64584024,56.4757856897104,96.16018116693184
1080p,1920,1080,128,128,7,64,1024,800.0,os,sobel,4402335.0,2.4438849599999997,10114680.0,63.64584024,43.5242143102896,3.8398188330681697
1080p,1920,1080,128,128,7,64,1024,800.0,ws,gaussian,2141595.0,12.866114354999999,4285725.0,16.609959465,49.970425073937314,77.46023933478635
1080p,1920,1080,128,128,7,64,1024,800.0,ws,sobel,2144130.0,3.74384511,4285725.0,16.609959465,50.02957492606268,22.53976066521364
1080p,1920,1080,128,128,7,64,4096,50.0,os,gaussian,7743465.0,10.978355279999999,12573585.0,13.413165239999998,61.58518036025525,81.84761078810061
1080p,1920,1080,128,128,7,64,4096,50.0,os,sobel,4830120.0,2.43480996,12573585.0,13.413165239999998,38.41481963974475,18.1523892118994
1080p,1920,1080,128,128,7,64,4096,50.0,ws,gaussian,4542900.0,12.800639355000001,9127305.0,25.356984465000004,49.77263277604945,50.48170997094942
1080p,1920,1080,128,128,7,64,4096,50.0,ws,sobel,4584405.0,12.55634511,9127305.0,25.356984465000004,50.227367223950544,49.518290029050576
1080p,1920,1080,128,128,7,64,4096,200.0,os,gaussian,6188265.0,10.981055280000001,10676160.0,13.417140240000002,57.96339695171297,81.84348589621658
1080p,1920,1080,128,128,7,64,4096,200.0,os,sobel,4487895.0,2.43608496,10676160.0,13.417140240000002,42.03660304828703,18.156514103783415
1080p,1920,1080,128,128,7,64,4096,200.0,ws,gaussian,2710050.0,12.803114355,5430480.0,25.361259465,49.90442833782649,50.4829595417729
1080p,1920,1080,128,128,7,64,4096,200.0,ws,sobel,2720430.0,12.55814511,5430480.0,25.361259465,50.09557166217351,49.5170404582271
1080p,1920,1080,128,128,7,64,4096,800.0,os,gaussian,5799465.0,10.98435528,10201800.0,13.428240240000001,56.84746809386579,81.80040782469648
1080p,1920,1080,128,128,7,64,4096,800.0,os,sobel,4402335.0,2.4438849599999997,10201800.0,13.428240240000001,43.152531906134215,18.19959217530353
1080p,1920,1080,128,128,7,64,4096,800.0,ws,gaussian,2251845.0,12.806114355,4506225.0,25.369959465,49.97187224339664,50.47747266867775
1080p,1920,1080,128,128,7,64,4096,800.0,ws,sobel,2254380.0,12.563845109999999,4506225.0,25.369959465,50.02812775660337,49.522527331322244
1080p,1920,1080,128,128,7,128,256,50.0,os,gaussian,73272720.0,365.74133628,77775105.0,375.68106323999996,94.21102035156366,97.35421134238803
1080p,1920,1080,128,128,7,128,256,50.0,os,sobel,4502385.0,9.93972696,77775105.0,375.68106323999996,5.788979648436348,2.645788657611978
1080p,1920,1080,128,128,7,128,256,50.0,ws,gaussian,2325450.0,11.256464355,4692405.0,14.106009465,49.557742777957145,79.79906991363983
1080p,1920,1080,128,128,7,128,256,50.0,ws,sobel,2366955.0,2.84954511,4692405.0,14.106009465,50.442257222042855,20.200930086360184
1080p,1920,1080,128,128,7,128,256,200.0,os,gaussian,18413685.0,366.36218627999995,22734600.0,376.31781323999996,80.99410150167586,97.35446300713627
1080p,1920,1080,128,128,7,128,256,200.0,os,sobel,4320915.0,9.95562696,22734600.0,376.31781323999996,19.00589849832414,2.6455369928637187
1080p,1920,1080,128,128,7,128,256,200.0,ws,gaussian,2175105.0,11.275514355,4360590.0,14.128959465000001,49.88097940874973,79.80427987589248
1080p,1920,1080,128,128,7,128,256,200.0,ws,sobel,2185485.0,2.85344511,4360590.0,14.128959465000001,50.11902059125026,20.195720124107524
1080p,1920,1080,128,128,7,128,256,800.0,os,gaussian,4920975.0,367.60118628000004,9196485.0,377.59401324000004,53.509302739035626,97.35355259627792
1080p,1920,1080,128,128,7,128,256,800.0,os,sobel,4275510.0,9.99282696,9196485.0,377.59401324000004,46.49069726096438,2.646447403722083
1080p,1920,1080,128,128,7,128,256,800.0,ws,gaussian,2137545.0,11.310914355000001,4277625.0,14.177559465000002,49.97036907162269,79.78040496266753
1080p,1920,1080,128,128,7,128,256,800.0,ws,sobel,2140080.0,2.8666451100000003,4277625.0,14.177559465000002,50.02963092837731,20.21959503733247
1080p,1920,1080,128,128,7,128,1024,50.0,os,gaussian,12447465.0,61.048586279999995,17164185.0,63.49003824,72.51998856922131,96.15459050320459
1080p,1920,1080,128,128,7,128,1024,50.0,os,sobel,4716720.0,2.44145196,17164185.0,63.49003824,27.480011430778685,3.8454094967954147
1080p,1920,1080,128,128,7,128,1024,50.0,ws,gaussian,2803755.0,12.869714355,5649015.0,16.608834465,49.63263507000778,77.48716131839657
1080p,1920,1080,128,128,7,128,1024,50.0,ws,sobel,2845260.0,3.73912011,5649015.0,16.608834465,50.36736492999222,22.512838681603416
1080p,1920,1080,128,128,7,128,1024,200.0,os,gaussian,5078145.0,61.08818628,9452640.0,63.530913240000004,53.72197608287209,96.15505769487031
1080p,1920,1080,128,128,7,128,1024,200.0,os,sobel,4374495.0,2.44272696,9452640.0,63.530913240000004,46.27802391712791,3.844942305129691
1080p,1920,1080,128,128,7,128,1024,200.0,ws,gaussian,2294715.0,12.878714355,4599810.0,16.619859465,49.88716925264304,77.48991128427691
1080p,1920,1080,128,128,7,128,1024,200.0,ws,sobel,2305095.0,3.74114511,4599810.0,16.619859465,50.11283074735695,22.510088715723082
1080p,1920,1080,128,128,7,128,1024,800.0,os,gaussian,4950945.0,61.24118628,9239880.0,63.69441324,53.582351718853495,96.14844248465518
1080p,1920,1080,128,128,7,128,1024,800.0,os,sobel,4288935.0,2.45322696,9239880.0,63.69441324,46.417648281146505,3.8515575153448096
1080p,1920,1080,128,128,7,128,1024,800.0,ws,gaussian,2167515.0,12.909314355,4337565.0,16.663959464999998,49.97077853588362,77.46846949618406
1080p,1920,1080,128,128,7,128,1024,800.0,ws,sobel,2170050.0,3.7546451100000002,4337565.0,16.663959464999998,50.02922146411639,22.53153050381595
1080p,1920,1080,128,128,7,128,4096,50.0,os,gaussian,6982065.0,11.01691128,11698785.0,13.45836324,59.6819669734934,81.85922079481635
1080p,1920,1080,128,128,7,128,4096,50.0,os,sobel,4716720.0,2.44145196,11698785.0,13.45836324,40.3180330265066,18.140779205183648
1080p,1920,1080,128,128,7,128,4096,50.0,ws,gaussian,4706445.0,13.531289354999998,9454395.0,26.783859465,49.78049891082401,50.52031195385456
1080p,1920,1080,128,128,7,128,4096,50.0,ws,sobel,4747950.0,13.25257011,9454395.0,26.783859465,50.21950108917599,49.47968804614545
1080p,1920,1080,128,128,7,128,4096,200.0,os,gaussian,5426865.0,11.02028628,9801360.0,13.46301324,55.36848967898332,81.85601606078492
1080p,1920,1080,128,128,7,128,4096,200.0,os,sobel,4374495.0,2.44272696,9801360.0,13.46301324,44.63151032101668,18.14398393921508
1080p,1920,1080,128,128,7,128,4096,200.0,ws,gaussian,2770380.0,13.534514354999999,5551140.0,26.788959464999998,49.90650569072299,50.52273259318996
1080p,1920,1080,128,128,7,128,4096,200.0,ws,sobel,2780760.0,13.254445109999999,5551140.0,26.788959464999998,50.093494309277006,49.47726740681004
1080p,1920,1080,128,128,7,128,4096,800.0,os,gaussian,5038065.0,11.02358628,9327000.0,13.47681324,54.01592151817305,81.79668356077924
1080p,1920,1080,128,128,7,128,4096,800.0,os,sobel,4288935.0,2.45322696,9327000.0,13.47681324,45.984078481826955,18.20331643922076
1080p,1920,1080,128,128,7,128,4096,800.0,ws,gaussian,2286360.0,13.536914354999999,4575255.0,26.799159465,49.972296626089694,50.512458693636866
1080p,1920,1080,128,128,7,128,4096,800.0,ws,sobel,2288895.0,13.26224511,4575255.0,26.799159465,50.027703373910306,49.487541306363134
1080p,1920,1080,128,128,11,8,256,50.0,os,gaussian,35192280.0,75.75078912,41395665.0,82.16353608,85.01440911747643,92.19514243671777
1080p,1920,1080,128,128,11,8,256,50.0,os,sobel,6203385.0,6.41274696,41395665.0,82.16353608,14.985590882523569,7.804857563282225
1080p,1920,1080,128,128,11,8,256,50.0,ws,gaussian,33464595.0,30.158388794999997,37801185.0,33.428539904999994,88.52789932379103,90.21748745445244
1080p,1920,1080,128,128,11,8,256,50.0,ws,sobel,4336590.0,3.27015111,37801185.0,33.428539904999994,11.47210067620896,9.78251254554757
1080p,1920,1080,128,128,11,8,256,200.0,os,gaussian,35041935.0,75.87648912,41063850.0,82.30048608,85.33524011995952,92.19446048744406
1080p,1920,1080,128,128,11,8,256,200.0,os,sobel,6021915.0,6.42399696,41063850.0,82.30048608,14.664759880040473,7.805539512555939
1080p,1920,1080,128,128,11,8,256,200.0,ws,gaussian,33284955.0,30.201438794999998,37483890.0,33.476839905,88.798027632671,90.21591906734663
1080p,1920,1080,128,128,11,8,256,200.0,ws,sobel,4198935.0,3.27540111,37483890.0,33.476839905,11.201972367329006,9.78408093265337
1080p,1920,1080,128,128,11,8,256,800.0,os,gaussian,35004375.0,76.13598911999999,40980885.0,82.58788607999999,85.41634715794937,92.18784101853598
1080p,1920,1080,128,128,11,8,256,800.0,os,sobel,5976510.0,6.45189696,40980885.0,82.58788607999999,14.583652842050629,7.812158981464029
1080p,1920,1080,128,128,11,8,256,800.0,ws,gaussian,33239970.0,30.295638795,37404450.0,33.586939905,88.86635146352907,90.20065204121191
1080p,1920,1080,128,128,11,8,256,800.0,ws,sobel,4164480.0,3.29130111,37404450.0,33.586939905,11.133648536470927,9.79934795878809
1080p,1920,1080,128,128,11,8,1024,50.0,os,gaussian,35670585.0,51.28398912,42088305.0,53.73246108,84.75177368154883,95.44321642674328
1080p,1920,1080,128,128,11,8,1024,50.0,os,sobel,6417720.0,2.44847196,42088305.0,53.73246108,15.248226318451172,4.55678357325672
1080p,1920,1080,128,128,11,8,1024,50.0,ws,gaussian,33959355.0,31.711638795000002,38879085.0,35.689339905000004,87.34607565995958,88.85465205972405
1080p,1920,1080,128,128,11,8,1024,50.0,ws,sobel,4919730.0,3.9777011100000004,38879085.0,35.689339905000004,12.65392434004041,11.145347940275949
1080p,1920,1080,128,128,11,8,1024,200.0,os,gaussian,35161545.0,51.31548912,41237040.0,53.76658608,85.26689840007916,95.44122634761861
1080p,1920,1080,128,128,11,8,1024,200.0,os,sobel,6075495.0,2.45109696,41237040.0,53.76658608,14.733101599920847,4.55877365238139
1080p,1920,1080,128,128,11,8,1024,200.0,ws,gaussian,33408615.0,31.728738794999998,37753335.0,35.709739905,88.49182462953273,88.85177791663895
1080p,1920,1080,128,128,11,8,1024,200.0,ws,sobel,4344720.0,3.98100111,37753335.0,35.709739905,11.508175370467272,11.148222083361041
1080p,1920,1080,128,128,11,8,1024,800.0,os,gaussian,35034345.0,51.44958912,41024280.0,53.91388608,85.39904905095227,95.42919804307306
1080p,1920,1080,128,128,11,8,1024,800.0,os,sobel,5989935.0,2.46429696,41024280.0,53.91388608,14.600950949047734,4.570801956926938
1080p,1920,1080,128,128,11,8,1024,800.0,ws,gaussian,33270930.0,31.805238794999998,37471860.0,35.802139905,88.78910734615255,88.83613906709022
1080p,1920,1080,128,128,11,8,1024,800.0,ws,sobel,4200930.0,3.99690111,37471860.0,35.802139905,11.210892653847447,11.163860932909788
1080p,1920,1080,128,128,11,8,4096,50.0,os,gaussian,37558215.0,36.985914120000004,43975935.0,39.43438608,85.40629096345536,93.79102300456049
1080p,1920,1080,128,128,11,8,4096,50.0,os,sobel,6417720.0,2.44847196,43975935.0,39.43438608,14.593709036544647,6.208976995439508
1080p,1920,1080,128,128,11,8,4096,50.0,ws,gaussian,36428445.0,40.149663795,41410815.0,44.440564905,87.96843288401834,90.3446296887256
1080p,1920,1080,128,128,11,8,4096,50.0,ws,sobel,4982370.0,4.29090111,41410815.0,44.440564905,12.031567115981659,9.655370311274398
1080p,1920,1080,128,128,11,8,4096,200.0,os,gaussian,35633445.0,36.99138912,41708940.0,39.44248608,85.43359049642595,93.78564283440826
1080p,1920,1080,128,128,11,8,4096,200.0,os,sobel,6075495.0,2.45109696,41708940.0,39.44248608,14.566409503574054,6.2143571655917285
1080p,1920,1080,128,128,11,8,4096,200.0,ws,gaussian,34025880.0,40.155138795,38386200.0,44.448139905,88.6409178298451,90.34155058192418
1080p,1920,1080,128,128,11,8,4096,200.0,ws,sobel,4360320.0,4.2930011100000005,38386200.0,44.448139905,11.359082170154899,9.658449418075826
1080p,1920,1080,128,128,11,8,4096,800.0,os,gaussian,35152260.0,37.00758912,41142195.0,39.47188608,85.44089589775169,93.7568299751234
1080p,1920,1080,128,128,11,8,4096,800.0,os,sobel,5989935.0,2.46429696,41142195.0,39.47188608,14.559104102248313,6.243170024876602
1080p,1920,1080,128,128,11,8,4096,800.0,ws,gaussian,33425175.0,40.170438795,37629945.0,44.474539905,88.82600014429998,90.3223257189534
1080p,1920,1080,128,128,11,8,4096,800.0,ws,sobel,4204770.0,4.3041011099999995,37629945.0,44.474539905,11.173999855700028,9.677674281046617
1080p,1920,1080,128,128,11,16,256,50.0,os,gaussian,27653280.0,125.07285612,32949465.0,135.00861408,83.92633992691535,92.64064887436551
1080p,1920,1080,128,128,11,16,256,50.0,os,sobel,5296185.0,9.93575796,32949465.0,135.00861408,16.073660073084646,7.359351125634486
1080p,1920,1080,128,128,11,16,256,50.0,ws,gaussian,16846485.0,28.429389795,19168080.0,31.264759905,87.8882235466463,90.93109904373021
1080p,1920,1080,128,128,11,16,256,50.0,ws,sobel,2321595.0,2.83537011,19168080.0,31.264759905,12.1117764533537,9.068900956269795
1080p,1920,1080,128,128,11,16,256,200.0,os,gaussian,19619535.0,125.28308111999999,24734250.0,135.23541408,79.32132569210711,92.64073465689054
1080p,1920,1080,128,128,11,16,256,200.0,os,sobel,5114715.0,9.95233296,24734250.0,135.23541408,20.6786743078929,7.359265343109452
1080p,1920,1080,128,128,11,16,256,200.0,ws,gaussian,16690380.0,28.473114794999997,18830505.0,31.313059904999996,88.63479763288346,90.93047719189359
1080p,1920,1080,128,128,11,16,256,200.0,ws,sobel,2140125.0,2.83994511,18830505.0,31.313059904999996,11.365202367116549,9.069522808106417
1080p,1920,1080,128,128,11,16,256,800.0,os,gaussian,19581975.0,125.70758112,24651285.0,135.69981408,79.43591987192555,92.63651683847613
1080p,1920,1080,128,128,11,16,256,800.0,os,sobel,5069310.0,9.992232959999999,24651285.0,135.69981408,20.564080128074462,7.36348316152387
1080p,1920,1080,128,128,11,16,256,800.0,ws,gaussian,16651320.0,28.564614795,18746040.0,31.420459905,88.82580000896189,90.91087425634548
1080p,1920,1080,128,128,11,16,256,800.0,ws,sobel,2094720.0,2.8558451099999997,18746040.0,31.420459905,11.174199991038106,9.089125743654513
1080p,1920,1080,128,128,11,16,1024,50.0,os,gaussian,20248185.0,28.557606120000003,25758705.0,30.995089080000003,78.60715435810923,92.13590593752215
1080p,1920,1080,128,128,11,16,1024,50.0,os,sobel,5510520.0,2.43748296,25758705.0,30.995089080000003,21.39284564189077,7.864094062477848
1080p,1920,1080,128,128,11,16,1024,50.0,ws,gaussian,17607390.0,29.982639794999997,20370885.0,33.525559904999994,86.43409454228424,89.43218213196312
1080p,1920,1080,128,128,11,16,1024,50.0,ws,sobel,2763495.0,3.54292011,20370885.0,33.525559904999994,13.565905457715754,10.567817868036887
1080p,1920,1080,128,128,11,16,1024,200.0,os,gaussian,19739145.0,28.57538112,24907440.0,31.01481408,79.24999518216244,92.13462007636835
1080p,1920,1080,128,128,11,16,1024,200.0,os,sobel,5168295.0,2.43943296,24907440.0,31.01481408,20.75000481783756,7.865379923631642
1080p,1920,1080,128,128,11,16,1024,200.0,ws,gaussian,16880670.0,30.000414794999998,19131300.0,33.545959905,88.23587524109705,89.43078355771975
1080p,1920,1080,128,128,11,16,1024,200.0,ws,sobel,2250630.0,3.54554511,19131300.0,33.545959905,11.76412475890295,10.56921644228025
1080p,1920,1080,128,128,11,16,1024,800.0,os,gaussian,19611945.0,28.649181119999998,24694680.0,31.101814079999997,79.41769239366535,92.11418037002169
1080p,1920,1080,128,128,11,16,1024,800.0,os,sobel,5082735.0,2.45263296,24694680.0,31.101814079999997,20.582307606334645,7.885819629978317
1080p,1920,1080,128,128,11,16,1024,800.0,ws,gaussian,16698930.0,30.074214795,18821340.0,33.635659905,88.72338526374848,89.41169841751616
1080p,1920,1080,128,128,11,16,1024,800.0,ws,sobel,2122410.0,3.56144511,18821340.0,33.635659905,11.27661473625151,10.58830158248385
1080p,1920,1080,128,128,11,16,4096,50.0,os,gaussian,22135815.0,36.92033112,27646335.0,39.35781408,80.06781007319776,93.80686398120208
1080p,1920,1080,128,128,11,16,4096,50.0,os,sobel,5510520.0,2.43748296,27646335.0,39.35781408,19.93218992680223,6.193136018797922
1080p,1920,1080,128,128,11,16,4096,50.0,ws,gaussian,19510080.0,38.420664795,22336215.0,42.276784905,87.34729675551564,90.87887094852395
1080p,1920,1080,128,128,11,16,4096,50.0,ws,sobel,2826135.0,3.85612011,22336215.0,42.276784905,12.65270324448435,9.121129051476059
1080p,1920,1080,128,128,11,16,4096,200.0,os,gaussian,20211045.0,36.92648112,25379340.0,39.365914079999996,79.63581795271271,93.80318476781069
1080p,1920,1080,128,128,11,16,4096,200.0,os,sobel,5168295.0,2.43943296,25379340.0,39.365914079999996,20.364182047287283,6.19681523218932
1080p,1920,1080,128,128,11,16,4096,200.0,ws,gaussian,17356335.0,38.426814795,19622565.0,42.284359904999995,88.4508982388388,90.87713490598718
1080p,1920,1080,128,128,11,16,4096,200.0,ws,sobel,2266230.0,3.8575451099999998,19622565.0,42.284359904999995,11.549101761161195,9.122865094012827
1080p,1920,1080,128,128,11,16,4096,800.0,os,gaussian,19729860.0,36.93998112,24812595.0,39.39261408,79.51550412199934,93.77387610017679
1080p,1920,1080,128,128,11,16,4096,800.0,os,sobel,5082735.0,2.45263296,24812595.0,39.39261408,20.48449587800067,6.226123899823202
1080p,1920,1080,128,128,11,16,4096,800.0,ws,gaussian,16817775.0,38.439414795,18944025.0,42.308059905,88.77614445715733,90.85600918906044
1080p,1920,1080,128,128,11,16,4096,800.0,ws,sobel,2126250.0,3.86864511,18944025.0,42.308059905,11.223855542842664,9.143990810939549
1080p,1920,1080,128,128,11,32,256,50.0,os,gaussian,63303615.0,317.22122712000004,68146200.0,327.15317808000003,92.89382973665442,96.96412823549852
1080p,1920,1080,128,128,11,32,256,50.0,os,sobel,4842585.0,9.93195096,68146200.0,327.15317808000003,7.106170263345573,3.0358717645014903
1080p,1920,1080,128,128,11,32,256,50.0,ws,gaussian,8528610.0,27.584802794999998,10856685.0,30.422197904999997,78.55629964395209,90.67327377574628
1080p,1920,1080,128,128,11,32,256,50.0,ws,sobel,2328075.0,2.83739511,10856685.0,30.422197904999997,21.44370035604791,9.326726224253719
1080p,1920,1080,128,128,11,32,256,200.0,os,gaussian,16067805.0,317.75837712,20728920.0,327.70757807999996,77.51395152280003,96.96400033887187
1080p,1920,1080,128,128,11,32,256,200.0,os,sobel,4661115.0,9.94920096,20728920.0,327.70757807999996,22.48604847719997,3.03599966112813
1080p,1920,1080,128,128,11,32,256,200.0,ws,gaussian,8390955.0,27.629202795,10537560.0,30.471847905,79.62901278853927,90.67124147225229
1080p,1920,1080,128,128,11,32,256,200.0,ws,sobel,2146605.0,2.84264511,10537560.0,30.471847905,20.37098721146072,9.328758527747711
1080p,1920,1080,128,128,11,32,256,800.0,os,gaussian,11870775.0,318.82997712,16486485.0,328.81637808000005,72.00306796748973,96.96292471247574
1080p,1920,1080,128,128,11,32,256,800.0,os,sobel,4615710.0,9.986400960000001,16486485.0,328.81637808000005,27.996932032510262,3.0370752875242544
1080p,1920,1080,128,128,11,32,256,800.0,ws,gaussian,8356500.0,27.715302795,10457700.0,30.571147905,79.90762787228549,90.65836481222571
1080p,1920,1080,128,128,11,32,256,800.0,ws,sobel,2101200.0,2.8558451099999997,10457700.0,30.571147905,20.092372127714505,9.34163518777428
1080p,1920,1080,128,128,11,32,1024,50.0,os,gaussian,17014620.0,52.62182712,22071540.0,55.05550308,77.08850401920301,95.57959545576456
1080p,1920,1080,128,128,11,32,1024,50.0,os,sobel,5056920.0,2.43367596,22071540.0,55.05550308,22.91149598079699,4.420404544235435
1080p,1920,1080,128,128,11,32,1024,50.0,ws,gaussian,9148155.0,29.138052795,11952540.0,32.855047905,76.5373301407065,88.68668485662342
1080p,1920,1080,128,128,11,32,1024,50.0,ws,sobel,2804385.0,3.71699511,11952540.0,32.855047905,23.462669859293506,11.313315143376597
1080p,1920,1080,128,128,11,32,1024,200.0,os,gaussian,12106545.0,52.655577120000004,16821240.0,55.09187808,71.97177497021623,95.57774930732586
1080p,1920,1080,128,128,11,32,1024,200.0,os,sobel,4714695.0,2.43630096,16821240.0,55.09187808,28.02822502978377,4.422250692674154
1080p,1920,1080,128,128,11,32,1024,200.0,ws,gaussian,8545845.0,29.156502795,10811550.0,32.876647905,79.04366163963539,88.68453645046269
1080p,1920,1080,128,128,11,32,1024,200.0,ws,sobel,2265705.0,3.7201451100000003,10811550.0,32.876647905,20.956338360364608,11.315463549537322
1080p,1920,1080,128,128,11,32,1024,800.0,os,gaussian,11900745.0,52.78517712,16529880.0,55.23197808,71.99535023847723,95.56995594752019
1080p,1920,1080,128,128,11,32,1024,800.0,os,sobel,4629135.0,2.44680096,16529880.0,55.23197808,28.00464976152277,4.430044052479825
1080p,1920,1080,128,128,11,32,1024,800.0,ws,gaussian,8395230.0,29.224902795,10526265.0,32.957947905,79.75506981821188,88.6733084208994
1080p,1920,1080,128,128,11,32,1024,800.0,ws,sobel,2131035.0,3.7330451100000004,10526265.0,32.957947905,20.244930181788128,11.32669157910061
1080p,1920,1080,128,128,11,32,4096,50.0,os,gaussian,14424615.0,36.907452119999995,19481535.0,39.34112808,74.04249716462282,93.81391414335874
1080p,1920,1080,128,128,11,32,4096,50.0,os,sobel,5056920.0,2.43367596,19481535.0,39.34112808,25.957502835377195,6.1860858566412515
1080p,1920,1080,128,128,11,32,4096,50.0,ws,gaussian,11050845.0,37.576077794999996,14547030.0,44.752072905,75.96633127174412,83.96499950911044
1080p,1920,1080,128,128,11,32,4096,50.0,ws,sobel,3496185.0,7.17599511,14547030.0,44.752072905,24.033668728255872,16.03500049088955
1080p,1920,1080,128,128,11,32,4096,200.0,os,gaussian,12499845.0,36.914277119999994,17214540.0,39.35057807999999,72.6121348580909,93.80872892121945
1080p,1920,1080,128,128,11,32,4096,200.0,os,sobel,4714695.0,2.43630096,17214540.0,39.35057807999999,27.387865141909106,6.191271078780555
1080p,1920,1080,128,128,11,32,4096,200.0,ws,gaussian,9021510.0,37.582902795,11460135.0,44.761447905000004,78.72080040941925,83.96266107111755
1080p,1920,1080,128,128,11,32,4096,200.0,ws,sobel,2438625.0,7.17854511,11460135.0,44.761447905000004,21.27919959058074,16.03733892888244
1080p,1920,1080,128,128,11,32,4096,800.0,os,gaussian,12018660.0,36.92237712,16647795.0,39.36917808,72.19370493209462,93.78498338210673
1080p,1920,1080,128,128,11,32,4096,800.0,os,sobel,4629135.0,2.44680096,16647795.0,39.36917808,27.80629506790539,6.215016617893284
1080p,1920,1080,128,128,11,32,4096,800.0,ws,gaussian,8514075.0,37.590102795,10688310.0,44.779147905,79.65782242468642,83.9455517884089
1080p,1920,1080,128,128,11,32,4096,800.0,ws,sobel,2174235.0,7.18904511,10688310.0,44.779147905,20.342177575313592,16.054448211591087
1080p,1920,1080,128,128,11,64,256,50.0,os,gaussian,109471035.0,546.96360012,114086820.0,556.89668508,95.9541470259229,98.2163504962194
1080p,1920,1080,128,128,11,64,256,50.0,os,sobel,4615785.0,9.93308496,114086820.0,556.89668508,4.0458529740771105,1.7836495037805946
1080p,1920,1080,128,128,11,64,256,50.0,ws,gaussian,5269695.0,27.201321795,7610730.0,30.042766904999997,69.24033568396199,90.54199928060854
1080p,1920,1080,128,128,11,64,256,50.0,ws,sobel,2341035.0,2.84144511,7610730.0,30.042766904999997,30.759664316038016,9.458000719391462
1080p,1920,1080,128,128,11,64,256,200.0,os,gaussian,27652770.0,547.89007512,32087085.0,557.83906008,86.18037444037063,98.21651338675116
1080p,1920,1080,128,128,11,64,256,200.0,os,sobel,4434315.0,9.948984959999999,32087085.0,557.83906008,13.819625559629364,1.7834866132488483
1080p,1920,1080,128,128,11,64,256,200.0,ws,gaussian,4258815.0,27.245046794999997,6418380.0,30.090391904999997,66.35342563076664,90.54400780493921
1080p,1920,1080,128,128,11,64,256,200.0,ws,sobel,2159565.0,2.8453451100000002,6418380.0,30.090391904999997,33.646574369233356,9.455992195060778
1080p,1920,1080,128,128,11,64,256,800.0,os,gaussian,8588040.0,549.74437512,12976950.0,559.72786008,66.17918694300279,98.21636804739839
1080p,1920,1080,128,128,11,64,256,800.0,os,sobel,4388910.0,9.98348496,12976950.0,559.72786008,33.82081305699721,1.78363195260159
1080p,1920,1080,128,128,11,64,256,800.0,ws,gaussian,4213410.0,27.333846795000003,6327570.0,30.189691905000004,66.58812150636027,90.54033039162279
1080p,1920,1080,128,128,11,64,256,800.0,ws,sobel,2114160.0,2.8558451099999997,6327570.0,30.189691905000004,33.41187849363974,9.45966960837721
1080p,1920,1080,128,128,11,64,1024,50.0,os,gaussian,35495100.0,174.10192511999998,40325220.0,176.53673507999997,88.02208642631088,98.62079132771055
1080p,1920,1080,128,128,11,64,1024,50.0,os,sobel,4830120.0,2.43480996,40325220.0,176.53673507999997,11.97791357368912,1.3792086722894437
1080p,1920,1080,128,128,11,64,1024,50.0,ws,gaussian,5735610.0,28.754571795,8554950.0,32.485591905,67.04434274893482,88.51484645589683
1080p,1920,1080,128,128,11,64,1024,50.0,ws,sobel,2819340.0,3.7310201100000002,8554950.0,32.485591905,32.955657251065176,11.48515354410317
1080p,1920,1080,128,128,11,64,1024,200.0,os,gaussian,9342465.0,174.21217512,13830360.0,176.64826008,67.5504108352928,98.62094030312173
1080p,1920,1080,128,128,11,64,1024,200.0,os,sobel,4487895.0,2.43608496,13830360.0,176.64826008,32.44958916470721,1.379059696878278
1080p,1920,1080,128,128,11,64,1024,200.0,ws,gaussian,4378425.0,28.772346795,6657600.0,32.505391905,65.76581651045423,88.51561266847614
1080p,1920,1080,128,128,11,64,1024,200.0,ws,sobel,2279175.0,3.73304511,6657600.0,32.505391905,34.234183489545785,11.484387331523852
1080p,1920,1080,128,128,11,64,1024,800.0,os,gaussian,8045145.0,174.65317512000001,12447480.0,177.09706008,64.63272083988085,98.62003075663932
1080p,1920,1080,128,128,11,64,1024,800.0,os,sobel,4402335.0,2.4438849599999997,12447480.0,177.09706008,35.36727916011916,1.3799692433606883
1080p,1920,1080,128,128,11,64,1024,800.0,ws,gaussian,4243380.0,28.843446795000002,6387510.0,32.587291905,66.43245959693213,88.51133404728986
1080p,1920,1080,128,128,11,64,1024,800.0,ws,sobel,2144130.0,3.74384511,6387510.0,32.587291905,33.567540403067866,11.488665952710132
1080p,1920,1080,128,128,11,64,4096,50.0,os,gaussian,19628535.0,82.23502512,24458655.0,84.66983508,80.25189856106152,97.1243478179691
1080p,1920,1080,128,128,11,64,4096,50.0,os,sobel,4830120.0,2.43480996,24458655.0,84.66983508,19.748101438938487,2.8756521820309184
1080p,1920,1080,128,128,11,64,4096,50.0,ws,gaussian,7788960.0,37.192596795,12373365.0,49.748941905,62.949407861159834,74.7605785586808
1080p,1920,1080,128,128,11,64,4096,50.0,ws,sobel,4584405.0,12.55634511,12373365.0,49.748941905,37.05059213884016,25.239421441319195
1080p,1920,1080,128,128,11,64,4096,200.0,os,gaussian,8644245.0,82.24837511999999,13132140.0,84.68446008,65.82510542836125,97.12333885378891
1080p,1920,1080,128,128,11,64,4096,200.0,os,sobel,4487895.0,2.43608496,13132140.0,84.68446008,34.174894571638745,2.8766611462110894
1080p,1920,1080,128,128,11,64,4096,200.0,ws,gaussian,4854090.0,37.198746795000005,7574520.0,49.756891905,64.08445683686888,74.76099364490642
1080p,1920,1080,128,128,11,64,4096,200.0,ws,sobel,2720430.0,12.55814511,7574520.0,49.756891905,35.91554316313113,25.23900635509359
1080p,1920,1080,128,128,11,64,4096,800.0,os,gaussian,8163060.0,82.26877512,12565395.0,84.71266008,64.9646111403581,97.11508886901666
1080p,1920,1080,128,128,11,64,4096,800.0,os,sobel,4402335.0,2.4438849599999997,12565395.0,84.71266008,35.0353888596419,2.8849111309833386
1080p,1920,1080,128,128,11,64,4096,800.0,ws,gaussian,4362225.0,37.208646795,6616605.0,49.772491904999995,65.92844819964317,74.75745210028781
1080p,1920,1080,128,128,11,64,4096,800.0,ws,sobel,2254380.0,12.563845109999999,6616605.0,49.772491904999995,34.07155180035683,25.242547899712196
1080p,1920,1080,128,128,11,128,256,50.0,ws,gaussian,5249760.0,27.059193795,7616715.0,29.908738905,68.92420157508847,90.47253339884675
1080p,1920,1080,128,128,11,128,256,50.0,ws,sobel,2366955.0,2.84954511,7616715.0,29.908738905,31.075798424911525,9.52746660115324
1080p,1920,1080,128,128,11,128,256,200.0,ws,gaussian,2175105.0,27.102918794999997,4360590.0,29.956363904999996,49.88097940874973,90.47466134725472
1080p,1920,1080,128,128,11,128,256,200.0,ws,sobel,2185485.0,2.85344511,4360590.0,29.956363904999996,50.11902059125026,9.52533865274528
1080p,1920,1080,128,128,11,128,256,800.0,ws,gaussian,2137545.0,27.191718795,4277625.0,30.058363905,49.97036907162269,90.46307004912148
1080p,1920,1080,128,128,11,128,256,800.0,ws,sobel,2140080.0,2.8666451100000003,4277625.0,30.058363905,50.02963092837731,9.53692995087851
1080p,1920,1080,128,128,11,128,1024,50.0,os,gaussian,69847125.0,349.10979912,74563845.0,351.55125108,93.6742532523638,99.30552033238408
1080p,1920,1080,128,128,11,128,1024,50.0,os,sobel,4716720.0,2.44145196,74563845.0,351.55125108,6.325746747636203,0.6944796676159223
1080p,1920,1080,128,128,11,128,1024,50.0,ws,gaussian,5624745.0,28.641468794999998,8470005.0,32.380588904999996,66.40781203789136,88.45258768773465
1080p,1920,1080,128,128,11,128,1024,50.0,ws,sobel,2845260.0,3.73912011,8470005.0,32.380588904999996,33.59218796210864,11.547412312265358
1080p,1920,1080,128,128,11,128,1024,200.0,os,gaussian,17698260.0,349.33187412,22072755.0,351.77460108,80.18147258917159,99.30559882592419
1080p,1920,1080,128,128,11,128,1024,200.0,os,sobel,4374495.0,2.44272696,22072755.0,351.77460108,19.81852741082842,0.6944011740758051
1080p,1920,1080,128,128,11,128,1024,200.0,ws,gaussian,2294715.0,28.659918795,4599810.0,32.401063905,49.88716925264304,88.45363497640372
1080p,1920,1080,128,128,11,128,1024,200.0,ws,sobel,2305095.0,3.74114511,4599810.0,32.401063905,50.11283074735695,11.546365023596284
1080p,1920,1080,128,128,11,128,1024,800.0,os,gaussian,6117345.0,350.22017412,10406280.0,352.67340108,58.785127826658524,99.30439127178647
1080p,1920,1080,128,128,11,128,1024,800.0,os,sobel,4288935.0,2.45322696,10406280.0,352.67340108,41.21487217334148,0.6956087282135328
1080p,1920,1080,128,128,11,128,1024,800.0,ws,gaussian,2167515.0,28.733718795,4337565.0,32.488363905,49.97077853588362,88.44310805869128
1080p,1920,1080,128,128,11,128,1024,800.0,ws,sobel,2170050.0,3.7546451100000002,4337565.0,32.488363905,50.02922146411639,11.556891941308734
1080p,1920,1080,128,128,11,128,4096,50.0,os,gaussian,17700735.0,82.32984912,22417455.0,84.77130108,78.95960982189995,97.1199545967851
1080p,1920,1080,128,128,11,128,4096,50.0,os,sobel,4716720.0,2.44145196,22417455.0,84.77130108,21.040390178100058,2.8800454032148965
1080p,1920,1080,128,128,11,128,4096,50.0,ws,gaussian,7364445.0,37.079493795000005,12112395.0,50.332063905000005,60.80089858364097,73.66972644910061
1080p,1920,1080,128,128,11,128,4096,50.0,ws,sobel,4747950.0,13.25257011,12112395.0,50.332063905000005,39.19910141635903,26.330273550899403
1080p,1920,1080,128,128,11,128,4096,200.0,os,gaussian,6716445.0,82.34387412000001,11090940.0,84.78660108000001,60.55794188770294,97.11897053439472
1080p,1920,1080,128,128,11,128,4096,200.0,os,sobel,4374495.0,2.44272696,11090940.0,84.78660108000001,39.44205811229706,2.881029465605274
1080p,1920,1080,128,128,11,128,4096,200.0,ws,gaussian,2770380.0,37.086318795000004,5551140.0,50.340763905,49.90650569072299,73.67055228837415
1080p,1920,1080,128,128,11,128,4096,200.0,ws,sobel,2780760.0,13.254445109999999,5551140.0,50.340763905,50.093494309277006,26.329447711625857
1080p,1920,1080,128,128,11,128,4096,800.0,os,gaussian,6235260.0,82.36697412,10524195.0,84.82020107999999,59.2469067705416,97.10773267598579
1080p,1920,1080,128,128,11,128,4096,800.0,os,sobel,4288935.0,2.45322696,10524195.0,84.82020107999999,40.7530932294584,2.8922673240142243
1080p,1920,1080,128,128,11,128,4096,800.0,ws,gaussian,2286360.0,37.098918795,4575255.0,50.361163905000005,49.972296626089694,73.6657295390997
1080p,1920,1080,128,128,11,128,4096,800.0,ws,sobel,2288895.0,13.26224511,4575255.0,50.361163905000005,50.027703373910306,26.3342704609003
720p,1280,720,128,128,3,8,256,50.0,os,gaussian,2738610.0,2.62869888,5495670.0,5.36100864,49.83214057612629,49.0336624415513
720p,1280,720,128,128,3,8,256,50.0,os,sobel,2757060.0,2.73230976,5495670.0,5.36100864,50.16785942387371,50.96633755844871
720p,1280,720,128,128,3,8,256,50.0,ws,gaussian,1953300.0,1.23856958,3884600.0,2.67233674,50.283169438294806,46.34781094241888
720p,1280,720,128,128,3,8,256,50.0,ws,sobel,1931300.0,1.43376716,3884600.0,2.67233674,49.716830561705194,53.65218905758111
720p,1280,720,128,128,3,8,256,200.0,os,gaussian,2671800.0,2.6334988800000003,5348210.0,5.37060864,49.95690146796778,49.03538977660454
720p,1280,720,128,128,3,8,256,200.0,os,sobel,2676410.0,2.73710976,5348210.0,5.37060864,50.04309853203222,50.964610223395454
720p,1280,720,128,128,3,8,256,200.0,ws,gaussian,1872650.0,1.24086958,3739820.0,2.6769367400000004,50.07326555823543,46.35408679847996
720p,1280,720,128,128,3,8,256,200.0,ws,sobel,1867170.0,1.4360671600000001,3739820.0,2.6769367400000004,49.92673444176457,53.64591320152003
720p,1280,720,128,128,3,8,256,800.0,os,gaussian,2655100.0,2.64549888,5311330.0,5.3946086399999995,49.98936236309926,49.03968121772778
720p,1280,720,128,128,3,8,256,800.0,os,sobel,2656230.0,2.74910976,5311330.0,5.3946086399999995,50.01063763690073,50.96031878227223
720p,1280,720,128,128,3,8,256,800.0,ws,gaussian,1852470.0,1.2478695800000001,3703600.0,2.69093674,50.018090506534186,46.37305520604695
720p,1280,720,128,128,3,8,256,800.0,ws,sobel,1851130.0,1.44306716,3703600.0,2.69093674,49.981909493465814,53.626944793953044
720p,1280,720,128,128,3,8,1024,50.0,os,gaussian,2833870.0,0.9845988800000001,5686190.0,2.07280864,49.837764830229034,47.50071284920928
720p,1280,720,128,128,3,8,1024,50.0,os,sobel,2852320.0,1.08820976,5686190.0,2.07280864,50.16223516977097,52.49928715079073
720p,1280,720,128,128,3,8,1024,50.0,ws,gaussian,2151440.0,1.58136958,4339730.0,3.35793674,49.57543441642683,47.09348931927765
720p,1280,720,128,128,3,8,1024,50.0,ws,sobel,2188290.0,1.77656716,4339730.0,3.35793674,50.42456558357317,52.90651068072235
720p,1280,720,128,128,3,8,1024,200.0,os,gaussian,2695610.0,0.98569888,5395830.0,2.07500864,49.95728182689225,47.50336268479345
720p,1280,720,128,128,3,8,1024,200.0,os,sobel,2700220.0,1.08930976,5395830.0,2.07500864,50.042718173107744,52.49663731520655
720p,1280,720,128,128,3,8,1024,200.0,ws,gaussian,1922200.0,1.5828695799999999,3853620.0,3.3609367399999996,49.880372221443736,47.096083694809444
720p,1280,720,128,128,3,8,1024,200.0,ws,sobel,1931420.0,1.77806716,3853620.0,3.3609367399999996,50.119627778556264,52.90391630519057
720p,1280,720,128,128,3,8,1024,800.0,os,gaussian,2661070.0,0.99189888,5323270.0,2.08740864,49.98938622312977,47.51819365852582
720p,1280,720,128,128,3,8,1024,800.0,os,sobel,2662200.0,1.0955097599999999,5323270.0,2.08740864,50.01061377687023,52.48180634147418
720p,1280,720,128,128,3,8,1024,800.0,ws,gaussian,1864880.0,1.5894695799999998,3732070.0,3.37413674,49.96905202742714,47.107444139919465
720p,1280,720,128,128,3,8,1024,800.0,ws,sobel,1867190.0,1.7846671600000001,3732070.0,3.37413674,50.03094797257286,52.89255586008053
720p,1280,720,128,128,3,8,4096,50.0,os,gaussian,2833870.0,0.9845988800000001,5686190.0,2.07280864,49.837764830229034,47.50071284920928
720p,1280,720,128,128,3,8,4096,50.0,os,sobel,2852320.0,1.08820976,5686190.0,2.07280864,50.16223516977097,52.49928715079073
720p,1280,720,128,128,3,8,4096,50.0,ws,gaussian,2177540.0,1.7118695800000001,4391930.0,3.61893674,49.580480563214806,47.30310870258539
720p,1280,720,128,128,3,8,4096,50.0,ws,sobel,2214390.0,1.90706716,4391930.0,3.61893674,50.4195194367852,52.6968912974146
720p,1280,720,128,128,3,8,4096,200.0,os,gaussian,2695610.0,0.98569888,5395830.0,2.07500864,49.95728182689225,47.50336268479345
720p,1280,720,128,128,3,8,4096,200.0,os,sobel,2700220.0,1.08930976,5395830.0,2.07500864,50.042718173107744,52.49663731520655
720p,1280,720,128,128,3,8,4096,200.0,ws,gaussian,1928700.0,1.71286958,3866620.0,3.62093674,49.88077442313959,47.30459831231407
720p,1280,720,128,128,3,8,4096,200.0,ws,sobel,1937920.0,1.9080671599999999,3866620.0,3.62093674,50.119225576860416,52.69540168768593
720p,1280,720,128,128,3,8,4096,800.0,os,gaussian,2661070.0,0.99189888,5323270.0,2.08740864,49.98938622312977,47.51819365852582
720p,1280,720,128,128,3,8,4096,800.0,os,sobel,2662200.0,1.0955097599999999,5323270.0,2.08740864,50.01061377687023,52.48180634147418
720p,1280,720,128,128,3,8,4096,800.0,ws,gaussian,1866480.0,1.71746958,3735270.0,3.63013674,49.96907854050711,47.31142937607358
720p,1280,720,128,128,3,8,4096,800.0,ws,sobel,1868790.0,1.91266716,3735270.0,3.63013674,50.03092145949288,52.68857062392641
720p,1280,720,128,128,3,16,256,50.0,os,gaussian,2335410.0,4.0989068799999995,4689270.0,8.29883264,49.8032742836305,49.391366928445485
720p,1280,720,128,128,3,16,256,50.0,os,sobel,2353860.0,4.19992576,4689270.0,8.29883264,50.19672571636949,50.60863307155451
720p,1280,720,128,128,3,16,256,50.0,ws,gaussian,1013370.0,1.14210158,2045190.0,2.38263274,49.54894166312177,47.93443659302692
720p,1280,720,128,128,3,16,256,50.0,ws,sobel,1031820.0,1.24053116,2045190.0,2.38263274,50.45105833687824,52.065563406973084
720p,1280,720,128,128,3,16,256,200.0,os,gaussian,2268600.0,4.10590688,4541810.0,8.31283264,49.949249308095226,49.392391953653
720p,1280,720,128,128,3,16,256,200.0,os,sobel,2273210.0,4.20692576,4541810.0,8.31283264,50.05075069190477,50.607608046346996
720p,1280,720,128,128,3,16,256,200.0,ws,gaussian,946560.0,1.14410158,1897730.0,2.38663274,49.87853909671028,47.937898480350185
720p,1280,720,128,128,3,16,256,200.0,ws,sobel,951170.0,1.24253116,1897730.0,2.38663274,50.121460903289716,52.062101519649815
720p,1280,720,128,128,3,16,256,800.0,os,gaussian,2251900.0,4.12290688,4504930.0,8.34683264,49.987458184699875,49.394866985137014
720p,1280,720,128,128,3,16,256,800.0,os,sobel,2253030.0,4.22392576,4504930.0,8.34683264,50.012541815300125,50.60513301486299
720p,1280,720,128,128,3,16,256,800.0,ws,gaussian,929860.0,1.15110158,1860850.0,2.40063274,49.969637531235726,47.94992423539138
720p,1280,720,128,128,3,16,256,800.0,ws,sobel,930990.0,1.24953116,1860850.0,2.40063274,50.03036246876428,52.05007576460863
720p,1280,720,128,128,3,16,1024,50.0,os,gaussian,2430670.0,0.98230688,4879790.0,2.06563264,49.81095497962003,47.55477140407696
720p,1280,720,128,128,3,16,1024,50.0,os,sobel,2449120.0,1.08332576,4879790.0,2.06563264,50.18904502037997,52.445228595923034
720p,1280,720,128,128,3,16,1024,50.0,ws,gaussian,1211510.0,1.4849015799999998,2441470.0,3.06823274,49.62215386631824,48.39598902135435
720p,1280,720,128,128,3,16,1024,50.0,ws,sobel,1229960.0,1.58333116,2441470.0,3.06823274,50.37784613368176,51.60401097864564
720p,1280,720,128,128,3,16,1024,200.0,os,gaussian,2292410.0,0.98310688,4589430.0,2.0672326400000003,49.94977589809628,47.556663965986914
720p,1280,720,128,128,3,16,1024,200.0,os,sobel,2297020.0,1.08412576,4589430.0,2.0672326400000003,50.050224101903716,52.44333603401308
720p,1280,720,128,128,3,16,1024,200.0,ws,gaussian,996110.0,1.4861015800000001,1996830.0,3.0706327399999997,49.88456703875643,48.397242712913965
720p,1280,720,128,128,3,16,1024,200.0,ws,sobel,1000720.0,1.5845311599999998,1996830.0,3.0706327399999997,50.11543296124357,51.60275728708604
720p,1280,720,128,128,3,16,1024,800.0,os,gaussian,2257870.0,0.98930688,4516870.0,2.07963264,49.98749133802832,47.57123258076966
720p,1280,720,128,128,3,16,1024,800.0,os,sobel,2259000.0,1.09032576,4516870.0,2.07963264,50.01250866197168,52.42876741923036
720p,1280,720,128,128,3,16,1024,800.0,ws,gaussian,942270.0,1.49270158,1885670.0,3.08383274,49.97003717511548,48.40410313563245
720p,1280,720,128,128,3,16,1024,800.0,ws,sobel,943400.0,1.59113116,1885670.0,3.08383274,50.02996282488452,51.59589686436755
720p,1280,720,128,128,3,16,4096,50.0,os,gaussian,2430670.0,0.98230688,4879790.0,2.06563264,49.81095497962003,47.55477140407696
720p,1280,720,128,128,3,16,4096,50.0,os,sobel,2449120.0,1.08332576,4879790.0,2.06563264,50.18904502037997,52.445228595923034
720p,1280,720,128,128,3,16,4096,50.0,ws,gaussian,1237610.0,1.61540158,2493670.0,3.32923274,49.63006332032707,48.52173777433175
720p,1280,720,128,128,3,16,4096,50.0,ws,sobel,1256060.0,1.71383116,2493670.0,3.32923274,50.36993667967293,51.478262225668246
720p,1280,720,128,128,3,16,4096,200.0,os,gaussian,2292410.0,0.98310688,4589430.0,2.0672326400000003,49.94977589809628,47.556663965986914
720p,1280,720,128,128,3,16,4096,200.0,os,sobel,2297020.0,1.08412576,4589430.0,2.0672326400000003,50.050224101903716,52.44333603401308
720p,1280,720,128,128,3,16,4096,200.0,ws,gaussian,1002610.0,1.61610158,2009830.0,3.33063274,49.88531368324684,48.52235914788972
720p,1280,720,128,128,3,16,4096,200.0,ws,sobel,1007220.0,1.71453116,2009830.0,3.33063274,50.11468631675315,51.477640852110284
720p,1280,720,128,128,3,16,4096,800.0,os,gaussian,2257870.0,0.98930688,4516870.0,2.07963264,49.98749133802832,47.57123258076966
720p,1280,720,128,128,3,16,4096,800.0,os,sobel,2259000.0,1.09032576,4516870.0,2.07963264,50.01250866197168,52.42876741923036
720p,1280,720,128,128,3,16,4096,800.0,ws,gaussian,943870.0,1.62070158,1888870.0,3.3398327400000003,49.97008793617348,48.5264295001791
720p,1280,720,128,128,3,16,4096,800.0,ws,sobel,945000.0,1.71913116,1888870.0,3.3398327400000003,50.02991206382652,51.473570499820894
720p,1280,720,128,128,3,32,256,50.0,os,gaussian,2133810.0,4.09851088,4286070.0,8.29674464,49.784767864267266,49.3990240490275
720p,1280,720,128,128,3,32,256,50.0,os,sobel,2152260.0,4.19823376,4286070.0,8.29674464,50.215232135732734,50.600975950972504
720p,1280,720,128,128,3,32,256,50.0,ws,gaussian,1016250.0,1.1430015800000002,2050950.0,2.3844327400000003,49.55020843999122,47.935995879674095
720p,1280,720,128,128,3,32,256,50.0,ws,sobel,1034700.0,1.2414311599999999,2050950.0,2.3844327400000003,50.44979156000877,52.064004120325905
720p,1280,720,128,128,3,32,256,200.0,os,gaussian,2067000.0,4.10581088,4138610.0,8.31134464,49.944304971959184,49.400079744497276
720p,1280,720,128,128,3,32,256,200.0,os,sobel,2071610.0,4.20553376,4138610.0,8.31134464,50.055695028040816,50.59992025550273
720p,1280,720,128,128,3,32,256,200.0,ws,gaussian,949440.0,1.1453015800000002,1903490.0,2.38903274,49.8789066399088,47.93997004829662
720p,1280,720,128,128,3,32,256,200.0,ws,sobel,954050.0,1.24373116,1903490.0,2.38903274,50.121093360091194,52.06002995170338
720p,1280,720,128,128,3,32,256,800.0,os,gaussian,2050300.0,4.1216108799999995,4101730.0,8.342944639999999,49.986225324436276,49.402352021360166
720p,1280,720,128,128,3,32,256,800.0,os,sobel,2051430.0,4.221333759999999,4101730.0,8.342944639999999,50.013774675563724,50.59764797863983
720p,1280,720,128,128,3,32,256,800.0,ws,gaussian,932740.0,1.15110158,1866610.0,2.40063274,49.96973122398359,47.94992423539138
720p,1280,720,128,128,3,32,256,800.0,ws,sobel,933870.0,1.24953116,1866610.0,2.40063274,50.03026877601642,52.05007576460863
720p,1280,720,128,128,3,32,1024,50.0,os,gaussian,2229070.0,0.98191088,4476590.0,2.06354464,49.79392796749311,47.58369947354277
720p,1280,720,128,128,3,32,1024,50.0,os,sobel,2247520.0,1.08163376,4476590.0,2.06354464,50.20607203250689,52.416300526457235
720p,1280,720,128,128,3,32,1024,50.0,ws,gaussian,1228830.0,1.55800158,2476110.0,3.21443274,49.627439814870904,48.468943232577956
720p,1280,720,128,128,3,32,1024,50.0,ws,sobel,1247280.0,1.65643116,2476110.0,3.21443274,50.37256018512909,51.531056767422044
720p,1280,720,128,128,3,32,1024,200.0,os,gaussian,2090810.0,0.98301088,4186230.0,2.06574464,49.94493852463911,47.58627281250019
720p,1280,720,128,128,3,32,1024,200.0,os,sobel,2095420.0,1.08273376,4186230.0,2.06574464,50.05506147536089,52.4137271874998
720p,1280,720,128,128,3,32,1024,200.0,ws,gaussian,1002600.0,1.55950158,2009810.0,3.21743274,49.88531254198158,48.470370821178385
720p,1280,720,128,128,3,32,1024,200.0,ws,sobel,1007210.0,1.65793116,2009810.0,3.21743274,50.114687458018416,51.52962917882162
720p,1280,720,128,128,3,32,1024,800.0,os,gaussian,2056270.0,0.98801088,4113670.0,2.07574464,49.98626530567595,47.597901059737296
720p,1280,720,128,128,3,32,1024,800.0,os,sobel,2057400.0,1.08773376,4113670.0,2.07574464,50.01373469432404,52.40209894026272
720p,1280,720,128,128,3,32,1024,800.0,ws,gaussian,946060.0,1.56550158,1893250.0,3.22943274,49.97015713719794,48.47605465224831
720p,1280,720,128,128,3,32,1024,800.0,ws,sobel,947190.0,1.66393116,1893250.0,3.22943274,50.02984286280206,51.523945347751685
720p,1280,720,128,128,3,32,4096,50.0,os,gaussian,2229070.0,0.98191088,4476590.0,2.06354464,49.79392796749311,47.58369947354277
720p,1280,720,128,128,3,32,4096,50.0,os,sobel,2247520.0,1.08163376,4476590.0,2.06354464,50.20607203250689,52.416300526457235
720p,1280,720,128,128,3,32,4096,50.0,ws,gaussian,1535410.0,3.0909015799999997,3089270.0,6.28023274,49.701385764274406,49.2163540423185
720p,1280,720,128,128,3,32,4096,50.0,ws,sobel,1553860.0,3.18933116,3089270.0,6.28023274,50.298614235725594,50.7836459576815
720p,1280,720,128,128,3,32,4096,200.0,os,gaussian,2090810.0,0.98301088,4186230.0,2.06574464,49.94493852463911,47.58627281250019
720p,1280,720,128,128,3,32,4096,200.0,os,sobel,2095420.0,1.08273376,4186230.0,2.06574464,50.05506147536089,52.4137271874998
720p,1280,720,128,128,3,32,4096,200.0,ws,gaussian,1079230.0,3.09210158,2163070.0,6.28263274,49.893438492512956,49.21665339935181
720p,1280,720,128,128,3,32,4096,200.0,ws,sobel,1083840.0,3.19053116,2163070.0,6.28263274,50.106561507487044,50.78334660064818
720p,1280,720,128,128,3,32,4096,800.0,os,gaussian,2056270.0,0.98801088,4113670.0,2.07574464,49.98626530567595,47.597901059737296
720p,1280,720,128,128,3,32,4096,800.0,os,sobel,2057400.0,1.08773376,4113670.0,2.07574464,50.01373469432404,52.40209894026272
720p,1280,720,128,128,3,32,4096,800.0,ws,gaussian,965200.0,3.0967015800000004,1931530.0,6.29183274,49.97074857755251,49.21779881898132
720p,1280,720,128,128,3,32,4096,800.0,ws,sobel,966330.0,3.19513116,1931530.0,6.29183274,50.02925142244749,50.78220118101867
720p,1280,720,128,128,3,64,256,50.0,os,gaussian,2033010.0,4.09966288,4084470.0,8.29840064,49.774144503448426,49.403048344506054
720p,1280,720,128,128,3,64,256,50.0,os,sobel,2051460.0,4.19873776,4084470.0,8.29840064,50.225855496551574,50.59695165549394
720p,1280,720,128,128,3,64,256,50.0,ws,gaussian,1022010.0,1.14480158,2062470.0,2.38803274,49.55272076684752,47.939107401014944
720p,1280,720,128,128,3,64,256,50.0,ws,sobel,1040460.0,1.2432311600000001,2062470.0,2.38803274,50.447279233152486,52.06089259898506
720p,1280,720,128,128,3,64,256,200.0,os,gaussian,1966200.0,4.10636288,3937010.0,8.31180064,49.94145303161536,49.404010729496996
720p,1280,720,128,128,3,64,256,200.0,os,sobel,1970810.0,4.20543776,3937010.0,8.31180064,50.05854696838463,50.595989270503004
720p,1280,720,128,128,3,64,256,200.0,ws,gaussian,955200.0,1.14650158,1915010.0,2.39143274,49.87963509328933,47.94203745826446
720p,1280,720,128,128,3,64,256,200.0,ws,sobel,959810.0,1.2449311600000001,1915010.0,2.39143274,50.12036490671067,52.05796254173555
720p,1280,720,128,128,3,64,256,800.0,os,gaussian,1949500.0,4.12096288,3900130.0,8.34100064,49.985513303402705,49.40609715622801
720p,1280,720,128,128,3,64,256,800.0,os,sobel,1950630.0,4.22003776,3900130.0,8.34100064,50.014486696597295,50.593902843771986
720p,1280,720,128,128,3,64,256,800.0,ws,gaussian,938500.0,1.15110158,1878130.0,2.40063274,49.969916885412616,47.94992423539138
720p,1280,720,128,128,3,64,256,800.0,ws,sobel,939630.0,1.24953116,1878130.0,2.40063274,50.030083114587384,52.05007576460863
720p,1280,720,128,128,3,64,1024,50.0,os,gaussian,2128270.0,0.9830628800000001,4274990.0,2.06520064,49.78421002154391,47.601325554499155
720p,1280,720,128,128,3,64,1024,50.0,os,sobel,2146720.0,1.08213776,4274990.0,2.06520064,50.215789978456094,52.398674445500845
720p,1280,720,128,128,3,64,1024,50.0,ws,gaussian,1234590.0,1.55980158,2487630.0,3.21803274,49.62916510895913,48.47065601949097
720p,1280,720,128,128,3,64,1024,50.0,ws,sobel,1253040.0,1.6582311600000001,2487630.0,3.21803274,50.37083489104087,51.52934398050905
720p,1280,720,128,128,3,64,1024,200.0,os,gaussian,1990010.0,0.98356288,3984630.0,2.06620064,49.942152721833644,47.60248646520602
720p,1280,720,128,128,3,64,1024,200.0,os,sobel,1994620.0,1.08263776,3984630.0,2.06620064,50.057847278166356,52.39751353479398
720p,1280,720,128,128,3,64,1024,200.0,ws,gaussian,1008360.0,1.56070158,2021330.0,3.2198327399999997,49.88596617078854,48.47151097668508
720p,1280,720,128,128,3,64,1024,200.0,ws,sobel,1012970.0,1.6591311599999998,2021330.0,3.2198327399999997,50.11403382921146,51.52848902331492
720p,1280,720,128,128,3,64,1024,800.0,os,gaussian,1955470.0,0.98736288,3912070.0,2.07380064,49.98555751814257,47.61127279814129
720p,1280,720,128,128,3,64,1024,800.0,os,sobel,1956600.0,1.08643776,3912070.0,2.07380064,50.01444248185744,52.38872720185871
720p,1280,720,128,128,3,64,1024,800.0,ws,gaussian,951820.0,1.56550158,1904770.0,3.22943274,49.97033762606509,48.47605465224831
720p,1280,720,128,128,3,64,1024,800.0,ws,sobel,952950.0,1.66393116,1904770.0,3.22943274,50.02966237393491,51.523945347751685
720p,1280,720,128,128,3,64,4096,50.0,os,gaussian,2128270.0,0.9830628800000001,4274990.0,2.06520064,49.78421002154391,47.601325554499155
720p,1280,720,128,128,3,64,4096,50.0,os,sobel,2146720.0,1.08213776,4274990.0,2.06520064,50.215789978456094,52.398674445500845
720p,1280,720,128,128,3,64,4096,50.0,ws,gaussian,2026060.0,5.517151579999999,4070570.0,11.13273274,49.77337326222126,49.55792714017851
720p,1280,720,128,128,3,64,4096,50.0,ws,sobel,2044510.0,5.6155811600000005,4070570.0,11.13273274,50.22662673777874,50.44207285982149
720p,1280,720,128,128,3,64,4096,200.0,os,gaussian,1990010.0,0.98356288,3984630.0,2.06620064,49.942152721833644,47.60248646520602
720p,1280,720,128,128,3,64,4096,200.0,os,sobel,1994620.0,1.08263776,3984630.0,2.06620064,50.057847278166356,52.39751353479398
720p,1280,720,128,128,3,64,4096,200.0,ws,gaussian,1206220.0,5.517901579999999,2417050.0,11.13423274,49.904635816387746,49.55798669608193
720p,1280,720,128,128,3,64,4096,200.0,ws,sobel,1210830.0,5.6163311600000005,2417050.0,11.13423274,50.095364183612254,50.44201330391807
720p,1280,720,128,128,3,64,4096,800.0,os,gaussian,1955470.0,0.98736288,3912070.0,2.07380064,49.98555751814257,47.61127279814129
720p,1280,720,128,128,3,64,4096,800.0,os,sobel,1956600.0,1.08643776,3912070.0,2.07380064,50.01444248185744,52.38872720185871
720p,1280,720,128,128,3,64,4096,800.0,ws,gaussian,1001260.0,5.520701580000001,2003650.0,11.139832740000001,49.97180146233124,49.55820889641113
720p,1280,720,128,128,3,64,4096,800.0,ws,sobel,1002390.0,5.61913116,2003650.0,11.139832740000001,50.02819853766876,50.44179110358886
720p,1280,720,128,128,3,128,256,50.0,os,gaussian,1982610.0,4.10293888,3983670.0,8.30462864,49.76842961389874,49.405446743733016
720p,1280,720,128,128,3,128,256,50.0,os,sobel,2001060.0,4.20168976,3983670.0,8.30462864,50.231570386101254,50.59455325626697
720p,1280,720,128,128,3,128,256,50.0,ws,gaussian,1033530.0,1.14840158,2085510.0,2.39523274,49.557662154580896,47.945302384268516
720p,1280,720,128,128,3,128,256,50.0,ws,sobel,1051980.0,1.24683116,2085510.0,2.39523274,50.442337845419104,52.054697615731484
720p,1280,720,128,128,3,128,256,200.0,os,gaussian,1915800.0,4.109638879999999,3836210.0,8.318028639999998,49.939914655349945,49.40640454443062
720p,1280,720,128,128,3,128,256,200.0,os,sobel,1920410.0,4.208389759999999,3836210.0,8.318028639999998,50.06008534465006,50.59359545556939
720p,1280,720,128,128,3,128,256,200.0,ws,gaussian,966720.0,1.15010158,1938050.0,2.39863274,49.88106601996852,47.94821486510686
720p,1280,720,128,128,3,128,256,200.0,ws,sobel,971330.0,1.24853116,1938050.0,2.39863274,50.11893398003148,52.05178513489314
720p,1280,720,128,128,3,128,256,800.0,os,gaussian,1899100.0,4.12543888,3799330.0,8.349628639999999,49.98512895694767,49.40865106546823
720p,1280,720,128,128,3,128,256,800.0,os,sobel,1900230.0,4.22418976,3799330.0,8.349628639999999,50.014871043052324,50.59134893453178
720p,1280,720,128,128,3,128,256,800.0,ws,gaussian,950020.0,1.15590158,1901170.0,2.41023274,49.97028145825991,47.95808972373349
720p,1280,720,128,128,3,128,256,800.0,ws,sobel,951150.0,1.25433116,1901170.0,2.41023274,50.02971854174009,52.04191027626651
720p,1280,720,128,128,3,128,1024,50.0,os,gaussian,2077870.0,0.98633888,4174190.0,2.07142864,49.77899903933458,47.616358147872276
720p,1280,720,128,128,3,128,1024,50.0,os,sobel,2096320.0,1.08508976,4174190.0,2.07142864,50.22100096066542,52.38364185212772
720p,1280,720,128,128,3,128,1024,50.0,ws,gaussian,1246110.0,1.5634015799999998,2510670.0,3.22523274,49.63256819892698,48.474070122455714
720p,1280,720,128,128,3,128,1024,50.0,ws,sobel,1264560.0,1.66183116,2510670.0,3.22523274,50.36743180107302,51.52592987754427
720p,1280,720,128,128,3,128,1024,200.0,os,gaussian,1939610.0,0.9868388800000001,3883830.0,2.07242864,49.94065136733585,47.61750831623327
720p,1280,720,128,128,3,128,1024,200.0,os,sobel,1944220.0,1.08558976,3883830.0,2.07242864,50.05934863266415,52.38249168376673
720p,1280,720,128,128,3,128,1024,200.0,ws,gaussian,1019880.0,1.56430158,2044370.0,3.2270327400000003,49.88725132926036,48.47492126776501
720p,1280,720,128,128,3,128,1024,200.0,ws,sobel,1024490.0,1.66273116,2044370.0,3.2270327400000003,50.112748670739634,51.52507873223499
720p,1280,720,128,128,3,128,1024,800.0,os,gaussian,1905070.0,0.9918388800000001,3811270.0,2.0824286400000003,49.985175545159485,47.628949244570514
720p,1280,720,128,128,3,128,1024,800.0,os,sobel,1906200.0,1.09058976,3811270.0,2.0824286400000003,50.014824454840515,52.37105075542948
720p,1280,720,128,128,3,128,1024,800.0,ws,gaussian,963340.0,1.57030158,1927810.0,3.23903274,49.97069213252343,48.480571394286066
720p,1280,720,128,128,3,128,1024,800.0,ws,sobel,964470.0,1.6687311599999999,1927810.0,3.23903274,50.02930786747657,51.519428605713934
720p,1280,720,128,128,3,128,4096,50.0,os,gaussian,2077870.0,0.98633888,4174190.0,2.07142864,49.77899903933458,47.616358147872276
720p,1280,720,128,128,3,128,4096,50.0,os,sobel,2096320.0,1.08508976,4174190.0,2.07142864,50.22100096066542,52.38364185212772
720p,1280,720,128,128,3,128,4096,50.0,ws,gaussian,2095230.0,5.809001579999999,4208910.0,11.716432739999998,49.78082211308866,49.57995073165931
720p,1280,720,128,128,3,128,4096,50.0,ws,sobel,2113680.0,5.90743116,4208910.0,11.716432739999998,50.21917788691134,50.420049268340705
720p,1280,720,128,128,3,128,4096,200.0,os,gaussian,1939610.0,0.9868388800000001,3883830.0,2.07242864,49.94065136733585,47.61750831623327
720p,1280,720,128,128,3,128,4096,200.0,os,sobel,1944220.0,1.08558976,3883830.0,2.07242864,50.05934863266415,52.38249168376673
720p,1280,720,128,128,3,128,4096,200.0,ws,gaussian,1232160.0,5.80990158,2468930.0,11.718232740000001,49.90663971842053,49.58001525407491
720p,1280,720,128,128,3,128,4096,200.0,ws,sobel,1236770.0,5.90833116,2468930.0,11.718232740000001,50.09336028157947,50.41998474592509
720p,1280,720,128,128,3,128,4096,800.0,os,gaussian,1905070.0,0.9918388800000001,3811270.0,2.0824286400000003,49.985175545159485,47.628949244570514
720p,1280,720,128,128,3,128,4096,800.0,os,sobel,1906200.0,1.09058976,3811270.0,2.0824286400000003,50.014824454840515,52.37105075542948
720p,1280,720,128,128,3,128,4096,800.0,ws,gaussian,1016380.0,5.81350158,2033890.0,11.725432739999999,49.97222071990127,49.580273145637435
720p,1280,720,128,128,3,128,4096,800.0,ws,sobel,1017510.0,5.91193116,2033890.0,11.725432739999999,50.02777928009873,50.419726854362565
720p,1280,720,128,128,5,8,256,50.0,os,gaussian,4581810.0,5.188992,7338870.0,7.92130176,62.43209104398906,65.50680882027147
720p,1280,720,128,128,5,8,256,50.0,os,sobel,2757060.0,2.73230976,7338870.0,7.92130176,37.56790895601094,34.49319117972852
720p,1280,720,128,128,5,8,256,50.0,ws,gaussian,3777140.0,2.8640875,5708440.0,4.2978546600000005,66.16763949520359,66.63993379431774
720p,1280,720,128,128,5,8,256,50.0,ws,sobel,1931300.0,1.43376716,5708440.0,4.2978546600000005,33.832360504796405,33.36006620568225
720p,1280,720,128,128,5,8,256,200.0,os,gaussian,4515000.0,5.197392,7191410.0,7.93450176,62.78323722329835,65.50369710926877
720p,1280,720,128,128,5,8,256,200.0,os,sobel,2676410.0,2.73710976,7191410.0,7.93450176,37.21676277670165,34.49630289073123
720p,1280,720,128,128,5,8,256,200.0,ws,gaussian,3713010.0,2.8680874999999997,5580180.0,4.30415466,66.53925142199714,66.63532625010272
720p,1280,720,128,128,5,8,256,200.0,ws,sobel,1867170.0,1.4360671600000001,5580180.0,4.30415466,33.46074857800286,33.36467374989727
720p,1280,720,128,128,5,8,256,800.0,os,gaussian,4498300.0,5.217792,7154530.0,7.966901760000001,62.873452204407556,65.49336438660943
720p,1280,720,128,128,5,8,256,800.0,os,sobel,2656230.0,2.74910976,7154530.0,7.966901760000001,37.126547795592444,34.50663561339057
720p,1280,720,128,128,5,8,256,800.0,ws,gaussian,3696970.0,2.8796875,5548100.0,4.32275466,66.63488401434725,66.6169543843601
720p,1280,720,128,128,5,8,256,800.0,ws,sobel,1851130.0,1.44306716,5548100.0,4.32275466,33.36511598565274,33.38304561563991
720p,1280,720,128,128,5,8,1024,50.0,os,gaussian,4794390.0,3.0739919999999996,7646710.0,4.162201759999999,62.6987292574192,73.85494930932902
720p,1280,720,128,128,5,8,1024,50.0,os,sobel,2852320.0,1.08820976,7646710.0,4.162201759999999,37.3012707425808,26.145050690670992
720p,1280,720,128,128,5,8,1024,50.0,ws,gaussian,4048570.0,3.3406875,6236860.0,5.11725466,64.91359434074198,65.28280732466028
720p,1280,720,128,128,5,8,1024,50.0,ws,sobel,2188290.0,1.77656716,6236860.0,5.11725466,35.08640565925803,34.71719267533971
720p,1280,720,128,128,5,8,1024,200.0,os,gaussian,4568160.0,3.075792,7268380.0,4.16510176,62.84976844909045,73.84674318257233
720p,1280,720,128,128,5,8,1024,200.0,os,sobel,2700220.0,1.08930976,7268380.0,4.16510176,37.15023155090956,26.15325681742767
720p,1280,720,128,128,5,8,1024,200.0,ws,gaussian,3780870.0,3.3424875,5712290.0,5.12055466,66.18834127819142,65.27588751488886
720p,1280,720,128,128,5,8,1024,200.0,ws,sobel,1931420.0,1.77806716,5712290.0,5.12055466,33.81165872180859,34.724112485111135
720p,1280,720,128,128,5,8,1024,800.0,os,gaussian,4511620.0,3.0865919999999996,7173820.0,4.182101759999999,62.89006414992292,73.80480383145914
720p,1280,720,128,128,5,8,1024,800.0,os,sobel,2662200.0,1.0955097599999999,7173820.0,4.182101759999999,37.109935850077086,26.195196168540864
720p,1280,720,128,128,5,8,1024,800.0,ws,gaussian,3713940.0,3.3532875,5581130.0,5.13795466,66.54458864065163,65.26502707596879
720p,1280,720,128,128,5,8,1024,800.0,ws,sobel,1867190.0,1.7846671600000001,5581130.0,5.13795466,33.455411359348375,34.73497292403122
720p,1280,720,128,128,5,8,4096,50.0,os,gaussian,4971930.0,2.5453919999999997,7824250.0,3.6336017599999995,63.54513212128958,70.05148522385129
720p,1280,720,128,128,5,8,4096,50.0,os,sobel,2852320.0,1.08820976,7824250.0,3.6336017599999995,36.45486787871042,29.948514776148727
720p,1280,720,128,128,5,8,4096,50.0,ws,gaussian,4355150.0,3.4572875,6569540.0,5.36435466,66.29307379207677,64.44927151777843
720p,1280,720,128,128,5,8,4096,50.0,ws,sobel,2214390.0,1.90706716,6569540.0,5.36435466,33.70692620792323,35.550728482221565
720p,1280,720,128,128,5,8,4096,200.0,os,gaussian,4612500.0,2.5453919999999997,7312720.0,3.6347017599999996,63.075025435132204,70.03028496071161
720p,1280,720,128,128,5,8,4096,200.0,os,sobel,2700220.0,1.08930976,7312720.0,3.6347017599999996,36.92497456486779,29.969715039288396
720p,1280,720,128,128,5,8,4096,200.0,ws,gaussian,3857500.0,3.4578875,5795420.0,5.36595466,66.56118107056952,64.44123588625328
720p,1280,720,128,128,5,8,4096,200.0,ws,sobel,1937920.0,1.9080671599999999,5795420.0,5.36595466,33.43881892943048,35.55876411374672
720p,1280,720,128,128,5,8,4096,800.0,os,gaussian,4522660.0,2.548992,7184860.0,3.64450176,62.94708595574583,69.94075371224406
720p,1280,720,128,128,5,8,4096,800.0,os,sobel,2662200.0,1.0955097599999999,7184860.0,3.64450176,37.05291404425417,30.059246287755943
720p,1280,720,128,128,5,8,4096,800.0,ws,gaussian,3733080.0,3.4636875000000003,5601870.0,5.3763546600000005,66.63988989391044,64.42446079254749
720p,1280,720,128,128,5,8,4096,800.0,ws,sobel,1868790.0,1.91266716,5601870.0,5.3763546600000005,33.36011010608957,35.57553920745251
720p,1280,720,128,128,5,16,256,50.0,os,gaussian,7948810.0,38.638192000000004,10302670.0,42.83811776,77.15291278862664,90.19582096596767
720p,1280,720,128,128,5,16,256,50.0,os,sobel,2353860.0,4.19992576,10302670.0,42.83811776,22.847087211373363,9.80417903403233
720p,1280,720,128,128,5,16,256,50.0,ws,gaussian,1956180.0,2.6717515,2988000.0,3.91228266,65.46787148594377,68.29137187137701
720p,1280,720,128,128,5,16,256,50.0,ws,sobel,1031820.0,1.24053116,2988000.0,3.91228266,34.532128514056225,31.708628128622994
720p,1280,720,128,128,5,16,256,200.0,os,gaussian,3252650.0,38.703392,5525860.0,42.91031776,58.86233093129395,90.19600417892595
720p,1280,720,128,128,5,16,256,200.0,os,sobel,2273210.0,4.20692576,5525860.0,42.91031776,41.137669068706046,9.80399582107406
720p,1280,720,128,128,5,16,256,200.0,ws,gaussian,1875530.0,2.6757515,2826700.0,3.91828266,66.35051473449606,68.28888398776213
720p,1280,720,128,128,5,16,256,200.0,ws,sobel,951170.0,1.24253116,2826700.0,3.91828266,33.64948526550394,31.711116012237873
720p,1280,720,128,128,5,16,256,800.0,os,gaussian,3173500.0,38.836192,5426530.0,43.06011776,58.48120253642751,90.19063119255158
720p,1280,720,128,128,5,16,256,800.0,os,sobel,2253030.0,4.22392576,5426530.0,43.06011776,41.51879746357249,9.809368807448427
720p,1280,720,128,128,5,16,256,800.0,ws,gaussian,1855350.0,2.6861515,2786340.0,3.93568266,66.58735114881888,68.25122175881934
720p,1280,720,128,128,5,16,256,800.0,ws,sobel,930990.0,1.24953116,2786340.0,3.93568266,33.41264885118112,31.74877824118066
720p,1280,720,128,128,5,16,1024,50.0,os,gaussian,3469590.0,3.067992,5918710.0,4.1513177599999995,58.62071295941176,73.90405113194709
720p,1280,720,128,128,5,16,1024,50.0,os,sobel,2449120.0,1.08332576,5918710.0,4.1513177599999995,41.37928704058824,26.095948868052925
720p,1280,720,128,128,5,16,1024,50.0,ws,gaussian,2168760.0,3.1483515000000004,3398720.0,4.731682660000001,63.81108181903775,66.53767224533186
720p,1280,720,128,128,5,16,1024,50.0,ws,sobel,1229960.0,1.58333116,3398720.0,4.731682660000001,36.18891818096224,33.462327754668145
720p,1280,720,128,128,5,16,1024,200.0,os,gaussian,3243360.0,3.069792,5540380.0,4.153917760000001,58.54038892639133,73.90112605406996
720p,1280,720,128,128,5,16,1024,200.0,os,sobel,2297020.0,1.08412576,5540380.0,4.153917760000001,41.45961107360867,26.098873945930016
720p,1280,720,128,128,5,16,1024,200.0,ws,gaussian,1928690.0,3.1501515,2929410.0,4.73468266,65.83885492300497,66.53352983112073
720p,1280,720,128,128,5,16,1024,200.0,ws,sobel,1000720.0,1.5845311599999998,2929410.0,4.73468266,34.16114507699503,33.466470168879276
720p,1280,720,128,128,5,16,1024,800.0,os,gaussian,3186820.0,3.079392,5445820.0,4.16971776,58.518643656969935,73.85132944825502
720p,1280,720,128,128,5,16,1024,800.0,os,sobel,2259000.0,1.09032576,5445820.0,4.16971776,41.481356343030065,26.148670551744967
720p,1280,720,128,128,5,16,1024,800.0,ws,gaussian,1868670.0,3.1597515,2812070.0,4.75088266,66.45175973571071,66.50872534915439
720p,1280,720,128,128,5,16,1024,800.0,ws,sobel,943400.0,1.59113116,2812070.0,4.75088266,33.5482402642893,33.49127465084562
720p,1280,720,128,128,5,16,4096,50.0,os,gaussian,3647130.0,2.539392,6096250.0,3.6227177599999996,59.82579454582735,70.09632458919461
720p,1280,720,128,128,5,16,4096,50.0,os,sobel,2449120.0,1.08332576,6096250.0,3.6227177599999996,40.17420545417264,29.9036754108054
720p,1280,720,128,128,5,16,4096,50.0,ws,gaussian,2475340.0,3.2649515,3731400.0,4.97878266,66.33810366082436,65.57730519612599
720p,1280,720,128,128,5,16,4096,50.0,ws,sobel,1256060.0,1.71383116,3731400.0,4.97878266,33.66189633917565,34.422694803874
720p,1280,720,128,128,5,16,4096,200.0,os,gaussian,3287700.0,2.539392,5584720.0,3.62351776,58.869558366399744,70.08084872750837
720p,1280,720,128,128,5,16,4096,200.0,os,sobel,2297020.0,1.08412576,5584720.0,3.62351776,41.13044163360025,29.91915127249163
720p,1280,720,128,128,5,16,4096,200.0,ws,gaussian,2005320.0,3.2655515,3012540.0,4.98008266,66.56575514350017,65.57223489941029
720p,1280,720,128,128,5,16,4096,200.0,ws,sobel,1007220.0,1.71453116,3012540.0,4.98008266,33.43424485649983,34.42776510058971
720p,1280,720,128,128,5,16,4096,800.0,os,gaussian,3197860.0,2.5417919999999996,5456860.0,3.63211776,58.602566311028696,69.98099092469953
720p,1280,720,128,128,5,16,4096,800.0,os,sobel,2259000.0,1.09032576,5456860.0,3.63211776,41.39743368897131,30.019009075300467
720p,1280,720,128,128,5,16,4096,800.0,ws,gaussian,1887810.0,3.2701515,2832810.0,4.98928266,66.64089720101242,65.54352043866764
720p,1280,720,128,128,5,16,4096,800.0,ws,sobel,945000.0,1.71913116,2832810.0,4.98928266,33.35910279898758,34.45647956133237
720p,1280,720,128,128,5,32,256,50.0,os,gaussian,62003450.0,309.518092,64155710.0,313.71632576,96.6452557379538,98.66177389722085
720p,1280,720,128,128,5,32,256,50.0,os,sobel,2152260.0,4.19823376,64155710.0,313.71632576,3.3547442620462,1.3382261027791529
720p,1280,720,128,128,5,32,256,50.0,ws,gaussian,1016250.0,2.5773835000000003,2050950.0,3.81881466,49.55020843999122,67.49171482441099
720p,1280,720,128,128,5,32,256,50.0,ws,sobel,1034700.0,1.2414311599999999,2050950.0,3.81881466,50.44979156000877,32.50828517558901
720p,1280,720,128,128,5,32,256,200.0,os,gaussian,15751800.0,310.043192,17823410.0,314.24872575999996,88.37702774048289,98.66171811840158
720p,1280,720,128,128,5,32,256,200.0,os,sobel,2071610.0,4.20553376,17823410.0,314.24872575999996,11.622972259517118,1.3382818815984243
720p,1280,720,128,128,5,32,256,200.0,ws,gaussian,949440.0,2.5813835,1903490.0,3.8251146599999997,49.8789066399088,67.48512736086191
720p,1280,720,128,128,5,32,256,200.0,ws,sobel,954050.0,1.24373116,1903490.0,3.8251146599999997,50.121093360091194,32.51487263913809
720p,1280,720,128,128,5,32,256,800.0,os,gaussian,4211850.0,311.093392,6263280.0,315.31472576,67.24671418170671,98.6612316472612
720p,1280,720,128,128,5,32,256,800.0,os,sobel,2051430.0,4.221333759999999,6263280.0,315.31472576,32.75328581829329,1.3387683527387946
720p,1280,720,128,128,5,32,256,800.0,ws,gaussian,932740.0,2.5893835000000003,1866610.0,3.8389146600000004,49.96973122398359,67.45092635114739
720p,1280,720,128,128,5,32,256,800.0,ws,sobel,933870.0,1.24953116,1866610.0,3.8389146600000004,50.03026877601642,32.54907364885262
720p,1280,720,128,128,5,32,1024,50.0,os,gaussian,2807190.0,3.066792,5054710.0,4.14842576,55.53612373410146,73.92664536920627
720p,1280,720,128,128,5,32,1024,50.0,os,sobel,2247520.0,1.08163376,5054710.0,4.14842576,44.46387626589854,26.073354630793734
720p,1280,720,128,128,5,32,1024,50.0,ws,gaussian,1228830.0,3.0539835,2476110.0,4.71041466,49.627439814870904,64.83470608084428
720p,1280,720,128,128,5,32,1024,50.0,ws,sobel,1247280.0,1.65643116,2476110.0,4.71041466,50.37256018512909,35.16529391915573
720p,1280,720,128,128,5,32,1024,200.0,os,gaussian,2580960.0,3.068592,4676380.0,4.151325760000001,55.19140873923847,73.91836192590195
720p,1280,720,128,128,5,32,1024,200.0,os,sobel,2095420.0,1.08273376,4676380.0,4.151325760000001,44.808591260761524,26.08163807409804
720p,1280,720,128,128,5,32,1024,200.0,ws,gaussian,1002600.0,3.0557835,2009810.0,4.71371466,49.88531254198158,64.82750273220823
720p,1280,720,128,128,5,32,1024,200.0,ws,sobel,1007210.0,1.65793116,2009810.0,4.71371466,50.114687458018416,35.17249726779177
720p,1280,720,128,128,5,32,1024,800.0,os,gaussian,2524420.0,3.075792,4581820.0,4.16352576,55.09644639029905,73.87469604607418
720p,1280,720,128,128,5,32,1024,800.0,os,sobel,2057400.0,1.08773376,4581820.0,4.16352576,44.90355360970095,26.125303953925822
720p,1280,720,128,128,5,32,1024,800.0,ws,gaussian,946060.0,3.0629835,1893250.0,4.72691466,49.97015713719794,64.79878991511136
720p,1280,720,128,128,5,32,1024,800.0,ws,sobel,947190.0,1.66393116,1893250.0,4.72691466,50.02984286280206,35.20121008488864
720p,1280,720,128,128,5,32,4096,50.0,os,gaussian,2984730.0,2.538192,5232250.0,3.6198257600000003,57.04486597544077,70.11917612299658
720p,1280,720,128,128,5,32,4096,50.0,os,sobel,2247520.0,1.08163376,5232250.0,3.6198257600000003,42.95513402455922,29.880823877003404
720p,1280,720,128,128,5,32,4096,50.0,ws,gaussian,1535410.0,3.1705835,3089270.0,6.35991466,49.701385764274406,49.85261075814498
720p,1280,720,128,128,5,32,4096,50.0,ws,sobel,1553860.0,3.18933116,3089270.0,6.35991466,50.298614235725594,50.14738924185501
720p,1280,720,128,128,5,32,4096,200.0,os,gaussian,2625300.0,2.538192,4720720.0,3.62092576,55.61227948279076,70.09787463855652
720p,1280,720,128,128,5,32,4096,200.0,os,sobel,2095420.0,1.08273376,4720720.0,3.62092576,44.38772051720924,29.902125361443478
720p,1280,720,128,128,5,32,4096,200.0,ws,gaussian,1079230.0,3.1711834999999997,2163070.0,6.36171466,49.893438492512956,49.84793675106453
720p,1280,720,128,128,5,32,4096,200.0,ws,sobel,1083840.0,3.19053116,2163070.0,6.36171466,50.106561507487044,50.15206324893548
720p,1280,720,128,128,5,32,4096,800.0,os,gaussian,2535460.0,2.538192,4592860.0,3.6259257600000003,55.20438245450548,70.00121260066835
720p,1280,720,128,128,5,32,4096,800.0,os,sobel,2057400.0,1.08773376,4592860.0,3.6259257600000003,44.79561754549452,29.99878739933164
720p,1280,720,128,128,5,32,4096,800.0,ws,gaussian,965200.0,3.1733835,1931530.0,6.36851466,49.97074857755251,49.82925641879577
720p,1280,720,128,128,5,32,4096,800.0,ws,sobel,966330.0,3.19513116,1931530.0,6.36851466,50.02925142244749,50.17074358120423
720p,1280,720,128,128,5,64,256,50.0,os,gaussian,62013540.0,309.52109199999995,64065000.0,313.7198297599999,96.7978459377195,98.66162819123929
720p,1280,720,128,128,5,64,256,50.0,os,sobel,2051460.0,4.19873776,64065000.0,313.7198297599999,3.202154062280496,1.338371808760732
720p,1280,720,128,128,5,64,256,50.0,ws,gaussian,1022010.0,2.5821835,2062470.0,3.8254146600000003,49.55272076684752,67.5007477490035
720p,1280,720,128,128,5,64,256,50.0,ws,sobel,1040460.0,1.2432311600000001,2062470.0,3.8254146600000003,50.447279233152486,32.4992522509965
720p,1280,720,128,128,5,64,256,200.0,os,gaussian,15722850.0,310.046192,17693660.0,314.25162976,88.861490499987,98.66176103423496
720p,1280,720,128,128,5,64,256,200.0,os,sobel,1970810.0,4.20543776,17693660.0,314.25162976,11.138509500012999,1.3382389657650378
720p,1280,720,128,128,5,64,256,200.0,ws,gaussian,955200.0,2.5861834999999997,1915010.0,3.83111466,49.87963509328933,67.50472720124748
720p,1280,720,128,128,5,64,256,200.0,ws,sobel,959810.0,1.2449311600000001,1915010.0,3.83111466,50.12036490671067,32.495272798752524
720p,1280,720,128,128,5,64,256,800.0,os,gaussian,4177100.0,311.09639200000004,6127730.0,315.31642976000006,68.1671679398407,98.66164989778298
720p,1280,720,128,128,5,64,256,800.0,os,sobel,1950630.0,4.22003776,6127730.0,315.31642976000006,31.832832060159312,1.3383501022170141
720p,1280,720,128,128,5,64,256,800.0,ws,gaussian,938500.0,2.5941835,1878130.0,3.8437146600000003,49.969916885412616,67.49157337293086
720p,1280,720,128,128,5,64,256,800.0,ws,sobel,939630.0,1.24953116,1878130.0,3.8437146600000003,50.030083114587384,32.508426627069134
720p,1280,720,128,128,5,64,1024,50.0,os,gaussian,2475990.0,3.0697919999999996,4622710.0,4.15192976,53.56143906929053,73.9365109105314
720p,1280,720,128,128,5,64,1024,50.0,os,sobel,2146720.0,1.08213776,4622710.0,4.15192976,46.43856093070948,26.063489089468604
720p,1280,720,128,128,5,64,1024,50.0,ws,gaussian,1234590.0,3.0587835,2487630.0,4.71701466,49.62916510895913,64.84574928160175
720p,1280,720,128,128,5,64,1024,50.0,ws,sobel,1253040.0,1.6582311600000001,2487630.0,4.71701466,50.37083489104087,35.15425071839823
720p,1280,720,128,128,5,64,1024,200.0,os,gaussian,2249760.0,3.071592,4244380.0,4.15422976,53.00562155132198,73.93890510283187
720p,1280,720,128,128,5,64,1024,200.0,os,sobel,1994620.0,1.08263776,4244380.0,4.15422976,46.99437844867801,26.06109489716813
720p,1280,720,128,128,5,64,1024,200.0,ws,gaussian,1008360.0,3.0605835,2021330.0,4.719714659999999,49.88596617078854,64.84679097104569
720p,1280,720,128,128,5,64,1024,200.0,ws,sobel,1012970.0,1.6591311599999998,2021330.0,4.719714659999999,50.11403382921146,35.15320902895431
720p,1280,720,128,128,5,64,1024,800.0,os,gaussian,2193220.0,3.078792,4149820.0,4.16522976,52.850967029895266,73.91649866633048
720p,1280,720,128,128,5,64,1024,800.0,os,sobel,1956600.0,1.08643776,4149820.0,4.16522976,47.14903297010473,26.083501333669524
720p,1280,720,128,128,5,64,1024,800.0,ws,gaussian,951820.0,3.0677835,1904770.0,4.73171466,49.97033762606509,64.83449912848296
720p,1280,720,128,128,5,64,1024,800.0,ws,sobel,952950.0,1.66393116,1904770.0,4.73171466,50.02966237393491,35.165500871517054
720p,1280,720,128,128,5,64,4096,50.0,os,gaussian,2653530.0,2.5411919999999997,4800250.0,3.62332976,55.278995885630955,70.13416300259681
720p,1280,720,128,128,5,64,4096,50.0,os,sobel,2146720.0,1.08213776,4800250.0,3.62332976,44.721004114369045,29.865836997403182
720p,1280,720,128,128,5,64,4096,50.0,ws,gaussian,2026060.0,5.5998335,4070570.0,11.21541466,49.77337326222126,49.92979457078763
720p,1280,720,128,128,5,64,4096,50.0,ws,sobel,2044510.0,5.6155811600000005,4070570.0,11.21541466,50.22662673777874,50.070205429212365
720p,1280,720,128,128,5,64,4096,200.0,os,gaussian,2294100.0,2.5411919999999997,4288720.0,3.6238297599999996,53.49148463877334,70.12448620102948
720p,1280,720,128,128,5,64,4096,200.0,os,sobel,1994620.0,1.08263776,4288720.0,3.6238297599999996,46.50851536122666,29.875513798970516
720p,1280,720,128,128,5,64,4096,200.0,ws,gaussian,1206220.0,5.6005835,2417050.0,11.21691466,49.904635816387746,49.929803959121855
720p,1280,720,128,128,5,64,4096,200.0,ws,sobel,1210830.0,5.6163311600000005,2417050.0,11.21691466,50.095364183612254,50.070196040878145
720p,1280,720,128,128,5,64,4096,800.0,os,gaussian,2204260.0,2.5411919999999997,4160860.0,3.6276297599999996,52.976067447594964,70.0510296839113
720p,1280,720,128,128,5,64,4096,800.0,os,sobel,1956600.0,1.08643776,4160860.0,3.6276297599999996,47.02393255240503,29.948970316088708
720p,1280,720,128,128,5,64,4096,800.0,ws,gaussian,1001260.0,5.6021835,2003650.0,11.22131466,49.97180146233124,49.92448451668318
720p,1280,720,128,128,5,64,4096,800.0,ws,sobel,1002390.0,5.61913116,2003650.0,11.22131466,50.02819853766876,50.07551548331681
720p,1280,720,128,128,5,128,256,50.0,os,gaussian,29242680.0,145.787792,31243740.0,149.98948176,93.5953250155071,97.19867706008667
720p,1280,720,128,128,5,128,256,50.0,os,sobel,2001060.0,4.20168976,31243740.0,149.98948176,6.404674984492893,2.80132293991333
720p,1280,720,128,128,5,128,256,50.0,ws,gaussian,1033530.0,2.5917835,2085510.0,3.83861466,49.557662154580896,67.51872041253549
720p,1280,720,128,128,5,128,256,50.0,ws,sobel,1051980.0,1.24683116,2085510.0,3.83861466,50.442337845419104,32.4812795874645
720p,1280,720,128,128,5,128,256,200.0,os,gaussian,7479850.0,146.03489199999999,9400260.0,150.24328175999997,79.5706714495131,97.1989497895004
720p,1280,720,128,128,5,128,256,200.0,os,sobel,1920410.0,4.208389759999999,9400260.0,150.24328175999997,20.429328550486904,2.8010502104996085
720p,1280,720,128,128,5,128,256,200.0,ws,gaussian,966720.0,2.5957835,1938050.0,3.84431466,49.88106601996852,67.52265955253517
720p,1280,720,128,128,5,128,256,200.0,ws,sobel,971330.0,1.24853116,1938050.0,3.84431466,50.11893398003148,32.477340447464826
720p,1280,720,128,128,5,128,256,800.0,os,gaussian,2082750.0,146.529092,3982980.0,150.75328176,52.29124926562524,97.19794507244961
720p,1280,720,128,128,5,128,256,800.0,os,sobel,1900230.0,4.22418976,3982980.0,150.75328176,47.70875073437477,2.802054927550388
720p,1280,720,128,128,5,128,256,800.0,ws,gaussian,950020.0,2.6037835,1901170.0,3.85811466,49.97028145825991,67.48849449694686
720p,1280,720,128,128,5,128,256,800.0,ws,sobel,951150.0,1.25433116,1901170.0,3.85811466,50.02971854174009,32.51150550305314
720p,1280,720,128,128,5,128,1024,50.0,os,gaussian,2310390.0,3.078492,4406710.0,4.16358176,52.428909549300954,73.93855044652709
720p,1280,720,128,128,5,128,1024,50.0,os,sobel,2096320.0,1.08508976,4406710.0,4.16358176,47.571090450699046,26.061449553472926
720p,1280,720,128,128,5,128,1024,50.0,ws,gaussian,1246110.0,3.0683835,2510670.0,4.73021466,49.63256819892698,64.8677432326084
720p,1280,720,128,128,5,128,1024,50.0,ws,sobel,1264560.0,1.66183116,2510670.0,4.73021466,50.36743180107302,35.13225676739161
720p,1280,720,128,128,5,128,1024,200.0,os,gaussian,2084160.0,3.080292,4028380.0,4.1658817599999995,51.73692650643683,73.9409368162192
720p,1280,720,128,128,5,128,1024,200.0,os,sobel,1944220.0,1.08558976,4028380.0,4.1658817599999995,48.26307349356317,26.05906318378081
720p,1280,720,128,128,5,128,1024,200.0,ws,gaussian,1019880.0,3.0701835,2044370.0,4.7329146600000005,49.88725132926036,64.86876946984714
720p,1280,720,128,128,5,128,1024,200.0,ws,sobel,1024490.0,1.66273116,2044370.0,4.7329146600000005,50.112748670739634,35.13123053015285
720p,1280,720,128,128,5,128,1024,800.0,os,gaussian,2027620.0,3.0874919999999997,3933820.0,4.1780817599999995,51.543283627618955,73.89735714506457
720p,1280,720,128,128,5,128,1024,800.0,os,sobel,1906200.0,1.09058976,3933820.0,4.1780817599999995,48.456716372381045,26.102642854935425
720p,1280,720,128,128,5,128,1024,800.0,ws,gaussian,963340.0,3.0773835,1927810.0,4.74611466,49.97069213252343,64.84005803601887
720p,1280,720,128,128,5,128,1024,800.0,ws,sobel,964470.0,1.6687311599999999,1927810.0,4.74611466,50.02930786747657,35.159941963981126
720p,1280,720,128,128,5,128,4096,50.0,os,gaussian,2487930.0,2.549892,4584250.0,3.6349817599999996,54.27125483994111,70.148687623676
720p,1280,720,128,128,5,128,4096,50.0,os,sobel,2096320.0,1.08508976,4584250.0,3.6349817599999996,45.7287451600589,29.851312376324007
720p,1280,720,128,128,5,128,4096,50.0,ws,gaussian,2095230.0,5.8976835,4208910.0,11.805114660000001,49.78082211308866,49.95871425106514
720p,1280,720,128,128,5,128,4096,50.0,ws,sobel,2113680.0,5.90743116,4208910.0,11.805114660000001,50.21917788691134,50.04128574893485
720p,1280,720,128,128,5,128,4096,200.0,os,gaussian,2128500.0,2.549892,4072720.0,3.63548176,52.2623701113752,70.13903983938569
720p,1280,720,128,128,5,128,4096,200.0,os,sobel,1944220.0,1.08558976,4072720.0,3.63548176,47.7376298886248,29.860960160614315
720p,1280,720,128,128,5,128,4096,200.0,ws,gaussian,1232160.0,5.8985835,2468930.0,11.80691466,49.90663971842053,49.95872054520296
720p,1280,720,128,128,5,128,4096,200.0,ws,sobel,1236770.0,5.90833116,2468930.0,11.80691466,50.09336028157947,50.041279454797035
720p,1280,720,128,128,5,128,4096,800.0,os,gaussian,2038660.0,2.549892,3944860.0,3.64048176,51.67889354755302,70.04270775415175
720p,1280,720,128,128,5,128,4096,800.0,os,sobel,1906200.0,1.09058976,3944860.0,3.64048176,48.32110645244698,29.957292245848254
720p,1280,720,128,128,5,128,4096,800.0,ws,gaussian,1016380.0,5.8997835,2033890.0,11.81171466,49.97222071990127,49.9485779145972
720p,1280,720,128,128,5,128,4096,800.0,ws,sobel,1017510.0,5.91193116,2033890.0,11.81171466,50.02777928009873,50.0514220854028
720p,1280,720,128,128,7,8,256,50.0,os,gaussian,7346610.0,9.67763168,10103670.0,12.409941439999999,72.71229167223396,77.98289562275323
720p,1280,720,128,128,7,8,256,50.0,os,sobel,2757060.0,2.73230976,10103670.0,12.409941439999999,27.287708327766047,22.017104377246767
720p,1280,720,128,128,7,8,256,50.0,ws,gaussian,6589410.0,5.56771438,8520710.0,7.00148154,77.33404845370868,79.52194615084281
720p,1280,720,128,128,7,8,256,50.0,ws,sobel,1931300.0,1.43376716,8520710.0,7.00148154,22.66595154629133,20.478053849157188
720p,1280,720,128,128,7,8,256,200.0,os,gaussian,7279800.0,9.69343168,9956210.0,12.430541439999999,73.11818453005712,77.9807679881722
720p,1280,720,128,128,7,8,256,200.0,os,sobel,2676410.0,2.73710976,9956210.0,12.430541439999999,26.881815469942882,22.0192320118278
720p,1280,720,128,128,7,8,256,200.0,ws,gaussian,6492660.0,5.57561438,8359830.0,7.0116815400000005,77.66497644090849,79.51893348539043
720p,1280,720,128,128,7,8,256,200.0,ws,sobel,1867170.0,1.4360671600000001,8359830.0,7.0116815400000005,22.335023559091514,20.481066514609562
720p,1280,720,128,128,7,8,256,800.0,os,gaussian,7263100.0,9.72743168,9919330.0,12.47654144,73.22167928680668,77.96577061663653
720p,1280,720,128,128,7,8,256,800.0,os,sobel,2656230.0,2.74910976,9919330.0,12.47654144,26.77832071319333,22.03422938336347
720p,1280,720,128,128,7,8,256,800.0,ws,gaussian,6468420.0,5.59381438,8319550.0,7.03688154,77.74963790108839,79.49280300091566
720p,1280,720,128,128,7,8,256,800.0,ws,sobel,1851130.0,1.44306716,8319550.0,7.03688154,22.250362098911598,20.50719699908434
720p,1280,720,128,128,7,8,1024,50.0,os,gaussian,7559190.0,5.8005816800000005,10411510.0,6.88879144,72.60416596631997,84.20318325096514
720p,1280,720,128,128,7,8,1024,50.0,os,sobel,2852320.0,1.08820976,10411510.0,6.88879144,27.395834033680032,15.796816749034864
720p,1280,720,128,128,7,8,1024,50.0,ws,gaussian,6872620.0,6.3437643800000005,9060910.0,8.12033154,75.84911449291518,78.1219873690034
720p,1280,720,128,128,7,8,1024,50.0,ws,sobel,2188290.0,1.77656716,9060910.0,8.12033154,24.15088550708483,21.878012630996587
720p,1280,720,128,128,7,8,1024,200.0,os,gaussian,7332960.0,5.80403168,10033180.0,6.8933414399999995,73.08709701211382,84.19765262635822
720p,1280,720,128,128,7,8,1024,200.0,os,sobel,2700220.0,1.08930976,10033180.0,6.8933414399999995,26.912902987886195,15.802347373641773
720p,1280,720,128,128,7,8,1024,200.0,ws,gaussian,6563470.0,6.3472143800000005,8494890.0,8.12528154,77.26374326212581,78.11685476685649
720p,1280,720,128,128,7,8,1024,200.0,ws,sobel,1931420.0,1.77806716,8494890.0,8.12528154,22.73625673787418,21.883145233143516
720p,1280,720,128,128,7,8,1024,800.0,os,gaussian,7276420.0,5.82023168,9938620.0,6.91574144,73.21358498463569,84.15918568523001
720p,1280,720,128,128,7,8,1024,800.0,os,sobel,2662200.0,1.0955097599999999,9938620.0,6.91574144,26.786415015364305,15.840814314769986
720p,1280,720,128,128,7,8,1024,800.0,ws,gaussian,6486180.0,6.36341438,8353370.0,8.14808154,77.64746443650886,78.0970876243833
720p,1280,720,128,128,7,8,1024,800.0,ws,sobel,1867190.0,1.7846671600000001,8353370.0,8.14808154,22.35253556349114,21.902912375616705
720p,1280,720,128,128,7,8,4096,50.0,os,gaussian,8179140.0,4.8874816800000005,11031460.0,5.97569144,74.1437670081748,81.7893917226757
720p,1280,720,128,128,7,8,4096,50.0,os,sobel,2852320.0,1.08820976,11031460.0,5.97569144,25.856232991825195,18.210608277324305
720p,1280,720,128,128,7,8,4096,50.0,ws,gaussian,7621600.0,6.07581438,9835990.0,7.982881539999999,77.48686202405655,76.11054165786857
720p,1280,720,128,128,7,8,4096,50.0,ws,sobel,2214390.0,1.90706716,9835990.0,7.982881539999999,22.513137975943447,23.88945834213143
720p,1280,720,128,128,7,8,4096,200.0,os,gaussian,7487940.0,4.8882316800000005,10188160.0,5.97754144,73.49649004334444,81.77662554188834
720p,1280,720,128,128,7,8,4096,200.0,os,sobel,2700220.0,1.08930976,10188160.0,5.97754144,26.50350995665557,18.223374458111657
720p,1280,720,128,128,7,8,4096,200.0,ws,gaussian,6750690.0,6.076214380000001,8688610.0,7.9842815400000005,77.69585698978318,76.10220593498761
720p,1280,720,128,128,7,8,4096,200.0,ws,sobel,1937920.0,1.9080671599999999,8688610.0,7.9842815400000005,22.304143010216823,23.89779406501239
720p,1280,720,128,128,7,8,4096,800.0,os,gaussian,7315140.0,4.89223168,9977340.0,5.98774144,73.31753754006579,81.70412381734373
720p,1280,720,128,128,7,8,4096,800.0,os,sobel,2662200.0,1.0955097599999999,9977340.0,5.98774144,26.682462459934207,18.295876182656276
720p,1280,720,128,128,7,8,4096,800.0,ws,gaussian,6532940.0,6.07861438,8401730.0,7.99128154,77.75708098213107,76.06557658585508
720p,1280,720,128,128,7,8,4096,800.0,ws,sobel,1868790.0,1.91266716,8401730.0,7.99128154,22.24291901786894,23.934423414144913
720p,1280,720,128,128,7,16,256,50.0,os,gaussian,7403740.0,31.16441968,9757600.0,35.36434544,75.87664999590064,88.12384137824438
720p,1280,720,128,128,7,16,256,50.0,os,sobel,2353860.0,4.19992576,9757600.0,35.36434544,24.12335000409937,11.876158621755618
720p,1280,720,128,128,7,16,256,50.0,ws,gaussian,3782900.0,5.27981038,4814720.0,6.5203415399999995,78.56947029110727,80.97444509018771
720p,1280,720,128,128,7,16,256,50.0,ws,sobel,1031820.0,1.24053116,4814720.0,6.5203415399999995,21.430529708892728,19.025554909812286
720p,1280,720,128,128,7,16,256,200.0,os,gaussian,4572600.0,31.216719679999997,6845810.0,35.423645439999994,66.794141233835,88.12396152980466
720p,1280,720,128,128,7,16,256,200.0,os,sobel,2273210.0,4.20692576,6845810.0,35.423645439999994,33.205858766164994,11.876038470195349
720p,1280,720,128,128,7,16,256,200.0,ws,gaussian,3718770.0,5.28771038,4669940.0,6.5302415400000005,79.63207236067272,80.97266154109208
720p,1280,720,128,128,7,16,256,200.0,ws,sobel,951170.0,1.24253116,4669940.0,6.5302415400000005,20.36792763932727,19.027338458907906
720p,1280,720,128,128,7,16,256,800.0,os,gaussian,4555900.0,31.32131968,6808930.0,35.54524544,66.91065997153738,88.11676299399889
720p,1280,720,128,128,7,16,256,800.0,os,sobel,2253030.0,4.22392576,6808930.0,35.54524544,33.08934002846262,11.883237006001105
720p,1280,720,128,128,7,16,256,800.0,ws,gaussian,3702730.0,5.30351038,4633720.0,6.55304154,79.90836735927074,80.93204274117878
720p,1280,720,128,128,7,16,256,800.0,ws,sobel,930990.0,1.24953116,4633720.0,6.55304154,20.091632640729262,19.067957258821224
720p,1280,720,128,128,7,16,1024,50.0,os,gaussian,4851990.0,10.273819679999999,7301110.0,11.357145439999998,66.45551155920127,90.46128478566003
720p,1280,720,128,128,7,16,1024,50.0,os,sobel,2449120.0,1.08332576,7301110.0,11.357145439999998,33.54448844079872,9.538715214339987
720p,1280,720,128,128,7,16,1024,50.0,ws,gaussian,4054330.0,6.0558603799999995,5284290.0,7.63919154,76.7242146059357,79.27357689999745
720p,1280,720,128,128,7,16,1024,50.0,ws,sobel,1229960.0,1.58333116,5284290.0,7.63919154,23.27578539406429,20.726423100002545
720p,1280,720,128,128,7,16,1024,200.0,os,gaussian,4625760.0,10.280119679999999,6922780.0,11.364245439999998,66.8193991431188,90.46020463282075
720p,1280,720,128,128,7,16,1024,200.0,os,sobel,2297020.0,1.08412576,6922780.0,11.364245439999998,33.18060085688119,9.53979536717926
720p,1280,720,128,128,7,16,1024,200.0,ws,gaussian,3786630.0,6.059310379999999,4787350.0,7.6438415399999995,79.0965774384576,79.27048655171363
720p,1280,720,128,128,7,16,1024,200.0,ws,sobel,1000720.0,1.5845311599999998,4787350.0,7.6438415399999995,20.9034225615424,20.72951344828637
720p,1280,720,128,128,7,16,1024,800.0,os,gaussian,4569220.0,10.30531968,6828220.0,11.395645440000001,66.91670742887604,90.43208420496451
720p,1280,720,128,128,7,16,1024,800.0,os,sobel,2259000.0,1.09032576,6828220.0,11.395645440000001,33.08329257112395,9.567915795035475
720p,1280,720,128,128,7,16,1024,800.0,ws,gaussian,3719700.0,6.07311038,4663100.0,7.66424154,79.76882331496215,79.23954834022624
720p,1280,720,128,128,7,16,1024,800.0,ws,sobel,943400.0,1.59113116,4663100.0,7.66424154,20.23117668503785,20.76045165977376
720p,1280,720,128,128,7,16,4096,50.0,os,gaussian,5471940.0,4.875769679999999,7921060.0,5.95909544,69.08090583836002,81.8206341732966
720p,1280,720,128,128,7,16,4096,50.0,os,sobel,2449120.0,1.08332576,7921060.0,5.95909544,30.919094161639983,18.17936582670339
720p,1280,720,128,128,7,16,4096,50.0,ws,gaussian,4845800.0,6.00036038,6101860.0,7.71419154,79.41512915733891,77.78339893281935
720p,1280,720,128,128,7,16,4096,50.0,ws,sobel,1256060.0,1.71383116,6101860.0,7.71419154,20.58487084266109,22.216601067180658
720p,1280,720,128,128,7,16,4096,200.0,os,gaussian,4780740.0,4.8765196799999995,7077760.0,5.9606454399999995,67.54594674021159,81.81194015123302
720p,1280,720,128,128,7,16,4096,200.0,os,sobel,2297020.0,1.08412576,7077760.0,5.9606454399999995,32.45405325978841,18.188059848766986
720p,1280,720,128,128,7,16,4096,200.0,ws,gaussian,3984490.0,6.00111038,4991710.0,7.71564154,79.82214511660332,77.77850161763736
720p,1280,720,128,128,7,16,4096,200.0,ws,sobel,1007220.0,1.71453116,4991710.0,7.71564154,20.17785488339667,22.22149838236264
720p,1280,720,128,128,7,16,4096,800.0,os,gaussian,4607940.0,4.87811968,6866940.0,5.96844544,67.10325122980542,81.73182998888234
720p,1280,720,128,128,7,16,4096,800.0,os,sobel,2259000.0,1.09032576,6866940.0,5.96844544,32.896748770194584,18.268170011117668
720p,1280,720,128,128,7,16,4096,800.0,ws,gaussian,3769140.0,6.00271038,4714140.0,7.72184154,79.95392584861713,77.73677236065116
720p,1280,720,128,128,7,16,4096,800.0,ws,sobel,945000.0,1.71913116,4714140.0,7.72184154,20.04607415138286,22.26322763934884
720p,1280,720,128,128,7,32,256,50.0,os,gaussian,16745670.0,83.46536368000001,18897930.0,87.66359744,88.6111336003467,95.21097253295655
720p,1280,720,128,128,7,32,256,50.0,os,sobel,2152260.0,4.19823376,18897930.0,87.66359744,11.388866399653296,4.789027467043451
720p,1280,720,128,128,7,32,256,50.0,ws,gaussian,1961940.0,5.09107438,2996640.0,6.33250554,65.4713278872337,80.39589302909636
720p,1280,720,128,128,7,32,256,50.0,ws,sobel,1034700.0,1.2414311599999999,2996640.0,6.33250554,34.5286721127663,19.60410697090365
720p,1280,720,128,128,7,32,256,200.0,os,gaussian,4301150.0,83.60646368,6372760.0,87.81199744,67.49273470207571,95.21075265042964
720p,1280,720,128,128,7,32,256,200.0,os,sobel,2071610.0,4.20553376,6372760.0,87.81199744,32.50726529792429,4.789247349570369
720p,1280,720,128,128,7,32,256,200.0,ws,gaussian,1881290.0,5.09897438,2835340.0,6.34270554,66.35147812960703,80.39115717801397
720p,1280,720,128,128,7,32,256,200.0,ws,sobel,954050.0,1.24373116,2835340.0,6.34270554,33.64852187039297,19.608842821986027
720p,1280,720,128,128,7,32,256,800.0,os,gaussian,3202300.0,83.88866368000001,5253730.0,88.10999744,60.952884902726254,95.20901840580056
720p,1280,720,128,128,7,32,256,800.0,os,sobel,2051430.0,4.221333759999999,5253730.0,88.10999744,39.047115097273746,4.790981594199441
720p,1280,720,128,128,7,32,256,800.0,ws,gaussian,1861110.0,5.11477438,2794980.0,6.36430554,66.58759633342636,80.36657492091432
720p,1280,720,128,128,7,32,256,800.0,ws,sobel,933870.0,1.24953116,2794980.0,6.36430554,33.412403666573645,19.633425079085693
720p,1280,720,128,128,7,32,1024,50.0,os,gaussian,3498390.0,9.799463679999999,5745910.0,10.88109744,60.88487289219636,90.05951590853503
720p,1280,720,128,128,7,32,1024,50.0,os,sobel,2247520.0,1.08163376,5745910.0,10.88109744,39.11512710780364,9.940484091464953
720p,1280,720,128,128,7,32,1024,50.0,ws,gaussian,2174520.0,5.86712438,3421800.0,7.52355554,63.54900929335437,77.98339958822181
720p,1280,720,128,128,7,32,1024,50.0,ws,sobel,1247280.0,1.65643116,3421800.0,7.52355554,36.45099070664563,22.016600411778178
720p,1280,720,128,128,7,32,1024,200.0,os,gaussian,3272160.0,9.805463679999999,5367580.0,10.888197439999999,60.96155064293406,90.05589523916642
720p,1280,720,128,128,7,32,1024,200.0,os,sobel,2095420.0,1.08273376,5367580.0,10.888197439999999,39.03844935706594,9.94410476083358
720p,1280,720,128,128,7,32,1024,200.0,ws,gaussian,1934450.0,5.870574380000001,2941660.0,7.528505540000001,65.7604889756124,77.977951252195
720p,1280,720,128,128,7,32,1024,200.0,ws,sobel,1007210.0,1.65793116,2941660.0,7.528505540000001,34.23951102438759,22.022048747804995
720p,1280,720,128,128,7,32,1024,800.0,os,gaussian,3215620.0,9.82946368,5273020.0,10.91719744,60.98251097094265,90.0365110553501
720p,1280,720,128,128,7,32,1024,800.0,os,sobel,2057400.0,1.08773376,5273020.0,10.91719744,39.01748902905735,9.963488944649884
720p,1280,720,128,128,7,32,1024,800.0,ws,gaussian,1874430.0,5.88437438,2821620.0,7.548305539999999,66.43098645458991,77.9562293658823
720p,1280,720,128,128,7,32,1024,800.0,ws,sobel,947190.0,1.66393116,2821620.0,7.548305539999999,33.56901354541008,22.043770634117706
720p,1280,720,128,128,7,32,4096,50.0,os,gaussian,4118340.0,4.87351368,6365860.0,5.95514744,64.6941654387624,81.83699445063614
720p,1280,720,128,128,7,32,4096,50.0,os,sobel,2247520.0,1.08163376,6365860.0,5.95514744,35.3058345612376,18.163005549363863
720p,1280,720,128,128,7,32,4096,50.0,ws,gaussian,2965990.0,5.81162438,4519850.0,9.00095554,65.62142548978396,64.56674909872959
720p,1280,720,128,128,7,32,4096,50.0,ws,sobel,1553860.0,3.18933116,4519850.0,9.00095554,34.37857451021605,35.433250901270426
720p,1280,720,128,128,7,32,4096,200.0,os,gaussian,3427140.0,4.87426368,5522560.0,5.95699744,62.05708946575501,81.82416945943828
720p,1280,720,128,128,7,32,4096,200.0,os,sobel,2095420.0,1.08273376,5522560.0,5.95699744,37.94291053424499,18.175830540561723
720p,1280,720,128,128,7,32,4096,200.0,ws,gaussian,2132310.0,5.81237438,3216150.0,9.00290554,66.30007928734668,64.56109479518098
720p,1280,720,128,128,7,32,4096,200.0,ws,sobel,1083840.0,3.19053116,3216150.0,9.00290554,33.699920712653324,35.43890520481902
720p,1280,720,128,128,7,32,4096,800.0,os,gaussian,3254340.0,4.87586368,5311740.0,5.96359744,61.26692948073512,81.76044290474442
720p,1280,720,128,128,7,32,4096,800.0,os,sobel,2057400.0,1.08773376,5311740.0,5.96359744,38.73307051926487,18.23955709525558
720p,1280,720,128,128,7,32,4096,800.0,ws,gaussian,1923870.0,5.813974379999999,2890200.0,9.00910554,66.56528959933569,64.53442413551744
720p,1280,720,128,128,7,32,4096,800.0,ws,sobel,966330.0,3.19513116,2890200.0,9.00910554,33.434710400664315,35.465575864482545
720p,1280,720,128,128,7,64,256,50.0,os,gaussian,31541790.0,157.62623568,33593250.0,161.82497344,93.89323748074389,97.40538331584725
720p,1280,720,128,128,7,64,256,50.0,os,sobel,2051460.0,4.19873776,33593250.0,161.82497344,6.1067625192561,2.594616684152752
720p,1280,720,128,128,7,64,256,50.0,ws,gaussian,1022010.0,5.00360638,2062470.0,6.24683754,49.55272076684752,80.09823127239515
720p,1280,720,128,128,7,64,256,50.0,ws,sobel,1040460.0,1.2432311600000001,2062470.0,6.24683754,50.447279233152486,19.901768727604853
720p,1280,720,128,128,7,64,256,200.0,os,gaussian,7929730.0,157.89353567999999,9900540.0,162.09897343999998,80.0939140693336,97.40563578488262
720p,1280,720,128,128,7,64,256,200.0,os,sobel,1970810.0,4.20543776,9900540.0,162.09897343999998,19.90608593066641,2.5943642151173885
720p,1280,720,128,128,7,64,256,200.0,ws,gaussian,955200.0,5.01180638,1915010.0,6.2567375400000005,49.87963509328933,80.10255101734697
720p,1280,720,128,128,7,64,256,200.0,ws,sobel,959810.0,1.2449311600000001,1915010.0,6.2567375400000005,50.12036490671067,19.897448982653028
720p,1280,720,128,128,7,64,256,800.0,os,gaussian,2525500.0,158.42753568,4476130.0,162.64757344,56.42150697142397,97.40540994818053
720p,1280,720,128,128,7,64,256,800.0,os,sobel,1950630.0,4.22003776,4476130.0,162.64757344,43.57849302857603,2.5945900518194662
720p,1280,720,128,128,7,64,256,800.0,ws,gaussian,938500.0,5.02760638,1878130.0,6.27713754,49.969916885412616,80.09393370724199
720p,1280,720,128,128,7,64,256,800.0,ws,sobel,939630.0,1.24953116,1878130.0,6.27713754,50.030083114587384,19.90606629275802
720p,1280,720,128,128,7,64,1024,50.0,os,gaussian,5450260.0,26.80083568,7596980.0,27.882973439999997,71.74245555470726,96.11900157517778
720p,1280,720,128,128,7,64,1024,50.0,os,sobel,2146720.0,1.08213776,7596980.0,27.882973439999997,28.257544445292737,3.8809984248222276
720p,1280,720,128,128,7,64,1024,50.0,ws,gaussian,1234590.0,5.7796563800000005,2487630.0,7.43788754,49.62916510895913,77.7056166676056
720p,1280,720,128,128,7,64,1024,50.0,ws,sobel,1253040.0,1.6582311600000001,2487630.0,7.43788754,50.37083489104087,22.294383332394403
720p,1280,720,128,128,7,64,1024,200.0,os,gaussian,2595360.0,26.81793568,4589980.0,27.900573440000002,56.54403722892039,96.11965767539435
720p,1280,720,128,128,7,64,1024,200.0,os,sobel,1994620.0,1.08263776,4589980.0,27.900573440000002,43.45596277107961,3.88034232460564
720p,1280,720,128,128,7,64,1024,200.0,ws,gaussian,1008360.0,5.78340638,2021330.0,7.44253754,49.88596617078854,77.70745325659452
720p,1280,720,128,128,7,64,1024,200.0,ws,sobel,1012970.0,1.6591311599999998,2021330.0,7.44253754,50.11403382921146,22.292546743405474
720p,1280,720,128,128,7,64,1024,800.0,os,gaussian,2538820.0,26.885135679999998,4495420.0,27.971573439999997,56.47570193663773,96.11592189359513
720p,1280,720,128,128,7,64,1024,800.0,os,sobel,1956600.0,1.08643776,4495420.0,27.971573439999997,43.52429806336227,3.8840781064048717
720p,1280,720,128,128,7,64,1024,800.0,ws,gaussian,951820.0,5.79720638,1904770.0,7.46113754,49.97033762606509,77.69869338181373
720p,1280,720,128,128,7,64,1024,800.0,ws,sobel,952950.0,1.66393116,1904770.0,7.46113754,50.02966237393491,22.301306618186263
720p,1280,720,128,128,7,64,4096,50.0,os,gaussian,3441540.0,4.879285680000001,5588260.0,5.961423440000001,61.58518036025525,81.84766153769476
720p,1280,720,128,128,7,64,4096,50.0,os,sobel,2146720.0,1.08213776,5588260.0,5.961423440000001,38.41481963974475,18.152338462305234
720p,1280,720,128,128,7,64,4096,50.0,ws,gaussian,2026060.0,5.72415638,4070570.0,11.339737540000002,49.77337326222126,50.478737799781555
720p,1280,720,128,128,7,64,4096,50.0,ws,sobel,2044510.0,5.6155811600000005,4070570.0,11.339737540000002,50.22662673777874,49.52126220021844
720p,1280,720,128,128,7,64,4096,200.0,os,gaussian,2750340.0,4.88033568,4744960.0,5.96297344,57.96339695171297,81.84399493149512
720p,1280,720,128,128,7,64,4096,200.0,os,sobel,1994620.0,1.08263776,4744960.0,5.96297344,42.03660304828703,18.156005068504882
720p,1280,720,128,128,7,64,4096,200.0,ws,gaussian,1206220.0,5.7252063799999995,2417050.0,11.341537540000001,49.904635816387746,50.47998439195749
720p,1280,720,128,128,7,64,4096,200.0,ws,sobel,1210830.0,5.6163311600000005,2417050.0,11.341537540000001,50.095364183612254,49.520015608042506
720p,1280,720,128,128,7,64,4096,800.0,os,gaussian,2577540.0,4.88193568,4534140.0,5.96837344,56.847384509521106,81.79675298601958
720p,1280,720,128,128,7,64,4096,800.0,os,sobel,1956600.0,1.08643776,4534140.0,5.96837344,43.1526154904789,18.203247013980413
720p,1280,720,128,128,7,64,4096,800.0,ws,gaussian,1001260.0,5.72680638,2003650.0,11.345937540000001,49.97180146233124,50.474510015679144
720p,1280,720,128,128,7,64,4096,800.0,ws,sobel,1002390.0,5.61913116,2003650.0,11.345937540000001,50.02819853766876,49.525489984320856
720p,1280,720,128,128,7,128,256,50.0,os,gaussian,31583510.0,157.64337168,33584570.0,161.84506144,94.0417280912038,97.40388138963532
720p,1280,720,128,128,7,128,256,50.0,os,sobel,2001060.0,4.20168976,33584570.0,161.84506144,5.958271908796212,2.596118610364686
720p,1280,720,128,128,7,128,256,50.0,ws,gaussian,1033530.0,5.02250638,2085510.0,6.26933754,49.557662154580896,80.11223431431321
720p,1280,720,128,128,7,128,256,50.0,ws,sobel,1051980.0,1.24683116,2085510.0,6.26933754,50.442337845419104,19.88776568568678
720p,1280,720,128,128,7,128,256,200.0,os,gaussian,7937750.0,157.91097168,9858160.0,162.11936143999998,80.51958986261127,97.40414116943244
720p,1280,720,128,128,7,128,256,200.0,os,sobel,1920410.0,4.208389759999999,9858160.0,162.11936143999998,19.48041013738872,2.5958588305675727
720p,1280,720,128,128,7,128,256,200.0,ws,gaussian,966720.0,5.03100638,1938050.0,6.27953754,49.88106601996852,80.11746642094283
720p,1280,720,128,128,7,128,256,200.0,ws,sobel,971330.0,1.24853116,1938050.0,6.27953754,50.11893398003148,19.88253357905716
720p,1280,720,128,128,7,128,256,800.0,os,gaussian,2187100.0,158.44497168,4087330.0,162.66916144,53.50925910068432,97.40320185915627
720p,1280,720,128,128,7,128,256,800.0,os,sobel,1900230.0,4.22418976,4087330.0,162.66916144,46.49074089931569,2.596798140843726
720p,1280,720,128,128,7,128,256,800.0,ws,gaussian,950020.0,5.04680638,1901170.0,6.301137539999999,49.97028145825991,80.09357592914881
720p,1280,720,128,128,7,128,256,800.0,ws,sobel,951150.0,1.25433116,1901170.0,6.301137539999999,50.02971854174009,19.906424070851184
720p,1280,720,128,128,7,128,1024,50.0,os,gaussian,5463090.0,26.81797168,7559410.0,27.90306144,72.26873525843948,96.11121610317467
720p,1280,720,128,128,7,128,1024,50.0,os,sobel,2096320.0,1.08508976,7559410.0,27.90306144,27.73126474156052,3.8887838968253376
720p,1280,720,128,128,7,128,1024,50.0,ws,gaussian,1246110.0,5.79855638,2510670.0,7.46038754,49.63256819892698,77.72460008156628
720p,1280,720,128,128,7,128,1024,50.0,ws,sobel,1264560.0,1.66183116,2510670.0,7.46038754,50.36743180107302,22.275399918433727
720p,1280,720,128,128,7,128,1024,200.0,os,gaussian,2256960.0,26.835371679999998,4201180.0,27.92096144,53.722049519420736,96.11191841537101
720p,1280,720,128,128,7,128,1024,200.0,os,sobel,1944220.0,1.08558976,4201180.0,27.92096144,46.277950480579264,3.888081584628986
720p,1280,720,128,128,7,128,1024,200.0,ws,gaussian,1019880.0,5.802606379999999,2044370.0,7.465337539999999,49.88725132926036,77.72731439012736
720p,1280,720,128,128,7,128,1024,200.0,ws,sobel,1024490.0,1.66273116,2044370.0,7.465337539999999,50.112748670739634,22.272685609872642
720p,1280,720,128,128,7,128,1024,800.0,os,gaussian,2200420.0,26.902571679999998,4106620.0,27.993161439999998,53.582264733527815,96.10408505542487
720p,1280,720,128,128,7,128,1024,800.0,os,sobel,1906200.0,1.09058976,4106620.0,27.993161439999998,46.417735266472185,3.895914944575121
720p,1280,720,128,128,7,128,1024,800.0,ws,gaussian,963340.0,5.81640638,1927810.0,7.48513754,49.97069213252343,77.70607218528144
720p,1280,720,128,128,7,128,1024,800.0,ws,sobel,964470.0,1.6687311599999999,1927810.0,7.48513754,50.02930786747657,22.29392781471855
720p,1280,720,128,128,7,128,4096,50.0,os,gaussian,3103140.0,4.89642168,5199460.0,5.98151144,59.6819669734934,81.859271341626
720p,1280,720,128,128,7,128,4096,50.0,os,sobel,2096320.0,1.08508976,5199460.0,5.98151144,40.3180330265066,18.140728658374012
720p,1280,720,128,128,7,128,4096,50.0,ws,gaussian,2095230.0,6.03130638,4208910.0,11.93873754,49.78082211308866,50.51879530639217
720p,1280,720,128,128,7,128,4096,50.0,ws,sobel,2113680.0,5.90743116,4208910.0,11.93873754,50.21917788691134,49.48120469360783
720p,1280,720,128,128,7,128,4096,200.0,os,gaussian,2411940.0,4.89777168,4356160.0,5.9833614399999995,55.36848967898332,81.85652378038523
720p,1280,720,128,128,7,128,4096,200.0,os,sobel,1944220.0,1.08558976,4356160.0,5.9833614399999995,44.63151032101668,18.143476219614772
720p,1280,720,128,128,7,128,4096,200.0,ws,gaussian,1232160.0,6.03280638,2468930.0,11.94113754,49.90663971842053,50.521203359324176
720p,1280,720,128,128,7,128,4096,200.0,ws,sobel,1236770.0,5.90833116,2468930.0,11.94113754,50.09336028157947,49.47879664067583
720p,1280,720,128,128,7,128,4096,800.0,os,gaussian,2239140.0,4.89937168,4145340.0,5.98996144,54.01583464806264,81.79304206005038
720p,1280,720,128,128,7,128,4096,800.0,os,sobel,1906200.0,1.09058976,4145340.0,5.98996144,45.98416535193736,18.20695793994961
720p,1280,720,128,128,7,128,4096,800.0,ws,gaussian,1016380.0,6.03400638,2033890.0,11.94593754,49.97222071990127,50.51094867854131
720p,1280,720,128,128,7,128,4096,800.0,ws,sobel,1017510.0,5.91193116,2033890.0,11.94593754,50.02777928009873,49.489051321458696
720p,1280,720,128,128,11,8,256,50.0,os,gaussian,15641010.0,33.038750719999996,18398070.0,35.771060479999996,85.01440640241069,92.3616752667211
720p,1280,720,128,128,11,8,256,50.0,os,sobel,2757060.0,2.73230976,18398070.0,35.771060479999996,14.985593597589311,7.638324733278918
720p,1280,720,128,128,11,8,256,50.0,ws,gaussian,14873150.0,13.44299502,16804450.0,14.87676218,88.50721088759227,90.36237090670491
720p,1280,720,128,128,11,8,256,50.0,ws,sobel,1931300.0,1.43376716,16804450.0,14.87676218,11.492789112407726,9.637629093295082
720p,1280,720,128,128,11,8,256,200.0,os,gaussian,15574200.0,33.093550719999996,18250610.0,35.83066048,85.33522989094611,92.36098435436934
720p,1280,720,128,128,11,8,256,200.0,os,sobel,2676410.0,2.73710976,18250610.0,35.83066048,14.66477010905389,7.639015645630655
720p,1280,720,128,128,11,8,256,200.0,ws,gaussian,14793310.0,13.46219502,16660480.0,14.89826218,88.79281989474494,90.36084113268035
720p,1280,720,128,128,11,8,256,200.0,ws,sobel,1867170.0,1.4360671600000001,16660480.0,14.89826218,11.207180105255071,9.639158867319653
720p,1280,720,128,128,11,8,256,800.0,os,gaussian,15557500.0,33.20675072,18213730.0,35.955860480000005,85.41633152572263,92.35420951327487
720p,1280,720,128,128,11,8,256,800.0,os,sobel,2656230.0,2.74910976,18213730.0,35.955860480000005,14.583668474277372,7.645790486725128
720p,1280,720,128,128,11,8,256,800.0,ws,gaussian,14773320.0,13.504195020000001,16624450.0,14.947262180000001,88.86501508320576,90.34560883041927
720p,1280,720,128,128,11,8,256,800.0,ws,sobel,1851130.0,1.44306716,16624450.0,14.947262180000001,11.13498491679424,9.654391169580729
720p,1280,720,128,128,11,8,1024,50.0,os,gaussian,15853590.0,22.24210072,18705910.0,23.33031048,84.75177096436367,95.33563961382822
720p,1280,720,128,128,11,8,1024,50.0,os,sobel,2852320.0,1.08820976,18705910.0,23.33031048,15.248229035636331,4.664360386171766
720p,1280,720,128,128,11,8,1024,50.0,ws,gaussian,15108780.0,14.172745019999999,17297070.0,15.94931218,87.348782192591,88.86116755412333
720p,1280,720,128,128,11,8,1024,50.0,ws,sobel,2188290.0,1.77656716,17297070.0,15.94931218,12.651217807409001,11.138832445876671
720p,1280,720,128,128,11,8,1024,200.0,os,gaussian,15627360.0,22.255750719999998,18327580.0,23.345060479999997,85.26690375925244,95.33387475721803
720p,1280,720,128,128,11,8,1024,200.0,os,sobel,2700220.0,1.08930976,18327580.0,23.345060479999997,14.733096240747551,4.66612524278198
720p,1280,720,128,128,11,8,1024,200.0,ws,gaussian,14852210.0,14.180395019999999,16783630.0,15.958462179999998,88.49223916399491,88.85815475235222
720p,1280,720,128,128,11,8,1024,200.0,ws,sobel,1931420.0,1.77806716,16783630.0,15.958462179999998,11.507760836005083,11.141845247647792
720p,1280,720,128,128,11,8,1024,800.0,os,gaussian,15570820.0,22.31395072,18233020.0,23.40946048,85.39901782590049,95.32022636345697
720p,1280,720,128,128,11,8,1024,800.0,os,sobel,2662200.0,1.0955097599999999,18233020.0,23.40946048,14.600982174099519,4.679773636543032
720p,1280,720,128,128,11,8,1024,800.0,ws,gaussian,14788060.0,14.21459502,16655250.0,15.99926218,88.78918058870326,88.8453158656845
720p,1280,720,128,128,11,8,1024,800.0,ws,sobel,1867190.0,1.7846671600000001,16655250.0,15.99926218,11.210819411296738,11.1546841343155
720p,1280,720,128,128,11,8,4096,50.0,os,gaussian,16702710.0,16.80360072,19555030.0,17.89181048,85.41388072531721,93.91783318286076
720p,1280,720,128,128,11,8,4096,50.0,os,sobel,2852320.0,1.08820976,19555030.0,17.89181048,14.58611927468278,6.0821668171392345
720p,1280,720,128,128,11,8,4096,50.0,ws,gaussian,16193900.0,18.17624502,18408290.0,20.08331218,87.97069146563858,90.50421990701734
720p,1280,720,128,128,11,8,4096,50.0,ws,sobel,2214390.0,1.90706716,18408290.0,20.08331218,12.029308534361421,9.49578009298265
720p,1280,720,128,128,11,8,4096,200.0,os,gaussian,15839640.0,16.80615072,18539860.0,17.89546048,85.43559660105309,93.9129269055836
720p,1280,720,128,128,11,8,4096,200.0,os,sobel,2700220.0,1.08930976,18539860.0,17.89546048,14.564403398946919,6.087073094416399
720p,1280,720,128,128,11,8,4096,200.0,ws,gaussian,15123490.0,18.17879502,17061410.0,20.086862179999997,88.64150149372179,90.50091974096475
720p,1280,720,128,128,11,8,4096,200.0,ws,sobel,1937920.0,1.9080671599999999,17061410.0,20.086862179999997,11.358498506278202,9.499080259035262
720p,1280,720,128,128,11,8,4096,800.0,os,gaussian,15623860.0,16.81315072,18286060.0,17.908660479999998,85.44136899911736,93.88279340476949
720p,1280,720,128,128,11,8,4096,800.0,os,sobel,2662200.0,1.0955097599999999,18286060.0,17.908660479999998,14.558631000882642,6.117206595230511
720p,1280,720,128,128,11,8,4096,800.0,ws,gaussian,14855850.0,18.18579502,16724640.0,20.098462180000002,88.82612719915048,90.4835148934763
720p,1280,720,128,128,11,8,4096,800.0,ws,sobel,1868790.0,1.91266716,16724640.0,20.098462180000002,11.173872800849525,9.516485106523707
720p,1280,720,128,128,11,16,256,50.0,os,gaussian,12226890.0,55.50940272,14580750.0,59.709328479999996,83.85638598837508,92.96604757260536
720p,1280,720,128,128,11,16,256,50.0,os,sobel,2353860.0,4.19992576,14580750.0,59.709328479999996,16.143614011624916,7.0339524273946425
720p,1280,720,128,128,11,16,256,50.0,ws,gaussian,7483400.0,12.674551020000001,8515220.0,13.91508218,87.88263838162726,91.08498861916172
720p,1280,720,128,128,11,16,256,50.0,ws,sobel,1031820.0,1.24053116,8515220.0,13.91508218,12.11736161837275,8.915011380838283
720p,1280,720,128,128,11,16,256,200.0,os,gaussian,8719800.0,55.60270272,10993010.0,59.80962848,79.32131418055656,92.9661396218056
720p,1280,720,128,128,11,16,256,200.0,os,sobel,2273210.0,4.20692576,10993010.0,59.80962848,20.678685819443444,7.033860378194411
720p,1280,720,128,128,11,16,256,200.0,ws,gaussian,7416970.0,12.69405102,8368140.0,13.93658218,88.63343586507874,91.08439110858096
720p,1280,720,128,128,11,16,256,200.0,ws,sobel,951170.0,1.24253116,8368140.0,13.93658218,11.366564134921262,8.915608891419028
720p,1280,720,128,128,11,16,256,800.0,os,gaussian,8703100.0,55.79110272,10956130.0,60.01502848,79.43589570404879,92.96188660244054
720p,1280,720,128,128,11,16,256,800.0,os,sobel,2253030.0,4.22392576,10956130.0,60.01502848,20.564104295951218,7.03811339755945
720p,1280,720,128,128,11,16,256,800.0,ws,gaussian,7400340.0,12.73485102,8331330.0,13.98438218,88.82543363424567,91.06480970044541
720p,1280,720,128,128,11,16,256,800.0,ws,sobel,930990.0,1.24953116,8331330.0,13.98438218,11.174566365754329,8.935190299554584
720p,1280,720,128,128,11,16,1024,50.0,os,gaussian,8999190.0,12.77095272,11448310.0,13.85427848,78.60714812928721,92.18056890105186
720p,1280,720,128,128,11,16,1024,50.0,os,sobel,2449120.0,1.08332576,11448310.0,13.85427848,21.392851870712796,7.819431098948142
720p,1280,720,128,128,11,16,1024,50.0,ws,gaussian,7825510.0,13.40430102,9055470.0,14.98763218,86.41749130635958,89.43574848258653
720p,1280,720,128,128,11,16,1024,50.0,ws,sobel,1229960.0,1.58333116,9055470.0,14.98763218,13.582508693640419,10.564251517413473
720p,1280,720,128,128,11,16,1024,200.0,os,gaussian,8772960.0,12.77890272,11069980.0,13.86302848,79.250007678424,92.17973358733228
720p,1280,720,128,128,11,16,1024,200.0,os,sobel,2297020.0,1.08412576,11069980.0,13.86302848,20.74999232157601,7.820266412667717
720p,1280,720,128,128,11,16,1024,200.0,ws,gaussian,7502520.0,13.41225102,8503240.0,14.996782179999999,88.23130947732865,89.43419234218683
720p,1280,720,128,128,11,16,1024,200.0,ws,sobel,1000720.0,1.5845311599999998,8503240.0,14.996782179999999,11.768690522671358,10.565807657813163
720p,1280,720,128,128,11,16,1024,800.0,os,gaussian,8716420.0,12.811902719999999,10975420.0,13.90222848,79.4176441539367,92.15718716198225
720p,1280,720,128,128,11,16,1024,800.0,os,sobel,2259000.0,1.09032576,10975420.0,13.90222848,20.582355846063294,7.8428128380177515
720p,1280,720,128,128,11,16,1024,800.0,ws,gaussian,7421750.0,13.445251019999999,8365150.0,15.036382179999999,88.72225841736251,89.41812504528932
720p,1280,720,128,128,11,16,1024,800.0,ws,sobel,943400.0,1.59113116,8365150.0,15.036382179999999,11.277741582637491,10.581874954710683
720p,1280,720,128,128,11,16,4096,50.0,os,gaussian,9848310.0,16.77445272,12297430.0,17.85777848,80.08429403542041,93.93359167707628
720p,1280,720,128,128,11,16,4096,50.0,os,sobel,2449120.0,1.08332576,12297430.0,17.85777848,19.91570596457959,6.066408322923714
720p,1280,720,128,128,11,16,4096,50.0,ws,gaussian,8674630.0,17.40780102,9930690.0,19.121632180000002,87.35173487441456,91.03721301682312
720p,1280,720,128,128,11,16,4096,50.0,ws,sobel,1256060.0,1.71383116,9930690.0,19.121632180000002,12.648265125585434,8.962786983176871
720p,1280,720,128,128,11,16,4096,200.0,os,gaussian,8985240.0,16.77730272,11282260.0,17.86142848,79.64042665210694,93.9303524283406
720p,1280,720,128,128,11,16,4096,200.0,os,sobel,2297020.0,1.08412576,11282260.0,17.86142848,20.359573347893065,6.069647571659397
720p,1280,720,128,128,11,16,4096,200.0,ws,gaussian,7714800.0,17.41065102,8722020.0,19.12518218,88.45198703969952,91.03521658584273
720p,1280,720,128,128,11,16,4096,200.0,ws,sobel,1007220.0,1.71453116,8722020.0,19.12518218,11.54801296030048,8.96478341415726
720p,1280,720,128,128,11,16,4096,800.0,os,gaussian,8769460.0,16.78310272,11028460.0,17.873428479999998,79.51663242193379,93.89973915066126
720p,1280,720,128,128,11,16,4096,800.0,os,sobel,2259000.0,1.09032576,11028460.0,17.873428479999998,20.483367578066204,6.100260849338739
720p,1280,720,128,128,11,16,4096,800.0,ws,gaussian,7474790.0,17.41645102,8419790.0,19.13558218,88.77644216779753,91.01604987071264
720p,1280,720,128,128,11,16,4096,800.0,ws,sobel,945000.0,1.71913116,8419790.0,19.13558218,11.223557832202466,8.983950129287365
720p,1280,720,128,128,11,32,256,50.0,os,gaussian,25654110.0,128.42187872,27806370.0,132.62011248,92.2598311106412,96.83439134419893
720p,1280,720,128,128,11,32,256,50.0,os,sobel,2152260.0,4.19823376,27806370.0,132.62011248,7.740168889358805,3.165608655801074
720p,1280,720,128,128,11,32,256,50.0,ws,gaussian,3794420.0,12.29917902,4829120.0,13.54061018,78.57373600159036,90.83179307655101
720p,1280,720,128,128,11,32,256,50.0,ws,sobel,1034700.0,1.2414311599999999,4829120.0,13.54061018,21.42626399840965,9.168206923448999
720p,1280,720,128,128,11,32,256,200.0,os,gaussian,6650200.0,128.63927872,8721810.0,132.84481248,76.24793477500657,96.83425067077184
720p,1280,720,128,128,11,32,256,200.0,os,sobel,2071610.0,4.20553376,8721810.0,132.84481248,23.752065224993434,3.165749329228155
720p,1280,720,128,128,11,32,256,200.0,ws,gaussian,3730290.0,12.31897902,4684340.0,13.56271018,79.63320339684992,90.82977411230063
720p,1280,720,128,128,11,32,256,200.0,ws,sobel,954050.0,1.24373116,4684340.0,13.56271018,20.36679660315007,9.170225887699386
720p,1280,720,128,128,11,32,256,800.0,os,gaussian,5275900.0,129.07287872,7327330.0,133.29421248,72.00303521200765,96.83307048261125
720p,1280,720,128,128,11,32,256,800.0,os,sobel,2051430.0,4.221333759999999,7327330.0,133.29421248,27.99696478799235,3.16692951738875
720p,1280,720,128,128,11,32,256,800.0,ws,gaussian,3714250.0,12.35737902,4648120.0,13.60691018,79.90865123964097,90.81693681026415
720p,1280,720,128,128,11,32,256,800.0,ws,sobel,933870.0,1.24953116,4648120.0,13.60691018,20.091348760359026,9.18306318973585
720p,1280,720,128,128,11,32,1024,50.0,os,gaussian,7819530.0,25.984028719999998,10067050.0,27.065662479999997,77.67449252760242,96.00366789174561
720p,1280,720,128,128,11,32,1024,50.0,os,sobel,2247520.0,1.08163376,10067050.0,27.065662479999997,22.325507472397575,3.9963321082543857
720p,1280,720,128,128,11,32,1024,50.0,ws,gaussian,4065850.0,13.028929020000001,5313130.0,14.685360180000002,76.52457214485622,88.72052752062632
720p,1280,720,128,128,11,32,1024,50.0,ws,sobel,1247280.0,1.65643116,5313130.0,14.685360180000002,23.475427855143767,11.27947247937367
720p,1280,720,128,128,11,32,1024,200.0,os,gaussian,5378510.0,26.00067872,7473930.0,27.08341248,71.96361218261343,96.00222549208097
720p,1280,720,128,128,11,32,1024,200.0,os,sobel,2095420.0,1.08273376,7473930.0,27.08341248,28.036387817386572,3.997774507919026
720p,1280,720,128,128,11,32,1024,200.0,ws,gaussian,3798150.0,13.03717902,4805360.0,14.69511018,79.03986381873574,88.71780381574519
720p,1280,720,128,128,11,32,1024,200.0,ws,sobel,1007210.0,1.65793116,4805360.0,14.69511018,20.960136181264254,11.282196184254808
720p,1280,720,128,128,11,32,1024,800.0,os,gaussian,5289220.0,26.06487872,7346620.0,27.15261248,71.99528490652844,95.9939996167912
720p,1280,720,128,128,11,32,1024,800.0,os,sobel,2057400.0,1.08773376,7346620.0,27.15261248,28.004715093471553,4.006000383208799
720p,1280,720,128,128,11,32,1024,800.0,ws,gaussian,3731220.0,13.06777902,4678410.0,14.73171018,79.75401899363244,88.70510524800454
720p,1280,720,128,128,11,32,1024,800.0,ws,sobel,947190.0,1.66393116,4678410.0,14.73171018,20.245981006367547,11.294894751995454
720p,1280,720,128,128,11,32,4096,50.0,os,gaussian,6421110.0,16.76872872,8668630.0,17.850362479999998,74.07295039700622,93.94055016411073
720p,1280,720,128,128,11,32,4096,50.0,os,sobel,2247520.0,1.08163376,8668630.0,17.850362479999998,25.927049602993783,6.059449835889272
720p,1280,720,128,128,11,32,4096,50.0,ws,gaussian,4914970.0,17.03242902,6468830.0,20.221760179999997,75.97927291333981,84.22822181842334
720p,1280,720,128,128,11,32,4096,50.0,ws,sobel,1553860.0,3.18933116,6468830.0,20.221760179999997,24.020727086660184,15.771778181576677
720p,1280,720,128,128,11,32,4096,200.0,os,gaussian,5558040.0,16.77187872,7653460.0,17.85461248,72.62127194758972,93.93583164455215
720p,1280,720,128,128,11,32,4096,200.0,os,sobel,2095420.0,1.08273376,7653460.0,17.85461248,27.378728052410285,6.064168355447835
720p,1280,720,128,128,11,32,4096,200.0,ws,gaussian,4010430.0,17.03557902,5094270.0,20.22611018,78.7243314547521,84.22568090648066
720p,1280,720,128,128,11,32,4096,200.0,ws,sobel,1083840.0,3.19053116,5094270.0,20.22611018,21.275668545247896,15.774319093519345
720p,1280,720,128,128,11,32,4096,800.0,os,gaussian,5342260.0,16.77527872,7399660.0,17.86301248,72.19601981712674,93.91069249255767
720p,1280,720,128,128,11,32,4096,800.0,os,sobel,2057400.0,1.08773376,7399660.0,17.86301248,27.803980182873268,6.089307507442329
720p,1280,720,128,128,11,32,4096,800.0,ws,gaussian,3784260.0,17.03897902,4750590.0,20.23411018,79.65873712528338,84.20918374182739
720p,1280,720,128,128,11,32,4096,800.0,ws,sobel,966330.0,3.19513116,4750590.0,20.23411018,20.341262874716616,15.790816258172615
720p,1280,720,128,128,11,64,256,50.0,os,gaussian,44805950.0,223.85426672000003,46857410.0,228.05300448000003,95.62190910679868,98.15887636754717
720p,1280,720,128,128,11,64,256,50.0,os,sobel,2051460.0,4.19873776,46857410.0,228.05300448000003,4.37809089320131,1.841123632452834
720p,1280,720,128,128,11,64,256,50.0,ws,gaussian,2342640.0,12.12874302,3383100.0,13.37197418,69.24536667553427,90.7027104355357
720p,1280,720,128,128,11,64,256,50.0,ws,sobel,1040460.0,1.2432311600000001,3383100.0,13.37197418,30.754633324465726,9.297289564464295
720p,1280,720,128,128,11,64,256,200.0,os,gaussian,11337360.0,224.23336672,13308170.0,228.43880448,85.19097667072182,98.15905280647353
720p,1280,720,128,128,11,64,256,200.0,os,sobel,1970810.0,4.20543776,13308170.0,228.43880448,14.809023329278181,1.8409471935264785
720p,1280,720,128,128,11,64,256,200.0,ws,gaussian,1892810.0,12.14824302,2852620.0,13.39317418,66.35338741227363,90.70473404386054
720p,1280,720,128,128,11,64,256,200.0,ws,sobel,959810.0,1.2449311600000001,2852620.0,13.39317418,33.64661258772637,9.29526595613946
720p,1280,720,128,128,11,64,256,800.0,os,gaussian,3720100.0,224.99216672,5670730.0,229.21220448,65.60178319193473,98.15889482430758
720p,1280,720,128,128,11,64,256,800.0,os,sobel,1950630.0,4.22003776,5670730.0,229.21220448,34.39821680806527,1.841105175692432
720p,1280,720,128,128,11,64,256,800.0,ws,gaussian,1872630.0,12.18784302,2812260.0,13.43737418,66.58808218301296,90.70107639139955
720p,1280,720,128,128,11,64,256,800.0,ws,sobel,939630.0,1.24953116,2812260.0,13.43737418,33.41191781698705,9.298923608600441
720p,1280,720,128,128,11,64,1024,50.0,os,gaussian,15165020.0,74.15261672,17311740.0,75.23475447999999,87.59962892233824,98.56165176921303
720p,1280,720,128,128,11,64,1024,50.0,os,sobel,2146720.0,1.08213776,17311740.0,75.23475447999999,12.400371077661749,1.4383482307869693
720p,1280,720,128,128,11,64,1024,50.0,ws,gaussian,2552840.0,12.858493020000001,3805880.0,14.51672418,67.07620839332822,88.57709811498258
720p,1280,720,128,128,11,64,1024,50.0,ws,sobel,1253040.0,1.6582311600000001,3805880.0,14.51672418,32.923791606671784,11.422901885017424
720p,1280,720,128,128,11,64,1024,200.0,os,gaussian,4119710.0,74.19956671999999,6114330.0,75.28220447999999,67.37794656160202,98.56189418538133
720p,1280,720,128,128,11,64,1024,200.0,os,sobel,1994620.0,1.08263776,6114330.0,75.28220447999999,32.62205343839799,1.4381058146186743
720p,1280,720,128,128,11,64,1024,200.0,ws,gaussian,1945970.0,12.86644302,2958940.0,14.52557418,65.765780989138,88.57786178060742
720p,1280,720,128,128,11,64,1024,200.0,ws,sobel,1012970.0,1.6591311599999998,2958940.0,14.52557418,34.234219010862,11.422138219392576
720p,1280,720,128,128,11,64,1024,800.0,os,gaussian,3575620.0,74.38736672,5532220.0,75.47380448,64.63264295346171,98.56051014324063
720p,1280,720,128,128,11,64,1024,800.0,os,sobel,1956600.0,1.08643776,5532220.0,75.47380448,35.36735704653828,1.4394898567593712
720p,1280,720,128,128,11,64,1024,800.0,ws,gaussian,1885950.0,12.89824302,2838900.0,14.562174180000001,66.43242100813696,88.57360762594585
720p,1280,720,128,128,11,64,1024,800.0,ws,sobel,952950.0,1.66393116,2838900.0,14.562174180000001,33.567578991863044,11.426392374054132
720p,1280,720,128,128,11,64,4096,50.0,os,gaussian,8482310.0,35.65611672,10629030.0,36.73825448,79.80323698399572,97.05446604549732
720p,1280,720,128,128,11,64,4096,50.0,os,sobel,2146720.0,1.08213776,10629030.0,36.73825448,20.196763016004283,2.9455339545026744
720p,1280,720,128,128,11,64,4096,50.0,ws,gaussian,3504220.0,16.86199302,5548730.0,22.47757418,63.153550452085426,75.01696083825358
720p,1280,720,128,128,11,64,4096,50.0,ws,sobel,2044510.0,5.6155811600000005,5548730.0,22.47757418,36.84644954791457,24.98303916174641
720p,1280,720,128,128,11,64,4096,200.0,os,gaussian,3844440.0,35.66196672,5839060.0,36.74460448,65.84004959702418,97.0536143324409
720p,1280,720,128,128,11,64,4096,200.0,os,sobel,1994620.0,1.08263776,5839060.0,36.74460448,34.15995040297582,2.9463856675591025
720p,1280,720,128,128,11,64,4096,200.0,ws,gaussian,2158250.0,16.864843020000002,3369080.0,22.481174180000004,64.06051503674594,75.01762534718281
720p,1280,720,128,128,11,64,4096,200.0,ws,sobel,1210830.0,5.6163311600000005,3369080.0,22.481174180000004,35.93948496325407,24.982374652817178
720p,1280,720,128,128,11,64,4096,800.0,os,gaussian,3628660.0,35.67056672,5585260.0,36.75700448,64.96850639003377,97.04427013199309
720p,1280,720,128,128,11,64,4096,800.0,os,sobel,1956600.0,1.08643776,5585260.0,36.75700448,35.03149360996623,2.9557298680069155
720p,1280,720,128,128,11,64,4096,800.0,ws,gaussian,1938990.0,16.86944302,2941380.0,22.48857418,65.9210982600004,75.0133951800407
720p,1280,720,128,128,11,64,4096,800.0,ws,sobel,1002390.0,5.61913116,2941380.0,22.48857418,34.07890173999959,24.986604819959286
720p,1280,720,128,128,11,128,256,50.0,ws,gaussian,2339670.0,12.065575019999999,3391650.0,13.312406179999998,68.983238246871,90.63406612492649
720p,1280,720,128,128,11,128,256,50.0,ws,sobel,1051980.0,1.24683116,3391650.0,13.312406179999998,31.016761753129007,9.365933875073514
720p,1280,720,128,128,11,128,256,200.0,ws,gaussian,966720.0,12.08507502,1938050.0,13.33360618,49.88106601996852,90.6362079159593
720p,1280,720,128,128,11,128,256,200.0,ws,sobel,971330.0,1.24853116,1938050.0,13.33360618,50.11893398003148,9.363792084040687
720p,1280,720,128,128,11,128,256,800.0,ws,gaussian,950020.0,12.12467502,1901170.0,13.37900618,49.97028145825991,90.62463128333798
720p,1280,720,128,128,11,128,256,800.0,ws,sobel,951150.0,1.25433116,1901170.0,13.37900618,50.02971854174009,9.375368716662033
720p,1280,720,128,128,11,128,1024,50.0,os,gaussian,29773410.0,148.78656072,31869730.0,149.87165048,93.42222227800487,99.27598731546311
720p,1280,720,128,128,11,128,1024,50.0,os,sobel,2096320.0,1.08508976,31869730.0,149.87165048,6.577777721995134,0.7240126845368948
720p,1280,720,128,128,11,128,1024,50.0,ws,gaussian,2517090.0,12.80822502,3781650.0,14.47005618,66.56062829717186,88.5153786597116
720p,1280,720,128,128,11,128,1024,50.0,ws,sobel,1264560.0,1.66183116,3781650.0,14.47005618,33.43937170282813,11.484621340288397
720p,1280,720,128,128,11,128,1024,200.0,os,gaussian,7560810.0,148.88121071999998,9505030.0,149.96680048,79.54535651123669,99.27611327538806
720p,1280,720,128,128,11,128,1024,200.0,os,sobel,1944220.0,1.08558976,9505030.0,149.96680048,20.45464348876332,0.7238867246119433
720p,1280,720,128,128,11,128,1024,200.0,ws,gaussian,1019880.0,12.816475019999999,2044370.0,14.479206179999998,49.88725132926036,88.51642044923211
720p,1280,720,128,128,11,128,1024,200.0,ws,sobel,1024490.0,1.66273116,2044370.0,14.479206179999998,50.112748670739634,11.483579550767887
720p,1280,720,128,128,11,128,1024,800.0,os,gaussian,2718820.0,149.25981072,4625020.0,150.35040048,58.785043091705546,99.27463461585853
720p,1280,720,128,128,11,128,1024,800.0,os,sobel,1906200.0,1.09058976,4625020.0,150.35040048,41.214956908294454,0.7253653841414764
720p,1280,720,128,128,11,128,1024,800.0,ws,gaussian,963340.0,12.84947502,1927810.0,14.51820618,49.97069213252343,88.50594116579767
720p,1280,720,128,128,11,128,1024,800.0,ws,sobel,964470.0,1.6687311599999999,1927810.0,14.51820618,50.02930786747657,11.49405883420234
720p,1280,720,128,128,11,128,4096,50.0,os,gaussian,7625510.0,35.69826072,9721830.0,36.78335048,78.43698151479711,97.0500518690107
720p,1280,720,128,128,11,128,4096,50.0,os,sobel,2096320.0,1.08508976,9721830.0,36.78335048,21.56301848520289,2.9499481309892897
720p,1280,720,128,128,11,128,4096,50.0,ws,gaussian,3420450.0,16.81172502,5534130.0,22.71915618,61.80646280445165,73.9980168576842
720p,1280,720,128,128,11,128,4096,50.0,ws,sobel,2113680.0,5.90743116,5534130.0,22.71915618,38.19353719554835,26.001983142315808
720p,1280,720,128,128,11,128,4096,200.0,os,gaussian,2987640.0,35.70441072,4931860.0,36.790000479999996,60.57836191619389,97.04922602382092
720p,1280,720,128,128,11,128,4096,200.0,os,sobel,1944220.0,1.08558976,4931860.0,36.790000479999996,39.42163808380611,2.950773976179084
720p,1280,720,128,128,11,128,4096,200.0,ws,gaussian,1232160.0,16.81487502,2468930.0,22.72320618,49.90663971842053,73.99869053161933
720p,1280,720,128,128,11,128,4096,200.0,ws,sobel,1236770.0,5.90833116,2468930.0,22.72320618,50.09336028157947,26.00130946838067
720p,1280,720,128,128,11,128,4096,800.0,os,gaussian,2771860.0,35.714210720000004,4678060.0,36.804800480000004,59.25233964506654,97.03682740898803
720p,1280,720,128,128,11,128,4096,800.0,os,sobel,1906200.0,1.09058976,4678060.0,36.804800480000004,40.74766035493346,2.9631725910119644
720p,1280,720,128,128,11,128,4096,800.0,ws,gaussian,1016380.0,16.82067502,2033890.0,22.732606179999998,49.97222071990127,73.9936058664436
720p,1280,720,128,128,11,128,4096,800.0,ws,sobel,1017510.0,5.91193116,2033890.0,22.732606179999998,50.02777928009873,26.006394133556405
hires,2048,2048,128,128,3,8,256,50.0,os,gaussian,12443648.0,12.767511347200001,24971264.0,26.006567321600002,49.83187074550972,49.093412403550175
hires,2048,2048,128,128,3,8,256,50.0,os,sobel,12527616.0,13.2390559744,24971264.0,26.006567321600002,50.16812925449028,50.906587596449825
hires,2048,2048,128,128,3,8,256,50.0,ws,gaussian,8868864.0,5.6031887872,17604096.0,12.0947426816,50.3795480324579,46.32747413241172
hires,2048,2048,128,128,3,8,256,50.0,ws,sobel,8735232.0,6.4915538944,17604096.0,12.0947426816,49.6204519675421,53.672525867588284
hires,2048,2048,128,128,3,8,256,200.0,os,gaussian,12154624.0,12.790551347200001,24330240.0,26.0526473216,49.95686026936027,49.0950159087882
hires,2048,2048,128,128,3,8,256,200.0,os,sobel,12175616.0,13.2620959744,24330240.0,26.0526473216,50.04313973063973,50.904984091211816
hires,2048,2048,128,128,3,8,256,200.0,ws,gaussian,8516864.0,5.6134287872,17000448.0,12.115222681599999,50.09787977352126,46.333682299751686
hires,2048,2048,128,128,3,8,256,200.0,ws,sobel,8483584.0,6.5017938943999996,17000448.0,12.115222681599999,49.902120226478736,53.66631770024832
hires,2048,2048,128,128,3,8,256,800.0,os,gaussian,12082432.0,12.8468713472,24169984.0,26.165287321599997,49.9894083504565,49.098911811278434
hires,2048,2048,128,128,3,8,256,800.0,os,sobel,12087552.0,13.318415974399999,24169984.0,26.165287321599997,50.0105916495435,50.901088188721566
hires,2048,2048,128,128,3,8,256,800.0,ws,gaussian,8428800.0,5.6441487872,16849408.0,12.1766626816,50.02430945941839,46.35218150313715
hires,2048,2048,128,128,3,8,256,800.0,ws,sobel,8420608.0,6.532513894399999,16849408.0,12.1766626816,49.9756905405816,53.64781849686284
hires,2048,2048,128,128,3,8,1024,50.0,os,gaussian,12897280.0,4.480791347199999,25878528.0,9.433127321599999,49.837765115542894,47.50059226848208
hires,2048,2048,128,128,3,8,1024,50.0,os,sobel,12981248.0,4.9523359743999995,25878528.0,9.433127321599999,50.1622348844571,52.49940773151792
hires,2048,2048,128,128,3,8,1024,50.0,ws,gaussian,9775872.0,7.1225487871999995,19719424.0,15.1334626816,49.57483545158317,47.06489808085985
hires,2048,2048,128,128,3,8,1024,50.0,ws,sobel,9943552.0,8.0109138944,19719424.0,15.1334626816,50.42516454841683,52.93510191914015
hires,2048,2048,128,128,3,8,1024,200.0,os,gaussian,12268032.0,4.4859113472,24557056.0,9.4433673216,49.95725872026354,47.503302523658974
hires,2048,2048,128,128,3,8,1024,200.0,os,sobel,12289024.0,4.957455974399999,24557056.0,9.4433673216,50.04274127973647,52.49669747634101
hires,2048,2048,128,128,3,8,1024,200.0,ws,gaussian,8743680.0,7.1289487872,17529344.0,15.1462626816,49.88024651692613,47.06737851483586
hires,2048,2048,128,128,3,8,1024,200.0,ws,sobel,8785664.0,8.017313894399999,17529344.0,15.1462626816,50.11975348307387,52.932621485164134
hires,2048,2048,128,128,3,8,1024,800.0,os,gaussian,12110848.0,4.5115113472,24226816.0,9.4945673216,49.98943319666934,47.51676610830257
hires,2048,2048,128,128,3,8,1024,800.0,os,sobel,12115968.0,4.9830559744,24226816.0,9.4945673216,50.01056680333066,52.48323389169743
hires,2048,2048,128,128,3,8,1024,800.0,ws,gaussian,8485632.0,7.1596687872,16981760.0,15.2077026816,49.969096253862965,47.07922647555819
hires,2048,2048,128,128,3,8,1024,800.0,ws,sobel,8496128.0,8.0480338944,16981760.0,15.2077026816,50.030903746137035,52.9207735244418
hires,2048,2048,128,128,3,8,4096,50.0,os,gaussian,12897280.0,4.480791347199999,25878528.0,9.433127321599999,49.837765115542894,47.50059226848208
hires,2048,2048,128,128,3,8,4096,50.0,os,sobel,12981248.0,4.9523359743999995,25878528.0,9.433127321599999,50.1622348844571,52.49940773151792
hires,2048,2048,128,128,3,8,4096,50.0,ws,gaussian,9909504.0,7.7907087872,19986688.0,16.4697826816,49.58052079464091,47.30304544882525
hires,2048,2048,128,128,3,8,4096,50.0,ws,sobel,10077184.0,8.6790738944,19986688.0,16.4697826816,50.41947920535909,52.696954551174734
hires,2048,2048,128,128,3,8,4096,200.0,os,gaussian,12268032.0,4.4859113472,24557056.0,9.4433673216,49.95725872026354,47.503302523658974
hires,2048,2048,128,128,3,8,4096,200.0,os,sobel,12289024.0,4.957455974399999,24557056.0,9.4433673216,50.04274127973647,52.49669747634101
hires,2048,2048,128,128,3,8,4096,200.0,ws,gaussian,8776960.0,7.7945487872,17595904.0,16.477462681600002,49.880699508249194,47.30430247555038
hires,2048,2048,128,128,3,8,4096,200.0,ws,sobel,8818944.0,8.6829138944,17595904.0,16.477462681600002,50.119300491750806,52.6956975244496
hires,2048,2048,128,128,3,8,4096,800.0,os,gaussian,12110848.0,4.5115113472,24226816.0,9.4945673216,49.98943319666934,47.51676610830257
hires,2048,2048,128,128,3,8,4096,800.0,os,sobel,12115968.0,4.9830559744,24226816.0,9.4945673216,50.01056680333066,52.48323389169743
hires,2048,2048,128,128,3,8,4096,800.0,ws,gaussian,8493824.0,7.8150287872,16998144.0,16.5184226816,49.969126041054835,47.31098687712611
hires,2048,2048,128,128,3,8,4096,800.0,ws,sobel,8504320.0,8.7033938944,16998144.0,16.5184226816,50.030873958945165,52.689013122873874
hires,2048,2048,128,128,3,16,256,50.0,os,gaussian,10608640.0,20.2961948672,21301248.0,41.052137881600004,49.802903566964716,49.44004359952461
hires,2048,2048,128,128,3,16,256,50.0,os,sobel,10692608.0,20.755943014400003,21301248.0,41.052137881600004,50.197096433035284,50.55995640047539
hires,2048,2048,128,128,3,16,256,50.0,ws,gaussian,4591104.0,5.1640668672,9266176.0,10.7760969216,49.54691126091281,47.921496110980186
hires,2048,2048,128,128,3,16,256,50.0,ws,sobel,4675072.0,5.6120300544,9266176.0,10.7760969216,50.45308873908719,52.0785038890198
hires,2048,2048,128,128,3,16,256,200.0,os,gaussian,10319616.0,20.3307548672,20660224.0,41.1212578816,49.949197065820776,49.44098482040147
hires,2048,2048,128,128,3,16,256,200.0,os,sobel,10340608.0,20.790503014400002,20660224.0,41.1212578816,50.05080293417923,50.55901517959853
hires,2048,2048,128,128,3,16,256,200.0,ws,gaussian,4302080.0,5.1730268672,8625152.0,10.7940169216,49.87830939095334,47.924946799446005
hires,2048,2048,128,128,3,16,256,200.0,ws,sobel,4323072.0,5.6209900544,8625152.0,10.7940169216,50.12169060904665,52.07505320055399
hires,2048,2048,128,128,3,16,256,800.0,os,gaussian,10247424.0,20.4126748672,20499968.0,41.2850978816,49.987512175628765,49.44320327334757
hires,2048,2048,128,128,3,16,256,800.0,os,sobel,10252544.0,20.872423014400002,20499968.0,41.2850978816,50.01248782437124,50.55679672665243
hires,2048,2048,128,128,3,16,256,800.0,ws,gaussian,4229888.0,5.2037468672,8464896.0,10.855456921599998,49.96975745478739,47.93669124001289
hires,2048,2048,128,128,3,16,256,800.0,ws,sobel,4235008.0,5.6517100544,8464896.0,10.855456921599998,50.0302425452126,52.063308759987116
hires,2048,2048,128,128,3,16,1024,50.0,os,gaussian,11062272.0,4.4702748672,22208512.0,9.4002978816,49.81095536702324,47.554608625222905
hires,2048,2048,128,128,3,16,1024,50.0,os,sobel,11146240.0,4.9300230144,22208512.0,9.4002978816,50.18904463297677,52.44539137477708
hires,2048,2048,128,128,3,16,1024,50.0,ws,gaussian,5498112.0,6.6834268672,11080192.0,13.814816921599999,49.62108959844739,48.37868576274945
hires,2048,2048,128,128,3,16,1024,50.0,ws,sobel,5582080.0,7.1313900544,11080192.0,13.814816921599999,50.37891040155261,51.62131423725056
hires,2048,2048,128,128,3,16,1024,200.0,os,gaussian,10433024.0,4.4741148672,20887040.0,9.4079778816,49.949748743718594,47.556604867773075
hires,2048,2048,128,128,3,16,1024,200.0,os,sobel,10454016.0,4.9338630144,20887040.0,9.4079778816,50.050251256281406,52.443395132226925
hires,2048,2048,128,128,3,16,1024,200.0,ws,gaussian,4528896.0,6.6885468671999995,9078784.0,13.825056921599998,49.88438980374465,48.37988664444444
hires,2048,2048,128,128,3,16,1024,200.0,ws,sobel,4549888.0,7.1365100543999995,9078784.0,13.825056921599998,50.11561019625535,51.62011335555556
hires,2048,2048,128,128,3,16,1024,800.0,os,gaussian,10275840.0,4.4997148672,20556800.0,9.459177881599999,49.987546699875466,47.56983031213367
hires,2048,2048,128,128,3,16,1024,800.0,os,sobel,10280960.0,4.9594630144,20556800.0,9.459177881599999,50.012453300124534,52.43016968786633
hires,2048,2048,128,128,3,16,1024,800.0,ws,gaussian,4286720.0,6.7192668672,8578560.0,13.8864969216,49.97015816174276,48.387054741994696
hires,2048,2048,128,128,3,16,1024,800.0,ws,sobel,4291840.0,7.1672300544,8578560.0,13.8864969216,50.02984183825724,51.612945258005304
hires,2048,2048,128,128,3,16,4096,50.0,os,gaussian,11062272.0,4.4702748672,22208512.0,9.4002978816,49.81095536702324,47.554608625222905
hires,2048,2048,128,128,3,16,4096,50.0,os,sobel,11146240.0,4.9300230144,22208512.0,9.4002978816,50.18904463297677,52.44539137477708
hires,2048,2048,128,128,3,16,4096,50.0,ws,gaussian,5631744.0,7.3515868672,11347456.0,15.1511369216,49.63001398727609,48.52168457879433
hires,2048,2048,128,128,3,16,4096,50.0,ws,sobel,5715712.0,7.7995500544,11347456.0,15.1511369216,50.36998601272391,51.47831542120568
hires,2048,2048,128,128,3,16,4096,200.0,os,gaussian,10433024.0,4.4741148672,20887040.0,9.4079778816,49.949748743718594,47.556604867773075
hires,2048,2048,128,128,3,16,4096,200.0,os,sobel,10454016.0,4.9338630144,20887040.0,9.4079778816,50.050251256281406,52.443395132226925
hires,2048,2048,128,128,3,16,4096,200.0,ws,gaussian,4562176.0,7.3541468672,9145344.0,15.1562569216,49.885231217108945,48.52218397485205
hires,2048,2048,128,128,3,16,4096,200.0,ws,sobel,4583168.0,7.8021100544,9145344.0,15.1562569216,50.11476878289105,51.47781602514795
hires,2048,2048,128,128,3,16,4096,800.0,os,gaussian,10275840.0,4.4997148672,20556800.0,9.459177881599999,49.987546699875466,47.56983031213367
hires,2048,2048,128,128,3,16,4096,800.0,os,sobel,10280960.0,4.9594630144,20556800.0,9.459177881599999,50.012453300124534,52.43016968786633
hires,2048,2048,128,128,3,16,4096,800.0,ws,gaussian,4294912.0,7.3746268672,8594944.0,15.197216921599999,49.970215047358074,48.52616702942726
hires,2048,2048,128,128,3,16,4096,800.0,ws,sobel,4300032.0,7.8225900544,8594944.0,15.197216921599999,50.02978495264192,51.473832970572744
hires,2048,2048,128,128,3,32,256,50.0,os,gaussian,9691136.0,20.2941366272,19466240.0,41.0421231616,49.78432403997896,49.4470925573063
hires,2048,2048,128,128,3,32,256,50.0,os,sobel,9775104.0,20.747986534400003,19466240.0,41.0421231616,50.215675960021045,50.552907442693694
hires,2048,2048,128,128,3,32,256,50.0,ws,gaussian,4603392.0,5.1679068672,9290752.0,10.7837769216,49.54810977625923,47.92297638175951
hires,2048,2048,128,128,3,32,256,50.0,ws,sobel,4687360.0,5.615870054399999,9290752.0,10.7837769216,50.45189022374077,52.07702361824049
hires,2048,2048,128,128,3,32,256,200.0,os,gaussian,9402112.0,20.3299766272,18825216.0,41.1138031616,49.94424499564839,49.44805652566837
hires,2048,2048,128,128,3,32,256,200.0,os,sobel,9423104.0,20.783826534400003,18825216.0,41.1138031616,50.05575500435161,50.55194347433163
hires,2048,2048,128,128,3,32,256,200.0,ws,gaussian,4314368.0,5.1781468672,8649728.0,10.8042569216,49.878655143838046,47.926913482108944
hires,2048,2048,128,128,3,32,256,200.0,ws,sobel,4335360.0,5.6261100544,8649728.0,10.8042569216,50.121344856161954,52.07308651789104
hires,2048,2048,128,128,3,32,256,800.0,os,gaussian,9329920.0,20.4067766272,18664960.0,41.2674031616,49.98628446029351,49.45011089573196
hires,2048,2048,128,128,3,32,256,800.0,os,sobel,9335040.0,20.8606265344,18664960.0,41.2674031616,50.01371553970648,50.54988910426803
hires,2048,2048,128,128,3,32,256,800.0,ws,gaussian,4242176.0,5.2037468672,8489472.0,10.855456921599998,49.96984500331705,47.93669124001289
hires,2048,2048,128,128,3,32,256,800.0,ws,sobel,4247296.0,5.6517100544,8489472.0,10.855456921599998,50.03015499668295,52.063308759987116
hires,2048,2048,128,128,3,32,1024,50.0,os,gaussian,10144768.0,4.4682166271999995,20373504.0,9.3902831616,49.79392842782469,47.58340670142971
hires,2048,2048,128,128,3,32,1024,50.0,os,sobel,10228736.0,4.9220665344,20373504.0,9.3902831616,50.20607157217532,52.41659329857029
hires,2048,2048,128,128,3,32,1024,50.0,ws,gaussian,5510400.0,6.6872668672,11104768.0,13.822496921599999,49.62192816635161,48.379586590827955
hires,2048,2048,128,128,3,32,1024,50.0,ws,sobel,5594368.0,7.1352300544,11104768.0,13.822496921599999,50.3780718336484,51.62041340917205
hires,2048,2048,128,128,3,32,1024,200.0,os,gaussian,9515520.0,4.4733366272,19052032.0,9.400523161599999,49.94490876353767,47.58603909911142
hires,2048,2048,128,128,3,32,1024,200.0,os,sobel,9536512.0,4.9271865344,19052032.0,9.400523161599999,50.05509123646233,52.41396090088859
hires,2048,2048,128,128,3,32,1024,200.0,ws,gaussian,4541184.0,6.6936668672,9103360.0,13.8352969216,49.884701912260965,48.38108574850813
hires,2048,2048,128,128,3,32,1024,200.0,ws,sobel,4562176.0,7.141630054399999,9103360.0,13.8352969216,50.115298087739035,51.61891425149187
hires,2048,2048,128,128,3,32,1024,800.0,os,gaussian,9358336.0,4.4938166272,18721792.0,9.4414831616,49.98632609527977,47.59651158916493
hires,2048,2048,128,128,3,32,1024,800.0,os,sobel,9363456.0,4.9476665344,18721792.0,9.4414831616,50.013673904720235,52.40348841083505
hires,2048,2048,128,128,3,32,1024,800.0,ws,gaussian,4299008.0,6.7192668672,8603136.0,13.8864969216,49.970243408915074,48.387054741994696
hires,2048,2048,128,128,3,32,1024,800.0,ws,sobel,4304128.0,7.1672300544,8603136.0,13.8864969216,50.029756591084926,51.612945258005304
hires,2048,2048,128,128,3,32,4096,50.0,os,gaussian,10144768.0,4.4682166271999995,20373504.0,9.3902831616,49.79392842782469,47.58340670142971
hires,2048,2048,128,128,3,32,4096,50.0,os,sobel,10228736.0,4.9220665344,20373504.0,9.3902831616,50.20607157217532,52.41659329857029
hires,2048,2048,128,128,3,32,4096,50.0,ws,gaussian,6986240.0,14.0664668672,14056448.0,28.5808969216,49.7013185692431,49.21632412651569
hires,2048,2048,128,128,3,32,4096,50.0,ws,sobel,7070208.0,14.5144300544,14056448.0,28.5808969216,50.2986814307569,50.78367587348431
hires,2048,2048,128,128,3,32,4096,200.0,os,gaussian,9515520.0,4.4733366272,19052032.0,9.400523161599999,49.94490876353767,47.58603909911142
hires,2048,2048,128,128,3,32,4096,200.0,os,sobel,9536512.0,4.9271865344,19052032.0,9.400523161599999,50.05509123646233,52.41396090088859
hires,2048,2048,128,128,3,32,4096,200.0,ws,gaussian,4910080.0,14.0715868672,9841152.0,28.5911369216,49.89334581967639,49.21660480234073
hires,2048,2048,128,128,3,32,4096,200.0,ws,sobel,4931072.0,14.5195500544,9841152.0,28.5911369216,50.10665418032361,50.78339519765927
hires,2048,2048,128,128,3,32,4096,800.0,os,gaussian,9358336.0,4.4938166272,18721792.0,9.4414831616,49.98632609527977,47.59651158916493
hires,2048,2048,128,128,3,32,4096,800.0,os,sobel,9363456.0,4.9476665344,18721792.0,9.4414831616,50.013673904720235,52.40348841083505
hires,2048,2048,128,128,3,32,4096,800.0,ws,gaussian,4391168.0,14.092066867200002,8787456.0,28.632096921600002,49.970867563945696,49.21772549801957
hires,2048,2048,128,128,3,32,4096,800.0,ws,sobel,4396288.0,14.540030054399999,8787456.0,28.632096921600002,50.029132436054304,50.78227450198042
hires,2048,2048,128,128,3,64,256,50.0,os,gaussian,9232384.0,20.2988675072,18548736.0,41.0486358016,49.77365573589489,49.45077250632721
hires,2048,2048,128,128,3,64,256,50.0,os,sobel,9316352.0,20.749768294400003,18548736.0,41.0486358016,50.226344264105116,50.5492274936728
hires,2048,2048,128,128,3,64,256,50.0,ws,gaussian,4627968.0,5.1755868672,9339904.0,10.799136921599999,49.55048788510032,47.92593060699137
hires,2048,2048,128,128,3,64,256,50.0,ws,sobel,4711936.0,5.6235500544,9339904.0,10.799136921599999,50.44951211489968,52.074069393008635
hires,2048,2048,128,128,3,64,256,200.0,os,gaussian,8943360.0,20.332147507200002,17907712.0,41.1151958016,49.94138838060384,49.45166163214228
hires,2048,2048,128,128,3,64,256,200.0,os,sobel,8964352.0,20.7830482944,17907712.0,41.1151958016,50.05861161939615,50.54833836785772
hires,2048,2048,128,128,3,64,256,200.0,ws,gaussian,4338944.0,5.1832668671999995,8698880.0,10.8144969216,49.87934078869923,47.928876440358145
hires,2048,2048,128,128,3,64,256,200.0,ws,sobel,4359936.0,5.6312300544,8698880.0,10.8144969216,50.12065921130077,52.07112355964184
hires,2048,2048,128,128,3,64,256,800.0,os,gaussian,8871168.0,20.4038275072,17747456.0,41.2585558016,49.9855753973978,49.453566928798665
hires,2048,2048,128,128,3,64,256,800.0,os,sobel,8876288.0,20.8547282944,17747456.0,41.2585558016,50.014424602602205,50.54643307120135
hires,2048,2048,128,128,3,64,256,800.0,ws,gaussian,4266752.0,5.2037468672,8538624.0,10.855456921599998,49.97001858847515,47.93669124001289
hires,2048,2048,128,128,3,64,256,800.0,ws,sobel,4271872.0,5.6517100544,8538624.0,10.855456921599998,50.02998141152486,52.063308759987116
hires,2048,2048,128,128,3,64,1024,50.0,os,gaussian,9686016.0,4.4729475072,19456000.0,9.3967958016,49.78421052631579,47.60077372798063
hires,2048,2048,128,128,3,64,1024,50.0,os,sobel,9769984.0,4.9238482944,19456000.0,9.3967958016,50.21578947368421,52.39922627201937
hires,2048,2048,128,128,3,64,1024,50.0,ws,gaussian,5534976.0,6.6949468672,11153920.0,13.8378569216,49.623594216203806,48.3813852472316
hires,2048,2048,128,128,3,64,1024,50.0,ws,sobel,5618944.0,7.1429100544,11153920.0,13.8378569216,50.37640578379619,51.61861475276839
hires,2048,2048,128,128,3,64,1024,200.0,os,gaussian,9056768.0,4.4755075072,18134528.0,9.4019158016,49.94212146023321,47.602080274302885
hires,2048,2048,128,128,3,64,1024,200.0,os,sobel,9077760.0,4.9264082944,18134528.0,9.4019158016,50.05787853976679,52.39791972569711
hires,2048,2048,128,128,3,64,1024,200.0,ws,gaussian,4565760.0,6.6987868672,9152512.0,13.8455369216,49.88532110091743,48.38228307888462
hires,2048,2048,128,128,3,64,1024,200.0,ws,sobel,4586752.0,7.1467500544,9152512.0,13.8455369216,50.11467889908256,51.617716921115374
hires,2048,2048,128,128,3,64,1024,800.0,os,gaussian,8899584.0,4.4908675072,17804288.0,9.4326358016,49.98562144130672,47.609889766317934
hires,2048,2048,128,128,3,64,1024,800.0,os,sobel,8904704.0,4.941768294399999,17804288.0,9.4326358016,50.014378558693274,52.39011023368205
hires,2048,2048,128,128,3,64,1024,800.0,ws,gaussian,4323584.0,6.7192668672,8652288.0,13.8864969216,49.970412450440854,48.387054741994696
hires,2048,2048,128,128,3,64,1024,800.0,ws,sobel,4328704.0,7.1672300544,8652288.0,13.8864969216,50.02958754955914,51.612945258005304
hires,2048,2048,128,128,3,64,4096,50.0,os,gaussian,9686016.0,4.4729475072,19456000.0,9.3967958016,49.78421052631579,47.60077372798063
hires,2048,2048,128,128,3,64,4096,50.0,os,sobel,9769984.0,4.9238482944,19456000.0,9.3967958016,50.21578947368421,52.39922627201937
hires,2048,2048,128,128,3,64,4096,50.0,ws,gaussian,9157888.0,24.8095068672,18399744.0,50.0669769216,49.77182291231878,49.552636073972
hires,2048,2048,128,128,3,64,4096,50.0,ws,sobel,9241856.0,25.257470054400002,18399744.0,50.0669769216,50.228177087681225,50.447363926028
hires,2048,2048,128,128,3,64,4096,200.0,os,gaussian,9056768.0,4.4755075072,18134528.0,9.4019158016,49.94212146023321,47.602080274302885
hires,2048,2048,128,128,3,64,4096,200.0,os,sobel,9077760.0,4.9264082944,18134528.0,9.4019158016,50.05787853976679,52.39791972569711
hires,2048,2048,128,128,3,64,4096,200.0,ws,gaussian,5471488.0,24.8133468672,10963968.0,50.0746569216,49.90426823573363,49.55270468662285
hires,2048,2048,128,128,3,64,4096,200.0,ws,sobel,5492480.0,25.261310054400003,10963968.0,50.0746569216,50.09573176426637,50.44729531337715
hires,2048,2048,128,128,3,64,4096,800.0,os,gaussian,8899584.0,4.4908675072,17804288.0,9.4326358016,49.98562144130672,47.609889766317934
hires,2048,2048,128,128,3,64,4096,800.0,os,sobel,8904704.0,4.941768294399999,17804288.0,9.4326358016,50.014378558693274,52.39011023368205
hires,2048,2048,128,128,3,64,4096,800.0,ws,gaussian,4549888.0,24.8235868672,9104896.0,50.0951369216,49.97188325929258,49.55288755084044
hires,2048,2048,128,128,3,64,4096,800.0,ws,sobel,4555008.0,25.271550054400002,9104896.0,50.0951369216,50.02811674070742,50.44711244915956
hires,2048,2048,128,128,3,128,256,50.0,os,gaussian,9003008.0,20.3127529472,18089984.0,41.0749321216,49.76791577040643,49.4529190871582
hires,2048,2048,128,128,3,128,256,50.0,os,sobel,9086976.0,20.7621791744,18089984.0,41.0749321216,50.23208422959357,50.5470809128418
hires,2048,2048,128,128,3,128,256,50.0,ws,gaussian,4677120.0,5.1909468672,9438208.0,10.8298569216,49.55516979494413,47.93181391756644
hires,2048,2048,128,128,3,128,256,50.0,ws,sobel,4761088.0,5.638910054399999,9438208.0,10.8298569216,50.44483020505588,52.06818608243356
hires,2048,2048,128,128,3,128,256,200.0,os,gaussian,8713984.0,20.3460329472,17448960.0,41.1414921216,49.939847417840376,49.45380417186663
hires,2048,2048,128,128,3,128,256,200.0,os,sobel,8734976.0,20.7954591744,17448960.0,41.1414921216,50.060152582159624,50.54619582813338
hires,2048,2048,128,128,3,128,256,200.0,ws,gaussian,4388096.0,5.1986268672,8797184.0,10.845216921599999,49.88068909323711,47.9347430741205
hires,2048,2048,128,128,3,128,256,200.0,ws,sobel,4409088.0,5.6465900544,8797184.0,10.845216921599999,50.11931090676289,52.06525692587951
hires,2048,2048,128,128,3,128,256,800.0,os,gaussian,8641792.0,20.4228329472,17288704.0,41.2950921216,49.985192643705396,49.45583578567086
hires,2048,2048,128,128,3,128,256,800.0,os,sobel,8646912.0,20.8722591744,17288704.0,41.2950921216,50.01480735629461,50.54416421432914
hires,2048,2048,128,128,3,128,256,800.0,ws,gaussian,4315904.0,5.2242268672,8636928.0,10.8964169216,49.97035983164385,47.94444728747483
hires,2048,2048,128,128,3,128,256,800.0,ws,sobel,4321024.0,5.6721900544,8636928.0,10.8964169216,50.02964016835616,52.05555271252516
hires,2048,2048,128,128,3,128,1024,50.0,os,gaussian,9456640.0,4.4868329472,18997248.0,9.4230921216,49.778999568779646,47.6152932529981
hires,2048,2048,128,128,3,128,1024,50.0,os,sobel,9540608.0,4.9362591744,18997248.0,9.4230921216,50.221000431220354,52.38470674700191
hires,2048,2048,128,128,3,128,1024,50.0,ws,gaussian,5584128.0,6.7103068672,11252224.0,13.868576921599999,49.62688265004323,48.3849706075383
hires,2048,2048,128,128,3,128,1024,50.0,ws,sobel,5668096.0,7.1582700544,11252224.0,13.868576921599999,50.37311734995677,51.61502939246171
hires,2048,2048,128,128,3,128,1024,200.0,os,gaussian,8827392.0,4.4893929472,17675776.0,9.4282121216,49.94061929728007,47.61658827037649
hires,2048,2048,128,128,3,128,1024,200.0,os,sobel,8848384.0,4.9388191744,17675776.0,9.4282121216,50.05938070271993,52.38341172962351
hires,2048,2048,128,128,3,128,1024,200.0,ws,gaussian,4614912.0,6.7141468672,9250816.0,13.8762569216,49.88653973876467,48.38586446715795
hires,2048,2048,128,128,3,128,1024,200.0,ws,sobel,4635904.0,7.162110054399999,9250816.0,13.8762569216,50.11346026123533,51.61413553284204
hires,2048,2048,128,128,3,128,1024,800.0,os,gaussian,8670208.0,4.5098729472,17345536.0,9.4691721216,49.98524115945451,47.626897993675605
hires,2048,2048,128,128,3,128,1024,800.0,os,sobel,8675328.0,4.9592991744,17345536.0,9.4691721216,50.01475884054548,52.3731020063244
hires,2048,2048,128,128,3,128,1024,800.0,ws,gaussian,4372736.0,6.7397468672,8750592.0,13.9274569216,49.97074483646364,48.39179833862829
hires,2048,2048,128,128,3,128,1024,800.0,ws,sobel,4377856.0,7.187710054399999,8750592.0,13.9274569216,50.02925516353637,51.6082016613717
hires,2048,2048,128,128,3,128,4096,50.0,os,gaussian,9456640.0,4.4868329472,18997248.0,9.4230921216,49.778999568779646,47.6152932529981
hires,2048,2048,128,128,3,128,4096,50.0,os,sobel,9540608.0,4.9362591744,18997248.0,9.4230921216,50.221000431220354,52.38470674700191
hires,2048,2048,128,128,3,128,4096,50.0,ws,gaussian,9207040.0,24.8248668672,18498048.0,50.097696921600004,49.77303551163885,49.5529103983552
hires,2048,2048,128,128,3,128,4096,50.0,ws,sobel,9291008.0,25.2728300544,18498048.0,50.097696921600004,50.22696448836115,50.44708960164479
hires,2048,2048,128,128,3,128,4096,200.0,os,gaussian,8827392.0,4.4893929472,17675776.0,9.4282121216,49.94061929728007,47.61658827037649
hires,2048,2048,128,128,3,128,4096,200.0,os,sobel,8848384.0,4.9388191744,17675776.0,9.4282121216,50.05938070271993,52.38341172962351
hires,2048,2048,128,128,3,128,4096,200.0,ws,gaussian,5520640.0,24.8287068672,11062272.0,50.1053769216,49.90511894844025,49.55297892689149
hires,2048,2048,128,128,3,128,4096,200.0,ws,sobel,5541632.0,25.2766700544,11062272.0,50.1053769216,50.094881051559746,50.44702107310851
hires,2048,2048,128,128,3,128,4096,800.0,os,gaussian,8670208.0,4.5098729472,17345536.0,9.4691721216,49.98524115945451,47.626897993675605
hires,2048,2048,128,128,3,128,4096,800.0,os,sobel,8675328.0,4.9592991744,17345536.0,9.4691721216,50.01475884054548,52.3731020063244
hires,2048,2048,128,128,3,128,4096,800.0,ws,gaussian,4599040.0,24.844066867200002,9203200.0,50.1360969216,49.97218358831711,49.55325283108845
hires,2048,2048,128,128,3,128,4096,800.0,ws,sobel,4604160.0,25.2920300544,9203200.0,50.1360969216,50.02781641168289,50.44674716891156
hires,2048,2048,128,128,5,8,256,50.0,os,gaussian,20832256.0,22.20802048,33359872.0,35.4470764544,62.44705015654737,62.651204842150946
hires,2048,2048,128,128,5,8,256,50.0,os,sobel,12527616.0,13.2390559744,33359872.0,35.4470764544,37.55294984345264,37.348795157849054
hires,2048,2048,128,128,5,8,256,50.0,ws,gaussian,17135104.0,12.8668992,25870336.0,19.3584530944,66.23456301456618,66.46656701987271
hires,2048,2048,128,128,5,8,256,50.0,ws,sobel,8735232.0,6.4915538944,25870336.0,19.3584530944,33.765436985433816,33.53343298012728
hires,2048,2048,128,128,5,8,256,200.0,os,gaussian,20543232.0,22.24386048,32718848.0,35.5059564544,62.78714947421131,62.648250325456246
hires,2048,2048,128,128,5,8,256,200.0,os,sobel,12175616.0,13.2620959744,32718848.0,35.5059564544,37.21285052578868,37.351749674543754
hires,2048,2048,128,128,5,8,256,200.0,ws,gaussian,16883456.0,12.8848192,25367040.0,19.3866130944,66.5566656574831,66.46245601157584
hires,2048,2048,128,128,5,8,256,200.0,ws,sobel,8483584.0,6.5017938943999996,25367040.0,19.3866130944,33.443334342516906,33.53754398842416
hires,2048,2048,128,128,5,8,256,800.0,os,gaussian,20471040.0,22.33090048,32558592.0,35.6493164544,62.87446336745766,62.640473088913375
hires,2048,2048,128,128,5,8,256,800.0,os,sobel,12087552.0,13.318415974399999,32558592.0,35.6493164544,37.125536632542335,37.35952691108662
hires,2048,2048,128,128,5,8,256,800.0,ws,gaussian,16820480.0,12.9360192,25241088.0,19.4685330944,66.63928274407189,66.44578272679908
hires,2048,2048,128,128,5,8,256,800.0,ws,sobel,8420608.0,6.532513894399999,25241088.0,19.4685330944,33.360717255928115,33.554217273200905
hires,2048,2048,128,128,5,8,1024,50.0,os,gaussian,21739264.0,13.18402048,34720512.0,18.136356454399998,62.612164244582566,72.69387604477453
hires,2048,2048,128,128,5,8,1024,50.0,os,sobel,12981248.0,4.9523359743999995,34720512.0,18.136356454399998,37.387835755417434,27.306123955225477
hires,2048,2048,128,128,5,8,1024,50.0,ws,gaussian,18343424.0,14.3977792,28286976.0,22.4086930944,64.84759629307848,64.25086523050311
hires,2048,2048,128,128,5,8,1024,50.0,ws,sobel,9943552.0,8.0109138944,28286976.0,22.4086930944,35.15240370692152,35.74913476949689
hires,2048,2048,128,128,5,8,1024,200.0,os,gaussian,20770048.0,13.19170048,33059072.0,18.1491564544,62.8270751217699,72.68492347368499
hires,2048,2048,128,128,5,8,1024,200.0,os,sobel,12289024.0,4.957455974399999,33059072.0,18.1491564544,37.1729248782301,27.315076526315007
hires,2048,2048,128,128,5,8,1024,200.0,ws,gaussian,17185536.0,14.4054592,25971200.0,22.4227730944,66.171513060621,64.2447708824994
hires,2048,2048,128,128,5,8,1024,200.0,ws,sobel,8785664.0,8.017313894399999,25971200.0,22.4227730944,33.828486939379005,35.7552291175006
hires,2048,2048,128,128,5,8,1024,800.0,os,gaussian,20527872.0,13.23778048,32643840.0,18.2208364544,62.884366545112336,72.65188133996624
hires,2048,2048,128,128,5,8,1024,800.0,os,sobel,12115968.0,4.9830559744,32643840.0,18.2208364544,37.11563345488766,27.34811866003376
hires,2048,2048,128,128,5,8,1024,800.0,ws,gaussian,16896000.0,14.4515392,25392128.0,22.4995730944,66.54030729523733,64.23028178964381
hires,2048,2048,128,128,5,8,1024,800.0,ws,sobel,8496128.0,8.0480338944,25392128.0,22.4995730944,33.45969270476267,35.7697182103562
hires,2048,2048,128,128,5,8,4096,50.0,os,gaussian,22627840.0,11.58402048,35609088.0,16.5363564544,63.54512645760543,70.05183101817885
hires,2048,2048,128,128,5,8,4096,50.0,os,sobel,12981248.0,4.9523359743999995,35609088.0,16.5363564544,36.45487354239457,29.948168981821144
hires,2048,2048,128,128,5,8,4096,50.0,ws,gaussian,19819264.0,15.7340992,29896448.0,24.4131730944,66.29303922659976,64.44921821165948
hires,2048,2048,128,128,5,8,4096,50.0,ws,sobel,10077184.0,8.6790738944,29896448.0,24.4131730944,33.70696077340024,35.55078178834051
hires,2048,2048,128,128,5,8,4096,200.0,os,gaussian,20992000.0,11.58402048,33281024.0,16.541476454399998,63.07498230823667,70.03014822729851
hires,2048,2048,128,128,5,8,4096,200.0,os,sobel,12289024.0,4.957455974399999,33281024.0,16.541476454399998,36.92501769176333,29.9698517727015
hires,2048,2048,128,128,5,8,4096,200.0,ws,gaussian,17554432.0,15.7366592,26373376.0,24.4195730944,66.56118655419769,64.44281044212357
hires,2048,2048,128,128,5,8,4096,200.0,ws,sobel,8818944.0,8.6829138944,26373376.0,24.4195730944,33.43881344580231,35.557189557876434
hires,2048,2048,128,128,5,8,4096,800.0,os,gaussian,20583168.0,11.59938048,32699136.0,16.5824364544,62.947131080160645,69.9497960501589
hires,2048,2048,128,128,5,8,4096,800.0,os,sobel,12115968.0,4.9830559744,32699136.0,16.5824364544,37.05286891983935,30.050203949841105
hires,2048,2048,128,128,5,8,4096,800.0,ws,gaussian,16988160.0,15.7622592,25492480.0,24.4656530944,66.63988752761598,64.42607168172371
hires,2048,2048,128,128,5,8,4096,800.0,ws,sobel,8504320.0,8.7033938944,25492480.0,24.4656530944,33.36011247238401,35.57392831827628
hires,2048,2048,128,128,5,16,256,50.0,os,gaussian,38824960.0,191.05845248,49517568.0,211.8143954944,78.40643546952872,90.20088178334001
hires,2048,2048,128,128,5,16,256,50.0,os,sobel,10692608.0,20.755943014400003,49517568.0,211.8143954944,21.593564530471287,9.799118216659997
hires,2048,2048,128,128,5,16,256,50.0,ws,gaussian,8881152.0,11.99121536,13556224.0,17.6032454144,65.5134645163727,68.11934434653064
hires,2048,2048,128,128,5,16,256,50.0,ws,sobel,4675072.0,5.6120300544,13556224.0,17.6032454144,34.4865354836273,31.880655653469365
hires,2048,2048,128,128,5,16,256,200.0,os,gaussian,14833664.0,191.38101248,25174272.0,212.1715154944,58.92390453237337,90.20108662279469
hires,2048,2048,128,128,5,16,256,200.0,os,sobel,10340608.0,20.790503014400002,25174272.0,212.1715154944,41.07609546762664,9.798913377205311
hires,2048,2048,128,128,5,16,256,200.0,ws,gaussian,8529152.0,12.00913536,12852224.0,17.6301254144,66.36323798900486,68.11712950261337
hires,2048,2048,128,128,5,16,256,200.0,ws,sobel,4323072.0,5.6209900544,12852224.0,17.6301254144,33.63676201099514,31.882870497386634
hires,2048,2048,128,128,5,16,256,800.0,os,gaussian,14441728.0,192.03637248,24694272.0,212.9087954944,58.482096576890385,90.19654262477428
hires,2048,2048,128,128,5,16,256,800.0,os,sobel,10252544.0,20.872423014400002,24694272.0,212.9087954944,41.51790342310962,9.80345737522572
hires,2048,2048,128,128,5,16,256,800.0,ws,gaussian,8441088.0,12.05521536,12676096.0,17.7069254144,66.59059697875435,68.08192319032531
hires,2048,2048,128,128,5,16,256,800.0,ws,sobel,4235008.0,5.6517100544,12676096.0,17.7069254144,33.40940302124566,31.918076809674684
hires,2048,2048,128,128,5,16,1024,50.0,os,gaussian,15709952.0,13.15637248,26856192.0,18.0863954944,58.49657315527086,72.74181571487553
hires,2048,2048,128,128,5,16,1024,50.0,os,sobel,11146240.0,4.9300230144,26856192.0,18.0863954944,41.50342684472914,27.25818428512446
hires,2048,2048,128,128,5,16,1024,50.0,ws,gaussian,9788160.0,13.52209536,15370240.0,20.6534854144,63.68254497001998,65.47125140714574
hires,2048,2048,128,128,5,16,1024,50.0,ws,sobel,5582080.0,7.1313900544,15370240.0,20.6534854144,36.31745502998001,34.528748592854264
hires,2048,2048,128,128,5,16,1024,200.0,os,gaussian,14740736.0,13.16405248,25194752.0,18.0979154944,58.50716847699077,72.73794865532071
hires,2048,2048,128,128,5,16,1024,200.0,os,sobel,10454016.0,4.9338630144,25194752.0,18.0979154944,41.49283152300924,27.26205134467931
hires,2048,2048,128,128,5,16,1024,200.0,ws,gaussian,8755968.0,13.52977536,13305856.0,20.6662854144,65.80537171002001,65.46786269859908
hires,2048,2048,128,128,5,16,1024,200.0,ws,sobel,4549888.0,7.1365100543999995,13305856.0,20.6662854144,34.19462828997999,34.532137301400915
hires,2048,2048,128,128,5,16,1024,800.0,os,gaussian,14498560.0,13.20501248,24779520.0,18.1644754944,58.51025362880314,72.69691042866074
hires,2048,2048,128,128,5,16,1024,800.0,os,sobel,10280960.0,4.9594630144,24779520.0,18.1644754944,41.48974637119686,27.303089571339246
hires,2048,2048,128,128,5,16,1024,800.0,ws,gaussian,8497920.0,13.57073536,12789760.0,20.7379654144,66.4431545236189,65.43908762899552
hires,2048,2048,128,128,5,16,1024,800.0,ws,sobel,4291840.0,7.1672300544,12789760.0,20.7379654144,33.556845476381106,34.56091237100448
hires,2048,2048,128,128,5,16,4096,50.0,os,gaussian,16598528.0,11.55637248,27744768.0,16.4863954944,59.8257949030246,70.09641667231263
hires,2048,2048,128,128,5,16,4096,50.0,os,sobel,11146240.0,4.9300230144,27744768.0,16.4863954944,40.1742050969754,29.903583327687365
hires,2048,2048,128,128,5,16,4096,50.0,ws,gaussian,11264000.0,14.85841536,16979712.0,22.6579654144,66.33799206959459,65.57700609145122
hires,2048,2048,128,128,5,16,4096,50.0,ws,sobel,5715712.0,7.7995500544,16979712.0,22.6579654144,33.662007930405416,34.422993908548776
hires,2048,2048,128,128,5,16,4096,200.0,os,gaussian,14962688.0,11.55637248,25416704.0,16.4902354944,58.869505660529384,70.08009366466892
hires,2048,2048,128,128,5,16,4096,200.0,os,sobel,10454016.0,4.9338630144,25416704.0,16.4902354944,41.13049433947061,29.91990633533108
hires,2048,2048,128,128,5,16,4096,200.0,ws,gaussian,9124864.0,14.86097536,13708032.0,22.6630854144,66.56582068089716,65.57348696465407
hires,2048,2048,128,128,5,16,4096,200.0,ws,sobel,4583168.0,7.8021100544,13708032.0,22.6630854144,33.434179319102846,34.426513035345934
hires,2048,2048,128,128,5,16,4096,800.0,os,gaussian,14553856.0,11.56661248,24834816.0,16.5260754944,58.602632691138126,69.99007407366283
hires,2048,2048,128,128,5,16,4096,800.0,os,sobel,10280960.0,4.9594630144,24834816.0,16.5260754944,41.39736730886188,30.00992592633717
hires,2048,2048,128,128,5,16,4096,800.0,ws,gaussian,8590080.0,14.88145536,12890112.0,22.7040454144,66.64084842707341,65.54539108947283
hires,2048,2048,128,128,5,16,4096,800.0,ws,sobel,4300032.0,7.8225900544,12890112.0,22.7040454144,33.3591515729266,34.45460891052718
hires,2048,2048,128,128,5,32,256,50.0,os,gaussian,315466752.0,1575.24942848,325241856.0,1595.9974150144,96.99451229303034,98.69999873814251
hires,2048,2048,128,128,5,32,256,50.0,os,sobel,9775104.0,20.747986534400003,325241856.0,1595.9974150144,3.0054877069696713,1.3000012618574825
hires,2048,2048,128,128,5,32,256,50.0,ws,gaussian,4603392.0,11.56105344,9290752.0,17.1769234944,49.54810977625923,67.30572819847
hires,2048,2048,128,128,5,32,256,50.0,ws,sobel,4687360.0,5.615870054399999,9290752.0,17.1769234944,50.45189022374077,32.694271801529986
hires,2048,2048,128,128,5,32,256,200.0,os,gaussian,79206144.0,1577.92206848,88629248.0,1598.7058950144,89.36795221369812,98.69995934841957
hires,2048,2048,128,128,5,32,256,200.0,os,sobel,9423104.0,20.783826534400003,88629248.0,1598.7058950144,10.632047786301877,1.3000406515804332
hires,2048,2048,128,128,5,32,256,200.0,ws,gaussian,4314368.0,11.57897344,8649728.0,17.2050834944,49.878655143838046,67.2997224556846
hires,2048,2048,128,128,5,32,256,200.0,ws,sobel,4335360.0,5.6261100544,8649728.0,17.2050834944,50.121344856161954,32.70027754431541
hires,2048,2048,128,128,5,32,256,800.0,os,gaussian,20134912.0,1583.26734848,29469952.0,1604.1279750144,68.32353171121555,98.69956594116422
hires,2048,2048,128,128,5,32,256,800.0,os,sobel,9335040.0,20.8606265344,29469952.0,1604.1279750144,31.676468288784456,1.3004340588357821
hires,2048,2048,128,128,5,32,256,800.0,ws,gaussian,4242176.0,11.61481344,8489472.0,17.2665234944,49.96984500331705,67.26781707833078
hires,2048,2048,128,128,5,32,256,800.0,ws,sobel,4247296.0,5.6517100544,8489472.0,17.2665234944,50.03015499668295,32.732182921669214
hires,2048,2048,128,128,5,32,1024,50.0,os,gaussian,12695296.0,13.15022848,22924032.0,18.0722950144,55.37985638826538,72.76457400414226
hires,2048,2048,128,128,5,32,1024,50.0,os,sobel,10228736.0,4.9220665344,22924032.0,18.0722950144,44.62014361173462,27.23542599585774
hires,2048,2048,128,128,5,32,1024,50.0,ws,gaussian,5510400.0,13.09193344,11104768.0,20.2271634944,49.62192816635161,64.72451485164775
hires,2048,2048,128,128,5,32,1024,50.0,ws,sobel,5594368.0,7.1352300544,11104768.0,20.2271634944,50.3780718336484,35.27548514835225
hires,2048,2048,128,128,5,32,1024,200.0,os,gaussian,11726080.0,13.15790848,21262592.0,18.0850950144,55.14887366507338,72.75553968349739
hires,2048,2048,128,128,5,32,1024,200.0,os,sobel,9536512.0,4.9271865344,21262592.0,18.0850950144,44.85112633492662,27.244460316502604
hires,2048,2048,128,128,5,32,1024,200.0,ws,gaussian,4541184.0,13.09961344,9103360.0,20.2412434944,49.884701912260965,64.71743420123461
hires,2048,2048,128,128,5,32,1024,200.0,ws,sobel,4562176.0,7.141630054399999,9103360.0,20.2412434944,50.115298087739035,35.28256579876539
hires,2048,2048,128,128,5,32,1024,800.0,os,gaussian,11483904.0,13.18862848,20847360.0,18.136295014399998,55.0856511328053,72.7195299234402
hires,2048,2048,128,128,5,32,1024,800.0,os,sobel,9363456.0,4.9476665344,20847360.0,18.136295014399998,44.9143488671947,27.28047007655981
hires,2048,2048,128,128,5,32,1024,800.0,ws,gaussian,4299008.0,13.13033344,8603136.0,20.2975634944,49.970243408915074,64.689209833597
hires,2048,2048,128,128,5,32,1024,800.0,ws,sobel,4304128.0,7.1672300544,8603136.0,20.2975634944,50.029756591084926,35.310790166403
hires,2048,2048,128,128,5,32,4096,50.0,os,gaussian,13583872.0,11.55022848,23812608.0,16.4722950144,57.044873035326496,70.11912104477759
hires,2048,2048,128,128,5,32,4096,50.0,os,sobel,10228736.0,4.9220665344,23812608.0,16.4722950144,42.955126964673504,29.88087895522241
hires,2048,2048,128,128,5,32,4096,50.0,ws,gaussian,6986240.0,14.42825344,14056448.0,28.9426834944,49.7013185692431,49.85112538991647
hires,2048,2048,128,128,5,32,4096,50.0,ws,sobel,7070208.0,14.5144300544,14056448.0,28.9426834944,50.2986814307569,50.14887461008354
hires,2048,2048,128,128,5,32,4096,200.0,os,gaussian,11948032.0,11.55022848,21484544.0,16.4774150144,55.61222058052524,70.09733304590547
hires,2048,2048,128,128,5,32,4096,200.0,os,sobel,9536512.0,4.9271865344,21484544.0,16.4774150144,44.38777941947477,29.902666954094535
hires,2048,2048,128,128,5,32,4096,200.0,ws,gaussian,4910080.0,14.43081344,9841152.0,28.9503634944,49.89334581967639,49.8467435228971
hires,2048,2048,128,128,5,32,4096,200.0,ws,sobel,4931072.0,14.5195500544,9841152.0,28.9503634944,50.10665418032361,50.15325647710289
hires,2048,2048,128,128,5,32,4096,800.0,os,gaussian,11539200.0,11.55022848,20902656.0,16.4978950144,55.204467795862875,70.01031628531102
hires,2048,2048,128,128,5,32,4096,800.0,os,sobel,9363456.0,4.9476665344,20902656.0,16.4978950144,44.795532204137125,29.989683714688965
hires,2048,2048,128,128,5,32,4096,800.0,ws,gaussian,4391168.0,14.44105344,8787456.0,28.981083494399996,49.970867563945696,49.8292392787538
hires,2048,2048,128,128,5,32,4096,800.0,ws,sobel,4396288.0,14.540030054399999,8787456.0,28.981083494399996,50.029132436054304,50.1707607212462
hires,2048,2048,128,128,5,64,256,50.0,os,gaussian,315521024.0,1575.26171648,324837376.0,1596.0114847743998,97.13199505712052,98.6998985601076
hires,2048,2048,128,128,5,64,256,50.0,os,sobel,9316352.0,20.749768294400003,324837376.0,1596.0114847743998,2.8680049428794794,1.3001014398923973
hires,2048,2048,128,128,5,64,256,50.0,ws,gaussian,4627968.0,11.58153344,9339904.0,17.2050834944,49.55048788510032,67.31460177900107
hires,2048,2048,128,128,5,64,256,50.0,ws,sobel,4711936.0,5.6235500544,9339904.0,17.2050834944,50.44951211489968,32.68539822099894
hires,2048,2048,128,128,5,64,256,200.0,os,gaussian,79246336.0,1577.93435648,88210688.0,1598.7174047744,89.83756707577204,98.70001738691694
hires,2048,2048,128,128,5,64,256,200.0,os,sobel,8964352.0,20.7830482944,88210688.0,1598.7174047744,10.162432924227957,1.2999826130830647
hires,2048,2048,128,128,5,64,256,200.0,ws,gaussian,4338944.0,11.59945344,8698880.0,17.230683494399997,49.87934078869923,67.31859153335294
hires,2048,2048,128,128,5,64,256,200.0,ws,sobel,4359936.0,5.6312300544,8698880.0,17.230683494399997,50.12065921130077,32.68140846664706
hires,2048,2048,128,128,5,64,256,800.0,os,gaussian,20145408.0,1583.27963648,29021696.0,1604.1343647744,69.41499214932166,98.69993881109
hires,2048,2048,128,128,5,64,256,800.0,os,sobel,8876288.0,20.8547282944,29021696.0,1604.1343647744,30.585007850678338,1.3000611889100038
hires,2048,2048,128,128,5,64,256,800.0,ws,gaussian,4266752.0,11.63529344,8538624.0,17.2870034944,49.97001858847515,67.30659506009337
hires,2048,2048,128,128,5,64,256,800.0,ws,sobel,4271872.0,5.6517100544,8538624.0,17.2870034944,50.02998141152486,32.693404939906614
hires,2048,2048,128,128,5,64,1024,50.0,os,gaussian,11187968.0,13.16251648,20957952.0,18.0863647744,53.38292596528515,72.77590961026415
hires,2048,2048,128,128,5,64,1024,50.0,os,sobel,9769984.0,4.9238482944,20957952.0,18.0863647744,46.61707403471485,27.22409038973585
hires,2048,2048,128,128,5,64,1024,50.0,ws,gaussian,5534976.0,13.11241344,11153920.0,20.2553234944,49.623594216203806,64.73564070020997
hires,2048,2048,128,128,5,64,1024,50.0,ws,sobel,5618944.0,7.1429100544,11153920.0,20.2553234944,50.37640578379619,35.26435929979003
hires,2048,2048,128,128,5,64,1024,200.0,os,gaussian,10218752.0,13.17019648,19296512.0,18.0966047744,52.95647213340939,72.77716811625878
hires,2048,2048,128,128,5,64,1024,200.0,os,sobel,9077760.0,4.9264082944,19296512.0,18.0966047744,47.04352786659061,27.22283188374123
hires,2048,2048,128,128,5,64,1024,200.0,ws,gaussian,4565760.0,13.12009344,9152512.0,20.2668434944,49.88532110091743,64.73673832644565
hires,2048,2048,128,128,5,64,1024,200.0,ws,sobel,4586752.0,7.1467500544,9152512.0,20.2668434944,50.11467889908256,35.26326167355436
hires,2048,2048,128,128,5,64,1024,800.0,os,gaussian,9976576.0,13.20091648,18881280.0,18.1426847744,52.83845163039794,72.76164825741218
hires,2048,2048,128,128,5,64,1024,800.0,os,sobel,8904704.0,4.941768294399999,18881280.0,18.1426847744,47.161548369602066,27.23835174258783
hires,2048,2048,128,128,5,64,1024,800.0,ws,gaussian,4323584.0,13.15081344,8652288.0,20.3180434944,49.970412450440854,64.7248020884717
hires,2048,2048,128,128,5,64,1024,800.0,ws,sobel,4328704.0,7.1672300544,8652288.0,20.3180434944,50.02958754955914,35.275197911528295
hires,2048,2048,128,128,5,64,4096,50.0,os,gaussian,12076544.0,11.56251648,21846528.0,16.4863647744,55.27900817924019,70.13381444740479
hires,2048,2048,128,128,5,64,4096,50.0,os,sobel,9769984.0,4.9238482944,21846528.0,16.4863647744,44.72099182075981,29.86618555259522
hires,2048,2048,128,128,5,64,4096,50.0,ws,gaussian,9157888.0,25.18409344,18399744.0,50.4415634944,49.77182291231878,49.927265721642286
hires,2048,2048,128,128,5,64,4096,50.0,ws,sobel,9241856.0,25.257470054400002,18399744.0,50.4415634944,50.228177087681225,50.07273427835772
hires,2048,2048,128,128,5,64,4096,200.0,os,gaussian,10440704.0,11.56251648,19518464.0,16.488924774399997,53.49142227585122,70.1229257710695
hires,2048,2048,128,128,5,64,4096,200.0,os,sobel,9077760.0,4.9264082944,19518464.0,16.488924774399997,46.508577724148786,29.87707422893051
hires,2048,2048,128,128,5,64,4096,200.0,ws,gaussian,5471488.0,25.18793344,10963968.0,50.4492434944,49.90426823573363,49.92727679414246
hires,2048,2048,128,128,5,64,4096,200.0,ws,sobel,5492480.0,25.261310054400003,10963968.0,50.4492434944,50.09573176426637,50.07272320585754
hires,2048,2048,128,128,5,64,4096,800.0,os,gaussian,10031872.0,11.56251648,18936576.0,16.5042847744,52.97616633545579,70.05766464921135
hires,2048,2048,128,128,5,64,4096,800.0,os,sobel,8904704.0,4.941768294399999,18936576.0,16.5042847744,47.02383366454421,29.942335350788646
hires,2048,2048,128,128,5,64,4096,800.0,ws,gaussian,4549888.0,25.19305344,9104896.0,50.4646034944,49.97188325929258,49.92222606642623
hires,2048,2048,128,128,5,64,4096,800.0,ws,sobel,4555008.0,25.271550054400002,9104896.0,50.4646034944,50.02811674070742,50.077773933573766
hires,2048,2048,128,128,5,128,256,50.0,os,gaussian,147709184.0,736.93954048,156796160.0,757.7017196544,94.20459276553711,97.25984795390593
hires,2048,2048,128,128,5,128,256,50.0,os,sobel,9086976.0,20.7621791744,156796160.0,757.7017196544,5.795407234462885,2.7401520460940705
hires,2048,2048,128,128,5,128,256,50.0,ws,gaussian,4677120.0,11.62249344,9438208.0,17.2614034944,49.55516979494413,67.3322620826899
hires,2048,2048,128,128,5,128,256,50.0,ws,sobel,4761088.0,5.638910054399999,9438208.0,17.2614034944,50.44483020505588,32.667737917310106
hires,2048,2048,128,128,5,128,256,200.0,os,gaussian,37136384.0,738.18882048,45871360.0,758.9842796544,80.95766944777743,97.26009355768619
hires,2048,2048,128,128,5,128,256,200.0,os,sobel,8734976.0,20.7954591744,45871360.0,758.9842796544,19.042330552222563,2.7399064423138144
hires,2048,2048,128,128,5,128,256,200.0,ws,gaussian,4388096.0,11.64041344,8797184.0,17.2870034944,49.88068909323711,67.33621268585286
hires,2048,2048,128,128,5,128,256,200.0,ws,sobel,4409088.0,5.6465900544,8797184.0,17.2870034944,50.11931090676289,32.663787314147136
hires,2048,2048,128,128,5,128,256,800.0,os,gaussian,9516544.0,740.68738048,18163456.0,761.5596396544,52.39390565319728,97.25927450883925
hires,2048,2048,128,128,5,128,256,800.0,os,sobel,8646912.0,20.8722591744,18163456.0,761.5596396544,47.60609434680273,2.7407254911607377
hires,2048,2048,128,128,5,128,256,800.0,ws,gaussian,4315904.0,11.67625344,8636928.0,17.3484434944,49.97035983164385,67.30432873571074
hires,2048,2048,128,128,5,128,256,800.0,ws,sobel,4321024.0,5.6721900544,8636928.0,17.3484434944,50.02964016835616,32.69567126428925
hires,2048,2048,128,128,5,128,1024,50.0,os,gaussian,10434304.0,13.19938048,19974912.0,18.135639654400002,52.23704615069143,72.78144433575363
hires,2048,2048,128,128,5,128,1024,50.0,os,sobel,9540608.0,4.9362591744,19974912.0,18.135639654400002,47.76295384930857,27.21855566424636
hires,2048,2048,128,128,5,128,1024,50.0,ws,gaussian,5584128.0,13.15337344,11252224.0,20.3116434944,49.62688265004323,64.7577998482813
hires,2048,2048,128,128,5,128,1024,50.0,ws,sobel,5668096.0,7.1582700544,11252224.0,20.3116434944,50.37311734995677,35.24220015171871
hires,2048,2048,128,128,5,128,1024,200.0,os,gaussian,9465088.0,13.20706048,18313472.0,18.1458796544,51.68374407649189,72.78269630096197
hires,2048,2048,128,128,5,128,1024,200.0,os,sobel,8848384.0,4.9388191744,18313472.0,18.1458796544,48.316255923508116,27.217303699038027
hires,2048,2048,128,128,5,128,1024,200.0,ws,gaussian,4614912.0,13.16105344,9250816.0,20.3231634944,49.88653973876467,64.75888187203974
hires,2048,2048,128,128,5,128,1024,200.0,ws,sobel,4635904.0,7.162110054399999,9250816.0,20.3231634944,50.11346026123533,35.241118127960256
hires,2048,2048,128,128,5,128,1024,800.0,os,gaussian,9222912.0,13.23778048,17898240.0,18.1970796544,51.52971465350783,72.74673041725761
hires,2048,2048,128,128,5,128,1024,800.0,os,sobel,8675328.0,4.9592991744,17898240.0,18.1970796544,48.47028534649217,27.253269582742394
hires,2048,2048,128,128,5,128,1024,800.0,ws,gaussian,4372736.0,13.19177344,8750592.0,20.3794834944,49.97074483646364,64.73065641543329
hires,2048,2048,128,128,5,128,1024,800.0,ws,sobel,4377856.0,7.187710054399999,8750592.0,20.3794834944,50.02925516353637,35.26934358456672
hires,2048,2048,128,128,5,128,4096,50.0,os,gaussian,11322880.0,11.59938048,20863488.0,16.5356396544,54.2712704606248,70.14775794847161
hires,2048,2048,128,128,5,128,4096,50.0,os,sobel,9540608.0,4.9362591744,20863488.0,16.5356396544,45.7287295393752,29.852242051528382
hires,2048,2048,128,128,5,128,4096,50.0,ws,gaussian,9207040.0,25.22505344,18498048.0,50.4978834944,49.77303551163885,49.95269443876267
hires,2048,2048,128,128,5,128,4096,50.0,ws,sobel,9291008.0,25.2728300544,18498048.0,50.4978834944,50.22696448836115,50.04730556123733
hires,2048,2048,128,128,5,128,4096,200.0,os,gaussian,9687040.0,11.59938048,18535424.0,16.5381996544,52.26230594994752,70.13689955613746
hires,2048,2048,128,128,5,128,4096,200.0,os,sobel,8848384.0,4.9388191744,18535424.0,16.5381996544,47.73769405005248,29.863100443862546
hires,2048,2048,128,128,5,128,4096,200.0,ws,gaussian,5520640.0,25.22889344,11062272.0,50.5055634944,49.90511894844025,49.952701632162466
hires,2048,2048,128,128,5,128,4096,200.0,ws,sobel,5541632.0,25.2766700544,11062272.0,50.5055634944,50.094881051559746,50.047298367837534
hires,2048,2048,128,128,5,128,4096,800.0,os,gaussian,9278208.0,11.59938048,17953536.0,16.558679654400002,51.679000727210514,70.05015328572887
hires,2048,2048,128,128,5,128,4096,800.0,os,sobel,8675328.0,4.9592991744,17953536.0,16.558679654400002,48.32099927278949,29.94984671427112
hires,2048,2048,128,128,5,128,4096,800.0,ws,gaussian,4599040.0,25.23401344,9203200.0,50.5260434944,49.97218358831711,49.942587415926965
hires,2048,2048,128,128,5,128,4096,800.0,ws,sobel,4604160.0,25.2920300544,9203200.0,50.5260434944,50.02781641168289,50.057412584073035
hires,2048,2048,128,128,7,8,256,50.0,os,gaussian,33415168.0,43.909264179199994,45942784.0,57.1483201536,72.73213569295235,76.83386678940549
hires,2048,2048,128,128,7,8,256,50.0,os,sobel,12527616.0,13.2390559744,45942784.0,57.1483201536,27.267864307047653,23.1661332105945
hires,2048,2048,128,128,7,8,256,50.0,ws,gaussian,29986560.0,25.2715848192,38721792.0,31.7631387136,77.44104405085385,79.56261831384907
hires,2048,2048,128,128,7,8,256,50.0,ws,sobel,8735232.0,6.4915538944,38721792.0,31.7631387136,22.558955949146156,20.43738168615092
hires,2048,2048,128,128,7,8,256,200.0,os,gaussian,33126144.0,43.980944179199994,45301760.0,57.24304015359999,73.12330470162749,76.83195033175409
hires,2048,2048,128,128,7,8,256,200.0,os,sobel,12175616.0,13.2620959744,45301760.0,57.24304015359999,26.876695298372518,23.168049668245917
hires,2048,2048,128,128,7,8,256,200.0,ws,gaussian,29546240.0,25.3074248192,38029824.0,31.8092187136,77.69228697981877,79.56003272843617
hires,2048,2048,128,128,7,8,256,200.0,ws,sobel,8483584.0,6.5017938943999996,38029824.0,31.8092187136,22.307713020181215,20.439967271563837
hires,2048,2048,128,128,7,8,256,800.0,os,gaussian,33053952.0,44.1345441792,45141504.0,57.452960153599996,73.22297458232671,76.81857307474964
hires,2048,2048,128,128,7,8,256,800.0,os,sobel,12087552.0,13.318415974399999,45141504.0,57.452960153599996,26.77702541767328,23.181426925250374
hires,2048,2048,128,128,7,8,256,800.0,ws,gaussian,29435904.0,25.3893448192,37856512.0,31.921858713600002,77.75651385949133,79.53592253819203
hires,2048,2048,128,128,7,8,256,800.0,ws,sobel,8420608.0,6.532513894399999,37856512.0,31.921858713600002,22.24348614050867,20.46407746180796
hires,2048,2048,128,128,7,8,1024,50.0,os,gaussian,34322176.0,25.8612641792,47303424.0,30.8136001536,72.55748759328712,83.92808386649551
hires,2048,2048,128,128,7,8,1024,50.0,os,sobel,12981248.0,4.9523359743999995,47303424.0,30.8136001536,27.442512406712883,16.07191613350448
hires,2048,2048,128,128,7,8,1024,50.0,ws,gaussian,31194880.0,28.3333448192,41138432.0,36.3442587136,75.82904472392141,77.95824105939924
hires,2048,2048,128,128,7,8,1024,50.0,ws,sobel,9943552.0,8.0109138944,41138432.0,36.3442587136,24.170955276078583,22.041758940600765
hires,2048,2048,128,128,7,8,1024,200.0,os,gaussian,33352960.0,25.8766241792,45641984.0,30.8340801536,73.07517569788378,83.9221538320442
hires,2048,2048,128,128,7,8,1024,200.0,os,sobel,12289024.0,4.957455974399999,45641984.0,30.8340801536,26.924824302116228,16.077846167955805
hires,2048,2048,128,128,7,8,1024,200.0,ws,gaussian,29848320.0,28.3487048192,38633984.0,36.3660187136,77.25923373577004,77.95383113686371
hires,2048,2048,128,128,7,8,1024,200.0,ws,sobel,8785664.0,8.017313894399999,38633984.0,36.3660187136,22.740766264229958,22.04616886313629
hires,2048,2048,128,128,7,8,1024,800.0,os,gaussian,33110784.0,25.9483041792,45226752.0,30.9313601536,73.2106165837423,83.88995521162028
hires,2048,2048,128,128,7,8,1024,800.0,os,sobel,12115968.0,4.9830559744,45226752.0,30.9313601536,26.789383416257706,16.110044788379728
hires,2048,2048,128,128,7,8,1024,800.0,ws,gaussian,29511680.0,28.420384819200002,38007808.0,36.4684187136,77.6463615055096,77.93149750307468
hires,2048,2048,128,128,7,8,1024,800.0,ws,sobel,8496128.0,8.0480338944,38007808.0,36.4684187136,22.353638494490397,22.068502496925326
hires,2048,2048,128,128,7,8,4096,50.0,os,gaussian,37224192.0,22.2427041792,50205440.0,27.1950401536,74.14374219208118,81.78956182293253
hires,2048,2048,128,128,7,8,4096,50.0,os,sobel,12981248.0,4.9523359743999995,50205440.0,27.1950401536,25.856257807918826,18.21043817706746
hires,2048,2048,128,128,7,8,4096,50.0,ws,gaussian,34684160.0,27.6511048192,44761344.0,36.3301787136,77.48686009070684,76.11056647196995
hires,2048,2048,128,128,7,8,4096,50.0,ws,sobel,10077184.0,8.6790738944,44761344.0,36.3301787136,22.513139909293162,23.889433528030064
hires,2048,2048,128,128,7,8,4096,200.0,os,gaussian,34078464.0,22.2465441792,46367488.0,27.2040001536,73.4964637290681,81.77673891189137
hires,2048,2048,128,128,7,8,4096,200.0,os,sobel,12289024.0,4.957455974399999,46367488.0,27.2040001536,26.50353627093191,18.223261088108625
hires,2048,2048,128,128,7,8,4096,200.0,ws,gaussian,30720512.0,27.6523848192,39539456.0,36.335298713600004,77.69583880971959,76.10336449181287
hires,2048,2048,128,128,7,8,4096,200.0,ws,sobel,8818944.0,8.6829138944,39539456.0,36.335298713600004,22.304161190280414,23.89663550818713
hires,2048,2048,128,128,7,8,4096,800.0,os,gaussian,33292032.0,22.261904179200002,45408000.0,27.2449601536,73.31754756871037,81.71017338140035
hires,2048,2048,128,128,7,8,4096,800.0,os,sobel,12115968.0,4.9830559744,45408000.0,27.2449601536,26.68245243128964,18.289826618599648
hires,2048,2048,128,128,7,8,4096,800.0,ws,gaussian,29729536.0,27.6626248192,38233856.0,36.3660187136,77.75709570073184,76.06723473651752
hires,2048,2048,128,128,7,8,4096,800.0,ws,sobel,8504320.0,8.7033938944,38233856.0,36.3660187136,22.24290429926817,23.932765263482484
hires,2048,2048,128,128,7,16,256,50.0,os,gaussian,34947584.0,146.3883988992,45640192.0,167.14434191360002,76.57194781301534,87.58202474773023
hires,2048,2048,128,128,7,16,256,50.0,os,sobel,10692608.0,20.755943014400003,45640192.0,167.14434191360002,23.428052186984665,12.41797525226976
hires,2048,2048,128,128,7,16,256,50.0,ws,gaussian,17159680.0,23.9606190592,21834752.0,29.5726491136,78.58884772311589,81.02290385672917
hires,2048,2048,128,128,7,16,256,50.0,ws,sobel,4675072.0,5.6120300544,21834752.0,29.5726491136,21.411152276884117,18.977096143270828
hires,2048,2048,128,128,7,16,256,200.0,os,gaussian,20805376.0,146.6341588992,31145984.0,167.4246619136,66.79954629142556,87.58217410937405
hires,2048,2048,128,128,7,16,256,200.0,os,sobel,10340608.0,20.790503014400002,31145984.0,167.4246619136,33.200453708574436,12.41782589062596
hires,2048,2048,128,128,7,16,256,200.0,ws,gaussian,16908032.0,23.9964590592,21231104.0,29.6174491136,79.63802541780211,81.02135659002819
hires,2048,2048,128,128,7,16,256,200.0,ws,sobel,4323072.0,5.6209900544,21231104.0,29.6174491136,20.36197458219789,18.978643409971806
hires,2048,2048,128,128,7,16,256,800.0,os,gaussian,20733184.0,147.1256788992,30985728.0,167.9981019136,66.91204415142352,87.57579831161752
hires,2048,2048,128,128,7,16,256,800.0,os,sobel,10252544.0,20.872423014400002,30985728.0,167.9981019136,33.08795584857648,12.424201688382475
hires,2048,2048,128,128,7,16,256,800.0,ws,gaussian,16845056.0,24.0681390592,21080064.0,29.7198491136,79.90989021665209,80.98338240952327
hires,2048,2048,128,128,7,16,256,800.0,ws,sobel,4235008.0,5.6517100544,21080064.0,29.7198491136,20.090109783347906,19.016617590476727
hires,2048,2048,128,128,7,16,1024,50.0,os,gaussian,22001408.0,43.9359188992,33147648.0,48.8659419136,66.37396414973395,89.9111266020068
hires,2048,2048,128,128,7,16,1024,50.0,os,sobel,11146240.0,4.9300230144,33147648.0,48.8659419136,33.62603585026606,10.0888733979932
hires,2048,2048,128,128,7,16,1024,50.0,ws,gaussian,18368000.0,27.022379059200002,23950080.0,34.1537691136,76.69285447063224,79.1197567955676
hires,2048,2048,128,128,7,16,1024,50.0,ws,sobel,5582080.0,7.1313900544,23950080.0,34.1537691136,23.30714552936775,20.88024320443241
hires,2048,2048,128,128,7,16,1024,200.0,os,gaussian,21032192.0,43.962798899199996,31486208.0,48.8966619136,66.79811046157099,89.90961177857479
hires,2048,2048,128,128,7,16,1024,200.0,os,sobel,10454016.0,4.9338630144,31486208.0,48.8966619136,33.201889538429015,10.090388221425208
hires,2048,2048,128,128,7,16,1024,200.0,ws,gaussian,17210112.0,27.0377390592,21760000.0,34.1742491136,79.0905882352941,79.11728790096532
hires,2048,2048,128,128,7,16,1024,200.0,ws,sobel,4549888.0,7.1365100543999995,21760000.0,34.1742491136,20.909411764705883,20.88271209903468
hires,2048,2048,128,128,7,16,1024,800.0,os,gaussian,20790016.0,44.0703188992,31070976.0,49.0297819136,66.91137092056587,89.88479487194225
hires,2048,2048,128,128,7,16,1024,800.0,os,sobel,10280960.0,4.9594630144,31070976.0,49.0297819136,33.088629079434135,10.115205128057754
hires,2048,2048,128,128,7,16,1024,800.0,ws,gaussian,16920576.0,27.0991790592,21212416.0,34.2664091136,79.767321176428,79.08380177613826
hires,2048,2048,128,128,7,16,1024,800.0,ws,sobel,4291840.0,7.1672300544,21212416.0,34.2664091136,20.232678823572005,20.91619822386174
hires,2048,2048,128,128,7,16,4096,50.0,os,gaussian,24903424.0,22.1887188992,36049664.0,27.1187419136,69.0808768703087,81.82060572681802
hires,2048,2048,128,128,7,16,4096,50.0,os,sobel,11146240.0,4.9300230144,36049664.0,27.1187419136,30.919123129691307,18.179394273181977
hires,2048,2048,128,128,7,16,4096,50.0,ws,gaussian,21990912.0,27.008299059200002,27706624.0,34.8078491136,79.37059383344575,77.59255382616392
hires,2048,2048,128,128,7,16,4096,50.0,ws,sobel,5715712.0,7.7995500544,27706624.0,34.8078491136,20.62940616655425,22.40744617383608
hires,2048,2048,128,128,7,16,4096,200.0,os,gaussian,21757696.0,22.1925588992,32211712.0,27.1264219136,67.54591621829972,81.81159671513339
hires,2048,2048,128,128,7,16,4096,200.0,os,sobel,10454016.0,4.9338630144,32211712.0,27.1264219136,32.45408378170027,18.188403284866613
hires,2048,2048,128,128,7,16,4096,200.0,ws,gaussian,18115840.0,27.0121390592,22699008.0,34.8142491136,79.80895024134975,77.58931973818689
hires,2048,2048,128,128,7,16,4096,200.0,ws,sobel,4583168.0,7.8021100544,22699008.0,34.8142491136,20.191049758650244,22.410680261813106
hires,2048,2048,128,128,7,16,4096,800.0,os,gaussian,20971264.0,22.1976788992,31252224.0,27.1571419136,67.10326919453796,81.73790515151245
hires,2048,2048,128,128,7,16,4096,800.0,os,sobel,10280960.0,4.9594630144,31252224.0,27.1571419136,32.896730805462035,18.262094848487553
hires,2048,2048,128,128,7,16,4096,800.0,ws,gaussian,17146880.0,27.0172590592,21446912.0,34.8398491136,79.95034436659226,77.5470036368602
hires,2048,2048,128,128,7,16,4096,800.0,ws,sobel,4300032.0,7.8225900544,21446912.0,34.8398491136,20.04965563340774,22.452996363139793
hires,2048,2048,128,128,7,32,256,50.0,os,gaussian,78915584.0,393.66252625920004,88690688.0,414.41051279360005,88.97843254976216,94.99337350432187
hires,2048,2048,128,128,7,32,256,50.0,os,sobel,9775104.0,20.747986534400003,88690688.0,414.41051279360005,11.021567450237843,5.006626495678134
hires,2048,2048,128,128,7,32,256,50.0,ws,gaussian,8905728.0,23.1002952192,13593088.0,28.716165273599998,65.51659196203246,80.44352370557321
hires,2048,2048,128,128,7,32,256,50.0,ws,sobel,4687360.0,5.615870054399999,13593088.0,28.716165273599998,34.483408037967536,19.556476294426783
hires,2048,2048,128,128,7,32,256,200.0,os,gaussian,20185600.0,394.3281262592,29608704.0,415.11195279360004,68.17454759249172,94.9931996911845
hires,2048,2048,128,128,7,32,256,200.0,os,sobel,9423104.0,20.783826534400003,29608704.0,415.11195279360004,31.82545240750828,5.006800308815496
hires,2048,2048,128,128,7,32,256,200.0,ws,gaussian,8553728.0,23.1361352192,12889088.0,28.7622452736,66.36410582346866,80.43925291338768
hires,2048,2048,128,128,7,32,256,200.0,ws,sobel,4335360.0,5.6261100544,12889088.0,28.7622452736,33.635894176531345,19.560747086612313
hires,2048,2048,128,128,7,32,256,800.0,os,gaussian,14572800.0,395.6593262592,23907840.0,416.5199527936,60.95406360424028,94.9916861378458
hires,2048,2048,128,128,7,32,256,800.0,os,sobel,9335040.0,20.8606265344,23907840.0,416.5199527936,39.04593639575972,5.008313862154201
hires,2048,2048,128,128,7,32,256,800.0,ws,gaussian,8465664.0,23.2078152192,12712960.0,28.8595252736,66.59081755940394,80.41648294343203
hires,2048,2048,128,128,7,32,256,800.0,ws,sobel,4247296.0,5.6517100544,12712960.0,28.8595252736,33.409182440596055,19.58351705656797
hires,2048,2048,128,128,7,32,1024,50.0,os,gaussian,15841024.0,43.924286259199995,26069760.0,48.8463527936,60.76398094957529,89.92336939628191
hires,2048,2048,128,128,7,32,1024,50.0,os,sobel,10228736.0,4.9220665344,26069760.0,48.8463527936,39.23601905042471,10.076630603718083
hires,2048,2048,128,128,7,32,1024,50.0,ws,gaussian,9812736.0,26.1620552192,15407104.0,33.2972852736,63.68968496610394,78.57113576746386
hires,2048,2048,128,128,7,32,1024,50.0,ws,sobel,5594368.0,7.1352300544,15407104.0,33.2972852736,36.31031503389605,21.42886423253616
hires,2048,2048,128,128,7,32,1024,200.0,os,gaussian,14871808.0,43.951166259199994,24408320.0,48.878352793599994,60.92925690911951,89.91949144602688
hires,2048,2048,128,128,7,32,1024,200.0,os,sobel,9536512.0,4.9271865344,24408320.0,48.878352793599994,39.07074309088049,10.080508553973106
hires,2048,2048,128,128,7,32,1024,200.0,ws,gaussian,8780544.0,26.1774152192,13342720.0,33.3190452736,65.80775134305449,78.5659222953228
hires,2048,2048,128,128,7,32,1024,200.0,ws,sobel,4562176.0,7.141630054399999,13342720.0,33.3190452736,34.19224865694551,21.4340777046772
hires,2048,2048,128,128,7,32,1024,800.0,os,gaussian,14629632.0,44.058686259199995,23993088.0,49.006352793599994,60.97436061585737,89.90403028921968
hires,2048,2048,128,128,7,32,1024,800.0,os,sobel,9363456.0,4.9476665344,23993088.0,49.006352793599994,39.025639384142636,10.095969710780318
hires,2048,2048,128,128,7,32,1024,800.0,ws,gaussian,8522496.0,26.2388552192,12826624.0,33.4060852736,66.44379690244293,78.54513632561407
hires,2048,2048,128,128,7,32,1024,800.0,ws,sobel,4304128.0,7.1672300544,12826624.0,33.4060852736,33.55620309755708,21.454863674385948
hires,2048,2048,128,128,7,32,4096,50.0,os,gaussian,18743040.0,22.1770862592,28971776.0,27.0991527936,64.69413542338584,81.83682504066164
hires,2048,2048,128,128,7,32,4096,50.0,os,sobel,10228736.0,4.9220665344,28971776.0,27.0991527936,35.30586457661415,18.16317495933837
hires,2048,2048,128,128,7,32,4096,50.0,ws,gaussian,13435648.0,26.1479752192,20505856.0,40.6624052736,65.52102970000374,64.30503813845102
hires,2048,2048,128,128,7,32,4096,50.0,ws,sobel,7070208.0,14.5144300544,20505856.0,40.6624052736,34.478970299996256,35.694961861548975
hires,2048,2048,128,128,7,32,4096,200.0,os,gaussian,15597312.0,22.1809262592,25133824.0,27.1081127936,62.057059045213336,81.82394115032874
hires,2048,2048,128,128,7,32,4096,200.0,os,sobel,9536512.0,4.9271865344,25133824.0,27.1081127936,37.942940954786664,18.176058849671257
hires,2048,2048,128,128,7,32,4096,200.0,ws,gaussian,9686272.0,26.1518152192,14617344.0,40.6713652736,66.26560885479606,64.3003131153192
hires,2048,2048,128,128,7,32,4096,200.0,ws,sobel,4931072.0,14.5195500544,14617344.0,40.6713652736,33.73439114520394,35.6996868846808
hires,2048,2048,128,128,7,32,4096,800.0,os,gaussian,14810880.0,22.1860462592,24174336.0,27.1337127936,61.2669568256187,81.76561176114829
hires,2048,2048,128,128,7,32,4096,800.0,os,sobel,9363456.0,4.9476665344,24174336.0,27.1337127936,38.733043174381294,18.234388238851707
hires,2048,2048,128,128,7,32,4096,800.0,ws,gaussian,8748800.0,26.1569352192,13145088.0,40.6969652736,66.55565942198332,64.2724464670783
hires,2048,2048,128,128,7,32,4096,800.0,ws,sobel,4396288.0,14.540030054399999,13145088.0,40.6969652736,33.44434057801667,35.72755353292171
hires,2048,2048,128,128,7,64,256,50.0,os,gaussian,152616704.0,763.1069499391999,161933056.0,783.8567182336,94.24678800602639,97.35286209689455
hires,2048,2048,128,128,7,64,256,50.0,os,sobel,9316352.0,20.749768294400003,161933056.0,783.8567182336,5.753211993973609,2.6471379031054356
hires,2048,2048,128,128,7,64,256,50.0,ws,gaussian,4627968.0,22.6995732992,9339904.0,28.3231233536,49.55048788510032,80.14502149288836
hires,2048,2048,128,128,7,64,256,50.0,ws,sobel,4711936.0,5.6235500544,9339904.0,28.3231233536,50.44951211489968,19.85497850711165
hires,2048,2048,128,128,7,64,256,200.0,os,gaussian,38331392.0,764.4010299391999,47295744.0,785.1840782336,81.04617616333512,97.35309860827095
hires,2048,2048,128,128,7,64,256,200.0,os,sobel,8964352.0,20.7830482944,47295744.0,785.1840782336,18.953823836664878,2.646901391729041
hires,2048,2048,128,128,7,64,256,200.0,ws,gaussian,4338944.0,22.736693299200002,8698880.0,28.367923353600002,49.87934078869923,80.14930460644601
hires,2048,2048,128,128,7,64,256,200.0,ws,sobel,4359936.0,5.6312300544,8698880.0,28.367923353600002,50.12065921130077,19.85069539355398
hires,2048,2048,128,128,7,64,256,800.0,os,gaussian,11492608.0,766.9866299391999,20368896.0,787.8413582336,56.42234120101551,97.3529279624063
hires,2048,2048,128,128,7,64,256,800.0,os,sobel,8876288.0,20.8547282944,20368896.0,787.8413582336,43.577658798984494,2.6470720375936954
hires,2048,2048,128,128,7,64,256,800.0,ws,gaussian,4266752.0,22.8083732992,8538624.0,28.460083353599998,49.97001858847515,80.14162508176528
hires,2048,2048,128,128,7,64,256,800.0,ws,sobel,4271872.0,5.6517100544,8538624.0,28.460083353599998,50.02998141152486,19.85837491823473
hires,2048,2048,128,128,7,64,1024,50.0,os,gaussian,25781760.0,128.54822993919998,35551744.0,133.47207823359997,72.51897403401645,96.31095255310075
hires,2048,2048,128,128,7,64,1024,50.0,os,sobel,9769984.0,4.9238482944,35551744.0,133.47207823359997,27.48102596598355,3.689047446899258
hires,2048,2048,128,128,7,64,1024,50.0,ws,gaussian,5534976.0,25.7613332992,11153920.0,32.9042433536,49.623594216203806,78.29182705209203
hires,2048,2048,128,128,7,64,1024,50.0,ws,sobel,5618944.0,7.1429100544,11153920.0,32.9042433536,50.37640578379619,21.708172947907965
hires,2048,2048,128,128,7,64,1024,200.0,os,gaussian,11791616.0,128.6301499392,20869376.0,133.55655823360001,56.50200561818427,96.31136923595818
hires,2048,2048,128,128,7,64,1024,200.0,os,sobel,9077760.0,4.9264082944,20869376.0,133.55655823360001,43.49799438181573,3.688630764041821
hires,2048,2048,128,128,7,64,1024,200.0,ws,gaussian,4565760.0,25.7779732992,9152512.0,32.9247233536,49.88532110091743,78.29366710952615
hires,2048,2048,128,128,7,64,1024,200.0,ws,sobel,4586752.0,7.1467500544,9152512.0,32.9247233536,50.11467889908256,21.706332890473846
hires,2048,2048,128,128,7,64,1024,800.0,os,gaussian,11549440.0,128.9527099392,20454144.0,133.89447823359998,56.46503710935056,96.30920680255515
hires,2048,2048,128,128,7,64,1024,800.0,os,sobel,8904704.0,4.941768294399999,20454144.0,133.89447823359998,43.53496289064944,3.6907931974448616
hires,2048,2048,128,128,7,64,1024,800.0,ws,gaussian,4323584.0,25.8394132992,8652288.0,33.0066433536,49.970412450440854,78.28549247611308
hires,2048,2048,128,128,7,64,1024,800.0,ws,sobel,4328704.0,7.1672300544,8652288.0,33.0066433536,50.02958754955914,21.71450752388694
hires,2048,2048,128,128,7,64,4096,50.0,os,gaussian,15662848.0,22.2007099392,25432832.0,27.1245582336,61.58515103626683,81.84726825043484
hires,2048,2048,128,128,7,64,4096,50.0,os,sobel,9769984.0,4.9238482944,25432832.0,27.1245582336,38.41484896373318,18.152731749565167
hires,2048,2048,128,128,7,64,4096,50.0,ws,gaussian,9157888.0,25.7472532992,18399744.0,51.0047233536,49.77182291231878,50.480135184151955
hires,2048,2048,128,128,7,64,4096,50.0,ws,sobel,9241856.0,25.257470054400002,18399744.0,51.0047233536,50.228177087681225,49.51986481584805
hires,2048,2048,128,128,7,64,4096,200.0,os,gaussian,12517120.0,22.2058299392,21594880.0,27.1322382336,57.963369094896564,81.84297125808354
hires,2048,2048,128,128,7,64,4096,200.0,os,sobel,9077760.0,4.9264082944,21594880.0,27.1322382336,42.036630905103436,18.157028741916463
hires,2048,2048,128,128,7,64,4096,200.0,ws,gaussian,5471488.0,25.752373299200002,10963968.0,51.0136833536,49.90426823573363,50.481305418975744
hires,2048,2048,128,128,7,64,4096,200.0,ws,sobel,5492480.0,25.261310054400003,10963968.0,51.0136833536,50.09573176426637,49.51869458102427
hires,2048,2048,128,128,7,64,4096,800.0,os,gaussian,11730688.0,22.210949939200002,20635392.0,27.1527182336,56.84742019923827,81.8000973166479
hires,2048,2048,128,128,7,64,4096,800.0,os,sobel,8904704.0,4.941768294399999,20635392.0,27.1527182336,43.15257980076172,18.19990268335209
hires,2048,2048,128,128,7,64,4096,800.0,ws,gaussian,4549888.0,25.7574932992,9104896.0,51.0290433536,49.97188325929258,50.476143792695375
hires,2048,2048,128,128,7,64,4096,800.0,ws,sobel,4555008.0,25.271550054400002,9104896.0,51.0290433536,50.02811674070742,49.523856207304625
hires,2048,2048,128,128,7,128,256,50.0,os,gaussian,152822016.0,763.1795617792,161908992.0,783.9417409536,94.38760263543608,97.35156605526011
hires,2048,2048,128,128,7,128,256,50.0,os,sobel,9086976.0,20.7621791744,161908992.0,783.9417409536,5.612397364563915,2.6484339447398906
hires,2048,2048,128,128,7,128,256,50.0,ws,gaussian,4677120.0,22.7802132992,9438208.0,28.4191233536,49.55516979494413,80.15804363759274
hires,2048,2048,128,128,7,128,256,50.0,ws,sobel,4761088.0,5.638910054399999,9438208.0,28.4191233536,50.44483020505588,19.84195636240725
hires,2048,2048,128,128,7,128,256,200.0,os,gaussian,38364160.0,764.4749217791999,47099136.0,785.2703809535999,81.4540631913078,97.35180904835009
hires,2048,2048,128,128,7,128,256,200.0,os,sobel,8734976.0,20.7954591744,47099136.0,785.2703809535999,18.5459368086922,2.6481909516499087
hires,2048,2048,128,128,7,128,256,200.0,ws,gaussian,4388096.0,22.8186132992,8797184.0,28.4652033536,49.88068909323711,80.16318385554104
hires,2048,2048,128,128,7,128,256,200.0,ws,sobel,4409088.0,5.6465900544,8797184.0,28.4652033536,50.11931090676289,19.836816144458965
hires,2048,2048,128,128,7,128,256,800.0,os,gaussian,9952512.0,767.0605217791999,18599424.0,787.9327809536,53.50978610950533,97.35101017765255
hires,2048,2048,128,128,7,128,256,800.0,os,sobel,8646912.0,20.8722591744,18599424.0,787.9327809536,46.49021389049467,2.6489898223474384
hires,2048,2048,128,128,7,128,256,800.0,ws,gaussian,4315904.0,22.8902932992,8636928.0,28.5624833536,49.97035983164385,80.14111733850663
hires,2048,2048,128,128,7,128,256,800.0,ws,sobel,4321024.0,5.6721900544,8636928.0,28.5624833536,50.02964016835616,19.858882661493364
hires,2048,2048,128,128,7,128,1024,50.0,os,gaussian,25856000.0,128.6208417792,35396608.0,133.55710095359998,73.0465472849828,96.3040084434635
hires,2048,2048,128,128,7,128,1024,50.0,os,sobel,9540608.0,4.9362591744,35396608.0,133.55710095359998,26.953452715017214,3.6959915565365113
hires,2048,2048,128,128,7,128,1024,50.0,ws,gaussian,5584128.0,25.8419732992,11252224.0,33.0002433536,49.62688265004323,78.30843252366773
hires,2048,2048,128,128,7,128,1024,50.0,ws,sobel,5668096.0,7.1582700544,11252224.0,33.0002433536,50.37311734995677,21.691567476332274
hires,2048,2048,128,128,7,128,1024,200.0,os,gaussian,10251520.0,128.7040417792,19099904.0,133.6428609536,53.67314935195486,96.30446464617759
hires,2048,2048,128,128,7,128,1024,200.0,os,sobel,8848384.0,4.9388191744,19099904.0,133.6428609536,46.326850648045145,3.6955353538224
hires,2048,2048,128,128,7,128,1024,200.0,ws,gaussian,4614912.0,25.8598932992,9250816.0,33.0220033536,49.88653973876467,78.3110976711254
hires,2048,2048,128,128,7,128,1024,200.0,ws,sobel,4635904.0,7.162110054399999,9250816.0,33.0220033536,50.11346026123533,21.6889023288746
hires,2048,2048,128,128,7,128,1024,800.0,os,gaussian,10009344.0,129.0266017792,18684672.0,133.9859009536,53.56981380245798,96.29864102185093
hires,2048,2048,128,128,7,128,1024,800.0,os,sobel,8675328.0,4.9592991744,18684672.0,133.9859009536,46.43018619754203,3.701358978149074
hires,2048,2048,128,128,7,128,1024,800.0,ws,gaussian,4372736.0,25.9213332992,8750592.0,33.1090433536,49.97074483646364,78.29079512314429
hires,2048,2048,128,128,7,128,1024,800.0,ws,sobel,4377856.0,7.187710054399999,8750592.0,33.1090433536,50.02925516353637,21.7092048768557
hires,2048,2048,128,128,7,128,4096,50.0,os,gaussian,14122752.0,22.2733217792,23663360.0,27.2095809536,59.68193865959863,81.85837855122536
hires,2048,2048,128,128,7,128,4096,50.0,os,sobel,9540608.0,4.9362591744,23663360.0,27.2095809536,40.318061340401364,18.141621448774654
hires,2048,2048,128,128,7,128,4096,50.0,ws,gaussian,9207040.0,25.8278932992,18498048.0,51.1007233536,49.77303551163885,50.543107032907486
hires,2048,2048,128,128,7,128,4096,50.0,ws,sobel,9291008.0,25.2728300544,18498048.0,51.1007233536,50.22696448836115,49.45689296709251
hires,2048,2048,128,128,7,128,4096,200.0,os,gaussian,10977024.0,22.2797217792,19825408.0,27.218540953599998,55.36846454811927,81.85494519041522
hires,2048,2048,128,128,7,128,4096,200.0,os,sobel,8848384.0,4.9388191744,19825408.0,27.218540953599998,44.63153545188074,18.14505480958478
hires,2048,2048,128,128,7,128,4096,200.0,ws,gaussian,5520640.0,25.834293299200002,11062272.0,51.1109633536,49.90511894844025,50.5455025773455
hires,2048,2048,128,128,7,128,4096,200.0,ws,sobel,5541632.0,25.2766700544,11062272.0,51.1109633536,50.094881051559746,49.454497422654505
hires,2048,2048,128,128,7,128,4096,800.0,os,gaussian,10190592.0,22.2848417792,18865920.0,27.244140953600002,54.01587624669245,81.7968230936469
hires,2048,2048,128,128,7,128,4096,800.0,os,sobel,8675328.0,4.9592991744,18865920.0,27.244140953600002,45.98412375330755,18.20317690635309
hires,2048,2048,128,128,7,128,4096,800.0,ws,gaussian,4599040.0,25.8394132992,9203200.0,51.131443353600005,49.97218358831711,50.53527067582911
hires,2048,2048,128,128,7,128,4096,800.0,ws,sobel,4604160.0,25.2920300544,9203200.0,51.131443353600005,50.02781641168289,49.464729324170875
hires,2048,2048,128,128,11,8,256,50.0,os,gaussian,71163904.0,155.7560352768,83691520.0,168.9950912512,85.03120029364982,92.16601152354123
hires,2048,2048,128,128,11,8,256,50.0,os,sobel,12527616.0,13.2390559744,83691520.0,168.9950912512,14.968799706350177,7.833988476458775
hires,2048,2048,128,128,11,8,256,50.0,ws,gaussian,67636480.0,60.977801676800006,76371712.0,67.46935557120001,88.56221528725192,90.37851504665772
hires,2048,2048,128,128,11,8,256,50.0,ws,sobel,8735232.0,6.4915538944,76371712.0,67.46935557120001,11.437784712748092,9.621484953342264
hires,2048,2048,128,128,11,8,256,200.0,os,gaussian,70874880.0,156.01459527679998,83050496.0,169.2766912512,85.33950236733084,92.16543289192747
hires,2048,2048,128,128,11,8,256,200.0,os,sobel,12175616.0,13.2620959744,83050496.0,169.2766912512,14.660497632669165,7.834567108072527
hires,2048,2048,128,128,11,8,256,200.0,ws,gaussian,67308288.0,61.0648416768,75791872.0,67.5666355712,88.80673642682952,90.37721230392096
hires,2048,2048,128,128,11,8,256,200.0,ws,sobel,8483584.0,6.5017938943999996,75791872.0,67.5666355712,11.193263573170485,9.622787696079044
hires,2048,2048,128,128,11,8,256,800.0,os,gaussian,70802688.0,156.5470752768,82890240.0,169.8654912512,85.41740016677475,92.15943398726908
hires,2048,2048,128,128,11,8,256,800.0,os,sobel,12087552.0,13.318415974399999,82890240.0,169.8654912512,14.582599833225238,7.840566012730918
hires,2048,2048,128,128,11,8,256,800.0,ws,gaussian,67226112.0,61.254281676800005,75646720.0,67.7867955712,88.8685087734141,90.36314692359436
hires,2048,2048,128,128,11,8,256,800.0,ws,sobel,8420608.0,6.532513894399999,75646720.0,67.7867955712,11.131491226585897,9.636853076405655
hires,2048,2048,128,128,11,8,1024,50.0,os,gaussian,72070912.0,106.1931552768,85052160.0,111.1454912512,84.73730943458696,95.54427631867925
hires,2048,2048,128,128,11,8,1024,50.0,os,sobel,12981248.0,4.9523359743999995,85052160.0,111.1454912512,15.262690565413036,4.455723681320749
hires,2048,2048,128,128,11,8,1024,50.0,ws,gaussian,68540928.0,64.0971616768,78484480.0,72.1080755712,87.33054993802595,88.8904067527222
hires,2048,2048,128,128,11,8,1024,50.0,ws,sobel,9943552.0,8.0109138944,78484480.0,72.1080755712,12.669450061974036,11.109593247277788
hires,2048,2048,128,128,11,8,1024,200.0,os,gaussian,71101696.0,106.2584352768,83390720.0,111.2158912512,85.26331946768178,95.54249314677276
hires,2048,2048,128,128,11,8,1024,200.0,os,sobel,12289024.0,4.957455974399999,83390720.0,111.2158912512,14.736680532318225,4.457506853227244
hires,2048,2048,128,128,11,8,1024,200.0,ws,gaussian,67534336.0,64.1317216768,76320000.0,72.1490355712,88.4883857442348,88.88784329419325
hires,2048,2048,128,128,11,8,1024,200.0,ws,sobel,8785664.0,8.017313894399999,76320000.0,72.1490355712,11.511614255765199,11.11215670580675
hires,2048,2048,128,128,11,8,1024,800.0,os,gaussian,70859520.0,106.5349152768,82975488.0,111.51797125120001,85.39813589285549,95.5316117048297
hires,2048,2048,128,128,11,8,1024,800.0,os,sobel,12115968.0,4.9830559744,82975488.0,111.51797125120001,14.601864107144511,4.468388295170299
hires,2048,2048,128,128,11,8,1024,800.0,ws,gaussian,67282688.0,64.28532167680001,75778816.0,72.3333555712,88.78825449054258,88.87368928090436
hires,2048,2048,128,128,11,8,1024,800.0,ws,sobel,8496128.0,8.0480338944,75778816.0,72.3333555712,11.211745509457419,11.126310719095654
hires,2048,2048,128,128,11,8,4096,50.0,os,gaussian,75693824.0,75.93651527680001,88675072.0,80.88885125120001,85.36088248115547,93.87760377629726
hires,2048,2048,128,128,11,8,4096,50.0,os,sobel,12981248.0,4.9523359743999995,88675072.0,80.88885125120001,14.63911751884453,6.1223962237027445
hires,2048,2048,128,128,11,8,4096,50.0,ws,gaussian,73372160.0,82.1835616768,83449344.0,90.8626355712,87.92419027284384,90.44813763122788
hires,2048,2048,128,128,11,8,4096,50.0,ws,sobel,10077184.0,8.6790738944,83449344.0,90.8626355712,12.075809727156154,9.551862368772117
hires,2048,2048,128,128,11,8,4096,200.0,os,gaussian,72007424.0,75.9480352768,84296448.0,80.9054912512,85.42165857332446,93.87253461077466
hires,2048,2048,128,128,11,8,4096,200.0,os,sobel,12289024.0,4.957455974399999,84296448.0,80.9054912512,14.578341426675534,6.1274653892253195
hires,2048,2048,128,128,11,8,4096,200.0,ws,gaussian,68742144.0,82.1950816768,77561088.0,90.8779955712,88.62967987246388,90.44552662080095
hires,2048,2048,128,128,11,8,4096,200.0,ws,sobel,8818944.0,8.6829138944,77561088.0,90.8779955712,11.370320127536116,9.554473379199054
hires,2048,2048,128,128,11,8,4096,800.0,os,gaussian,71085824.0,75.9787552768,83201792.0,80.9618112512,85.43785210780077,93.84517725407713
hires,2048,2048,128,128,11,8,4096,800.0,os,sobel,12115968.0,4.9830559744,83201792.0,80.9618112512,14.562147892199246,6.15482274592287
hires,2048,2048,128,128,11,8,4096,800.0,ws,gaussian,67584512.0,82.2258016768,76088832.0,90.9291955712,88.82316921358446,90.42838349143317
hires,2048,2048,128,128,11,8,4096,800.0,ws,sobel,8504320.0,8.7033938944,76088832.0,90.9291955712,11.176830786415541,9.571616508566832
hires,2048,2048,128,128,11,16,256,50.0,os,gaussian,56786688.0,258.1548781568,67479296.0,278.91082117120004,84.15423895353028,92.5582152290679
hires,2048,2048,128,128,11,16,256,50.0,os,sobel,10692608.0,20.755943014400003,67479296.0,278.91082117120004,15.84576104646972,7.441784770932092
hires,2048,2048,128,128,11,16,256,50.0,ws,gaussian,34018048.0,57.4789063168,38693120.0,63.0909363712,87.9175626054451,91.1048553450194
hires,2048,2048,128,128,11,16,256,50.0,ws,sobel,4675072.0,5.6120300544,38693120.0,63.0909363712,12.082437394554898,8.895144654980587
hires,2048,2048,128,128,11,16,256,200.0,os,gaussian,39679744.0,258.5887981568,50020352.0,279.37930117120004,79.32719865705863,92.55832378159616
hires,2048,2048,128,128,11,16,256,200.0,os,sobel,10340608.0,20.790503014400002,50020352.0,279.37930117120004,20.67280134294137,7.4416762184038285
hires,2048,2048,128,128,11,16,256,200.0,ws,gaussian,33740800.0,57.5672263168,38063872.0,63.1882163712,88.64258475858684,91.10436980626353
hires,2048,2048,128,128,11,16,256,200.0,ws,sobel,4323072.0,5.6209900544,38063872.0,63.1882163712,11.35741524141317,8.895630193736473
hires,2048,2048,128,128,11,16,256,800.0,os,gaussian,39607552.0,259.4643181568,49860096.0,280.3367411712,79.43737613341138,92.5545174966369
hires,2048,2048,128,128,11,16,256,800.0,os,sobel,10252544.0,20.872423014400002,49860096.0,280.3367411712,20.562623866588623,7.445482503363102
hires,2048,2048,128,128,11,16,256,800.0,ws,gaussian,33671424.0,57.7515463168,37906432.0,63.4032563712,88.8277324544816,91.0860886682041
hires,2048,2048,128,128,11,16,256,800.0,ws,sobel,4235008.0,5.6517100544,37906432.0,63.4032563712,11.172267545518396,8.913911331795894
hires,2048,2048,128,128,11,16,1024,50.0,os,gaussian,40875776.0,57.715838156800004,52022016.0,62.6458611712,78.57399451801331,92.13032924724727
hires,2048,2048,128,128,11,16,1024,50.0,os,sobel,11146240.0,4.9300230144,52022016.0,62.6458611712,21.426005481986703,7.869670752752721
hires,2048,2048,128,128,11,16,1024,50.0,ws,gaussian,35527936.0,60.5982663168,41110016.0,67.7296563712,86.42160586850659,89.47080136459633
hires,2048,2048,128,128,11,16,1024,50.0,ws,sobel,5582080.0,7.1313900544,41110016.0,67.7296563712,13.578394131493404,10.529198635403693
hires,2048,2048,128,128,11,16,1024,200.0,os,gaussian,39906560.0,57.751678156800004,50360576.0,62.6855411712,79.24166713263962,92.12918494086992
hires,2048,2048,128,128,11,16,1024,200.0,os,sobel,10454016.0,4.9338630144,50360576.0,62.6855411712,20.758332867360373,7.870815059130086
hires,2048,2048,128,128,11,16,1024,200.0,ws,gaussian,34118400.0,60.6341063168,38668288.0,67.7706163712,88.23354165563264,89.46961022855216
hires,2048,2048,128,128,11,16,1024,200.0,ws,sobel,4549888.0,7.1365100543999995,38668288.0,67.7706163712,11.766458344367352,10.530389771447838
hires,2048,2048,128,128,11,16,1024,800.0,os,gaussian,39664384.0,57.9001581568,49945344.0,62.859621171200004,79.41557875745134,92.11025627899862
hires,2048,2048,128,128,11,16,1024,800.0,os,sobel,10280960.0,4.9594630144,49945344.0,62.859621171200004,20.584421242548657,7.889743721001369
hires,2048,2048,128,128,11,16,1024,800.0,ws,gaussian,33765888.0,60.7825863168,38057728.0,67.9498163712,88.7228160335793,89.45217156254483
hires,2048,2048,128,128,11,16,1024,800.0,ws,sobel,4291840.0,7.1672300544,38057728.0,67.9498163712,11.277183966420697,10.547828437455168
hires,2048,2048,128,128,11,16,4096,50.0,os,gaussian,44498688.0,75.8022381568,55644928.0,80.73226117120001,79.96899196275355,93.89336686117902
hires,2048,2048,128,128,11,16,4096,50.0,os,sobel,11146240.0,4.9300230144,55644928.0,80.73226117120001,20.03100803724645,6.1066331388209765
hires,2048,2048,128,128,11,16,4096,50.0,ws,gaussian,39150848.0,78.6846663168,44866560.0,86.4842163712,87.26064133287686,90.98153353101628
hires,2048,2048,128,128,11,16,4096,50.0,ws,sobel,5715712.0,7.7995500544,44866560.0,86.4842163712,12.739358667123133,9.018466468983718
hires,2048,2048,128,128,11,16,4096,200.0,os,gaussian,40812288.0,75.8150381568,51266304.0,80.7489011712,79.60840711278894,93.88986977799306
hires,2048,2048,128,128,11,16,4096,200.0,os,sobel,10454016.0,4.9338630144,51266304.0,80.7489011712,20.39159288721106,6.110130222006931
hires,2048,2048,128,128,11,16,4096,200.0,ws,gaussian,35024128.0,78.6974663168,39607296.0,86.4995763712,88.4284754000879,90.98017541621428
hires,2048,2048,128,128,11,16,4096,200.0,ws,sobel,4583168.0,7.8021100544,39607296.0,86.4995763712,11.571524599912097,9.019824583785716
hires,2048,2048,128,128,11,16,4096,800.0,os,gaussian,39890688.0,75.8406381568,50171648.0,80.8001011712,79.50842675129985,93.8620584101846
hires,2048,2048,128,128,11,16,4096,800.0,os,sobel,10280960.0,4.9594630144,50171648.0,80.8001011712,20.491573248700142,6.137941589815394
hires,2048,2048,128,128,11,16,4096,800.0,ws,gaussian,33992192.0,78.7230663168,38292224.0,86.5456563712,88.77048248751495,90.96131408276761
hires,2048,2048,128,128,11,16,4096,800.0,ws,sobel,4300032.0,7.8225900544,38292224.0,86.5456563712,11.229517512485042,9.0386859172324
hires,2048,2048,128,128,11,32,256,50.0,os,gaussian,122206976.0,612.4678995968001,131982080.0,633.2158861312,92.59361270863438,96.72339450275557
hires,2048,2048,128,128,11,32,256,50.0,os,sobel,9775104.0,20.747986534400003,131982080.0,633.2158861312,7.406387291365616,3.276605497244441
hires,2048,2048,128,128,11,32,256,50.0,ws,gaussian,17208832.0,55.7672186368,21896192.0,61.3830886912,78.59280737034092,90.85111196888158
hires,2048,2048,128,128,11,32,256,50.0,ws,sobel,4687360.0,5.615870054399999,21896192.0,61.3830886912,21.407192629659075,9.148888031118418
hires,2048,2048,128,128,11,32,256,200.0,os,gaussian,31033088.0,613.5046995968,40456192.0,634.2885261312,76.7078819479599,96.72328511739452
hires,2048,2048,128,128,11,32,256,200.0,os,sobel,9423104.0,20.783826534400003,40456192.0,634.2885261312,23.29211805204009,3.276714882605484
hires,2048,2048,128,128,11,32,256,200.0,ws,gaussian,16957184.0,55.8568186368,21292544.0,61.4829286912,79.63906990165196,90.84931350187087
hires,2048,2048,128,128,11,32,256,200.0,ws,sobel,4335360.0,5.6261100544,21292544.0,61.4829286912,20.36093009834804,9.150686498129131
hires,2048,2048,128,128,11,32,256,800.0,os,gaussian,24009984.0,615.5731795968001,33345024.0,636.4338061312001,72.00469851213782,96.72226297009439
hires,2048,2048,128,128,11,32,256,800.0,os,sobel,9335040.0,20.8606265344,33345024.0,636.4338061312001,27.99530148786218,3.2777370299056066
hires,2048,2048,128,128,11,32,256,800.0,ws,gaussian,16894208.0,56.0308986368,21141504.0,61.6826086912,79.91015208757145,90.8374334770859
hires,2048,2048,128,128,11,32,256,800.0,ws,sobel,4247296.0,5.6517100544,21141504.0,61.6826086912,20.089847912428556,9.162566522914108
hires,2048,2048,128,128,11,32,1024,50.0,os,gaussian,34508288.0,106.02949959680001,44737024.0,110.95156613120001,77.13585955114046,95.56377011516929
hires,2048,2048,128,128,11,32,1024,50.0,os,sobel,10228736.0,4.9220665344,44737024.0,110.95156613120001,22.86414044885954,4.436229884830707
hires,2048,2048,128,128,11,32,1024,50.0,ws,gaussian,18417152.0,58.8865786368,24011520.0,66.02180869120001,76.7013167013167,89.19261650680731
hires,2048,2048,128,128,11,32,1024,50.0,ws,sobel,5594368.0,7.1352300544,24011520.0,66.02180869120001,23.298683298683297,10.807383493192681
hires,2048,2048,128,128,11,32,1024,200.0,os,gaussian,24476672.0,106.0973395968,34013184.0,111.02452613119999,71.96230732177264,95.56207379928158
hires,2048,2048,128,128,11,32,1024,200.0,os,sobel,9536512.0,4.9271865344,34013184.0,111.02452613119999,28.037692678227362,4.437926200718426
hires,2048,2048,128,128,11,32,1024,200.0,ws,gaussian,17259264.0,58.923698636800005,21821440.0,66.06532869120001,79.09314875645236,89.19004840226992
hires,2048,2048,128,128,11,32,1024,200.0,ws,sobel,4562176.0,7.141630054399999,21821440.0,66.06532869120001,20.90685124354763,10.809951597730072
hires,2048,2048,128,128,11,32,1024,800.0,os,gaussian,24066816.0,106.3584595968,33430272.0,111.3061261312,71.99108640216866,95.55490186715507
hires,2048,2048,128,128,11,32,1024,800.0,os,sobel,9363456.0,4.9476665344,33430272.0,111.3061261312,28.00891359783133,4.445098132844935
hires,2048,2048,128,128,11,32,1024,800.0,ws,gaussian,16969728.0,59.0619386368,21273856.0,66.2291686912,79.76799316494386,89.17813676958876
hires,2048,2048,128,128,11,32,1024,800.0,ws,sobel,4304128.0,7.1672300544,21273856.0,66.2291686912,20.232006835056136,10.821863230411232
hires,2048,2048,128,128,11,32,4096,50.0,os,gaussian,28901120.0,75.7728595968,39129856.0,80.6949261312,73.85951024200038,93.90040146217207
hires,2048,2048,128,128,11,32,4096,50.0,os,sobel,10228736.0,4.9220665344,39129856.0,80.6949261312,26.140489757999617,6.099598537827925
hires,2048,2048,128,128,11,32,4096,50.0,ws,gaussian,22040064.0,76.97297863680001,29110272.0,91.4874086912,75.71232587589701,84.13505173876882
hires,2048,2048,128,128,11,32,4096,50.0,ws,sobel,7070208.0,14.5144300544,29110272.0,91.4874086912,24.287674124103,15.864948261231183
hires,2048,2048,128,128,11,32,4096,200.0,os,gaussian,25214720.0,75.7869395968,34751232.0,80.71412613119999,72.55777291579187,93.89550903841678
hires,2048,2048,128,128,11,32,4096,200.0,os,sobel,9536512.0,4.9271865344,34751232.0,80.71412613119999,27.44222708420812,6.10449096158324
hires,2048,2048,128,128,11,32,4096,200.0,ws,gaussian,18164992.0,76.9870586368,23096064.0,91.5066086912,78.6497301011982,84.1327853123724
hires,2048,2048,128,128,11,32,4096,200.0,ws,sobel,4931072.0,14.5195500544,23096064.0,91.5066086912,21.350269898801805,15.867214687627598
hires,2048,2048,128,128,11,32,4096,800.0,os,gaussian,24293120.0,75.8022995968,33656576.0,80.7499661312,72.17941599288056,93.87285621103396
hires,2048,2048,128,128,11,32,4096,800.0,os,sobel,9363456.0,4.9476665344,33656576.0,80.7499661312,27.820584007119443,6.127143788966038
hires,2048,2048,128,128,11,32,4096,800.0,ws,gaussian,17196032.0,77.0024186368,21592320.0,91.54244869120001,79.63957555278914,84.11662538824162
hires,2048,2048,128,128,11,32,4096,800.0,ws,sobel,4396288.0,14.540030054399999,21592320.0,91.54244869120001,20.36042444721086,15.883374611758375
hires,2048,2048,128,128,11,64,256,50.0,os,gaussian,214045184.0,1069.4023303168,223361536.0,1090.1520986112,95.82902581758749,98.096617130689
hires,2048,2048,128,128,11,64,256,50.0,os,sobel,9316352.0,20.749768294400003,223361536.0,1090.1520986112,4.1709741824124995,1.9033828693110058
hires,2048,2048,128,128,11,64,256,50.0,ws,gaussian,10636288.0,54.9849747968,15348224.0,60.6085248512,69.29979651065817,90.72151967366575
hires,2048,2048,128,128,11,64,256,50.0,ws,sobel,4711936.0,5.6235500544,15348224.0,60.6085248512,30.700203489341828,9.278480326334256
hires,2048,2048,128,128,11,64,256,200.0,os,gaussian,54086656.0,1071.2135303168,63051008.0,1091.9965786112,85.78238114765746,98.09678448619024
hires,2048,2048,128,128,11,64,256,200.0,os,sobel,8964352.0,20.7830482944,63051008.0,1091.9965786112,14.217618852342534,1.9032155138097462
hires,2048,2048,128,128,11,64,256,200.0,ws,gaussian,8602880.0,55.073294796800006,12962816.0,60.704524851200006,66.36582668457224,90.72354150171941
hires,2048,2048,128,128,11,64,256,200.0,ws,sobel,4359936.0,5.6312300544,12962816.0,60.704524851200006,33.63417331542776,9.276458498280595
hires,2048,2048,128,128,11,64,256,800.0,os,gaussian,17019136.0,1074.8384903168,25895424.0,1095.6932186112,65.72256163868953,98.09666356055087
hires,2048,2048,128,128,11,64,256,800.0,os,sobel,8876288.0,20.8547282944,25895424.0,1095.6932186112,34.27743836131047,1.9033364394491312
hires,2048,2048,128,128,11,64,256,800.0,ws,gaussian,8514816.0,55.2524947968,12786688.0,60.9042048512,66.59125490510131,90.72032864034897
hires,2048,2048,128,128,11,64,256,800.0,ws,sobel,4271872.0,5.6517100544,12786688.0,60.9042048512,33.4087450948987,9.27967135965103
hires,2048,2048,128,128,11,64,1024,50.0,os,gaussian,73371392.0,359.8893703168,83141376.0,364.8132186112,88.24895079917849,98.65030979054309
hires,2048,2048,128,128,11,64,1024,50.0,os,sobel,9769984.0,4.9238482944,83141376.0,364.8132186112,11.751049200821502,1.3496902094569099
hires,2048,2048,128,128,11,64,1024,50.0,ws,gaussian,11515136.0,58.1043347968,17134080.0,65.24724485120001,67.20603615717914,89.05254916021389
hires,2048,2048,128,128,11,64,1024,50.0,ws,sobel,5618944.0,7.1429100544,17134080.0,65.24724485120001,32.79396384282086,10.947450839786118
hires,2048,2048,128,128,11,64,1024,200.0,os,gaussian,19006464.0,360.11721031679997,28084224.0,365.0436186112,67.67665718661124,98.65046037151878
hires,2048,2048,128,128,11,64,1024,200.0,os,sobel,9077760.0,4.9264082944,28084224.0,365.0436186112,32.323342813388756,1.3495396284812227
hires,2048,2048,128,128,11,64,1024,200.0,ws,gaussian,8829696.0,58.140174796800004,13416448.0,65.2869248512,65.81247137841551,89.05332105825377
hires,2048,2048,128,128,11,64,1024,200.0,ws,sobel,4586752.0,7.1467500544,13416448.0,65.2869248512,34.18752862158449,10.946678941746235
hires,2048,2048,128,128,11,64,1024,800.0,os,gaussian,16268032.0,361.02857031679997,25172736.0,365.97033861119996,64.62560128545422,98.6496806508546
hires,2048,2048,128,128,11,64,1024,800.0,os,sobel,8904704.0,4.941768294399999,25172736.0,365.97033861119996,35.37439871454577,1.3503193491454075
hires,2048,2048,128,128,11,64,1024,800.0,ws,gaussian,8571648.0,58.283534796800005,12900352.0,65.4507648512,66.44507064613431,89.0494326984651
hires,2048,2048,128,128,11,64,1024,800.0,ws,sobel,4328704.0,7.1672300544,12900352.0,65.4507648512,33.554929353865695,10.95056730153489
hires,2048,2048,128,128,11,64,4096,50.0,os,gaussian,40429312.0,172.46153031679998,50199296.0,177.38537861119997,80.53760753935673,97.2242084815839
hires,2048,2048,128,128,11,64,4096,50.0,os,sobel,9769984.0,4.9238482944,50199296.0,177.38537861119997,19.462392460643272,2.775791518416114
hires,2048,2048,128,128,11,64,4096,50.0,ws,gaussian,15549184.0,76.1907347968,24791040.0,101.4482048512,62.720983064849236,75.10308822965709
hires,2048,2048,128,128,11,64,4096,50.0,ws,sobel,9241856.0,25.257470054400002,24791040.0,101.4482048512,37.279016935150764,24.89691177034291
hires,2048,2048,128,128,11,64,4096,200.0,os,gaussian,17415936.0,172.4896903168,26493696.0,177.4160986112,65.73615096964953,97.22324618060955
hires,2048,2048,128,128,11,64,4096,200.0,os,sobel,9077760.0,4.9264082944,26493696.0,177.4160986112,34.263849030350464,2.776753819390437
hires,2048,2048,128,128,11,64,4096,200.0,ws,gaussian,9735424.0,76.2035347968,15227904.0,101.4648448512,63.93147737206644,75.10338670359556
hires,2048,2048,128,128,11,64,4096,200.0,ws,sobel,5492480.0,25.261310054400003,15227904.0,101.4648448512,36.06852262793356,24.89661329640445
hires,2048,2048,128,128,11,64,4096,800.0,os,gaussian,16494336.0,172.53065031679998,25399040.0,177.47241861119997,64.94078516353375,97.21547250380002
hires,2048,2048,128,128,11,64,4096,800.0,os,sobel,8904704.0,4.941768294399999,25399040.0,177.47241861119997,35.05921483646626,2.784527496199983
hires,2048,2048,128,128,11,64,4096,800.0,ws,gaussian,8797952.0,76.2240147968,13352960.0,101.49556485120002,65.88765337423312,75.10083313349705
hires,2048,2048,128,128,11,64,4096,800.0,ws,sobel,4555008.0,25.271550054400002,13352960.0,101.49556485120002,34.11234662576687,24.899166866502945
hires,2048,2048,128,128,11,128,256,50.0,ws,gaussian,10605568.0,54.687932876800005,15366656.0,60.326842931200005,69.01675940425815,90.65273470247578
hires,2048,2048,128,128,11,128,256,50.0,ws,sobel,4761088.0,5.638910054399999,15366656.0,60.326842931200005,30.983240595741847,9.347265297524217
hires,2048,2048,128,128,11,128,256,200.0,ws,gaussian,4388096.0,54.7762528768,8797184.0,60.4228429312,49.88068909323711,90.65487524175344
hires,2048,2048,128,128,11,128,256,200.0,ws,sobel,4409088.0,5.6465900544,8797184.0,60.4228429312,50.11931090676289,9.345124758246556
hires,2048,2048,128,128,11,128,256,800.0,ws,gaussian,4315904.0,54.9554528768,8636928.0,60.6276429312,49.97035983164385,90.64421808244009
hires,2048,2048,128,128,11,128,256,800.0,ws,sobel,4321024.0,5.6721900544,8636928.0,60.6276429312,50.02964016835616,9.355781917559911
hires,2048,2048,128,128,11,128,1024,50.0,os,gaussian,143253760.0,716.5978656768001,152794368.0,721.5341248512001,93.75591644843873,99.31586615180287
hires,2048,2048,128,128,11,128,1024,50.0,os,sobel,9540608.0,4.9362591744,152794368.0,721.5341248512001,6.244083551561272,0.6841338481971301
hires,2048,2048,128,128,11,128,1024,50.0,ws,gaussian,11259648.0,57.862332876800004,16927744.0,65.0206029312,66.51593974956143,88.99076641603224
hires,2048,2048,128,128,11,128,1024,50.0,ws,sobel,5668096.0,7.1582700544,16927744.0,65.0206029312,33.48406025043857,11.009233583967767
hires,2048,2048,128,128,11,128,1024,200.0,os,gaussian,36316160.0,717.0535456768,45164544.0,721.9923648512,80.40856119348841,99.31594578906414
hires,2048,2048,128,128,11,128,1024,200.0,os,sobel,8848384.0,4.9388191744,45164544.0,721.9923648512,19.591438806511587,0.6840542109358556
hires,2048,2048,128,128,11,128,1024,200.0,ws,gaussian,4614912.0,57.899452876800005,9250816.0,65.0615629312,49.88653973876467,88.99179526016977
hires,2048,2048,128,128,11,128,1024,200.0,ws,sobel,4635904.0,7.162110054399999,9250816.0,65.0615629312,50.11346026123533,11.00820473983025
hires,2048,2048,128,128,11,128,1024,800.0,os,gaussian,12368640.0,718.8762656768,21043968.0,723.8355648512,58.77522718148973,99.31485831655432
hires,2048,2048,128,128,11,128,1024,800.0,os,sobel,8675328.0,4.9592991744,21043968.0,723.8355648512,41.224772818510274,0.685141683445672
hires,2048,2048,128,128,11,128,1024,800.0,ws,gaussian,4372736.0,58.047932876800004,8750592.0,65.2356429312,49.97074483646364,88.98192808189162
hires,2048,2048,128,128,11,128,1024,800.0,ws,sobel,4377856.0,7.187710054399999,8750592.0,65.2356429312,50.02925516353637,11.018071918108376
hires,2048,2048,128,128,11,128,4096,50.0,os,gaussian,36529920.0,172.64010567679998,46070528.0,177.57636485119997,79.29129876696877,97.22020485184707
hires,2048,2048,128,128,11,128,4096,50.0,os,sobel,9540608.0,4.9362591744,46070528.0,177.57636485119997,20.708701233031235,2.779795148152929
hires,2048,2048,128,128,11,128,4096,50.0,ws,gaussian,14877440.0,75.94873287680001,24168448.0,101.22156293120001,61.55728328107788,75.03216772934255
hires,2048,2048,128,128,11,128,4096,50.0,ws,sobel,9291008.0,25.2728300544,24168448.0,101.22156293120001,38.44271671892213,24.967832270657453
hires,2048,2048,128,128,11,128,4096,200.0,os,gaussian,13516544.0,172.6695456768,22364928.0,177.6083648512,60.43634032714078,97.21926431869483
hires,2048,2048,128,128,11,128,4096,200.0,os,sobel,8848384.0,4.9388191744,22364928.0,177.6083648512,39.56365967285922,2.7807356813051762
hires,2048,2048,128,128,11,128,4096,200.0,ws,gaussian,5520640.0,75.9628128768,11062272.0,101.2394829312,49.90511894844025,75.03279419988993
hires,2048,2048,128,128,11,128,4096,200.0,ws,sobel,5541632.0,25.2766700544,11062272.0,101.2394829312,50.094881051559746,24.967205800110058
hires,2048,2048,128,128,11,128,4096,800.0,os,gaussian,12594944.0,172.7156256768,21270272.0,177.6749248512,59.213836099510154,97.20877936008509
hires,2048,2048,128,128,11,128,4096,800.0,os,sobel,8675328.0,4.9592991744,21270272.0,177.6749248512,40.786163900489846,2.79122063991491
hires,2048,2048,128,128,11,128,4096,800.0,ws,gaussian,4599040.0,75.9884128768,9203200.0,101.2804429312,49.97218358831711,75.02772566705606
hires,2048,2048,128,128,11,128,4096,800.0,ws,sobel,4604160.0,25.2920300544,9203200.0,101.2804429312,50.02781641168289,24.97227433294395
