resolution,frame_width,frame_height,tile_width,tile_height,gaussian_kernel,array_size,sram_budget_kb,bandwidth_gbps,dataflow,total_cycles,total_stall_cycles,total_macs,total_sram_accesses,total_sram_ifmap_reads,total_sram_filter_reads,total_sram_ofmap_writes,total_dram_accesses,total_dram_ifmap_reads,total_dram_filter_reads,total_dram_ofmap_writes,energy_mac_pj,energy_sram_ifmap_pj,energy_sram_filter_pj,energy_sram_ofmap_pj,energy_sram_pj,energy_dram_ifmap_pj,energy_dram_filter_pj,energy_dram_ofmap_pj,energy_dram_pj,energy_total_pj,analytical_lower_bound_ms,energy_backend,latency_ms,stall_pct,energy_total_mj,edp_mj_ms,average_power_w_at_30fps,deadline_ms,feasible,average_power_w_at_deadline_fps
1080p,1920,1080,128,128,3,16,256,800.0,ws,4186905.0,0.0,55987200,43549245.0,37324800.0,3645.0,6220800.0,52612800.0,46176000.0,216000.0,6220800.0,11197440.0,186624000.0,18225.0,31104000.0,217746225.0,4617600000.0,21600000.0,622080000.0,5261280000.0,5490223665.0,0.2187,accelergy,4.186905,0.0,5.490223665,22.98704491410683,0.16470670995,33,True,0.16637041409090908
1080p,1920,1080,128,128,3,16,256,200.0,ws,4269870.0,0.0,55987200,43549245.0,37324800.0,3645.0,6220800.0,52294800.0,46020000.0,54000.0,6220800.0,11197440.0,186624000.0,18225.0,31104000.0,217746225.0,4602000000.0,5400000.0,622080000.0,5229480000.0,5458423665.0,0.2187,accelergy,4.26987,0.0,5.458423665,23.30675945447355,0.16375270995,33,True,0.16540677772727275
1080p,1920,1080,128,128,3,16,256,50.0,ws,4601685.0,0.0,55987200,43549245.0,37324800.0,3645.0,6220800.0,52203300.0,45942000.0,40500.0,6220800.0,11197440.0,186624000.0,18225.0,31104000.0,217746225.0,4594200000.0,4050000.0,622080000.0,5220330000.0,5449273665.0,0.2187,accelergy,4.601685000000001,0.0,5.449273665,25.075840885125526,0.16347820995,33,True,0.165129505
1080p,1920,1080,128,128,3,128,1024,800.0,os,8575335.0,0.0,55987200,52277400.0,37324800.0,437400.0,14515200.0,44116800.0,37464000.0,432000.0,6220800.0,11197440.0,186624000.0,2187000.0,72576000.0,261387000.0,3746400000.0,43200000.0,622080000.0,4411680000.0,4684264440.0,0.0034171875,accelergy,8.575334999999999,0.0,4.68426444,40.16913680158739,0.1405279332,33,True,0.14194740727272728
1080p,1920,1080,128,128,3,128,1024,200.0,os,8738610.0,0.0,55987200,52277400.0,37324800.0,437400.0,14515200.0,43906800.0,37362000.0,324000.0,6220800.0,11197440.0,186624000.0,2187000.0,72576000.0,261387000.0,3736200000.0,32400000.0,622080000.0,4390680000.0,4663264440.0,0.010368,accelergy,8.738610000000001,0.0,4.66326444,40.750449268028405,0.1398979332,33,True,0.14131104363636365
1080p,1920,1080,128,128,3,64,1024,200.0,os,8965410.0,0.0,55987200,52714800.0,37324800.0,874800.0,14515200.0,43744800.0,37362000.0,162000.0,6220800.0,11197440.0,186624000.0,4374000.0,72576000.0,263574000.0,3736200000.0,16200000.0,622080000.0,4374480000.0,4649251440.0,0.01366875,accelergy,8.96541,0.0,4.64925144,41.6824453526904,0.1394775432,33,True,0.1408864072727273
1080p,1920,1080,128,128,3,32,1024,200.0,os,9419010.0,0.0,55987200,53589600.0,37324800.0,1749600.0,14515200.0,43690800.0,37362000.0,108000.0,6220800.0,11197440.0,186624000.0,8748000.0,72576000.0,267948000.0,3736200000.0,10800000.0,622080000.0,4369080000.0,4648225440.0,0.054675,accelergy,9.41901,0.0,4.64822544,43.7816819016144,0.1394467632,33,True,0.14085531636363638
1080p,1920,1080,128,128,3,64,1024,50.0,os,9618735.0,0.0,55987200,52714800.0,37324800.0,874800.0,14515200.0,43719300.0,37336500.0,162000.0,6220800.0,11197440.0,186624000.0,4374000.0,72576000.0,263574000.0,3733650000.0,16200000.0,622080000.0,4371930000.0,4646701440.0,0.041472,accelergy,9.618735,0.0,4.64670144,44.6953897754784,0.1394010432,33,True,0.14080913454545457
1080p,1920,1080,128,128,3,32,1024,50.0,os,10072335.0,0.0,55987200,53589600.0,37324800.0,1749600.0,14515200.0,43638300.0,37336500.0,81000.0,6220800.0,11197440.0,186624000.0,8748000.0,72576000.0,267948000.0,3733650000.0,8100000.0,622080000.0,4363830000.0,4642975440.0,0.054675,accelergy,10.072335,0.0,4.64297544,46.7656040284524,0.1392892632,33,True,0.14069622545454546
1080p,1920,1080,128,128,3,16,256,800.0,ws,4186905.0,0.0,55987200,43549245.0,37324800.0,3645.0,6220800.0,52612800.0,46176000.0,216000.0,6220800.0,11197440.0,186624000.0,18225.0,31104000.0,217746225.0,4617600000.0,21600000.0,622080000.0,5261280000.0,5490223665.0,0.2187,accelergy,4.186905,0.0,5.490223665,22.98704491410683,0.16470670995,100,True,0.05490223665
1080p,1920,1080,128,128,3,16,256,200.0,ws,4269870.0,0.0,55987200,43549245.0,37324800.0,3645.0,6220800.0,52294800.0,46020000.0,54000.0,6220800.0,11197440.0,186624000.0,18225.0,31104000.0,217746225.0,4602000000.0,5400000.0,622080000.0,5229480000.0,5458423665.0,0.2187,accelergy,4.26987,0.0,5.458423665,23.30675945447355,0.16375270995,100,True,0.05458423665
1080p,1920,1080,128,128,3,16,256,50.0,ws,4601685.0,0.0,55987200,43549245.0,37324800.0,3645.0,6220800.0,52203300.0,45942000.0,40500.0,6220800.0,11197440.0,186624000.0,18225.0,31104000.0,217746225.0,4594200000.0,4050000.0,622080000.0,5220330000.0,5449273665.0,0.2187,accelergy,4.601685000000001,0.0,5.449273665,25.075840885125526,0.16347820995,100,True,0.05449273665
1080p,1920,1080,128,128,3,128,1024,800.0,os,8575335.0,0.0,55987200,52277400.0,37324800.0,437400.0,14515200.0,44116800.0,37464000.0,432000.0,6220800.0,11197440.0,186624000.0,2187000.0,72576000.0,261387000.0,3746400000.0,43200000.0,622080000.0,4411680000.0,4684264440.0,0.0034171875,accelergy,8.575334999999999,0.0,4.68426444,40.16913680158739,0.1405279332,100,True,0.0468426444
1080p,1920,1080,128,128,3,128,1024,200.0,os,8738610.0,0.0,55987200,52277400.0,37324800.0,437400.0,14515200.0,43906800.0,37362000.0,324000.0,6220800.0,11197440.0,186624000.0,2187000.0,72576000.0,261387000.0,3736200000.0,32400000.0,622080000.0,4390680000.0,4663264440.0,0.010368,accelergy,8.738610000000001,0.0,4.66326444,40.750449268028405,0.1398979332,100,True,0.0466326444
1080p,1920,1080,128,128,3,64,1024,200.0,os,8965410.0,0.0,55987200,52714800.0,37324800.0,874800.0,14515200.0,43744800.0,37362000.0,162000.0,6220800.0,11197440.0,186624000.0,4374000.0,72576000.0,263574000.0,3736200000.0,16200000.0,622080000.0,4374480000.0,4649251440.0,0.01366875,accelergy,8.96541,0.0,4.64925144,41.6824453526904,0.1394775432,100,True,0.0464925144
1080p,1920,1080,128,128,3,32,1024,200.0,os,9419010.0,0.0,55987200,53589600.0,37324800.0,1749600.0,14515200.0,43690800.0,37362000.0,108000.0,6220800.0,11197440.0,186624000.0,8748000.0,72576000.0,267948000.0,3736200000.0,10800000.0,622080000.0,4369080000.0,4648225440.0,0.054675,accelergy,9.41901,0.0,4.64822544,43.7816819016144,0.1394467632,100,True,0.0464822544
1080p,1920,1080,128,128,3,64,1024,50.0,os,9618735.0,0.0,55987200,52714800.0,37324800.0,874800.0,14515200.0,43719300.0,37336500.0,162000.0,6220800.0,11197440.0,186624000.0,4374000.0,72576000.0,263574000.0,3733650000.0,16200000.0,622080000.0,4371930000.0,4646701440.0,0.041472,accelergy,9.618735,0.0,4.64670144,44.6953897754784,0.1394010432,100,True,0.0464670144
1080p,1920,1080,128,128,3,32,1024,50.0,os,10072335.0,0.0,55987200,53589600.0,37324800.0,1749600.0,14515200.0,43638300.0,37336500.0,81000.0,6220800.0,11197440.0,186624000.0,8748000.0,72576000.0,267948000.0,3733650000.0,8100000.0,622080000.0,4363830000.0,4642975440.0,0.054675,accelergy,10.072335,0.0,4.64297544,46.7656040284524,0.1392892632,100,True,0.0464297544
1080p,1920,1080,128,128,3,16,256,800.0,ws,4186905.0,0.0,55987200,43549245.0,37324800.0,3645.0,6220800.0,52612800.0,46176000.0,216000.0,6220800.0,11197440.0,186624000.0,18225.0,31104000.0,217746225.0,4617600000.0,21600000.0,622080000.0,5261280000.0,5490223665.0,0.2187,accelergy,4.186905,0.0,5.490223665,22.98704491410683,0.16470670995,200,True,0.027451118325
1080p,1920,1080,128,128,3,16,256,200.0,ws,4269870.0,0.0,55987200,43549245.0,37324800.0,3645.0,6220800.0,52294800.0,46020000.0,54000.0,6220800.0,11197440.0,186624000.0,18225.0,31104000.0,217746225.0,4602000000.0,5400000.0,622080000.0,5229480000.0,5458423665.0,0.2187,accelergy,4.26987,0.0,5.458423665,23.30675945447355,0.16375270995,200,True,0.027292118325
1080p,1920,1080,128,128,3,16,256,50.0,ws,4601685.0,0.0,55987200,43549245.0,37324800.0,3645.0,6220800.0,52203300.0,45942000.0,40500.0,6220800.0,11197440.0,186624000.0,18225.0,31104000.0,217746225.0,4594200000.0,4050000.0,622080000.0,5220330000.0,5449273665.0,0.2187,accelergy,4.601685000000001,0.0,5.449273665,25.075840885125526,0.16347820995,200,True,0.027246368325
1080p,1920,1080,128,128,3,128,1024,800.0,os,8575335.0,0.0,55987200,52277400.0,37324800.0,437400.0,14515200.0,44116800.0,37464000.0,432000.0,6220800.0,11197440.0,186624000.0,2187000.0,72576000.0,261387000.0,3746400000.0,43200000.0,622080000.0,4411680000.0,4684264440.0,0.0034171875,accelergy,8.575334999999999,0.0,4.68426444,40.16913680158739,0.1405279332,200,True,0.0234213222
1080p,1920,1080,128,128,3,128,1024,200.0,os,8738610.0,0.0,55987200,52277400.0,37324800.0,437400.0,14515200.0,43906800.0,37362000.0,324000.0,6220800.0,11197440.0,186624000.0,2187000.0,72576000.0,261387000.0,3736200000.0,32400000.0,622080000.0,4390680000.0,4663264440.0,0.010368,accelergy,8.738610000000001,0.0,4.66326444,40.750449268028405,0.1398979332,200,True,0.0233163222
1080p,1920,1080,128,128,3,64,1024,200.0,os,8965410.0,0.0,55987200,52714800.0,37324800.0,874800.0,14515200.0,43744800.0,37362000.0,162000.0,6220800.0,11197440.0,186624000.0,4374000.0,72576000.0,263574000.0,3736200000.0,16200000.0,622080000.0,4374480000.0,4649251440.0,0.01366875,accelergy,8.96541,0.0,4.64925144,41.6824453526904,0.1394775432,200,True,0.0232462572
1080p,1920,1080,128,128,3,32,1024,200.0,os,9419010.0,0.0,55987200,53589600.0,37324800.0,1749600.0,14515200.0,43690800.0,37362000.0,108000.0,6220800.0,11197440.0,186624000.0,8748000.0,72576000.0,267948000.0,3736200000.0,10800000.0,622080000.0,4369080000.0,4648225440.0,0.054675,accelergy,9.41901,0.0,4.64822544,43.7816819016144,0.1394467632,200,True,0.0232411272
1080p,1920,1080,128,128,3,64,1024,50.0,os,9618735.0,0.0,55987200,52714800.0,37324800.0,874800.0,14515200.0,43719300.0,37336500.0,162000.0,6220800.0,11197440.0,186624000.0,4374000.0,72576000.0,263574000.0,3733650000.0,16200000.0,622080000.0,4371930000.0,4646701440.0,0.041472,accelergy,9.618735,0.0,4.64670144,44.6953897754784,0.1394010432,200,True,0.0232335072
1080p,1920,1080,128,128,3,32,1024,50.0,os,10072335.0,0.0,55987200,53589600.0,37324800.0,1749600.0,14515200.0,43638300.0,37336500.0,81000.0,6220800.0,11197440.0,186624000.0,8748000.0,72576000.0,267948000.0,3733650000.0,8100000.0,622080000.0,4363830000.0,4642975440.0,0.054675,accelergy,10.072335,0.0,4.64297544,46.7656040284524,0.1392892632,200,True,0.0232148772
1080p,1920,1080,128,128,5,32,256,800.0,ws,4199865.0,0.0,89164800,76729005.0,70502400.0,5805.0,6220800.0,82804800.0,76368000.0,216000.0,6220800.0,17832960.0,352512000.0,29025.0,31104000.0,383645025.0,7636800000.0,21600000.0,622080000.0,8280480000.0,8681957985.0,0.087075,accelergy,4.199865,0.0,8.681957985,36.46305147267203,0.26045873955,33,True,0.2630896359090909
1080p,1920,1080,128,128,5,32,256,200.0,ws,4282830.0,0.0,89164800,76729005.0,70502400.0,5805.0,6220800.0,82492800.0,76110000.0,162000.0,6220800.0,17832960.0,352512000.0,29025.0,31104000.0,383645025.0,7611000000.0,16200000.0,622080000.0,8249280000.0,8650757985.0,0.087075,accelergy,4.28283,0.0,8.650757985,37.04972582089755,0.25952273955,33,True,0.2621441813636364
1080p,1920,1080,128,128,5,32,256,50.0,ws,4614645.0,0.0,89164800,76729005.0,70502400.0,5805.0,6220800.0,82350300.0,75981000.0,148500.0,6220800.0,17832960.0,352512000.0,29025.0,31104000.0,383645025.0,7598100000.0,14850000.0,622080000.0,8235030000.0,8636507985.0,0.087075,accelergy,4.614644999999999,0.0,8.636507985,39.854418390440316,0.25909523955,33,True,0.26171236318181823
1080p,1920,1080,128,128,5,128,4096,800.0,os,8875920.0,0.0,89164800,85714200.0,70502400.0,696600.0,14515200.0,77440800.0,70572000.0,648000.0,6220800.0,17832960.0,352512000.0,3483000.0,72576000.0,428571000.0,7057200000.0,64800000.0,622080000.0,7744080000.0,8190483960.0,0.0054421875,accelergy,8.87592,0.0,8.19048396,72.6980803902432,0.2457145188,33,True,0.24819648363636365
1080p,1920,1080,128,128,5,128,4096,200.0,os,9163605.0,0.0,89164800,85714200.0,70502400.0,696600.0,14515200.0,77335800.0,70521000.0,594000.0,6220800.0,17832960.0,352512000.0,3483000.0,72576000.0,428571000.0,7052100000.0,59400000.0,622080000.0,7733580000.0,8179983960.0,0.010368,accelergy,9.163605,0.0,8.17998396,74.9581419157758,0.2453995188,33,True,0.24787830181818182
1080p,1920,1080,128,128,5,64,4096,800.0,os,9361920.0,0.0,89164800,86410800.0,70502400.0,1393200.0,14515200.0,77116800.0,70572000.0,324000.0,6220800.0,17832960.0,352512000.0,6966000.0,72576000.0,432054000.0,7057200000.0,32400000.0,622080000.0,7711680000.0,8161566960.0,0.02176875,accelergy,9.36192,0.0,8.16156696,76.40793695416319,0.2448470088,33,True,0.2473202109090909
1080p,1920,1080,128,128,5,64,4096,200.0,os,9649605.0,0.0,89164800,86410800.0,70502400.0,1393200.0,14515200.0,77038800.0,70521000.0,297000.0,6220800.0,17832960.0,352512000.0,6966000.0,72576000.0,432054000.0,7052100000.0,29700000.0,622080000.0,7703880000.0,8153766960.0,0.02176875,accelergy,9.649605000000001,0.0,8.15376696,78.68063042605081,0.2446130088,33,True,0.2470838472727273
1080p,1920,1080,128,128,5,32,4096,200.0,os,10621605.0,0.0,89164800,87804000.0,70502400.0,2786400.0,14515200.0,76903800.0,70521000.0,162000.0,6220800.0,17832960.0,352512000.0,13932000.0,72576000.0,439020000.0,7052100000.0,16200000.0,622080000.0,7690380000.0,8147232960.0,0.087075,accelergy,10.621604999999999,0.0,8.14723296,86.53669034410079,0.2444169888,33,True,0.2468858472727273
1080p,1920,1080,128,128,5,32,4096,50.0,os,11772570.0,0.0,89164800,87804000.0,70502400.0,2786400.0,14515200.0,76877550.0,70508250.0,148500.0,6220800.0,17832960.0,352512000.0,13932000.0,72576000.0,439020000.0,7050825000.0,14850000.0,622080000.0,7687755000.0,8144607960.0,0.087075,accelergy,11.77257,0.0,8.14460796,95.8829673316572,0.2443382388,33,True,0.24680630181818183
1080p,1920,1080,128,128,5,32,256,800.0,ws,4199865.0,0.0,89164800,76729005.0,70502400.0,5805.0,6220800.0,82804800.0,76368000.0,216000.0,6220800.0,17832960.0,352512000.0,29025.0,31104000.0,383645025.0,7636800000.0,21600000.0,622080000.0,8280480000.0,8681957985.0,0.087075,accelergy,4.199865,0.0,8.681957985,36.46305147267203,0.26045873955,100,True,0.08681957985
1080p,1920,1080,128,128,5,32,256,200.0,ws,4282830.0,0.0,89164800,76729005.0,70502400.0,5805.0,6220800.0,82492800.0,76110000.0,162000.0,6220800.0,17832960.0,352512000.0,29025.0,31104000.0,383645025.0,7611000000.0,16200000.0,622080000.0,8249280000.0,8650757985.0,0.087075,accelergy,4.28283,0.0,8.650757985,37.04972582089755,0.25952273955,100,True,0.08650757985
1080p,1920,1080,128,128,5,32,256,50.0,ws,4614645.0,0.0,89164800,76729005.0,70502400.0,5805.0,6220800.0,82350300.0,75981000.0,148500.0,6220800.0,17832960.0,352512000.0,29025.0,31104000.0,383645025.0,7598100000.0,14850000.0,622080000.0,8235030000.0,8636507985.0,0.087075,accelergy,4.614644999999999,0.0,8.636507985,39.854418390440316,0.25909523955,100,True,0.08636507985
1080p,1920,1080,128,128,5,128,4096,800.0,os,8875920.0,0.0,89164800,85714200.0,70502400.0,696600.0,14515200.0,77440800.0,70572000.0,648000.0,6220800.0,17832960.0,352512000.0,3483000.0,72576000.0,428571000.0,7057200000.0,64800000.0,622080000.0,7744080000.0,8190483960.0,0.0054421875,accelergy,8.87592,0.0,8.19048396,72.6980803902432,0.2457145188,100,True,0.0819048396
1080p,1920,1080,128,128,5,128,4096,200.0,os,9163605.0,0.0,89164800,85714200.0,70502400.0,696600.0,14515200.0,77335800.0,70521000.0,594000.0,6220800.0,17832960.0,352512000.0,3483000.0,72576000.0,428571000.0,7052100000.0,59400000.0,622080000.0,7733580000.0,8179983960.0,0.010368,accelergy,9.163605,0.0,8.17998396,74.9581419157758,0.2453995188,100,True,0.0817998396
1080p,1920,1080,128,128,5,64,4096,800.0,os,9361920.0,0.0,89164800,86410800.0,70502400.0,1393200.0,14515200.0,77116800.0,70572000.0,324000.0,6220800.0,17832960.0,352512000.0,6966000.0,72576000.0,432054000.0,7057200000.0,32400000.0,622080000.0,7711680000.0,8161566960.0,0.02176875,accelergy,9.36192,0.0,8.16156696,76.40793695416319,0.2448470088,100,True,0.0816156696
1080p,1920,1080,128,128,5,64,4096,200.0,os,9649605.0,0.0,89164800,86410800.0,70502400.0,1393200.0,14515200.0,77038800.0,70521000.0,297000.0,6220800.0,17832960.0,352512000.0,6966000.0,72576000.0,432054000.0,7052100000.0,29700000.0,622080000.0,7703880000.0,8153766960.0,0.02176875,accelergy,9.649605000000001,0.0,8.15376696,78.68063042605081,0.2446130088,100,True,0.0815376696
1080p,1920,1080,128,128,5,32,4096,200.0,os,10621605.0,0.0,89164800,87804000.0,70502400.0,2786400.0,14515200.0,76903800.0,70521000.0,162000.0,6220800.0,17832960.0,352512000.0,13932000.0,72576000.0,439020000.0,7052100000.0,16200000.0,622080000.0,7690380000.0,8147232960.0,0.087075,accelergy,10.621604999999999,0.0,8.14723296,86.53669034410079,0.2444169888,100,True,0.0814723296
1080p,1920,1080,128,128,5,32,4096,50.0,os,11772570.0,0.0,89164800,87804000.0,70502400.0,2786400.0,14515200.0,76877550.0,70508250.0,148500.0,6220800.0,17832960.0,352512000.0,13932000.0,72576000.0,439020000.0,7050825000.0,14850000.0,622080000.0,7687755000.0,8144607960.0,0.087075,accelergy,11.77257,0.0,8.14460796,95.8829673316572,0.2443382388,100,True,0.0814460796
1080p,1920,1080,128,128,5,32,256,800.0,ws,4199865.0,0.0,89164800,76729005.0,70502400.0,5805.0,6220800.0,82804800.0,76368000.0,216000.0,6220800.0,17832960.0,352512000.0,29025.0,31104000.0,383645025.0,7636800000.0,21600000.0,622080000.0,8280480000.0,8681957985.0,0.087075,accelergy,4.199865,0.0,8.681957985,36.46305147267203,0.26045873955,200,True,0.043409789925
1080p,1920,1080,128,128,5,32,256,200.0,ws,4282830.0,0.0,89164800,76729005.0,70502400.0,5805.0,6220800.0,82492800.0,76110000.0,162000.0,6220800.0,17832960.0,352512000.0,29025.0,31104000.0,383645025.0,7611000000.0,16200000.0,622080000.0,8249280000.0,8650757985.0,0.087075,accelergy,4.28283,0.0,8.650757985,37.04972582089755,0.25952273955,200,True,0.043253789925
1080p,1920,1080,128,128,5,32,256,50.0,ws,4614645.0,0.0,89164800,76729005.0,70502400.0,5805.0,6220800.0,82350300.0,75981000.0,148500.0,6220800.0,17832960.0,352512000.0,29025.0,31104000.0,383645025.0,7598100000.0,14850000.0,622080000.0,8235030000.0,8636507985.0,0.087075,accelergy,4.614644999999999,0.0,8.636507985,39.854418390440316,0.25909523955,200,True,0.043182539925
1080p,1920,1080,128,128,5,128,4096,800.0,os,8875920.0,0.0,89164800,85714200.0,70502400.0,696600.0,14515200.0,77440800.0,70572000.0,648000.0,6220800.0,17832960.0,352512000.0,3483000.0,72576000.0,428571000.0,7057200000.0,64800000.0,622080000.0,7744080000.0,8190483960.0,0.0054421875,accelergy,8.87592,0.0,8.19048396,72.6980803902432,0.2457145188,200,True,0.0409524198
1080p,1920,1080,128,128,5,128,4096,200.0,os,9163605.0,0.0,89164800,85714200.0,70502400.0,696600.0,14515200.0,77335800.0,70521000.0,594000.0,6220800.0,17832960.0,352512000.0,3483000.0,72576000.0,428571000.0,7052100000.0,59400000.0,622080000.0,7733580000.0,8179983960.0,0.010368,accelergy,9.163605,0.0,8.17998396,74.9581419157758,0.2453995188,200,True,0.0408999198
1080p,1920,1080,128,128,5,64,4096,800.0,os,9361920.0,0.0,89164800,86410800.0,70502400.0,1393200.0,14515200.0,77116800.0,70572000.0,324000.0,6220800.0,17832960.0,352512000.0,6966000.0,72576000.0,432054000.0,7057200000.0,32400000.0,622080000.0,7711680000.0,8161566960.0,0.02176875,accelergy,9.36192,0.0,8.16156696,76.40793695416319,0.2448470088,200,True,0.0408078348
1080p,1920,1080,128,128,5,64,4096,200.0,os,9649605.0,0.0,89164800,86410800.0,70502400.0,1393200.0,14515200.0,77038800.0,70521000.0,297000.0,6220800.0,17832960.0,352512000.0,6966000.0,72576000.0,432054000.0,7052100000.0,29700000.0,622080000.0,7703880000.0,8153766960.0,0.02176875,accelergy,9.649605000000001,0.0,8.15376696,78.68063042605081,0.2446130088,200,True,0.0407688348
1080p,1920,1080,128,128,5,32,4096,200.0,os,10621605.0,0.0,89164800,87804000.0,70502400.0,2786400.0,14515200.0,76903800.0,70521000.0,162000.0,6220800.0,17832960.0,352512000.0,13932000.0,72576000.0,439020000.0,7052100000.0,16200000.0,622080000.0,7690380000.0,8147232960.0,0.087075,accelergy,10.621604999999999,0.0,8.14723296,86.53669034410079,0.2444169888,200,True,0.0407361648
1080p,1920,1080,128,128,5,32,4096,50.0,os,11772570.0,0.0,89164800,87804000.0,70502400.0,2786400.0,14515200.0,76877550.0,70508250.0,148500.0,6220800.0,17832960.0,352512000.0,13932000.0,72576000.0,439020000.0,7050825000.0,14850000.0,622080000.0,7687755000.0,8144607960.0,0.087075,accelergy,11.77257,0.0,8.14460796,95.8829673316572,0.2443382388,200,True,0.0407230398
1080p,1920,1080,128,128,7,64,256,800.0,ws,4225785.0,0.0,138931200,126498645.0,120268800.0,9045.0,6220800.0,134632800.0,127872000.0,540000.0,6220800.0,27786240.0,601344000.0,45225.0,31104000.0,632493225.0,12787200000.0,54000000.0,622080000.0,13463280000.0,14123559465.0,0.033918750000000004,accelergy,4.225785,0.0,14.123559465,59.68312573380503,0.42370678395,33,True,0.4279866504545455
1080p,1920,1080,128,128,7,64,256,200.0,ws,4308750.0,0.0,138931200,126498645.0,120268800.0,9045.0,6220800.0,134173800.0,127440000.0,513000.0,6220800.0,27786240.0,601344000.0,45225.0,31104000.0,632493225.0,12744000000.0,51300000.0,622080000.0,13417380000.0,14077659465.0,0.033918750000000004,accelergy,4.30875,0.0,14.077659465,60.65711521981875,0.42232978395,33,True,0.4265957413636364
1080p,1920,1080,128,128,7,64,256,50.0,ws,4640565.0,0.0,138931200,126498645.0,120268800.0,9045.0,6220800.0,133951050.0,127224000.0,506250.0,6220800.0,27786240.0,601344000.0,45225.0,31104000.0,632493225.0,12722400000.0,50625000.0,622080000.0,13395105000.0,14055384465.0,0.041472,accelergy,4.6405650000000005,0.0,14.055384465,65.22492520982273,0.42166153395,33,True,0.4259207413636364
1080p,1920,1080,128,128,7,128,4096,800.0,os,9327000.0,0.0,138931200,135869400.0,120268800.0,1085400.0,14515200.0,127696800.0,120396000.0,1080000.0,6220800.0,27786240.0,601344000.0,5427000.0,72576000.0,679347000.0,12039600000.0,108000000.0,622080000.0,12769680000.0,13476813240.0,0.008479687500000001,accelergy,9.327,0.0,13.47681324,125.69823708948,0.4043043972,33,True,0.40838828
1080p,1920,1080,128,128,7,128,4096,200.0,os,9801360.0,0.0,138931200,135869400.0,120268800.0,1085400.0,14515200.0,127558800.0,120312000.0,1026000.0,6220800.0,27786240.0,601344000.0,5427000.0,72576000.0,679347000.0,12031200000.0,102600000.0,622080000.0,12755880000.0,13463013240.0,0.010368,accelergy,9.80136,0.0,13.46301324,131.9558394500064,0.4038903972,33,True,0.4079700981818182
1080p,1920,1080,128,128,7,64,4096,800.0,os,10201800.0,0.0,138931200,136954800.0,120268800.0,2170800.0,14515200.0,127156800.0,120396000.0,540000.0,6220800.0,27786240.0,601344000.0,10854000.0,72576000.0,684774000.0,12039600000.0,54000000.0,622080000.0,12715680000.0,13428240240.0,0.033918750000000004,accelergy,10.2018,0.0,13.42824024,136.992221280432,0.4028472072,33,True,0.40691637090909094
1080p,1920,1080,128,128,7,64,4096,200.0,os,10676160.0,0.0,138931200,136954800.0,120268800.0,2170800.0,14515200.0,127045800.0,120312000.0,513000.0,6220800.0,27786240.0,601344000.0,10854000.0,72576000.0,684774000.0,12031200000.0,51300000.0,622080000.0,12704580000.0,13417140240.0,0.033918750000000004,accelergy,10.676160000000001,0.0,13.41714024,143.24353594467843,0.4025142072,33,True,0.4065800072727273
1080p,1920,1080,128,128,7,32,4096,200.0,os,12425760.0,0.0,138931200,139125600.0,120268800.0,4341600.0,14515200.0,126802800.0,120312000.0,270000.0,6220800.0,27786240.0,601344000.0,21708000.0,72576000.0,695628000.0,12031200000.0,27000000.0,622080000.0,12680280000.0,13403694240.0,0.13567500000000002,accelergy,12.425759999999999,0.0,13.40369424,166.55108773962237,0.4021108272,33,True,0.40617255272727276
1080p,1920,1080,128,128,7,32,4096,50.0,os,14323185.0,0.0,138931200,139125600.0,120268800.0,4341600.0,14515200.0,126756300.0,120279000.0,256500.0,6220800.0,27786240.0,601344000.0,21708000.0,72576000.0,695628000.0,12027900000.0,25650000.0,622080000.0,12675630000.0,13399044240.0,0.13567500000000002,accelergy,14.323185,0.0,13.39904424,191.91698947270442,0.4019713272,33,True,0.4060316436363636
1080p,1920,1080,128,128,7,64,256,800.0,ws,4225785.0,0.0,138931200,126498645.0,120268800.0,9045.0,6220800.0,134632800.0,127872000.0,540000.0,6220800.0,27786240.0,601344000.0,45225.0,31104000.0,632493225.0,12787200000.0,54000000.0,622080000.0,13463280000.0,14123559465.0,0.033918750000000004,accelergy,4.225785,0.0,14.123559465,59.68312573380503,0.42370678395,100,True,0.14123559465
1080p,1920,1080,128,128,7,64,256,200.0,ws,4308750.0,0.0,138931200,126498645.0,120268800.0,9045.0,6220800.0,134173800.0,127440000.0,513000.0,6220800.0,27786240.0,601344000.0,45225.0,31104000.0,632493225.0,12744000000.0,51300000.0,622080000.0,13417380000.0,14077659465.0,0.033918750000000004,accelergy,4.30875,0.0,14.077659465,60.65711521981875,0.42232978395,100,True,0.14077659465
1080p,1920,1080,128,128,7,64,256,50.0,ws,4640565.0,0.0,138931200,126498645.0,120268800.0,9045.0,6220800.0,133951050.0,127224000.0,506250.0,6220800.0,27786240.0,601344000.0,45225.0,31104000.0,632493225.0,12722400000.0,50625000.0,622080000.0,13395105000.0,14055384465.0,0.041472,accelergy,4.6405650000000005,0.0,14.055384465,65.22492520982273,0.42166153395,100,True,0.14055384465
1080p,1920,1080,128,128,7,128,4096,800.0,os,9327000.0,0.0,138931200,135869400.0,120268800.0,1085400.0,14515200.0,127696800.0,120396000.0,1080000.0,6220800.0,27786240.0,601344000.0,5427000.0,72576000.0,679347000.0,12039600000.0,108000000.0,622080000.0,12769680000.0,13476813240.0,0.008479687500000001,accelergy,9.327,0.0,13.47681324,125.69823708948,0.4043043972,100,True,0.1347681324
1080p,1920,1080,128,128,7,128,4096,200.0,os,9801360.0,0.0,138931200,135869400.0,120268800.0,1085400.0,14515200.0,127558800.0,120312000.0,1026000.0,6220800.0,27786240.0,601344000.0,5427000.0,72576000.0,679347000.0,12031200000.0,102600000.0,622080000.0,12755880000.0,13463013240.0,0.010368,accelergy,9.80136,0.0,13.46301324,131.9558394500064,0.4038903972,100,True,0.1346301324
1080p,1920,1080,128,128,7,64,4096,800.0,os,10201800.0,0.0,138931200,136954800.0,120268800.0,2170800.0,14515200.0,127156800.0,120396000.0,540000.0,6220800.0,27786240.0,601344000.0,10854000.0,72576000.0,684774000.0,12039600000.0,54000000.0,622080000.0,12715680000.0,13428240240.0,0.033918750000000004,accelergy,10.2018,0.0,13.42824024,136.992221280432,0.4028472072,100,True,0.1342824024
1080p,1920,1080,128,128,7,64,4096,200.0,os,10676160.0,0.0,138931200,136954800.0,120268800.0,2170800.0,14515200.0,127045800.0,120312000.0,513000.0,6220800.0,27786240.0,601344000.0,10854000.0,72576000.0,684774000.0,12031200000.0,51300000.0,622080000.0,12704580000.0,13417140240.0,0.033918750000000004,accelergy,10.676160000000001,0.0,13.41714024,143.24353594467843,0.4025142072,100,True,0.1341714024
1080p,1920,1080,128,128,7,32,4096,200.0,os,12425760.0,0.0,138931200,139125600.0,120268800.0,4341600.0,14515200.0,126802800.0,120312000.0,270000.0,6220800.0,27786240.0,601344000.0,21708000.0,72576000.0,695628000.0,12031200000.0,27000000.0,622080000.0,12680280000.0,13403694240.0,0.13567500000000002,accelergy,12.425759999999999,0.0,13.40369424,166.55108773962237,0.4021108272,100,True,0.1340369424
1080p,1920,1080,128,128,7,32,4096,50.0,os,14323185.0,0.0,138931200,139125600.0,120268800.0,4341600.0,14515200.0,126756300.0,120279000.0,256500.0,6220800.0,27786240.0,601344000.0,21708000.0,72576000.0,695628000.0,12027900000.0,25650000.0,622080000.0,12675630000.0,13399044240.0,0.13567500000000002,accelergy,14.323185,0.0,13.39904424,191.91698947270442,0.4019713272,100,True,0.1339904424
1080p,1920,1080,128,128,7,64,256,800.0,ws,4225785.0,0.0,138931200,126498645.0,120268800.0,9045.0,6220800.0,134632800.0,127872000.0,540000.0,6220800.0,27786240.0,601344000.0,45225.0,31104000.0,632493225.0,12787200000.0,54000000.0,622080000.0,13463280000.0,14123559465.0,0.033918750000000004,accelergy,4.225785,0.0,14.123559465,59.68312573380503,0.42370678395,200,True,0.070617797325
1080p,1920,1080,128,128,7,64,256,200.0,ws,4308750.0,0.0,138931200,126498645.0,120268800.0,9045.0,6220800.0,134173800.0,127440000.0,513000.0,6220800.0,27786240.0,601344000.0,45225.0,31104000.0,632493225.0,12744000000.0,51300000.0,622080000.0,13417380000.0,14077659465.0,0.033918750000000004,accelergy,4.30875,0.0,14.077659465,60.65711521981875,0.42232978395,200,True,0.070388297325
1080p,1920,1080,128,128,7,64,256,50.0,ws,4640565.0,0.0,138931200,126498645.0,120268800.0,9045.0,6220800.0,133951050.0,127224000.0,506250.0,6220800.0,27786240.0,601344000.0,45225.0,31104000.0,632493225.0,12722400000.0,50625000.0,622080000.0,13395105000.0,14055384465.0,0.041472,accelergy,4.6405650000000005,0.0,14.055384465,65.22492520982273,0.42166153395,200,True,0.070276922325
1080p,1920,1080,128,128,7,128,4096,800.0,os,9327000.0,0.0,138931200,135869400.0,120268800.0,1085400.0,14515200.0,127696800.0,120396000.0,1080000.0,6220800.0,27786240.0,601344000.0,5427000.0,72576000.0,679347000.0,12039600000.0,108000000.0,622080000.0,12769680000.0,13476813240.0,0.008479687500000001,accelergy,9.327,0.0,13.47681324,125.69823708948,0.4043043972,200,True,0.0673840662
1080p,1920,1080,128,128,7,128,4096,200.0,os,9801360.0,0.0,138931200,135869400.0,120268800.0,1085400.0,14515200.0,127558800.0,120312000.0,1026000.0,6220800.0,27786240.0,601344000.0,5427000.0,72576000.0,679347000.0,12031200000.0,102600000.0,622080000.0,12755880000.0,13463013240.0,0.010368,accelergy,9.80136,0.0,13.46301324,131.9558394500064,0.4038903972,200,True,0.0673150662
1080p,1920,1080,128,128,7,64,4096,800.0,os,10201800.0,0.0,138931200,136954800.0,120268800.0,2170800.0,14515200.0,127156800.0,120396000.0,540000.0,6220800.0,27786240.0,601344000.0,10854000.0,72576000.0,684774000.0,12039600000.0,54000000.0,622080000.0,12715680000.0,13428240240.0,0.033918750000000004,accelergy,10.2018,0.0,13.42824024,136.992221280432,0.4028472072,200,True,0.0671412012
1080p,1920,1080,128,128,7,64,4096,200.0,os,10676160.0,0.0,138931200,136954800.0,120268800.0,2170800.0,14515200.0,127045800.0,120312000.0,513000.0,6220800.0,27786240.0,601344000.0,10854000.0,72576000.0,684774000.0,12031200000.0,51300000.0,622080000.0,12704580000.0,13417140240.0,0.033918750000000004,accelergy,10.676160000000001,0.0,13.41714024,143.24353594467843,0.4025142072,200,True,0.0670857012
1080p,1920,1080,128,128,7,32,4096,200.0,os,12425760.0,0.0,138931200,139125600.0,120268800.0,4341600.0,14515200.0,126802800.0,120312000.0,270000.0,6220800.0,27786240.0,601344000.0,21708000.0,72576000.0,695628000.0,12031200000.0,27000000.0,622080000.0,12680280000.0,13403694240.0,0.13567500000000002,accelergy,12.425759999999999,0.0,13.40369424,166.55108773962237,0.4021108272,200,True,0.0670184712
1080p,1920,1080,128,128,7,32,4096,50.0,os,14323185.0,0.0,138931200,139125600.0,120268800.0,4341600.0,14515200.0,126756300.0,120279000.0,256500.0,6220800.0,27786240.0,601344000.0,21708000.0,72576000.0,695628000.0,12027900000.0,25650000.0,622080000.0,12675630000.0,13399044240.0,0.13567500000000002,accelergy,14.323185,0.0,13.39904424,191.91698947270442,0.4019713272,200,True,0.0669952212
1080p,1920,1080,128,128,11,128,256,800.0,ws,4277625.0,0.0,288230400,275807565.0,269568000.0,18765.0,6220800.0,286216800.0,277944000.0,2052000.0,6220800.0,57646080.0,1347840000.0,93825.0,31104000.0,1379037825.0,27794400000.0,205200000.0,622080000.0,28621680000.0,30058363905.0,0.0175921875,accelergy,4.2776250000000005,0.0,30.058363905,128.57840889912563,0.90175091715,33,True,0.9108595122727273
1080p,1920,1080,128,128,11,128,256,200.0,ws,4360590.0,0.0,288230400,275807565.0,269568000.0,18765.0,6220800.0,285196800.0,277005000.0,1971000.0,6220800.0,57646080.0,1347840000.0,93825.0,31104000.0,1379037825.0,27700500000.0,197100000.0,622080000.0,28519680000.0,29956363905.0,0.0175921875,accelergy,4.36059,0.0,29.956363905,130.62742088050396,0.89869091715,33,True,0.9077686031818183
1080p,1920,1080,128,128,11,128,256,50.0,ws,7616715.0,2924310.0,288230400,275807565.0,269568000.0,18765.0,6220800.0,284720550.0,276535500.0,1964250.0,6220800.0,57646080.0,1347840000.0,93825.0,31104000.0,1379037825.0,27653550000.0,196425000.0,622080000.0,28472055000.0,29908738905.0,0.041472,accelergy,7.616714999999999,38.39332310582712,29.908738905,227.80634024879706,0.89726216715,33,True,0.9063254213636364
1080p,1920,1080,128,128,11,128,256,800.0,ws,4277625.0,0.0,288230400,275807565.0,269568000.0,18765.0,6220800.0,286216800.0,277944000.0,2052000.0,6220800.0,57646080.0,1347840000.0,93825.0,31104000.0,1379037825.0,27794400000.0,205200000.0,622080000.0,28621680000.0,30058363905.0,0.0175921875,accelergy,4.2776250000000005,0.0,30.058363905,128.57840889912563,0.90175091715,100,True,0.30058363905
1080p,1920,1080,128,128,11,128,256,200.0,ws,4360590.0,0.0,288230400,275807565.0,269568000.0,18765.0,6220800.0,285196800.0,277005000.0,1971000.0,6220800.0,57646080.0,1347840000.0,93825.0,31104000.0,1379037825.0,27700500000.0,197100000.0,622080000.0,28519680000.0,29956363905.0,0.0175921875,accelergy,4.36059,0.0,29.956363905,130.62742088050396,0.89869091715,100,True,0.29956363905
1080p,1920,1080,128,128,11,128,256,50.0,ws,7616715.0,2924310.0,288230400,275807565.0,269568000.0,18765.0,6220800.0,284720550.0,276535500.0,1964250.0,6220800.0,57646080.0,1347840000.0,93825.0,31104000.0,1379037825.0,27653550000.0,196425000.0,622080000.0,28472055000.0,29908738905.0,0.041472,accelergy,7.616714999999999,38.39332310582712,29.908738905,227.80634024879706,0.89726216715,100,True,0.29908738905
1080p,1920,1080,128,128,11,128,256,800.0,ws,4277625.0,0.0,288230400,275807565.0,269568000.0,18765.0,6220800.0,286216800.0,277944000.0,2052000.0,6220800.0,57646080.0,1347840000.0,93825.0,31104000.0,1379037825.0,27794400000.0,205200000.0,622080000.0,28621680000.0,30058363905.0,0.0175921875,accelergy,4.2776250000000005,0.0,30.058363905,128.57840889912563,0.90175091715,200,True,0.150291819525
1080p,1920,1080,128,128,11,128,256,200.0,ws,4360590.0,0.0,288230400,275807565.0,269568000.0,18765.0,6220800.0,285196800.0,277005000.0,1971000.0,6220800.0,57646080.0,1347840000.0,93825.0,31104000.0,1379037825.0,27700500000.0,197100000.0,622080000.0,28519680000.0,29956363905.0,0.0175921875,accelergy,4.36059,0.0,29.956363905,130.62742088050396,0.89869091715,200,True,0.149781819525
1080p,1920,1080,128,128,11,128,256,50.0,ws,7616715.0,2924310.0,288230400,275807565.0,269568000.0,18765.0,6220800.0,284720550.0,276535500.0,1964250.0,6220800.0,57646080.0,1347840000.0,93825.0,31104000.0,1379037825.0,27653550000.0,196425000.0,622080000.0,28472055000.0,29908738905.0,0.041472,accelergy,7.616714999999999,38.39332310582712,29.908738905,227.80634024879706,0.89726216715,200,True,0.149543694525
720p,1280,720,128,128,3,16,256,800.0,ws,1860850.0,0.0,24883200,19355220.0,16588800.0,1620.0,2764800.0,22988800.0,20128000.0,96000.0,2764800.0,4976640.0,82944000.0,8100.0,13824000.0,96776100.0,2012800000.0,9600000.0,276480000.0,2298880000.0,2400632740.0,0.09720000000000001,accelergy,1.8608500000000001,0.0,2.40063274,4.467217434229,0.0720189822,33,True,0.07274644666666667
720p,1280,720,128,128,3,16,256,200.0,ws,1897730.0,0.0,24883200,19355220.0,16588800.0,1620.0,2764800.0,22848800.0,20060000.0,24000.0,2764800.0,4976640.0,82944000.0,8100.0,13824000.0,96776100.0,2006000000.0,2400000.0,276480000.0,2284880000.0,2386632740.0,0.09720000000000001,accelergy,1.8977300000000001,0.0,2.38663274,4.529184549680201,0.0715989822,33,True,0.07232220424242423
720p,1280,720,128,128,3,16,256,50.0,ws,2045190.0,0.0,24883200,19355220.0,16588800.0,1620.0,2764800.0,22808800.0,20026000.0,18000.0,2764800.0,4976640.0,82944000.0,8100.0,13824000.0,96776100.0,2002600000.0,1800000.0,276480000.0,2280880000.0,2382632740.0,0.09720000000000001,accelergy,2.0451900000000003,0.0,2.38263274,4.8729366535206005,0.0714789822,33,True,0.07220099212121213
720p,1280,720,128,128,3,128,1024,800.0,os,3811270.0,0.0,24883200,23234400.0,16588800.0,194400.0,6451200.0,19612800.0,16656000.0,192000.0,2764800.0,4976640.0,82944000.0,972000.0,32256000.0,116172000.0,1665600000.0,19200000.0,276480000.0,1961280000.0,2082428640.0,0.0015187500000000001,accelergy,3.81127,0.0,2.08242864,7.936697802772799,0.0624728592,33,True,0.06310389818181818
720p,1280,720,128,128,3,128,1024,200.0,os,3883830.0,0.0,24883200,23234400.0,16588800.0,194400.0,6451200.0,19512800.0,16604000.0,144000.0,2764800.0,4976640.0,82944000.0,972000.0,32256000.0,116172000.0,1660400000.0,14400000.0,276480000.0,1951280000.0,2072428640.0,0.004608,accelergy,3.88383,0.0,2.07242864,8.0489605248912,0.0621728592,33,True,0.06280086787878789
720p,1280,720,128,128,3,64,1024,200.0,os,3984630.0,0.0,24883200,23428800.0,16588800.0,388800.0,6451200.0,19440800.0,16604000.0,72000.0,2764800.0,4976640.0,82944000.0,1944000.0,32256000.0,117144000.0,1660400000.0,7200000.0,276480000.0,1944080000.0,2066200640.0,0.0060750000000000005,accelergy,3.98463,0.0,2.06620064,8.2330450561632,0.0619860192,33,True,0.0626121406060606
720p,1280,720,128,128,3,32,1024,200.0,os,4186230.0,0.0,24883200,23817600.0,16588800.0,777600.0,6451200.0,19416800.0,16604000.0,48000.0,2764800.0,4976640.0,82944000.0,3888000.0,32256000.0,119088000.0,1660400000.0,4800000.0,276480000.0,1941680000.0,2065744640.0,0.024300000000000002,accelergy,4.18623,0.0,2.06574464,8.6476821843072,0.0619723392,33,True,0.06259832242424243
720p,1280,720,128,128,3,64,1024,50.0,os,4274990.0,0.0,24883200,23428800.0,16588800.0,388800.0,6451200.0,19430800.0,16594000.0,72000.0,2764800.0,4976640.0,82944000.0,1944000.0,32256000.0,117144000.0,1659400000.0,7200000.0,276480000.0,1943080000.0,2065200640.0,0.018432,accelergy,4.27499,0.0,2.06520064,8.828712083993599,0.0619560192,33,True,0.06258183757575758
720p,1280,720,128,128,3,32,1024,50.0,os,4476590.0,0.0,24883200,23817600.0,16588800.0,777600.0,6451200.0,19394800.0,16594000.0,36000.0,2764800.0,4976640.0,82944000.0,3888000.0,32256000.0,119088000.0,1659400000.0,3600000.0,276480000.0,1939480000.0,2063544640.0,0.024300000000000002,accelergy,4.47659,0.0,2.06354464,9.237643299977599,0.0619063392,33,True,0.06253165575757576
720p,1280,720,128,128,3,16,256,800.0,ws,1860850.0,0.0,24883200,19355220.0,16588800.0,1620.0,2764800.0,22988800.0,20128000.0,96000.0,2764800.0,4976640.0,82944000.0,8100.0,13824000.0,96776100.0,2012800000.0,9600000.0,276480000.0,2298880000.0,2400632740.0,0.09720000000000001,accelergy,1.8608500000000001,0.0,2.40063274,4.467217434229,0.0720189822,100,True,0.0240063274
720p,1280,720,128,128,3,16,256,200.0,ws,1897730.0,0.0,24883200,19355220.0,16588800.0,1620.0,2764800.0,22848800.0,20060000.0,24000.0,2764800.0,4976640.0,82944000.0,8100.0,13824000.0,96776100.0,2006000000.0,2400000.0,276480000.0,2284880000.0,2386632740.0,0.09720000000000001,accelergy,1.8977300000000001,0.0,2.38663274,4.529184549680201,0.0715989822,100,True,0.0238663274
720p,1280,720,128,128,3,16,256,50.0,ws,2045190.0,0.0,24883200,19355220.0,16588800.0,1620.0,2764800.0,22808800.0,20026000.0,18000.0,2764800.0,4976640.0,82944000.0,8100.0,13824000.0,96776100.0,2002600000.0,1800000.0,276480000.0,2280880000.0,2382632740.0,0.09720000000000001,accelergy,2.0451900000000003,0.0,2.38263274,4.8729366535206005,0.0714789822,100,True,0.0238263274
720p,1280,720,128,128,3,128,1024,800.0,os,3811270.0,0.0,24883200,23234400.0,16588800.0,194400.0,6451200.0,19612800.0,16656000.0,192000.0,2764800.0,4976640.0,82944000.0,972000.0,32256000.0,116172000.0,1665600000.0,19200000.0,276480000.0,1961280000.0,2082428640.0,0.0015187500000000001,accelergy,3.81127,0.0,2.08242864,7.936697802772799,0.0624728592,100,True,0.0208242864
720p,1280,720,128,128,3,128,1024,200.0,os,3883830.0,0.0,24883200,23234400.0,16588800.0,194400.0,6451200.0,19512800.0,16604000.0,144000.0,2764800.0,4976640.0,82944000.0,972000.0,32256000.0,116172000.0,1660400000.0,14400000.0,276480000.0,1951280000.0,2072428640.0,0.004608,accelergy,3.88383,0.0,2.07242864,8.0489605248912,0.0621728592,100,True,0.0207242864
720p,1280,720,128,128,3,64,1024,200.0,os,3984630.0,0.0,24883200,23428800.0,16588800.0,388800.0,6451200.0,19440800.0,16604000.0,72000.0,2764800.0,4976640.0,82944000.0,1944000.0,32256000.0,117144000.0,1660400000.0,7200000.0,276480000.0,1944080000.0,2066200640.0,0.0060750000000000005,accelergy,3.98463,0.0,2.06620064,8.2330450561632,0.0619860192,100,True,0.0206620064
720p,1280,720,128,128,3,32,1024,200.0,os,4186230.0,0.0,24883200,23817600.0,16588800.0,777600.0,6451200.0,19416800.0,16604000.0,48000.0,2764800.0,4976640.0,82944000.0,3888000.0,32256000.0,119088000.0,1660400000.0,4800000.0,276480000.0,1941680000.0,2065744640.0,0.024300000000000002,accelergy,4.18623,0.0,2.06574464,8.6476821843072,0.0619723392,100,True,0.0206574464
720p,1280,720,128,128,3,64,1024,50.0,os,4274990.0,0.0,24883200,23428800.0,16588800.0,388800.0,6451200.0,19430800.0,16594000.0,72000.0,2764800.0,4976640.0,82944000.0,1944000.0,32256000.0,117144000.0,1659400000.0,7200000.0,276480000.0,1943080000.0,2065200640.0,0.018432,accelergy,4.27499,0.0,2.06520064,8.828712083993599,0.0619560192,100,True,0.0206520064
720p,1280,720,128,128,3,32,1024,50.0,os,4476590.0,0.0,24883200,23817600.0,16588800.0,777600.0,6451200.0,19394800.0,16594000.0,36000.0,2764800.0,4976640.0,82944000.0,3888000.0,32256000.0,119088000.0,1659400000.0,3600000.0,276480000.0,1939480000.0,2063544640.0,0.024300000000000002,accelergy,4.47659,0.0,2.06354464,9.237643299977599,0.0619063392,100,True,0.0206354464
720p,1280,720,128,128,3,16,256,800.0,ws,1860850.0,0.0,24883200,19355220.0,16588800.0,1620.0,2764800.0,22988800.0,20128000.0,96000.0,2764800.0,4976640.0,82944000.0,8100.0,13824000.0,96776100.0,2012800000.0,9600000.0,276480000.0,2298880000.0,2400632740.0,0.09720000000000001,accelergy,1.8608500000000001,0.0,2.40063274,4.467217434229,0.0720189822,200,True,0.0120031637
720p,1280,720,128,128,3,16,256,200.0,ws,1897730.0,0.0,24883200,19355220.0,16588800.0,1620.0,2764800.0,22848800.0,20060000.0,24000.0,2764800.0,4976640.0,82944000.0,8100.0,13824000.0,96776100.0,2006000000.0,2400000.0,276480000.0,2284880000.0,2386632740.0,0.09720000000000001,accelergy,1.8977300000000001,0.0,2.38663274,4.529184549680201,0.0715989822,200,True,0.0119331637
720p,1280,720,128,128,3,16,256,50.0,ws,2045190.0,0.0,24883200,19355220.0,16588800.0,1620.0,2764800.0,22808800.0,20026000.0,18000.0,2764800.0,4976640.0,82944000.0,8100.0,13824000.0,96776100.0,2002600000.0,1800000.0,276480000.0,2280880000.0,2382632740.0,0.09720000000000001,accelergy,2.0451900000000003,0.0,2.38263274,4.8729366535206005,0.0714789822,200,True,0.0119131637
720p,1280,720,128,128,3,128,1024,800.0,os,3811270.0,0.0,24883200,23234400.0,16588800.0,194400.0,6451200.0,19612800.0,16656000.0,192000.0,2764800.0,4976640.0,82944000.0,972000.0,32256000.0,116172000.0,1665600000.0,19200000.0,276480000.0,1961280000.0,2082428640.0,0.0015187500000000001,accelergy,3.81127,0.0,2.08242864,7.936697802772799,0.0624728592,200,True,0.0104121432
720p,1280,720,128,128,3,128,1024,200.0,os,3883830.0,0.0,24883200,23234400.0,16588800.0,194400.0,6451200.0,19512800.0,16604000.0,144000.0,2764800.0,4976640.0,82944000.0,972000.0,32256000.0,116172000.0,1660400000.0,14400000.0,276480000.0,1951280000.0,2072428640.0,0.004608,accelergy,3.88383,0.0,2.07242864,8.0489605248912,0.0621728592,200,True,0.0103621432
720p,1280,720,128,128,3,64,1024,200.0,os,3984630.0,0.0,24883200,23428800.0,16588800.0,388800.0,6451200.0,19440800.0,16604000.0,72000.0,2764800.0,4976640.0,82944000.0,1944000.0,32256000.0,117144000.0,1660400000.0,7200000.0,276480000.0,1944080000.0,2066200640.0,0.0060750000000000005,accelergy,3.98463,0.0,2.06620064,8.2330450561632,0.0619860192,200,True,0.0103310032
720p,1280,720,128,128,3,32,1024,200.0,os,4186230.0,0.0,24883200,23817600.0,16588800.0,777600.0,6451200.0,19416800.0,16604000.0,48000.0,2764800.0,4976640.0,82944000.0,3888000.0,32256000.0,119088000.0,1660400000.0,4800000.0,276480000.0,1941680000.0,2065744640.0,0.024300000000000002,accelergy,4.18623,0.0,2.06574464,8.6476821843072,0.0619723392,200,True,0.0103287232
720p,1280,720,128,128,3,64,1024,50.0,os,4274990.0,0.0,24883200,23428800.0,16588800.0,388800.0,6451200.0,19430800.0,16594000.0,72000.0,2764800.0,4976640.0,82944000.0,1944000.0,32256000.0,117144000.0,1659400000.0,7200000.0,276480000.0,1943080000.0,2065200640.0,0.018432,accelergy,4.27499,0.0,2.06520064,8.828712083993599,0.0619560192,200,True,0.0103260032
720p,1280,720,128,128,3,32,1024,50.0,os,4476590.0,0.0,24883200,23817600.0,16588800.0,777600.0,6451200.0,19394800.0,16594000.0,36000.0,2764800.0,4976640.0,82944000.0,3888000.0,32256000.0,119088000.0,1659400000.0,3600000.0,276480000.0,1939480000.0,2063544640.0,0.024300000000000002,accelergy,4.47659,0.0,2.06354464,9.237643299977599,0.0619063392,200,True,0.0103177232
720p,1280,720,128,128,5,32,256,800.0,ws,1866610.0,0.0,39628800,34101780.0,31334400.0,2580.0,2764800.0,36604800.0,33744000.0,96000.0,2764800.0,7925760.0,156672000.0,12900.0,13824000.0,170508900.0,3374400000.0,9600000.0,276480000.0,3660480000.0,3838914660.0,0.0387,accelergy,1.86661,0.0,3.83891466,7.165756493502601,0.1151674398,33,True,0.11633074727272728
720p,1280,720,128,128,5,32,256,200.0,ws,1903490.0,0.0,39628800,34101780.0,31334400.0,2580.0,2764800.0,36466800.0,33630000.0,72000.0,2764800.0,7925760.0,156672000.0,12900.0,13824000.0,170508900.0,3363000000.0,7200000.0,276480000.0,3646680000.0,3825114660.0,0.0387,accelergy,1.9034900000000001,0.0,3.82511466,7.281067504163401,0.1147534398,33,True,0.11591256545454545
720p,1280,720,128,128,5,32,256,50.0,ws,2050950.0,0.0,39628800,34101780.0,31334400.0,2580.0,2764800.0,36403800.0,33573000.0,66000.0,2764800.0,7925760.0,156672000.0,12900.0,13824000.0,170508900.0,3357300000.0,6600000.0,276480000.0,3640380000.0,3818814660.0,0.0387,accelergy,2.0509500000000003,0.0,3.81881466,7.832197926927002,0.1145644398,33,True,0.11572165636363636
720p,1280,720,128,128,5,128,4096,800.0,os,3944860.0,0.0,39628800,38095200.0,31334400.0,309600.0,6451200.0,34420800.0,31368000.0,288000.0,2764800.0,7925760.0,156672000.0,1548000.0,32256000.0,190476000.0,3136800000.0,28800000.0,276480000.0,3442080000.0,3640481760.0,0.00241875,accelergy,3.94486,0.0,3.64048176,14.3611908757536,0.1092144528,33,True,0.1103176290909091
720p,1280,720,128,128,5,128,4096,200.0,os,4072720.0,0.0,39628800,38095200.0,31334400.0,309600.0,6451200.0,34370800.0,31342000.0,264000.0,2764800.0,7925760.0,156672000.0,1548000.0,32256000.0,190476000.0,3134200000.0,26400000.0,276480000.0,3437080000.0,3635481760.0,0.004608,accelergy,4.07272,0.0,3.63548176,14.8062992735872,0.1090644528,33,True,0.11016611393939395
720p,1280,720,128,128,5,64,4096,800.0,os,4160860.0,0.0,39628800,38404800.0,31334400.0,619200.0,6451200.0,34276800.0,31368000.0,144000.0,2764800.0,7925760.0,156672000.0,3096000.0,32256000.0,192024000.0,3136800000.0,14400000.0,276480000.0,3427680000.0,3627629760.0,0.009675,accelergy,4.16086,0.0,3.62762976,15.094059563193598,0.1088288928,33,True,0.10992817454545455
720p,1280,720,128,128,5,64,4096,200.0,os,4288720.0,0.0,39628800,38404800.0,31334400.0,619200.0,6451200.0,34238800.0,31342000.0,132000.0,2764800.0,7925760.0,156672000.0,3096000.0,32256000.0,192024000.0,3134200000.0,13200000.0,276480000.0,3423880000.0,3623829760.0,0.009675,accelergy,4.2887200000000005,0.0,3.62382976,15.541591168307201,0.1087148928,33,True,0.10981302303030303
720p,1280,720,128,128,5,32,4096,200.0,os,4720720.0,0.0,39628800,39024000.0,31334400.0,1238400.0,6451200.0,34178800.0,31342000.0,72000.0,2764800.0,7925760.0,156672000.0,6192000.0,32256000.0,195120000.0,3134200000.0,7200000.0,276480000.0,3417880000.0,3620925760.0,0.0387,accelergy,4.72072,0.0,3.62092576,17.0933766537472,0.1086277728,33,True,0.10972502303030304
720p,1280,720,128,128,5,32,4096,50.0,os,5232250.0,0.0,39628800,39024000.0,31334400.0,1238400.0,6451200.0,34167800.0,31337000.0,66000.0,2764800.0,7925760.0,156672000.0,6192000.0,32256000.0,195120000.0,3133700000.0,6600000.0,276480000.0,3416780000.0,3619825760.0,0.0387,accelergy,5.23225,0.0,3.61982576,18.93983333276,0.1085947728,33,True,0.1096916896969697
720p,1280,720,128,128,5,32,256,800.0,ws,1866610.0,0.0,39628800,34101780.0,31334400.0,2580.0,2764800.0,36604800.0,33744000.0,96000.0,2764800.0,7925760.0,156672000.0,12900.0,13824000.0,170508900.0,3374400000.0,9600000.0,276480000.0,3660480000.0,3838914660.0,0.0387,accelergy,1.86661,0.0,3.83891466,7.165756493502601,0.1151674398,100,True,0.0383891466
720p,1280,720,128,128,5,32,256,200.0,ws,1903490.0,0.0,39628800,34101780.0,31334400.0,2580.0,2764800.0,36466800.0,33630000.0,72000.0,2764800.0,7925760.0,156672000.0,12900.0,13824000.0,170508900.0,3363000000.0,7200000.0,276480000.0,3646680000.0,3825114660.0,0.0387,accelergy,1.9034900000000001,0.0,3.82511466,7.281067504163401,0.1147534398,100,True,0.0382511466
720p,1280,720,128,128,5,32,256,50.0,ws,2050950.0,0.0,39628800,34101780.0,31334400.0,2580.0,2764800.0,36403800.0,33573000.0,66000.0,2764800.0,7925760.0,156672000.0,12900.0,13824000.0,170508900.0,3357300000.0,6600000.0,276480000.0,3640380000.0,3818814660.0,0.0387,accelergy,2.0509500000000003,0.0,3.81881466,7.832197926927002,0.1145644398,100,True,0.0381881466
720p,1280,720,128,128,5,128,4096,800.0,os,3944860.0,0.0,39628800,38095200.0,31334400.0,309600.0,6451200.0,34420800.0,31368000.0,288000.0,2764800.0,7925760.0,156672000.0,1548000.0,32256000.0,190476000.0,3136800000.0,28800000.0,276480000.0,3442080000.0,3640481760.0,0.00241875,accelergy,3.94486,0.0,3.64048176,14.3611908757536,0.1092144528,100,True,0.0364048176
720p,1280,720,128,128,5,128,4096,200.0,os,4072720.0,0.0,39628800,38095200.0,31334400.0,309600.0,6451200.0,34370800.0,31342000.0,264000.0,2764800.0,7925760.0,156672000.0,1548000.0,32256000.0,190476000.0,3134200000.0,26400000.0,276480000.0,3437080000.0,3635481760.0,0.004608,accelergy,4.07272,0.0,3.63548176,14.8062992735872,0.1090644528,100,True,0.0363548176
720p,1280,720,128,128,5,64,4096,800.0,os,4160860.0,0.0,39628800,38404800.0,31334400.0,619200.0,6451200.0,34276800.0,31368000.0,144000.0,2764800.0,7925760.0,156672000.0,3096000.0,32256000.0,192024000.0,3136800000.0,14400000.0,276480000.0,3427680000.0,3627629760.0,0.009675,accelergy,4.16086,0.0,3.62762976,15.094059563193598,0.1088288928,100,True,0.0362762976
720p,1280,720,128,128,5,64,4096,200.0,os,4288720.0,0.0,39628800,38404800.0,31334400.0,619200.0,6451200.0,34238800.0,31342000.0,132000.0,2764800.0,7925760.0,156672000.0,3096000.0,32256000.0,192024000.0,3134200000.0,13200000.0,276480000.0,3423880000.0,3623829760.0,0.009675,accelergy,4.2887200000000005,0.0,3.62382976,15.541591168307201,0.1087148928,100,True,0.0362382976
720p,1280,720,128,128,5,32,4096,200.0,os,4720720.0,0.0,39628800,39024000.0,31334400.0,1238400.0,6451200.0,34178800.0,31342000.0,72000.0,2764800.0,7925760.0,156672000.0,6192000.0,32256000.0,195120000.0,3134200000.0,7200000.0,276480000.0,3417880000.0,3620925760.0,0.0387,accelergy,4.72072,0.0,3.62092576,17.0933766537472,0.1086277728,100,True,0.0362092576
720p,1280,720,128,128,5,32,4096,50.0,os,5232250.0,0.0,39628800,39024000.0,31334400.0,1238400.0,6451200.0,34167800.0,31337000.0,66000.0,2764800.0,7925760.0,156672000.0,6192000.0,32256000.0,195120000.0,3133700000.0,6600000.0,276480000.0,3416780000.0,3619825760.0,0.0387,accelergy,5.23225,0.0,3.61982576,18.93983333276,0.1085947728,100,True,0.0361982576
720p,1280,720,128,128,5,32,256,800.0,ws,1866610.0,0.0,39628800,34101780.0,31334400.0,2580.0,2764800.0,36604800.0,33744000.0,96000.0,2764800.0,7925760.0,156672000.0,12900.0,13824000.0,170508900.0,3374400000.0,9600000.0,276480000.0,3660480000.0,3838914660.0,0.0387,accelergy,1.86661,0.0,3.83891466,7.165756493502601,0.1151674398,200,True,0.0191945733
720p,1280,720,128,128,5,32,256,200.0,ws,1903490.0,0.0,39628800,34101780.0,31334400.0,2580.0,2764800.0,36466800.0,33630000.0,72000.0,2764800.0,7925760.0,156672000.0,12900.0,13824000.0,170508900.0,3363000000.0,7200000.0,276480000.0,3646680000.0,3825114660.0,0.0387,accelergy,1.9034900000000001,0.0,3.82511466,7.281067504163401,0.1147534398,200,True,0.0191255733
720p,1280,720,128,128,5,32,256,50.0,ws,2050950.0,0.0,39628800,34101780.0,31334400.0,2580.0,2764800.0,36403800.0,33573000.0,66000.0,2764800.0,7925760.0,156672000.0,12900.0,13824000.0,170508900.0,3357300000.0,6600000.0,276480000.0,3640380000.0,3818814660.0,0.0387,accelergy,2.0509500000000003,0.0,3.81881466,7.832197926927002,0.1145644398,200,True,0.0190940733
720p,1280,720,128,128,5,128,4096,800.0,os,3944860.0,0.0,39628800,38095200.0,31334400.0,309600.0,6451200.0,34420800.0,31368000.0,288000.0,2764800.0,7925760.0,156672000.0,1548000.0,32256000.0,190476000.0,3136800000.0,28800000.0,276480000.0,3442080000.0,3640481760.0,0.00241875,accelergy,3.94486,0.0,3.64048176,14.3611908757536,0.1092144528,200,True,0.0182024088
720p,1280,720,128,128,5,128,4096,200.0,os,4072720.0,0.0,39628800,38095200.0,31334400.0,309600.0,6451200.0,34370800.0,31342000.0,264000.0,2764800.0,7925760.0,156672000.0,1548000.0,32256000.0,190476000.0,3134200000.0,26400000.0,276480000.0,3437080000.0,3635481760.0,0.004608,accelergy,4.07272,0.0,3.63548176,14.8062992735872,0.1090644528,200,True,0.0181774088
720p,1280,720,128,128,5,64,4096,800.0,os,4160860.0,0.0,39628800,38404800.0,31334400.0,619200.0,6451200.0,34276800.0,31368000.0,144000.0,2764800.0,7925760.0,156672000.0,3096000.0,32256000.0,192024000.0,3136800000.0,14400000.0,276480000.0,3427680000.0,3627629760.0,0.009675,accelergy,4.16086,0.0,3.62762976,15.094059563193598,0.1088288928,200,True,0.0181381488
720p,1280,720,128,128,5,64,4096,200.0,os,4288720.0,0.0,39628800,38404800.0,31334400.0,619200.0,6451200.0,34238800.0,31342000.0,132000.0,2764800.0,7925760.0,156672000.0,3096000.0,32256000.0,192024000.0,3134200000.0,13200000.0,276480000.0,3423880000.0,3623829760.0,0.009675,accelergy,4.2887200000000005,0.0,3.62382976,15.541591168307201,0.1087148928,200,True,0.0181191488
720p,1280,720,128,128,5,32,4096,200.0,os,4720720.0,0.0,39628800,39024000.0,31334400.0,1238400.0,6451200.0,34178800.0,31342000.0,72000.0,2764800.0,7925760.0,156672000.0,6192000.0,32256000.0,195120000.0,3134200000.0,7200000.0,276480000.0,3417880000.0,3620925760.0,0.0387,accelergy,4.72072,0.0,3.62092576,17.0933766537472,0.1086277728,200,True,0.0181046288
720p,1280,720,128,128,5,32,4096,50.0,os,5232250.0,0.0,39628800,39024000.0,31334400.0,1238400.0,6451200.0,34167800.0,31337000.0,66000.0,2764800.0,7925760.0,156672000.0,6192000.0,32256000.0,195120000.0,3133700000.0,6600000.0,276480000.0,3416780000.0,3619825760.0,0.0387,accelergy,5.23225,0.0,3.61982576,18.93983333276,0.1085947728,200,True,0.0180991288
720p,1280,720,128,128,7,64,256,800.0,ws,1878130.0,0.0,61747200,56221620.0,53452800.0,4020.0,2764800.0,59836800.0,56832000.0,240000.0,2764800.0,12349440.0,267264000.0,20100.0,13824000.0,281108100.0,5683200000.0,24000000.0,276480000.0,5983680000.0,6277137540.0,0.015075,accelergy,1.87813,0.0,6.27713754,11.789280328000201,0.1883141262,33,True,0.1902162890909091
720p,1280,720,128,128,7,64,256,200.0,ws,1915010.0,0.0,61747200,56221620.0,53452800.0,4020.0,2764800.0,59632800.0,56640000.0,228000.0,2764800.0,12349440.0,267264000.0,20100.0,13824000.0,281108100.0,5664000000.0,22800000.0,276480000.0,5963280000.0,6256737540.0,0.015075,accelergy,1.9150099999999999,0.0,6.25673754,11.981714956475399,0.1877021262,33,True,0.1895981072727273
720p,1280,720,128,128,7,64,256,50.0,ws,2062470.0,0.0,61747200,56221620.0,53452800.0,4020.0,2764800.0,59533800.0,56544000.0,225000.0,2764800.0,12349440.0,267264000.0,20100.0,13824000.0,281108100.0,5654400000.0,22500000.0,276480000.0,5953380000.0,6246837540.0,0.018432,accelergy,2.06247,0.0,6.24683754,12.883915021123798,0.1874051262,33,True,0.1892981072727273
720p,1280,720,128,128,7,128,4096,800.0,os,4145340.0,0.0,61747200,60386400.0,53452800.0,482400.0,6451200.0,56756800.0,53512000.0,480000.0,2764800.0,12349440.0,267264000.0,2412000.0,32256000.0,301932000.0,5351200000.0,48000000.0,276480000.0,5675680000.0,5989961440.0,0.00376875,accelergy,4.14534,0.0,5.98996144,24.8304267556896,0.1796988432,33,True,0.18151398303030303
720p,1280,720,128,128,7,128,4096,200.0,os,4356160.0,0.0,61747200,60386400.0,53452800.0,482400.0,6451200.0,56690800.0,53470000.0,456000.0,2764800.0,12349440.0,267264000.0,2412000.0,32256000.0,301932000.0,5347000000.0,45600000.0,276480000.0,5669080000.0,5983361440.0,0.004608,accelergy,4.35616,0.0,5.98336144,26.064479770470403,0.1795008432,33,True,0.18131398303030305
720p,1280,720,128,128,7,64,4096,800.0,os,4534140.0,0.0,61747200,60868800.0,53452800.0,964800.0,6451200.0,56516800.0,53512000.0,240000.0,2764800.0,12349440.0,267264000.0,4824000.0,32256000.0,304344000.0,5351200000.0,24000000.0,276480000.0,5651680000.0,5968373440.0,0.015075,accelergy,4.53414,0.0,5.96837344,27.061440749241598,0.1790512032,33,True,0.18085980121212122
720p,1280,720,128,128,7,64,4096,200.0,os,4744960.0,0.0,61747200,60868800.0,53452800.0,964800.0,6451200.0,56462800.0,53470000.0,228000.0,2764800.0,12349440.0,267264000.0,4824000.0,32256000.0,304344000.0,5347000000.0,22800000.0,276480000.0,5646280000.0,5962973440.0,0.015075,accelergy,4.744960000000001,0.0,5.96297344,28.294070453862403,0.1788892032,33,True,0.18069616484848486
720p,1280,720,128,128,7,32,4096,200.0,os,5522560.0,0.0,61747200,61833600.0,53452800.0,1929600.0,6451200.0,56354800.0,53470000.0,120000.0,2764800.0,12349440.0,267264000.0,9648000.0,32256000.0,309168000.0,5347000000.0,12000000.0,276480000.0,5635480000.0,5956997440.0,0.0603,accelergy,5.52256,0.0,5.95699744,32.8978757822464,0.1787099232,33,True,0.18051507393939395
720p,1280,720,128,128,7,32,4096,50.0,os,6365860.0,0.0,61747200,61833600.0,53452800.0,1929600.0,6451200.0,56336300.0,53457500.0,114000.0,2764800.0,12349440.0,267264000.0,9648000.0,32256000.0,309168000.0,5345750000.0,11400000.0,276480000.0,5633630000.0,5955147440.0,0.0603,accelergy,6.3658600000000005,0.0,5.95514744,37.90963488239841,0.1786544232,33,True,0.18045901333333333
720p,1280,720,128,128,7,64,256,800.0,ws,1878130.0,0.0,61747200,56221620.0,53452800.0,4020.0,2764800.0,59836800.0,56832000.0,240000.0,2764800.0,12349440.0,267264000.0,20100.0,13824000.0,281108100.0,5683200000.0,24000000.0,276480000.0,5983680000.0,6277137540.0,0.015075,accelergy,1.87813,0.0,6.27713754,11.789280328000201,0.1883141262,100,True,0.0627713754
720p,1280,720,128,128,7,64,256,200.0,ws,1915010.0,0.0,61747200,56221620.0,53452800.0,4020.0,2764800.0,59632800.0,56640000.0,228000.0,2764800.0,12349440.0,267264000.0,20100.0,13824000.0,281108100.0,5664000000.0,22800000.0,276480000.0,5963280000.0,6256737540.0,0.015075,accelergy,1.9150099999999999,0.0,6.25673754,11.981714956475399,0.1877021262,100,True,0.0625673754
720p,1280,720,128,128,7,64,256,50.0,ws,2062470.0,0.0,61747200,56221620.0,53452800.0,4020.0,2764800.0,59533800.0,56544000.0,225000.0,2764800.0,12349440.0,267264000.0,20100.0,13824000.0,281108100.0,5654400000.0,22500000.0,276480000.0,5953380000.0,6246837540.0,0.018432,accelergy,2.06247,0.0,6.24683754,12.883915021123798,0.1874051262,100,True,0.0624683754
720p,1280,720,128,128,7,128,4096,800.0,os,4145340.0,0.0,61747200,60386400.0,53452800.0,482400.0,6451200.0,56756800.0,53512000.0,480000.0,2764800.0,12349440.0,267264000.0,2412000.0,32256000.0,301932000.0,5351200000.0,48000000.0,276480000.0,5675680000.0,5989961440.0,0.00376875,accelergy,4.14534,0.0,5.98996144,24.8304267556896,0.1796988432,100,True,0.0598996144
720p,1280,720,128,128,7,128,4096,200.0,os,4356160.0,0.0,61747200,60386400.0,53452800.0,482400.0,6451200.0,56690800.0,53470000.0,456000.0,2764800.0,12349440.0,267264000.0,2412000.0,32256000.0,301932000.0,5347000000.0,45600000.0,276480000.0,5669080000.0,5983361440.0,0.004608,accelergy,4.35616,0.0,5.98336144,26.064479770470403,0.1795008432,100,True,0.0598336144
720p,1280,720,128,128,7,64,4096,800.0,os,4534140.0,0.0,61747200,60868800.0,53452800.0,964800.0,6451200.0,56516800.0,53512000.0,240000.0,2764800.0,12349440.0,267264000.0,4824000.0,32256000.0,304344000.0,5351200000.0,24000000.0,276480000.0,5651680000.0,5968373440.0,0.015075,accelergy,4.53414,0.0,5.96837344,27.061440749241598,0.1790512032,100,True,0.0596837344
720p,1280,720,128,128,7,64,4096,200.0,os,4744960.0,0.0,61747200,60868800.0,53452800.0,964800.0,6451200.0,56462800.0,53470000.0,228000.0,2764800.0,12349440.0,267264000.0,4824000.0,32256000.0,304344000.0,5347000000.0,22800000.0,276480000.0,5646280000.0,5962973440.0,0.015075,accelergy,4.744960000000001,0.0,5.96297344,28.294070453862403,0.1788892032,100,True,0.0596297344
720p,1280,720,128,128,7,32,4096,200.0,os,5522560.0,0.0,61747200,61833600.0,53452800.0,1929600.0,6451200.0,56354800.0,53470000.0,120000.0,2764800.0,12349440.0,267264000.0,9648000.0,32256000.0,309168000.0,5347000000.0,12000000.0,276480000.0,5635480000.0,5956997440.0,0.0603,accelergy,5.52256,0.0,5.95699744,32.8978757822464,0.1787099232,100,True,0.0595699744
720p,1280,720,128,128,7,32,4096,50.0,os,6365860.0,0.0,61747200,61833600.0,53452800.0,1929600.0,6451200.0,56336300.0,53457500.0,114000.0,2764800.0,12349440.0,267264000.0,9648000.0,32256000.0,309168000.0,5345750000.0,11400000.0,276480000.0,5633630000.0,5955147440.0,0.0603,accelergy,6.3658600000000005,0.0,5.95514744,37.90963488239841,0.1786544232,100,True,0.0595514744
720p,1280,720,128,128,7,64,256,800.0,ws,1878130.0,0.0,61747200,56221620.0,53452800.0,4020.0,2764800.0,59836800.0,56832000.0,240000.0,2764800.0,12349440.0,267264000.0,20100.0,13824000.0,281108100.0,5683200000.0,24000000.0,276480000.0,5983680000.0,6277137540.0,0.015075,accelergy,1.87813,0.0,6.27713754,11.789280328000201,0.1883141262,200,True,0.0313856877
720p,1280,720,128,128,7,64,256,200.0,ws,1915010.0,0.0,61747200,56221620.0,53452800.0,4020.0,2764800.0,59632800.0,56640000.0,228000.0,2764800.0,12349440.0,267264000.0,20100.0,13824000.0,281108100.0,5664000000.0,22800000.0,276480000.0,5963280000.0,6256737540.0,0.015075,accelergy,1.9150099999999999,0.0,6.25673754,11.981714956475399,0.1877021262,200,True,0.0312836877
720p,1280,720,128,128,7,64,256,50.0,ws,2062470.0,0.0,61747200,56221620.0,53452800.0,4020.0,2764800.0,59533800.0,56544000.0,225000.0,2764800.0,12349440.0,267264000.0,20100.0,13824000.0,281108100.0,5654400000.0,22500000.0,276480000.0,5953380000.0,6246837540.0,0.018432,accelergy,2.06247,0.0,6.24683754,12.883915021123798,0.1874051262,200,True,0.0312341877
720p,1280,720,128,128,7,128,4096,800.0,os,4145340.0,0.0,61747200,60386400.0,53452800.0,482400.0,6451200.0,56756800.0,53512000.0,480000.0,2764800.0,12349440.0,267264000.0,2412000.0,32256000.0,301932000.0,5351200000.0,48000000.0,276480000.0,5675680000.0,5989961440.0,0.00376875,accelergy,4.14534,0.0,5.98996144,24.8304267556896,0.1796988432,200,True,0.0299498072
720p,1280,720,128,128,7,128,4096,200.0,os,4356160.0,0.0,61747200,60386400.0,53452800.0,482400.0,6451200.0,56690800.0,53470000.0,456000.0,2764800.0,12349440.0,267264000.0,2412000.0,32256000.0,301932000.0,5347000000.0,45600000.0,276480000.0,5669080000.0,5983361440.0,0.004608,accelergy,4.35616,0.0,5.98336144,26.064479770470403,0.1795008432,200,True,0.0299168072
720p,1280,720,128,128,7,64,4096,800.0,os,4534140.0,0.0,61747200,60868800.0,53452800.0,964800.0,6451200.0,56516800.0,53512000.0,240000.0,2764800.0,12349440.0,267264000.0,4824000.0,32256000.0,304344000.0,5351200000.0,24000000.0,276480000.0,5651680000.0,5968373440.0,0.015075,accelergy,4.53414,0.0,5.96837344,27.061440749241598,0.1790512032,200,True,0.0298418672
720p,1280,720,128,128,7,64,4096,200.0,os,4744960.0,0.0,61747200,60868800.0,53452800.0,964800.0,6451200.0,56462800.0,53470000.0,228000.0,2764800.0,12349440.0,267264000.0,4824000.0,32256000.0,304344000.0,5347000000.0,22800000.0,276480000.0,5646280000.0,5962973440.0,0.015075,accelergy,4.744960000000001,0.0,5.96297344,28.294070453862403,0.1788892032,200,True,0.0298148672
720p,1280,720,128,128,7,32,4096,200.0,os,5522560.0,0.0,61747200,61833600.0,53452800.0,1929600.0,6451200.0,56354800.0,53470000.0,120000.0,2764800.0,12349440.0,267264000.0,9648000.0,32256000.0,309168000.0,5347000000.0,12000000.0,276480000.0,5635480000.0,5956997440.0,0.0603,accelergy,5.52256,0.0,5.95699744,32.8978757822464,0.1787099232,200,True,0.0297849872
720p,1280,720,128,128,7,32,4096,50.0,os,6365860.0,0.0,61747200,61833600.0,53452800.0,1929600.0,6451200.0,56336300.0,53457500.0,114000.0,2764800.0,12349440.0,267264000.0,9648000.0,32256000.0,309168000.0,5345750000.0,11400000.0,276480000.0,5633630000.0,5955147440.0,0.0603,accelergy,6.3658600000000005,0.0,5.95514744,37.90963488239841,0.1786544232,200,True,0.0297757372
720p,1280,720,128,128,11,128,256,800.0,ws,1901170.0,0.0,128102400,122581140.0,119808000.0,8340.0,2764800.0,127404800.0,123728000.0,912000.0,2764800.0,25620480.0,599040000.0,41700.0,13824000.0,612905700.0,12372800000.0,91200000.0,276480000.0,12740480000.0,13379006180.0,0.007818750000000001,accelergy,1.90117,0.0,13.37900618,25.4357651792306,0.4013701854,33,True,0.40542442969696973
720p,1280,720,128,128,11,128,256,200.0,ws,1938050.0,0.0,128102400,122581140.0,119808000.0,8340.0,2764800.0,126950800.0,123310000.0,876000.0,2764800.0,25620480.0,599040000.0,41700.0,13824000.0,612905700.0,12331000000.0,87600000.0,276480000.0,12695080000.0,13333606180.0,0.007818750000000001,accelergy,1.93805,0.0,13.33360618,25.841195457149002,0.4000081854,33,True,0.40404867212121215
720p,1280,720,128,128,11,128,256,50.0,ws,3391650.0,1306140.0,128102400,122581140.0,119808000.0,8340.0,2764800.0,126738800.0,123101000.0,873000.0,2764800.0,25620480.0,599040000.0,41700.0,13824000.0,612905700.0,12310100000.0,87300000.0,276480000.0,12673880000.0,13312406180.0,0.018432,accelergy,3.39165,38.51045951085755,13.31240618,45.151022420397,0.3993721854,33,True,0.4034062478787879
720p,1280,720,128,128,11,128,256,800.0,ws,1901170.0,0.0,128102400,122581140.0,119808000.0,8340.0,2764800.0,127404800.0,123728000.0,912000.0,2764800.0,25620480.0,599040000.0,41700.0,13824000.0,612905700.0,12372800000.0,91200000.0,276480000.0,12740480000.0,13379006180.0,0.007818750000000001,accelergy,1.90117,0.0,13.37900618,25.4357651792306,0.4013701854,100,True,0.1337900618
720p,1280,720,128,128,11,128,256,200.0,ws,1938050.0,0.0,128102400,122581140.0,119808000.0,8340.0,2764800.0,126950800.0,123310000.0,876000.0,2764800.0,25620480.0,599040000.0,41700.0,13824000.0,612905700.0,12331000000.0,87600000.0,276480000.0,12695080000.0,13333606180.0,0.007818750000000001,accelergy,1.93805,0.0,13.33360618,25.841195457149002,0.4000081854,100,True,0.1333360618
720p,1280,720,128,128,11,128,256,50.0,ws,3391650.0,1306140.0,128102400,122581140.0,119808000.0,8340.0,2764800.0,126738800.0,123101000.0,873000.0,2764800.0,25620480.0,599040000.0,41700.0,13824000.0,612905700.0,12310100000.0,87300000.0,276480000.0,12673880000.0,13312406180.0,0.018432,accelergy,3.39165,38.51045951085755,13.31240618,45.151022420397,0.3993721854,100,True,0.1331240618
720p,1280,720,128,128,11,128,256,800.0,ws,1901170.0,0.0,128102400,122581140.0,119808000.0,8340.0,2764800.0,127404800.0,123728000.0,912000.0,2764800.0,25620480.0,599040000.0,41700.0,13824000.0,612905700.0,12372800000.0,91200000.0,276480000.0,12740480000.0,13379006180.0,0.007818750000000001,accelergy,1.90117,0.0,13.37900618,25.4357651792306,0.4013701854,200,True,0.0668950309
720p,1280,720,128,128,11,128,256,200.0,ws,1938050.0,0.0,128102400,122581140.0,119808000.0,8340.0,2764800.0,126950800.0,123310000.0,876000.0,2764800.0,25620480.0,599040000.0,41700.0,13824000.0,612905700.0,12331000000.0,87600000.0,276480000.0,12695080000.0,13333606180.0,0.007818750000000001,accelergy,1.93805,0.0,13.33360618,25.841195457149002,0.4000081854,200,True,0.0666680309
720p,1280,720,128,128,11,128,256,50.0,ws,3391650.0,1306140.0,128102400,122581140.0,119808000.0,8340.0,2764800.0,126738800.0,123101000.0,873000.0,2764800.0,25620480.0,599040000.0,41700.0,13824000.0,612905700.0,12310100000.0,87300000.0,276480000.0,12673880000.0,13312406180.0,0.018432,accelergy,3.39165,38.51045951085755,13.31240618,45.151022420397,0.3993721854,200,True,0.0665620309
hires,2048,2048,128,128,3,16,256,800.0,ws,8464896.0,0.0,113246208,88087296.0,75497472.0,6912.0,12582912.0,103923712.0,90931200.0,409600.0,12582912.0,22649241.6,377487360.0,34560.0,62914560.0,440436480.0,9093120000.0,40960000.0,1258291200.0,10392371200.0,10855456921.599998,0.442368,accelergy,8.464896,0.0,10.855456921599998,91.89031387382414,0.32566370764799996,33,True,0.3289532400484848
hires,2048,2048,128,128,3,16,256,200.0,ws,8625152.0,0.0,113246208,88087296.0,75497472.0,6912.0,12582912.0,103309312.0,90624000.0,102400.0,12582912.0,22649241.6,377487360.0,34560.0,62914560.0,440436480.0,9062400000.0,10240000.0,1258291200.0,10330931200.0,10794016921.599998,0.442368,accelergy,8.625152,0.0,10.794016921599999,93.10003663937208,0.32382050764799997,33,True,0.3270914218666666
hires,2048,2048,128,128,3,16,256,50.0,ws,9266176.0,0.0,113246208,88087296.0,75497472.0,6912.0,12582912.0,103130112.0,90470400.0,76800.0,12582912.0,22649241.6,377487360.0,34560.0,62914560.0,440436480.0,9047040000.0,7680000.0,1258291200.0,10313011200.0,10776096921.599998,0.442368,accelergy,9.266176,0.0,10.776096921599999,99.8532106686038,0.32328290764799994,33,True,0.32654839156363635
hires,2048,2048,128,128,3,128,1024,800.0,os,17345536.0,0.0,113246208,105742336.0,75497472.0,884736.0,29360128.0,89178112.0,75776000.0,819200.0,12582912.0,22649241.6,377487360.0,4423680.0,146800640.0,528711680.0,7577600000.0,81920000.0,1258291200.0,8917811200.0,9469172121.599998,0.006912,accelergy,17.345536000000003,0.0,9.469172121599998,164.24786592540917,0.28407516364799995,33,True,0.28694460974545455
hires,2048,2048,128,128,3,128,1024,200.0,os,17675776.0,0.0,113246208,105742336.0,75497472.0,884736.0,29360128.0,88768512.0,75571200.0,614400.0,12582912.0,22649241.6,377487360.0,4423680.0,146800640.0,528711680.0,7557120000.0,61440000.0,1258291200.0,8876851200.0,9428212121.599998,0.02097152,accelergy,17.675776,0.0,9.428212121599998,166.6509655418863,0.2828463636479999,33,True,0.28570339762424235
hires,2048,2048,128,128,3,64,1024,200.0,os,18134528.0,0.0,113246208,106627072.0,75497472.0,1769472.0,29360128.0,88461312.0,75571200.0,307200.0,12582912.0,22649241.6,377487360.0,8847360.0,146800640.0,533135360.0,7557120000.0,30720000.0,1258291200.0,8846131200.0,9401915801.599998,0.027648,accelergy,18.134528,0.0,9.401915801599998,170.4993053577576,0.2820574740479999,33,True,0.28490653944242417
hires,2048,2048,128,128,3,32,1024,200.0,os,19052032.0,0.0,113246208,108396544.0,75497472.0,3538944.0,29360128.0,88358912.0,75571200.0,204800.0,12582912.0,22649241.6,377487360.0,17694720.0,146800640.0,541982720.0,7557120000.0,20480000.0,1258291200.0,8835891200.0,9400523161.599998,0.110592,accelergy,19.052032,0.0,9.400523161599999,179.09906809154435,0.28201569484799993,33,True,0.284864338230303
hires,2048,2048,128,128,3,64,1024,50.0,os,19456000.0,0.0,113246208,106627072.0,75497472.0,1769472.0,29360128.0,88410112.0,75520000.0,307200.0,12582912.0,22649241.6,377487360.0,8847360.0,146800640.0,533135360.0,7552000000.0,30720000.0,1258291200.0,8841011200.0,9396795801.599998,0.08388608,accelergy,19.456,0.0,9.396795801599998,182.82405911592954,0.28190387404799994,33,True,0.2847513879272727
hires,2048,2048,128,128,3,32,1024,50.0,os,20373504.0,0.0,113246208,108396544.0,75497472.0,3538944.0,29360128.0,88256512.0,75520000.0,153600.0,12582912.0,22649241.6,377487360.0,17694720.0,146800640.0,541982720.0,7552000000.0,15360000.0,1258291200.0,8825651200.0,9390283161.599998,0.110592,accelergy,20.373504,0.0,9.3902831616,191.31297155399022,0.2817084948479999,33,True,0.28455403519999994
hires,2048,2048,128,128,3,16,256,800.0,ws,8464896.0,0.0,113246208,88087296.0,75497472.0,6912.0,12582912.0,103923712.0,90931200.0,409600.0,12582912.0,22649241.6,377487360.0,34560.0,62914560.0,440436480.0,9093120000.0,40960000.0,1258291200.0,10392371200.0,10855456921.599998,0.442368,accelergy,8.464896,0.0,10.855456921599998,91.89031387382414,0.32566370764799996,100,True,0.10855456921599999
hires,2048,2048,128,128,3,16,256,200.0,ws,8625152.0,0.0,113246208,88087296.0,75497472.0,6912.0,12582912.0,103309312.0,90624000.0,102400.0,12582912.0,22649241.6,377487360.0,34560.0,62914560.0,440436480.0,9062400000.0,10240000.0,1258291200.0,10330931200.0,10794016921.599998,0.442368,accelergy,8.625152,0.0,10.794016921599999,93.10003663937208,0.32382050764799997,100,True,0.10794016921599998
hires,2048,2048,128,128,3,16,256,50.0,ws,9266176.0,0.0,113246208,88087296.0,75497472.0,6912.0,12582912.0,103130112.0,90470400.0,76800.0,12582912.0,22649241.6,377487360.0,34560.0,62914560.0,440436480.0,9047040000.0,7680000.0,1258291200.0,10313011200.0,10776096921.599998,0.442368,accelergy,9.266176,0.0,10.776096921599999,99.8532106686038,0.32328290764799994,100,True,0.10776096921599998
hires,2048,2048,128,128,3,128,1024,800.0,os,17345536.0,0.0,113246208,105742336.0,75497472.0,884736.0,29360128.0,89178112.0,75776000.0,819200.0,12582912.0,22649241.6,377487360.0,4423680.0,146800640.0,528711680.0,7577600000.0,81920000.0,1258291200.0,8917811200.0,9469172121.599998,0.006912,accelergy,17.345536000000003,0.0,9.469172121599998,164.24786592540917,0.28407516364799995,100,True,0.09469172121599999
hires,2048,2048,128,128,3,128,1024,200.0,os,17675776.0,0.0,113246208,105742336.0,75497472.0,884736.0,29360128.0,88768512.0,75571200.0,614400.0,12582912.0,22649241.6,377487360.0,4423680.0,146800640.0,528711680.0,7557120000.0,61440000.0,1258291200.0,8876851200.0,9428212121.599998,0.02097152,accelergy,17.675776,0.0,9.428212121599998,166.6509655418863,0.2828463636479999,100,True,0.09428212121599998
hires,2048,2048,128,128,3,64,1024,200.0,os,18134528.0,0.0,113246208,106627072.0,75497472.0,1769472.0,29360128.0,88461312.0,75571200.0,307200.0,12582912.0,22649241.6,377487360.0,8847360.0,146800640.0,533135360.0,7557120000.0,30720000.0,1258291200.0,8846131200.0,9401915801.599998,0.027648,accelergy,18.134528,0.0,9.401915801599998,170.4993053577576,0.2820574740479999,100,True,0.09401915801599998
hires,2048,2048,128,128,3,32,1024,200.0,os,19052032.0,0.0,113246208,108396544.0,75497472.0,3538944.0,29360128.0,88358912.0,75571200.0,204800.0,12582912.0,22649241.6,377487360.0,17694720.0,146800640.0,541982720.0,7557120000.0,20480000.0,1258291200.0,8835891200.0,9400523161.599998,0.110592,accelergy,19.052032,0.0,9.400523161599999,179.09906809154435,0.28201569484799993,100,True,0.09400523161599998
hires,2048,2048,128,128,3,64,1024,50.0,os,19456000.0,0.0,113246208,106627072.0,75497472.0,1769472.0,29360128.0,88410112.0,75520000.0,307200.0,12582912.0,22649241.6,377487360.0,8847360.0,146800640.0,533135360.0,7552000000.0,30720000.0,1258291200.0,8841011200.0,9396795801.599998,0.08388608,accelergy,19.456,0.0,9.396795801599998,182.82405911592954,0.28190387404799994,100,True,0.09396795801599998
hires,2048,2048,128,128,3,32,1024,50.0,os,20373504.0,0.0,113246208,108396544.0,75497472.0,3538944.0,29360128.0,88256512.0,75520000.0,153600.0,12582912.0,22649241.6,377487360.0,17694720.0,146800640.0,541982720.0,7552000000.0,15360000.0,1258291200.0,8825651200.0,9390283161.599998,0.110592,accelergy,20.373504,0.0,9.3902831616,191.31297155399022,0.2817084948479999,100,True,0.09390283161599998
hires,2048,2048,128,128,3,16,256,800.0,ws,8464896.0,0.0,113246208,88087296.0,75497472.0,6912.0,12582912.0,103923712.0,90931200.0,409600.0,12582912.0,22649241.6,377487360.0,34560.0,62914560.0,440436480.0,9093120000.0,40960000.0,1258291200.0,10392371200.0,10855456921.599998,0.442368,accelergy,8.464896,0.0,10.855456921599998,91.89031387382414,0.32566370764799996,200,True,0.05427728460799999
hires,2048,2048,128,128,3,16,256,200.0,ws,8625152.0,0.0,113246208,88087296.0,75497472.0,6912.0,12582912.0,103309312.0,90624000.0,102400.0,12582912.0,22649241.6,377487360.0,34560.0,62914560.0,440436480.0,9062400000.0,10240000.0,1258291200.0,10330931200.0,10794016921.599998,0.442368,accelergy,8.625152,0.0,10.794016921599999,93.10003663937208,0.32382050764799997,200,True,0.05397008460799999
hires,2048,2048,128,128,3,16,256,50.0,ws,9266176.0,0.0,113246208,88087296.0,75497472.0,6912.0,12582912.0,103130112.0,90470400.0,76800.0,12582912.0,22649241.6,377487360.0,34560.0,62914560.0,440436480.0,9047040000.0,7680000.0,1258291200.0,10313011200.0,10776096921.599998,0.442368,accelergy,9.266176,0.0,10.776096921599999,99.8532106686038,0.32328290764799994,200,True,0.05388048460799999
hires,2048,2048,128,128,3,128,1024,800.0,os,17345536.0,0.0,113246208,105742336.0,75497472.0,884736.0,29360128.0,89178112.0,75776000.0,819200.0,12582912.0,22649241.6,377487360.0,4423680.0,146800640.0,528711680.0,7577600000.0,81920000.0,1258291200.0,8917811200.0,9469172121.599998,0.006912,accelergy,17.345536000000003,0.0,9.469172121599998,164.24786592540917,0.28407516364799995,200,True,0.047345860607999994
hires,2048,2048,128,128,3,128,1024,200.0,os,17675776.0,0.0,113246208,105742336.0,75497472.0,884736.0,29360128.0,88768512.0,75571200.0,614400.0,12582912.0,22649241.6,377487360.0,4423680.0,146800640.0,528711680.0,7557120000.0,61440000.0,1258291200.0,8876851200.0,9428212121.599998,0.02097152,accelergy,17.675776,0.0,9.428212121599998,166.6509655418863,0.2828463636479999,200,True,0.04714106060799999
hires,2048,2048,128,128,3,64,1024,200.0,os,18134528.0,0.0,113246208,106627072.0,75497472.0,1769472.0,29360128.0,88461312.0,75571200.0,307200.0,12582912.0,22649241.6,377487360.0,8847360.0,146800640.0,533135360.0,7557120000.0,30720000.0,1258291200.0,8846131200.0,9401915801.599998,0.027648,accelergy,18.134528,0.0,9.401915801599998,170.4993053577576,0.2820574740479999,200,True,0.04700957900799999
hires,2048,2048,128,128,3,32,1024,200.0,os,19052032.0,0.0,113246208,108396544.0,75497472.0,3538944.0,29360128.0,88358912.0,75571200.0,204800.0,12582912.0,22649241.6,377487360.0,17694720.0,146800640.0,541982720.0,7557120000.0,20480000.0,1258291200.0,8835891200.0,9400523161.599998,0.110592,accelergy,19.052032,0.0,9.400523161599999,179.09906809154435,0.28201569484799993,200,True,0.04700261580799999
hires,2048,2048,128,128,3,64,1024,50.0,os,19456000.0,0.0,113246208,106627072.0,75497472.0,1769472.0,29360128.0,88410112.0,75520000.0,307200.0,12582912.0,22649241.6,377487360.0,8847360.0,146800640.0,533135360.0,7552000000.0,30720000.0,1258291200.0,8841011200.0,9396795801.599998,0.08388608,accelergy,19.456,0.0,9.396795801599998,182.82405911592954,0.28190387404799994,200,True,0.04698397900799999
hires,2048,2048,128,128,3,32,1024,50.0,os,20373504.0,0.0,113246208,108396544.0,75497472.0,3538944.0,29360128.0,88256512.0,75520000.0,153600.0,12582912.0,22649241.6,377487360.0,17694720.0,146800640.0,541982720.0,7552000000.0,15360000.0,1258291200.0,8825651200.0,9390283161.599998,0.110592,accelergy,20.373504,0.0,9.3902831616,191.31297155399022,0.2817084948479999,200,True,0.04695141580799999
hires,2048,2048,128,128,5,32,256,800.0,ws,8489472.0,0.0,180355072,155200256.0,142606336.0,11008.0,12582912.0,164544512.0,151552000.0,409600.0,12582912.0,36071014.4,713031680.0,55040.0,62914560.0,776001280.0,15155200000.0,40960000.0,1258291200.0,16454451200.0,17266523494.4,0.176128,accelergy,8.489472,0.0,17.2665234944,146.58366774305097,0.5179957048320001,33,True,0.523227984678788
hires,2048,2048,128,128,5,32,256,200.0,ws,8649728.0,0.0,180355072,155200256.0,142606336.0,11008.0,12582912.0,163930112.0,151040000.0,307200.0,12582912.0,36071014.4,713031680.0,55040.0,62914560.0,776001280.0,15104000000.0,30720000.0,1258291200.0,16393011200.0,17205083494.4,0.176128,accelergy,8.649728000000001,0.0,17.2050834944,148.81929244384955,0.516152504832,33,True,0.5213661664969698
hires,2048,2048,128,128,5,32,256,50.0,ws,9290752.0,0.0,180355072,155200256.0,142606336.0,11008.0,12582912.0,163648512.0,150784000.0,281600.0,12582912.0,36071014.4,713031680.0,55040.0,62914560.0,776001280.0,15078400000.0,28160000.0,1258291200.0,16364851200.0,17176923494.4,0.176128,accelergy,9.290752,0.0,17.1769234944,159.58653630944377,0.515307704832,33,True,0.5205128331636364
hires,2048,2048,128,128,5,128,4096,800.0,os,17953536.0,0.0,180355072,173375488.0,142606336.0,1409024.0,29360128.0,156557312.0,142745600.0,1228800.0,12582912.0,36071014.4,713031680.0,7045120.0,146800640.0,866877440.0,14274560000.0,122880000.0,1258291200.0,15655731200.0,16558679654.4,0.011008,accelergy,17.953536,0.0,16.5586796544,297.28685128773793,0.496760389632,33,True,0.5017781713454545
hires,2048,2048,128,128,5,128,4096,200.0,os,18535424.0,0.0,180355072,173375488.0,142606336.0,1409024.0,29360128.0,156352512.0,142643200.0,1126400.0,12582912.0,36071014.4,713031680.0,7045120.0,146800640.0,866877440.0,14264320000.0,112640000.0,1258291200.0,15635251200.0,16538199654.4,0.02097152,accelergy,18.535424000000003,0.0,16.5381996544,306.5425427909575,0.496145989632,33,True,0.5011575652848486
hires,2048,2048,128,128,5,64,4096,800.0,os,18936576.0,0.0,180355072,174784512.0,142606336.0,2818048.0,29360128.0,155942912.0,142745600.0,614400.0,12582912.0,36071014.4,713031680.0,14090240.0,146800640.0,873922560.0,14274560000.0,61440000.0,1258291200.0,15594291200.0,16504284774.4,0.044032,accelergy,18.936576,0.0,16.5042847744,312.5346429560684,0.495128543232,33,True,0.5001298416484848
hires,2048,2048,128,128,5,64,4096,200.0,os,19518464.0,0.0,180355072,174784512.0,142606336.0,2818048.0,29360128.0,155789312.0,142643200.0,563200.0,12582912.0,36071014.4,713031680.0,14090240.0,146800640.0,873922560.0,14264320000.0,56320000.0,1258291200.0,15578931200.0,16488924774.4,0.044032,accelergy,19.518463999999998,0.0,16.4889247744,321.8384846078345,0.494667743232,33,True,0.49966438710303035
hires,2048,2048,128,128,5,32,4096,200.0,os,21484544.0,0.0,180355072,177602560.0,142606336.0,5636096.0,29360128.0,155533312.0,142643200.0,307200.0,12582912.0,36071014.4,713031680.0,28180480.0,146800640.0,888012800.0,14264320000.0,30720000.0,1258291200.0,15553331200.0,16477415014.4,0.176128,accelergy,21.484544,0.0,16.4774150144,354.0097478831374,0.494322450432,33,True,0.4993156064969697
hires,2048,2048,128,128,5,32,4096,50.0,os,23812608.0,0.0,180355072,177602560.0,142606336.0,5636096.0,29360128.0,155482112.0,142617600.0,281600.0,12582912.0,36071014.4,713031680.0,28180480.0,146800640.0,888012800.0,14261760000.0,28160000.0,1258291200.0,15548211200.0,16472295014.4,0.176128,accelergy,23.812607999999997,0.0,16.4722950144,392.2483040382615,0.494168850432,33,True,0.49916045498181816
hires,2048,2048,128,128,5,32,256,800.0,ws,8489472.0,0.0,180355072,155200256.0,142606336.0,11008.0,12582912.0,164544512.0,151552000.0,409600.0,12582912.0,36071014.4,713031680.0,55040.0,62914560.0,776001280.0,15155200000.0,40960000.0,1258291200.0,16454451200.0,17266523494.4,0.176128,accelergy,8.489472,0.0,17.2665234944,146.58366774305097,0.5179957048320001,100,True,0.172665234944
hires,2048,2048,128,128,5,32,256,200.0,ws,8649728.0,0.0,180355072,155200256.0,142606336.0,11008.0,12582912.0,163930112.0,151040000.0,307200.0,12582912.0,36071014.4,713031680.0,55040.0,62914560.0,776001280.0,15104000000.0,30720000.0,1258291200.0,16393011200.0,17205083494.4,0.176128,accelergy,8.649728000000001,0.0,17.2050834944,148.81929244384955,0.516152504832,100,True,0.172050834944
hires,2048,2048,128,128,5,32,256,50.0,ws,9290752.0,0.0,180355072,155200256.0,142606336.0,11008.0,12582912.0,163648512.0,150784000.0,281600.0,12582912.0,36071014.4,713031680.0,55040.0,62914560.0,776001280.0,15078400000.0,28160000.0,1258291200.0,16364851200.0,17176923494.4,0.176128,accelergy,9.290752,0.0,17.1769234944,159.58653630944377,0.515307704832,100,True,0.171769234944
hires,2048,2048,128,128,5,128,4096,800.0,os,17953536.0,0.0,180355072,173375488.0,142606336.0,1409024.0,29360128.0,156557312.0,142745600.0,1228800.0,12582912.0,36071014.4,713031680.0,7045120.0,146800640.0,866877440.0,14274560000.0,122880000.0,1258291200.0,15655731200.0,16558679654.4,0.011008,accelergy,17.953536,0.0,16.5586796544,297.28685128773793,0.496760389632,100,True,0.165586796544
hires,2048,2048,128,128,5,128,4096,200.0,os,18535424.0,0.0,180355072,173375488.0,142606336.0,1409024.0,29360128.0,156352512.0,142643200.0,1126400.0,12582912.0,36071014.4,713031680.0,7045120.0,146800640.0,866877440.0,14264320000.0,112640000.0,1258291200.0,15635251200.0,16538199654.4,0.02097152,accelergy,18.535424000000003,0.0,16.5381996544,306.5425427909575,0.496145989632,100,True,0.165381996544
hires,2048,2048,128,128,5,64,4096,800.0,os,18936576.0,0.0,180355072,174784512.0,142606336.0,2818048.0,29360128.0,155942912.0,142745600.0,614400.0,12582912.0,36071014.4,713031680.0,14090240.0,146800640.0,873922560.0,14274560000.0,61440000.0,1258291200.0,15594291200.0,16504284774.4,0.044032,accelergy,18.936576,0.0,16.5042847744,312.5346429560684,0.495128543232,100,True,0.165042847744
hires,2048,2048,128,128,5,64,4096,200.0,os,19518464.0,0.0,180355072,174784512.0,142606336.0,2818048.0,29360128.0,155789312.0,142643200.0,563200.0,12582912.0,36071014.4,713031680.0,14090240.0,146800640.0,873922560.0,14264320000.0,56320000.0,1258291200.0,15578931200.0,16488924774.4,0.044032,accelergy,19.518463999999998,0.0,16.4889247744,321.8384846078345,0.494667743232,100,True,0.164889247744
hires,2048,2048,128,128,5,32,4096,200.0,os,21484544.0,0.0,180355072,177602560.0,142606336.0,5636096.0,29360128.0,155533312.0,142643200.0,307200.0,12582912.0,36071014.4,713031680.0,28180480.0,146800640.0,888012800.0,14264320000.0,30720000.0,1258291200.0,15553331200.0,16477415014.4,0.176128,accelergy,21.484544,0.0,16.4774150144,354.0097478831374,0.494322450432,100,True,0.164774150144
hires,2048,2048,128,128,5,32,4096,50.0,os,23812608.0,0.0,180355072,177602560.0,142606336.0,5636096.0,29360128.0,155482112.0,142617600.0,281600.0,12582912.0,36071014.4,713031680.0,28180480.0,146800640.0,888012800.0,14261760000.0,28160000.0,1258291200.0,15548211200.0,16472295014.4,0.176128,accelergy,23.812607999999997,0.0,16.4722950144,392.2483040382615,0.494168850432,100,True,0.164722950144
hires,2048,2048,128,128,5,32,256,800.0,ws,8489472.0,0.0,180355072,155200256.0,142606336.0,11008.0,12582912.0,164544512.0,151552000.0,409600.0,12582912.0,36071014.4,713031680.0,55040.0,62914560.0,776001280.0,15155200000.0,40960000.0,1258291200.0,16454451200.0,17266523494.4,0.176128,accelergy,8.489472,0.0,17.2665234944,146.58366774305097,0.5179957048320001,200,True,0.086332617472
hires,2048,2048,128,128,5,32,256,200.0,ws,8649728.0,0.0,180355072,155200256.0,142606336.0,11008.0,12582912.0,163930112.0,151040000.0,307200.0,12582912.0,36071014.4,713031680.0,55040.0,62914560.0,776001280.0,15104000000.0,30720000.0,1258291200.0,16393011200.0,17205083494.4,0.176128,accelergy,8.649728000000001,0.0,17.2050834944,148.81929244384955,0.516152504832,200,True,0.086025417472
hires,2048,2048,128,128,5,32,256,50.0,ws,9290752.0,0.0,180355072,155200256.0,142606336.0,11008.0,12582912.0,163648512.0,150784000.0,281600.0,12582912.0,36071014.4,713031680.0,55040.0,62914560.0,776001280.0,15078400000.0,28160000.0,1258291200.0,16364851200.0,17176923494.4,0.176128,accelergy,9.290752,0.0,17.1769234944,159.58653630944377,0.515307704832,200,True,0.085884617472
hires,2048,2048,128,128,5,128,4096,800.0,os,17953536.0,0.0,180355072,173375488.0,142606336.0,1409024.0,29360128.0,156557312.0,142745600.0,1228800.0,12582912.0,36071014.4,713031680.0,7045120.0,146800640.0,866877440.0,14274560000.0,122880000.0,1258291200.0,15655731200.0,16558679654.4,0.011008,accelergy,17.953536,0.0,16.5586796544,297.28685128773793,0.496760389632,200,True,0.082793398272
hires,2048,2048,128,128,5,128,4096,200.0,os,18535424.0,0.0,180355072,173375488.0,142606336.0,1409024.0,29360128.0,156352512.0,142643200.0,1126400.0,12582912.0,36071014.4,713031680.0,7045120.0,146800640.0,866877440.0,14264320000.0,112640000.0,1258291200.0,15635251200.0,16538199654.4,0.02097152,accelergy,18.535424000000003,0.0,16.5381996544,306.5425427909575,0.496145989632,200,True,0.082690998272
hires,2048,2048,128,128,5,64,4096,800.0,os,18936576.0,0.0,180355072,174784512.0,142606336.0,2818048.0,29360128.0,155942912.0,142745600.0,614400.0,12582912.0,36071014.4,713031680.0,14090240.0,146800640.0,873922560.0,14274560000.0,61440000.0,1258291200.0,15594291200.0,16504284774.4,0.044032,accelergy,18.936576,0.0,16.5042847744,312.5346429560684,0.495128543232,200,True,0.082521423872
hires,2048,2048,128,128,5,64,4096,200.0,os,19518464.0,0.0,180355072,174784512.0,142606336.0,2818048.0,29360128.0,155789312.0,142643200.0,563200.0,12582912.0,36071014.4,713031680.0,14090240.0,146800640.0,873922560.0,14264320000.0,56320000.0,1258291200.0,15578931200.0,16488924774.4,0.044032,accelergy,19.518463999999998,0.0,16.4889247744,321.8384846078345,0.494667743232,200,True,0.082444623872
hires,2048,2048,128,128,5,32,4096,200.0,os,21484544.0,0.0,180355072,177602560.0,142606336.0,5636096.0,29360128.0,155533312.0,142643200.0,307200.0,12582912.0,36071014.4,713031680.0,28180480.0,146800640.0,888012800.0,14264320000.0,30720000.0,1258291200.0,15553331200.0,16477415014.4,0.176128,accelergy,21.484544,0.0,16.4774150144,354.0097478831374,0.494322450432,200,True,0.082387075072
hires,2048,2048,128,128,5,32,4096,50.0,os,23812608.0,0.0,180355072,177602560.0,142606336.0,5636096.0,29360128.0,155482112.0,142617600.0,281600.0,12582912.0,36071014.4,713031680.0,28180480.0,146800640.0,888012800.0,14261760000.0,28160000.0,1258291200.0,15548211200.0,16472295014.4,0.176128,accelergy,23.812607999999997,0.0,16.4722950144,392.2483040382615,0.494168850432,200,True,0.082361475072
hires,2048,2048,128,128,7,64,256,800.0,ws,8538624.0,0.0,281018368,255869696.0,243269632.0,17152.0,12582912.0,271245312.0,257638400.0,1024000.0,12582912.0,56203673.6,1216348160.0,85760.0,62914560.0,1279348480.0,25763840000.0,102400000.0,1258291200.0,27124531200.0,28460083353.6,0.068608,accelergy,8.538624,0.0,28.460083353599998,243.00995076504944,0.853802500608,33,True,0.862426768290909
hires,2048,2048,128,128,7,64,256,200.0,ws,8698880.0,0.0,281018368,255869696.0,243269632.0,17152.0,12582912.0,270323712.0,256768000.0,972800.0,12582912.0,56203673.6,1216348160.0,85760.0,62914560.0,1279348480.0,25676800000.0,97280000.0,1258291200.0,27032371200.0,28367923353.6,0.068608,accelergy,8.69888,0.0,28.3679233536,246.769161102164,0.851037700608,33,True,0.8596340410181817
hires,2048,2048,128,128,7,64,256,50.0,ws,9339904.0,0.0,281018368,255869696.0,243269632.0,17152.0,12582912.0,269875712.0,256332800.0,960000.0,12582912.0,56203673.6,1216348160.0,85760.0,62914560.0,1279348480.0,25633280000.0,96000000.0,1258291200.0,26987571200.0,28323123353.6,0.08388608,accelergy,9.339903999999999,0.0,28.3231233536,264.535253102782,0.849693700608,33,True,0.8582764652606061
hires,2048,2048,128,128,7,128,4096,800.0,os,18865920.0,0.0,281018368,274825216.0,243269632.0,2195456.0,29360128.0,258138112.0,243507200.0,2048000.0,12582912.0,56203673.6,1216348160.0,10977280.0,146800640.0,1374126080.0,24350720000.0,204800000.0,1258291200.0,25813811200.0,27244140953.6,0.017152,accelergy,18.865920000000003,0.0,27.2441409536,513.9857836993414,0.817324228608,33,True,0.8255800288969697
hires,2048,2048,128,128,7,128,4096,200.0,os,19825408.0,0.0,281018368,274825216.0,243269632.0,2195456.0,29360128.0,257882112.0,243353600.0,1945600.0,12582912.0,56203673.6,1216348160.0,10977280.0,146800640.0,1374126080.0,24335360000.0,194560000.0,1258291200.0,25788211200.0,27218540953.6,0.02097152,accelergy,19.825408,0.0,27.218540953599998,539.618679569829,0.816556228608,33,True,0.8248042713212121
hires,2048,2048,128,128,7,64,4096,800.0,os,20635392.0,0.0,281018368,277020672.0,243269632.0,4390912.0,29360128.0,257114112.0,243507200.0,1024000.0,12582912.0,56203673.6,1216348160.0,21954560.0,146800640.0,1385103360.0,24350720000.0,102400000.0,1258291200.0,25711411200.0,27152718233.6,0.068608,accelergy,20.635392,0.0,27.152718233599998,560.3069846158835,0.814581547008,33,True,0.8228096434424242
hires,2048,2048,128,128,7,64,4096,200.0,os,21594880.0,0.0,281018368,277020672.0,243269632.0,4390912.0,29360128.0,256909312.0,243353600.0,972800.0,12582912.0,56203673.6,1216348160.0,21954560.0,146800640.0,1385103360.0,24335360000.0,97280000.0,1258291200.0,25690931200.0,27132238233.6,0.068608,accelergy,21.59488,0.0,27.1322382336,585.9174287860039,0.813967147008,33,True,0.8221890373818183
hires,2048,2048,128,128,7,32,4096,200.0,os,25133824.0,0.0,281018368,281411584.0,243269632.0,8781824.0,29360128.0,256448512.0,243353600.0,512000.0,12582912.0,56203673.6,1216348160.0,43909120.0,146800640.0,1407057920.0,24335360000.0,51200000.0,1258291200.0,25644851200.0,27108112793.6,0.274432,accelergy,25.133824,0.0,27.1081127936,681.3305359264907,0.813243383808,33,True,0.8214579634424242
hires,2048,2048,128,128,7,32,4096,50.0,os,28971776.0,0.0,281018368,281411584.0,243269632.0,8781824.0,29360128.0,256358912.0,243289600.0,486400.0,12582912.0,56203673.6,1216348160.0,43909120.0,146800640.0,1407057920.0,24328960000.0,48640000.0,1258291200.0,25635891200.0,27099152793.6,0.274432,accelergy,28.971776000000002,0.0,27.0991527936,785.1105845259534,0.812974583808,33,True,0.821186448290909
hires,2048,2048,128,128,7,64,256,800.0,ws,8538624.0,0.0,281018368,255869696.0,243269632.0,17152.0,12582912.0,271245312.0,257638400.0,1024000.0,12582912.0,56203673.6,1216348160.0,85760.0,62914560.0,1279348480.0,25763840000.0,102400000.0,1258291200.0,27124531200.0,28460083353.6,0.068608,accelergy,8.538624,0.0,28.460083353599998,243.00995076504944,0.853802500608,100,True,0.284600833536
hires,2048,2048,128,128,7,64,256,200.0,ws,8698880.0,0.0,281018368,255869696.0,243269632.0,17152.0,12582912.0,270323712.0,256768000.0,972800.0,12582912.0,56203673.6,1216348160.0,85760.0,62914560.0,1279348480.0,25676800000.0,97280000.0,1258291200.0,27032371200.0,28367923353.6,0.068608,accelergy,8.69888,0.0,28.3679233536,246.769161102164,0.851037700608,100,True,0.283679233536
hires,2048,2048,128,128,7,64,256,50.0,ws,9339904.0,0.0,281018368,255869696.0,243269632.0,17152.0,12582912.0,269875712.0,256332800.0,960000.0,12582912.0,56203673.6,1216348160.0,85760.0,62914560.0,1279348480.0,25633280000.0,96000000.0,1258291200.0,26987571200.0,28323123353.6,0.08388608,accelergy,9.339903999999999,0.0,28.3231233536,264.535253102782,0.849693700608,100,True,0.283231233536
hires,2048,2048,128,128,7,128,4096,800.0,os,18865920.0,0.0,281018368,274825216.0,243269632.0,2195456.0,29360128.0,258138112.0,243507200.0,2048000.0,12582912.0,56203673.6,1216348160.0,10977280.0,146800640.0,1374126080.0,24350720000.0,204800000.0,1258291200.0,25813811200.0,27244140953.6,0.017152,accelergy,18.865920000000003,0.0,27.2441409536,513.9857836993414,0.817324228608,100,True,0.272441409536
hires,2048,2048,128,128,7,128,4096,200.0,os,19825408.0,0.0,281018368,274825216.0,243269632.0,2195456.0,29360128.0,257882112.0,243353600.0,1945600.0,12582912.0,56203673.6,1216348160.0,10977280.0,146800640.0,1374126080.0,24335360000.0,194560000.0,1258291200.0,25788211200.0,27218540953.6,0.02097152,accelergy,19.825408,0.0,27.218540953599998,539.618679569829,0.816556228608,100,True,0.272185409536
hires,2048,2048,128,128,7,64,4096,800.0,os,20635392.0,0.0,281018368,277020672.0,243269632.0,4390912.0,29360128.0,257114112.0,243507200.0,1024000.0,12582912.0,56203673.6,1216348160.0,21954560.0,146800640.0,1385103360.0,24350720000.0,102400000.0,1258291200.0,25711411200.0,27152718233.6,0.068608,accelergy,20.635392,0.0,27.152718233599998,560.3069846158835,0.814581547008,100,True,0.271527182336
hires,2048,2048,128,128,7,64,4096,200.0,os,21594880.0,0.0,281018368,277020672.0,243269632.0,4390912.0,29360128.0,256909312.0,243353600.0,972800.0,12582912.0,56203673.6,1216348160.0,21954560.0,146800640.0,1385103360.0,24335360000.0,97280000.0,1258291200.0,25690931200.0,27132238233.6,0.068608,accelergy,21.59488,0.0,27.1322382336,585.9174287860039,0.813967147008,100,True,0.271322382336
hires,2048,2048,128,128,7,32,4096,200.0,os,25133824.0,0.0,281018368,281411584.0,243269632.0,8781824.0,29360128.0,256448512.0,243353600.0,512000.0,12582912.0,56203673.6,1216348160.0,43909120.0,146800640.0,1407057920.0,24335360000.0,51200000.0,1258291200.0,25644851200.0,27108112793.6,0.274432,accelergy,25.133824,0.0,27.1081127936,681.3305359264907,0.813243383808,100,True,0.271081127936
hires,2048,2048,128,128,7,32,4096,50.0,os,28971776.0,0.0,281018368,281411584.0,243269632.0,8781824.0,29360128.0,256358912.0,243289600.0,486400.0,12582912.0,56203673.6,1216348160.0,43909120.0,146800640.0,1407057920.0,24328960000.0,48640000.0,1258291200.0,25635891200.0,27099152793.6,0.274432,accelergy,28.971776000000002,0.0,27.0991527936,785.1105845259534,0.812974583808,100,True,0.270991527936
hires,2048,2048,128,128,7,64,256,800.0,ws,8538624.0,0.0,281018368,255869696.0,243269632.0,17152.0,12582912.0,271245312.0,257638400.0,1024000.0,12582912.0,56203673.6,1216348160.0,85760.0,62914560.0,1279348480.0,25763840000.0,102400000.0,1258291200.0,27124531200.0,28460083353.6,0.068608,accelergy,8.538624,0.0,28.460083353599998,243.00995076504944,0.853802500608,200,True,0.142300416768
hires,2048,2048,128,128,7,64,256,200.0,ws,8698880.0,0.0,281018368,255869696.0,243269632.0,17152.0,12582912.0,270323712.0,256768000.0,972800.0,12582912.0,56203673.6,1216348160.0,85760.0,62914560.0,1279348480.0,25676800000.0,97280000.0,1258291200.0,27032371200.0,28367923353.6,0.068608,accelergy,8.69888,0.0,28.3679233536,246.769161102164,0.851037700608,200,True,0.141839616768
hires,2048,2048,128,128,7,64,256,50.0,ws,9339904.0,0.0,281018368,255869696.0,243269632.0,17152.0,12582912.0,269875712.0,256332800.0,960000.0,12582912.0,56203673.6,1216348160.0,85760.0,62914560.0,1279348480.0,25633280000.0,96000000.0,1258291200.0,26987571200.0,28323123353.6,0.08388608,accelergy,9.339903999999999,0.0,28.3231233536,264.535253102782,0.849693700608,200,True,0.141615616768
hires,2048,2048,128,128,7,128,4096,800.0,os,18865920.0,0.0,281018368,274825216.0,243269632.0,2195456.0,29360128.0,258138112.0,243507200.0,2048000.0,12582912.0,56203673.6,1216348160.0,10977280.0,146800640.0,1374126080.0,24350720000.0,204800000.0,1258291200.0,25813811200.0,27244140953.6,0.017152,accelergy,18.865920000000003,0.0,27.2441409536,513.9857836993414,0.817324228608,200,True,0.136220704768
hires,2048,2048,128,128,7,128,4096,200.0,os,19825408.0,0.0,281018368,274825216.0,243269632.0,2195456.0,29360128.0,257882112.0,243353600.0,1945600.0,12582912.0,56203673.6,1216348160.0,10977280.0,146800640.0,1374126080.0,24335360000.0,194560000.0,1258291200.0,25788211200.0,27218540953.6,0.02097152,accelergy,19.825408,0.0,27.218540953599998,539.618679569829,0.816556228608,200,True,0.136092704768
hires,2048,2048,128,128,7,64,4096,800.0,os,20635392.0,0.0,281018368,277020672.0,243269632.0,4390912.0,29360128.0,257114112.0,243507200.0,1024000.0,12582912.0,56203673.6,1216348160.0,21954560.0,146800640.0,1385103360.0,24350720000.0,102400000.0,1258291200.0,25711411200.0,27152718233.6,0.068608,accelergy,20.635392,0.0,27.152718233599998,560.3069846158835,0.814581547008,200,True,0.135763591168
hires,2048,2048,128,128,7,64,4096,200.0,os,21594880.0,0.0,281018368,277020672.0,243269632.0,4390912.0,29360128.0,256909312.0,243353600.0,972800.0,12582912.0,56203673.6,1216348160.0,21954560.0,146800640.0,1385103360.0,24335360000.0,97280000.0,1258291200.0,25690931200.0,27132238233.6,0.068608,accelergy,21.59488,0.0,27.1322382336,585.9174287860039,0.813967147008,200,True,0.135661191168
hires,2048,2048,128,128,7,32,4096,200.0,os,25133824.0,0.0,281018368,281411584.0,243269632.0,8781824.0,29360128.0,256448512.0,243353600.0,512000.0,12582912.0,56203673.6,1216348160.0,43909120.0,146800640.0,1407057920.0,24335360000.0,51200000.0,1258291200.0,25644851200.0,27108112793.6,0.274432,accelergy,25.133824,0.0,27.1081127936,681.3305359264907,0.813243383808,200,True,0.135540563968
hires,2048,2048,128,128,7,32,4096,50.0,os,28971776.0,0.0,281018368,281411584.0,243269632.0,8781824.0,29360128.0,256358912.0,243289600.0,486400.0,12582912.0,56203673.6,1216348160.0,43909120.0,146800640.0,1407057920.0,24328960000.0,48640000.0,1258291200.0,25635891200.0,27099152793.6,0.274432,accelergy,28.971776000000002,0.0,27.0991527936,785.1105845259534,0.812974583808,200,True,0.135495763968
hires,2048,2048,128,128,11,128,256,800.0,ws,8636928.0,0.0,583008256,557878016.0,545259520.0,35584.0,12582912.0,577216512.0,560742400.0,3891200.0,12582912.0,116601651.20000002,2726297600.0,177920.0,62914560.0,2789390080.0,56074240000.0,389120000.0,1258291200.0,57721651200.0,60627642931.200005,0.035584,accelergy,8.636928000000001,0.0,60.62764293120001,523.6365868064835,1.8188292879360002,33,True,1.8372013009454549
hires,2048,2048,128,128,11,128,256,200.0,ws,8797184.0,0.0,583008256,557878016.0,545259520.0,35584.0,12582912.0,575168512.0,558848000.0,3737600.0,12582912.0,116601651.20000002,2726297600.0,177920.0,62914560.0,2789390080.0,55884800000.0,373760000.0,1258291200.0,57516851200.0,60422842931.200005,0.035584,accelergy,8.797184,0.0,60.4228429312,531.5508670688657,1.8126852879360003,33,True,1.8309952403393943
hires,2048,2048,128,128,11,128,256,50.0,ws,15366656.0,5928448.0,583008256,557878016.0,545259520.0,35584.0,12582912.0,574208512.0,557900800.0,3724800.0,12582912.0,116601651.20000002,2726297600.0,177920.0,62914560.0,2789390080.0,55790080000.0,372480000.0,1258291200.0,57420851200.0,60326842931.200005,0.08388608,accelergy,15.366655999999999,38.579948688901474,60.326842931200005,927.0218428897821,1.8098052879360003,33,True,1.8280861494303031
hires,2048,2048,128,128,11,128,256,800.0,ws,8636928.0,0.0,583008256,557878016.0,545259520.0,35584.0,12582912.0,577216512.0,560742400.0,3891200.0,12582912.0,116601651.20000002,2726297600.0,177920.0,62914560.0,2789390080.0,56074240000.0,389120000.0,1258291200.0,57721651200.0,60627642931.200005,0.035584,accelergy,8.636928000000001,0.0,60.62764293120001,523.6365868064835,1.8188292879360002,100,True,0.606276429312
hires,2048,2048,128,128,11,128,256,200.0,ws,8797184.0,0.0,583008256,557878016.0,545259520.0,35584.0,12582912.0,575168512.0,558848000.0,3737600.0,12582912.0,116601651.20000002,2726297600.0,177920.0,62914560.0,2789390080.0,55884800000.0,373760000.0,1258291200.0,57516851200.0,60422842931.200005,0.035584,accelergy,8.797184,0.0,60.4228429312,531.5508670688657,1.8126852879360003,100,True,0.604228429312
hires,2048,2048,128,128,11,128,256,50.0,ws,15366656.0,5928448.0,583008256,557878016.0,545259520.0,35584.0,12582912.0,574208512.0,557900800.0,3724800.0,12582912.0,116601651.20000002,2726297600.0,177920.0,62914560.0,2789390080.0,55790080000.0,372480000.0,1258291200.0,57420851200.0,60326842931.200005,0.08388608,accelergy,15.366655999999999,38.579948688901474,60.326842931200005,927.0218428897821,1.8098052879360003,100,True,0.603268429312
hires,2048,2048,128,128,11,128,256,800.0,ws,8636928.0,0.0,583008256,557878016.0,545259520.0,35584.0,12582912.0,577216512.0,560742400.0,3891200.0,12582912.0,116601651.20000002,2726297600.0,177920.0,62914560.0,2789390080.0,56074240000.0,389120000.0,1258291200.0,57721651200.0,60627642931.200005,0.035584,accelergy,8.636928000000001,0.0,60.62764293120001,523.6365868064835,1.8188292879360002,200,True,0.303138214656
hires,2048,2048,128,128,11,128,256,200.0,ws,8797184.0,0.0,583008256,557878016.0,545259520.0,35584.0,12582912.0,575168512.0,558848000.0,3737600.0,12582912.0,116601651.20000002,2726297600.0,177920.0,62914560.0,2789390080.0,55884800000.0,373760000.0,1258291200.0,57516851200.0,60422842931.200005,0.035584,accelergy,8.797184,0.0,60.4228429312,531.5508670688657,1.8126852879360003,200,True,0.302114214656
hires,2048,2048,128,128,11,128,256,50.0,ws,15366656.0,5928448.0,583008256,557878016.0,545259520.0,35584.0,12582912.0,574208512.0,557900800.0,3724800.0,12582912.0,116601651.20000002,2726297600.0,177920.0,62914560.0,2789390080.0,55790080000.0,372480000.0,1258291200.0,57420851200.0,60326842931.200005,0.08388608,accelergy,15.366655999999999,38.579948688901474,60.326842931200005,927.0218428897821,1.8098052879360003,200,True,0.301634214656
